date,store_id,product_id,units,revenue_czk
2026-06-01,S01,P01,21,1659
2026-06-01,S01,P02,17,1105
2026-06-01,S01,P03,16,1520
2026-06-01,S01,P04,13,1417
2026-06-01,S01,P05,8,920
2026-06-01,S01,P06,9,801
2026-06-01,S01,P07,3,255
2026-06-01,S01,P08,4,476
2026-06-01,S01,P09,3,297
2026-06-01,S01,P10,5,375
2026-06-01,S01,P11,8,440
2026-06-01,S01,P12,5,275
2026-06-01,S01,P13,4,276
2026-06-01,S01,P14,4,300
2026-06-01,S01,P15,3,135
2026-06-01,S01,P16,2,178
2026-06-01,S01,P17,2,258
2026-06-01,S01,P18,1,109
2026-06-02,S01,P01,30,2370
2026-06-02,S01,P02,25,1625
2026-06-02,S01,P03,18,1710
2026-06-02,S01,P04,22,2398
2026-06-02,S01,P05,16,1840
2026-06-02,S01,P06,13,1157
2026-06-02,S01,P07,4,340
2026-06-02,S01,P08,7,833
2026-06-02,S01,P09,4,396
2026-06-02,S01,P10,9,675
2026-06-02,S01,P11,11,605
2026-06-02,S01,P12,7,385
2026-06-02,S01,P13,6,414
2026-06-02,S01,P14,5,375
2026-06-02,S01,P15,3,135
2026-06-02,S01,P16,4,356
2026-06-02,S01,P17,3,387
2026-06-02,S01,P18,1,109
2026-06-03,S01,P01,31,2449
2026-06-03,S01,P02,22,1430
2026-06-03,S01,P03,24,2280
2026-06-03,S01,P04,17,1853
2026-06-03,S01,P05,11,1265
2026-06-03,S01,P06,14,1246
2026-06-03,S01,P07,4,340
2026-06-03,S01,P08,5,595
2026-06-03,S01,P09,6,594
2026-06-03,S01,P10,8,600
2026-06-03,S01,P11,9,495
2026-06-03,S01,P12,7,385
2026-06-03,S01,P13,6,414
2026-06-03,S01,P14,5,375
2026-06-03,S01,P15,3,135
2026-06-03,S01,P16,3,267
2026-06-03,S01,P17,3,387
2026-06-03,S01,P18,1,109
2026-06-04,S01,P01,32,2528
2026-06-04,S01,P02,25,1625
2026-06-04,S01,P03,21,1995
2026-06-04,S01,P04,24,2616
2026-06-04,S01,P05,17,1955
2026-06-04,S01,P06,14,1246
2026-06-04,S01,P07,5,425
2026-06-04,S01,P08,8,952
2026-06-04,S01,P09,5,495
2026-06-04,S01,P10,10,750
2026-06-04,S01,P11,12,660
2026-06-04,S01,P12,10,550
2026-06-04,S01,P13,8,552
2026-06-04,S01,P14,7,525
2026-06-04,S01,P15,4,180
2026-06-04,S01,P16,4,356
2026-06-04,S01,P17,3,387
2026-06-04,S01,P18,1,109
2026-06-05,S01,P01,27,2133
2026-06-05,S01,P02,17,1105
2026-06-05,S01,P03,19,1805
2026-06-05,S01,P04,15,1635
2026-06-05,S01,P05,11,1265
2026-06-05,S01,P06,14,1246
2026-06-05,S01,P07,4,340
2026-06-05,S01,P08,5,595
2026-06-05,S01,P09,5,495
2026-06-05,S01,P10,6,450
2026-06-05,S01,P11,9,495
2026-06-05,S01,P12,7,385
2026-06-05,S01,P13,5,345
2026-06-05,S01,P14,5,375
2026-06-05,S01,P15,3,135
2026-06-05,S01,P16,3,267
2026-06-05,S01,P17,2,258
2026-06-05,S01,P18,1,109
2026-06-06,S01,P01,41,3239
2026-06-06,S01,P02,32,2080
2026-06-06,S01,P03,29,2755
2026-06-06,S01,P04,28,3052
2026-06-06,S01,P05,19,2185
2026-06-06,S01,P06,18,1602
2026-06-06,S01,P07,6,510
2026-06-06,S01,P08,9,1071
2026-06-06,S01,P09,7,693
2026-06-06,S01,P10,11,825
2026-06-06,S01,P11,15,825
2026-06-06,S01,P12,10,550
2026-06-06,S01,P13,10,690
2026-06-06,S01,P14,8,600
2026-06-06,S01,P15,5,225
2026-06-06,S01,P16,5,445
2026-06-06,S01,P17,4,516
2026-06-06,S01,P18,2,218
2026-06-07,S01,P01,30,2370
2026-06-07,S01,P02,24,1560
2026-06-07,S01,P03,21,1995
2026-06-07,S01,P04,24,2616
2026-06-07,S01,P05,15,1725
2026-06-07,S01,P06,14,1246
2026-06-07,S01,P07,5,425
2026-06-07,S01,P08,6,714
2026-06-07,S01,P09,5,495
2026-06-07,S01,P10,8,600
2026-06-07,S01,P11,10,550
2026-06-07,S01,P12,8,440
2026-06-07,S01,P13,6,414
2026-06-07,S01,P14,5,375
2026-06-07,S01,P15,3,135
2026-06-07,S01,P16,4,356
2026-06-07,S01,P17,3,387
2026-06-07,S01,P18,1,109
2026-06-08,S01,P01,23,1817
2026-06-08,S01,P02,22,1430
2026-06-08,S01,P03,16,1520
2026-06-08,S01,P04,22,2398
2026-06-08,S01,P05,15,1725
2026-06-08,S01,P06,12,1068
2026-06-08,S01,P07,4,340
2026-06-08,S01,P08,7,833
2026-06-08,S01,P09,4,396
2026-06-08,S01,P10,9,675
2026-06-08,S01,P11,9,495
2026-06-08,S01,P12,8,440
2026-06-08,S01,P13,7,483
2026-06-08,S01,P14,5,375
2026-06-08,S01,P15,3,135
2026-06-08,S01,P16,3,267
2026-06-08,S01,P17,3,387
2026-06-08,S01,P18,1,109
2026-06-09,S01,P01,28,2212
2026-06-09,S01,P02,22,1430
2026-06-09,S01,P03,22,2090
2026-06-09,S01,P04,24,2616
2026-06-09,S01,P05,15,1725
2026-06-09,S01,P06,14,1246
2026-06-09,S01,P07,4,340
2026-06-09,S01,P08,6,714
2026-06-09,S01,P09,5,495
2026-06-09,S01,P10,9,675
2026-06-09,S01,P11,12,660
2026-06-09,S01,P12,7,385
2026-06-09,S01,P13,7,483
2026-06-09,S01,P14,6,450
2026-06-09,S01,P15,3,135
2026-06-09,S01,P16,4,356
2026-06-09,S01,P17,3,387
2026-06-09,S01,P18,1,109
2026-06-10,S01,P01,31,2449
2026-06-10,S01,P02,17,1105
2026-06-10,S01,P03,23,2185
2026-06-10,S01,P04,13,1417
2026-06-10,S01,P05,9,1035
2026-06-10,S01,P06,15,1335
2026-06-10,S01,P07,4,340
2026-06-10,S01,P08,4,476
2026-06-10,S01,P09,6,594
2026-06-10,S01,P10,5,375
2026-06-10,S01,P11,9,495
2026-06-10,S01,P12,6,330
2026-06-10,S01,P13,6,414
2026-06-10,S01,P14,5,375
2026-06-10,S01,P15,3,135
2026-06-10,S01,P16,3,267
2026-06-10,S01,P17,2,258
2026-06-10,S01,P18,1,109
2026-06-11,S01,P01,27,2133
2026-06-11,S01,P02,17,1105
2026-06-11,S01,P03,18,1710
2026-06-11,S01,P04,13,1417
2026-06-11,S01,P05,8,920
2026-06-11,S01,P06,12,1068
2026-06-11,S01,P07,3,255
2026-06-11,S01,P08,3,357
2026-06-11,S01,P09,5,495
2026-06-11,S01,P10,5,375
2026-06-11,S01,P11,8,440
2026-06-11,S01,P12,5,275
2026-06-11,S01,P13,5,345
2026-06-11,S01,P14,4,300
2026-06-11,S01,P15,2,90
2026-06-11,S01,P16,3,267
2026-06-11,S01,P17,2,258
2026-06-11,S01,P18,1,109
2026-06-12,S01,P01,35,2765
2026-06-12,S01,P02,21,1365
2026-06-12,S01,P03,23,2185
2026-06-12,S01,P04,16,1744
2026-06-12,S01,P05,12,1380
2026-06-12,S01,P06,18,1602
2026-06-12,S01,P07,5,425
2026-06-12,S01,P08,5,595
2026-06-12,S01,P09,6,594
2026-06-12,S01,P10,8,600
2026-06-12,S01,P11,11,605
2026-06-12,S01,P12,8,440
2026-06-12,S01,P13,7,483
2026-06-12,S01,P14,6,450
2026-06-12,S01,P15,3,135
2026-06-12,S01,P16,4,356
2026-06-12,S01,P17,3,387
2026-06-12,S01,P18,2,218
2026-06-13,S01,P01,33,2607
2026-06-13,S01,P02,27,1755
2026-06-13,S01,P03,23,2185
2026-06-13,S01,P04,24,2616
2026-06-13,S01,P05,18,2070
2026-06-13,S01,P06,16,1424
2026-06-13,S01,P07,5,425
2026-06-13,S01,P08,7,833
2026-06-13,S01,P09,5,495
2026-06-13,S01,P10,11,825
2026-06-13,S01,P11,14,770
2026-06-13,S01,P12,9,495
2026-06-13,S01,P13,9,621
2026-06-13,S01,P14,7,525
2026-06-13,S01,P15,5,225
2026-06-13,S01,P16,5,445
2026-06-13,S01,P17,3,387
2026-06-13,S01,P18,2,218
2026-06-14,S01,P01,42,3318
2026-06-14,S01,P02,23,1495
2026-06-14,S01,P03,27,2565
2026-06-14,S01,P04,16,1744
2026-06-14,S01,P05,11,1265
2026-06-14,S01,P06,18,1602
2026-06-14,S01,P07,4,340
2026-06-14,S01,P08,6,714
2026-06-14,S01,P09,6,594
2026-06-14,S01,P10,8,600
2026-06-14,S01,P11,11,605
2026-06-14,S01,P12,8,440
2026-06-14,S01,P13,7,483
2026-06-14,S01,P14,5,375
2026-06-14,S01,P15,4,180
2026-06-14,S01,P16,4,356
2026-06-14,S01,P17,3,387
2026-06-14,S01,P18,2,218
2026-06-15,S01,P01,32,2528
2026-06-15,S01,P02,20,1300
2026-06-15,S01,P03,21,1995
2026-06-15,S01,P04,18,1962
2026-06-15,S01,P05,10,1150
2026-06-15,S01,P06,14,1246
2026-06-15,S01,P07,4,340
2026-06-15,S01,P08,5,595
2026-06-15,S01,P09,5,495
2026-06-15,S01,P10,8,600
2026-06-15,S01,P11,10,550
2026-06-15,S01,P12,6,330
2026-06-15,S01,P13,6,414
2026-06-15,S01,P14,5,375
2026-06-15,S01,P15,3,135
2026-06-15,S01,P16,4,356
2026-06-15,S01,P17,3,387
2026-06-15,S01,P18,1,109
2026-06-16,S01,P01,32,2528
2026-06-16,S01,P02,26,1690
2026-06-16,S01,P03,20,1900
2026-06-16,S01,P04,21,2289
2026-06-16,S01,P05,16,1840
2026-06-16,S01,P06,14,1246
2026-06-16,S01,P07,4,340
2026-06-16,S01,P08,7,833
2026-06-16,S01,P09,5,495
2026-06-16,S01,P10,9,675
2026-06-16,S01,P11,11,605
2026-06-16,S01,P12,9,495
2026-06-16,S01,P13,7,483
2026-06-16,S01,P14,6,450
2026-06-16,S01,P15,4,180
2026-06-16,S01,P16,4,356
2026-06-16,S01,P17,3,387
2026-06-16,S01,P18,1,109
2026-06-17,S01,P01,26,2054
2026-06-17,S01,P02,27,1755
2026-06-17,S01,P03,18,1710
2026-06-17,S01,P04,25,2725
2026-06-17,S01,P05,16,1840
2026-06-17,S01,P06,12,1068
2026-06-17,S01,P07,5,425
2026-06-17,S01,P08,8,952
2026-06-17,S01,P09,4,396
2026-06-17,S01,P10,10,750
2026-06-17,S01,P11,10,550
2026-06-17,S01,P12,8,440
2026-06-17,S01,P13,6,414
2026-06-17,S01,P14,7,525
2026-06-17,S01,P15,4,180
2026-06-17,S01,P16,4,356
2026-06-17,S01,P17,3,387
2026-06-17,S01,P18,1,109
2026-06-18,S01,P01,26,2054
2026-06-18,S01,P02,25,1625
2026-06-18,S01,P03,17,1615
2026-06-18,S01,P04,24,2616
2026-06-18,S01,P05,18,2070
2026-06-18,S01,P06,12,1068
2026-06-18,S01,P07,5,425
2026-06-18,S01,P08,7,833
2026-06-18,S01,P09,4,396
2026-06-18,S01,P10,13,975
2026-06-18,S01,P11,12,660
2026-06-18,S01,P12,8,440
2026-06-18,S01,P13,8,552
2026-06-18,S01,P14,6,450
2026-06-18,S01,P15,4,180
2026-06-18,S01,P16,4,356
2026-06-18,S01,P17,3,387
2026-06-18,S01,P18,1,109
2026-06-19,S01,P01,26,2054
2026-06-19,S01,P02,31,2015
2026-06-19,S01,P03,18,1710
2026-06-19,S01,P04,41,4469
2026-06-19,S01,P05,27,3105
2026-06-19,S01,P06,12,1068
2026-06-19,S01,P07,6,510
2026-06-19,S01,P08,11,1309
2026-06-19,S01,P09,4,396
2026-06-19,S01,P10,17,1275
2026-06-19,S01,P11,16,880
2026-06-19,S01,P12,11,605
2026-06-19,S01,P13,10,690
2026-06-19,S01,P14,9,675
2026-06-19,S01,P15,4,180
2026-06-19,S01,P16,5,445
2026-06-19,S01,P17,4,516
2026-06-19,S01,P18,1,109
2026-06-20,S01,P01,29,2291
2026-06-20,S01,P02,36,2340
2026-06-20,S01,P03,18,1710
2026-06-20,S01,P04,40,4360
2026-06-20,S01,P05,28,3220
2026-06-20,S01,P06,12,1068
2026-06-20,S01,P07,5,425
2026-06-20,S01,P08,12,1428
2026-06-20,S01,P09,4,396
2026-06-20,S01,P10,19,1425
2026-06-20,S01,P11,15,825
2026-06-20,S01,P12,11,605
2026-06-20,S01,P13,9,621
2026-06-20,S01,P14,8,600
2026-06-20,S01,P15,5,225
2026-06-20,S01,P16,5,445
2026-06-20,S01,P17,4,516
2026-06-20,S01,P18,1,109
2026-06-21,S01,P01,25,1975
2026-06-21,S01,P02,29,1885
2026-06-21,S01,P03,15,1425
2026-06-21,S01,P04,32,3488
2026-06-21,S01,P05,22,2530
2026-06-21,S01,P06,10,890
2026-06-21,S01,P07,5,425
2026-06-21,S01,P08,10,1190
2026-06-21,S01,P09,4,396
2026-06-21,S01,P10,13,975
2026-06-21,S01,P11,13,715
2026-06-21,S01,P12,10,550
2026-06-21,S01,P13,8,552
2026-06-21,S01,P14,7,525
2026-06-21,S01,P15,4,180
2026-06-21,S01,P16,5,445
2026-06-21,S01,P17,4,516
2026-06-21,S01,P18,1,109
2026-06-22,S01,P01,22,1738
2026-06-22,S01,P02,20,1300
2026-06-22,S01,P03,17,1615
2026-06-22,S01,P04,26,2834
2026-06-22,S01,P05,18,2070
2026-06-22,S01,P06,11,979
2026-06-22,S01,P07,5,425
2026-06-22,S01,P08,7,833
2026-06-22,S01,P09,3,297
2026-06-22,S01,P10,12,900
2026-06-22,S01,P11,11,605
2026-06-22,S01,P12,7,385
2026-06-22,S01,P13,7,483
2026-06-22,S01,P14,6,450
2026-06-22,S01,P15,3,135
2026-06-22,S01,P16,4,356
2026-06-22,S01,P17,3,387
2026-06-22,S01,P18,1,109
2026-06-23,S01,P01,23,1817
2026-06-23,S01,P02,24,1560
2026-06-23,S01,P03,16,1520
2026-06-23,S01,P04,28,3052
2026-06-23,S01,P05,19,2185
2026-06-23,S01,P06,10,890
2026-06-23,S01,P07,4,340
2026-06-23,S01,P08,8,952
2026-06-23,S01,P09,4,396
2026-06-23,S01,P10,12,900
2026-06-23,S01,P11,13,715
2026-06-23,S01,P12,8,440
2026-06-23,S01,P13,6,414
2026-06-23,S01,P14,5,375
2026-06-23,S01,P15,4,180
2026-06-23,S01,P16,4,356
2026-06-23,S01,P17,3,387
2026-06-23,S01,P18,1,109
2026-06-24,S01,P01,24,1896
2026-06-24,S01,P02,31,2015
2026-06-24,S01,P03,16,1520
2026-06-24,S01,P04,31,3379
2026-06-24,S01,P05,22,2530
2026-06-24,S01,P06,11,979
2026-06-24,S01,P07,5,425
2026-06-24,S01,P08,9,1071
2026-06-24,S01,P09,4,396
2026-06-24,S01,P10,15,1125
2026-06-24,S01,P11,13,715
2026-06-24,S01,P12,10,550
2026-06-24,S01,P13,9,621
2026-06-24,S01,P14,7,525
2026-06-24,S01,P15,4,180
2026-06-24,S01,P16,5,445
2026-06-24,S01,P17,3,387
2026-06-24,S01,P18,1,109
2026-06-25,S01,P01,23,1817
2026-06-25,S01,P02,29,1885
2026-06-25,S01,P03,16,1520
2026-06-25,S01,P04,40,4360
2026-06-25,S01,P05,23,2645
2026-06-25,S01,P06,9,801
2026-06-25,S01,P07,5,425
2026-06-25,S01,P08,11,1309
2026-06-25,S01,P09,3,297
2026-06-25,S01,P10,15,1125
2026-06-25,S01,P11,12,660
2026-06-25,S01,P12,9,495
2026-06-25,S01,P13,9,621
2026-06-25,S01,P14,7,525
2026-06-25,S01,P15,4,180
2026-06-25,S01,P16,5,445
2026-06-25,S01,P17,3,387
2026-06-25,S01,P18,1,109
2026-06-26,S01,P01,20,1580
2026-06-26,S01,P02,27,1755
2026-06-26,S01,P03,14,1330
2026-06-26,S01,P04,38,4142
2026-06-26,S01,P05,28,3220
2026-06-26,S01,P06,8,712
2026-06-26,S01,P07,5,425
2026-06-26,S01,P08,10,1190
2026-06-26,S01,P09,3,297
2026-06-26,S01,P10,17,1275
2026-06-26,S01,P11,14,770
2026-06-26,S01,P12,10,550
2026-06-26,S01,P13,8,552
2026-06-26,S01,P14,6,450
2026-06-26,S01,P15,4,180
2026-06-26,S01,P16,5,445
2026-06-26,S01,P17,4,516
2026-06-26,S01,P18,1,109
2026-06-27,S01,P01,18,1422
2026-06-27,S01,P02,34,2210
2026-06-27,S01,P03,12,1140
2026-06-27,S01,P04,41,4469
2026-06-27,S01,P05,28,3220
2026-06-27,S01,P06,8,712
2026-06-27,S01,P07,6,510
2026-06-27,S01,P08,12,1428
2026-06-27,S01,P09,3,297
2026-06-27,S01,P10,20,1500
2026-06-27,S01,P11,16,880
2026-06-27,S01,P12,11,605
2026-06-27,S01,P13,9,621
2026-06-27,S01,P14,7,525
2026-06-27,S01,P15,5,225
2026-06-27,S01,P16,6,534
2026-06-27,S01,P17,4,516
2026-06-27,S01,P18,1,109
2026-06-28,S01,P01,10,790
2026-06-28,S01,P02,23,1495
2026-06-28,S01,P03,8,760
2026-06-28,S01,P04,35,3815
2026-06-28,S01,P05,23,2645
2026-06-28,S01,P06,5,445
2026-06-28,S01,P07,5,425
2026-06-28,S01,P08,11,1309
2026-06-28,S01,P09,2,198
2026-06-28,S01,P10,15,1125
2026-06-28,S01,P11,11,605
2026-06-28,S01,P12,9,495
2026-06-28,S01,P13,7,483
2026-06-28,S01,P14,7,525
2026-06-28,S01,P15,4,180
2026-06-28,S01,P16,5,445
2026-06-28,S01,P17,3,387
2026-06-28,S01,P18,1,109
2026-06-29,S01,P01,15,1185
2026-06-29,S01,P02,20,1300
2026-06-29,S01,P03,9,855
2026-06-29,S01,P04,25,2725
2026-06-29,S01,P05,14,1610
2026-06-29,S01,P06,6,534
2026-06-29,S01,P07,3,255
2026-06-29,S01,P08,7,833
2026-06-29,S01,P09,3,297
2026-06-29,S01,P10,9,675
2026-06-29,S01,P11,8,440
2026-06-29,S01,P12,6,330
2026-06-29,S01,P13,6,414
2026-06-29,S01,P14,5,375
2026-06-29,S01,P15,3,135
2026-06-29,S01,P16,3,267
2026-06-29,S01,P17,2,258
2026-06-29,S01,P18,1,109
2026-06-30,S01,P01,18,1422
2026-06-30,S01,P02,17,1105
2026-06-30,S01,P03,14,1330
2026-06-30,S01,P04,23,2507
2026-06-30,S01,P05,13,1495
2026-06-30,S01,P06,9,801
2026-06-30,S01,P07,3,255
2026-06-30,S01,P08,5,595
2026-06-30,S01,P09,3,297
2026-06-30,S01,P10,10,750
2026-06-30,S01,P11,9,495
2026-06-30,S01,P12,6,330
2026-06-30,S01,P13,6,414
2026-06-30,S01,P14,4,300
2026-06-30,S01,P15,3,135
2026-06-30,S01,P16,4,356
2026-06-30,S01,P17,3,387
2026-06-30,S01,P18,1,109
2026-07-01,S01,P01,22,1738
2026-07-01,S01,P02,17,1105
2026-07-01,S01,P03,16,1520
2026-07-01,S01,P04,14,1526
2026-07-01,S01,P05,9,1035
2026-07-01,S01,P06,11,979
2026-07-01,S01,P07,3,255
2026-07-01,S01,P08,4,476
2026-07-01,S01,P09,4,396
2026-07-01,S01,P10,6,450
2026-07-01,S01,P11,7,385
2026-07-01,S01,P12,5,275
2026-07-01,S01,P13,5,345
2026-07-01,S01,P14,4,300
2026-07-01,S01,P15,3,135
2026-07-01,S01,P16,3,267
2026-07-01,S01,P17,2,258
2026-07-01,S01,P18,1,109
2026-07-02,S01,P01,28,2212
2026-07-02,S01,P02,27,1755
2026-07-02,S01,P03,19,1805
2026-07-02,S01,P04,24,2616
2026-07-02,S01,P05,16,1840
2026-07-02,S01,P06,15,1335
2026-07-02,S01,P07,5,425
2026-07-02,S01,P08,7,833
2026-07-02,S01,P09,5,495
2026-07-02,S01,P10,11,825
2026-07-02,S01,P11,12,660
2026-07-02,S01,P12,8,440
2026-07-02,S01,P13,7,483
2026-07-02,S01,P14,6,450
2026-07-02,S01,P15,4,180
2026-07-02,S01,P16,4,356
2026-07-02,S01,P17,4,516
2026-07-02,S01,P18,1,109
2026-07-03,S01,P01,40,3160
2026-07-03,S01,P02,25,1625
2026-07-03,S01,P03,26,2470
2026-07-03,S01,P04,24,2616
2026-07-03,S01,P05,18,2070
2026-07-03,S01,P06,16,1424
2026-07-03,S01,P07,5,425
2026-07-03,S01,P08,7,833
2026-07-03,S01,P09,5,495
2026-07-03,S01,P10,11,825
2026-07-03,S01,P11,12,660
2026-07-03,S01,P12,8,440
2026-07-03,S01,P13,9,621
2026-07-03,S01,P14,6,450
2026-07-03,S01,P15,4,180
2026-07-03,S01,P16,4,356
2026-07-03,S01,P17,4,516
2026-07-03,S01,P18,1,109
2026-07-04,S01,P01,44,3476
2026-07-04,S01,P02,29,1885
2026-07-04,S01,P03,30,2850
2026-07-04,S01,P04,33,3597
2026-07-04,S01,P05,20,2300
2026-07-04,S01,P06,18,1602
2026-07-04,S01,P07,6,510
2026-07-04,S01,P08,9,1071
2026-07-04,S01,P09,8,792
2026-07-04,S01,P10,12,900
2026-07-04,S01,P11,15,825
2026-07-04,S01,P12,12,660
2026-07-04,S01,P13,10,690
2026-07-04,S01,P14,8,600
2026-07-04,S01,P15,5,225
2026-07-04,S01,P16,5,445
2026-07-04,S01,P17,4,516
2026-07-04,S01,P18,2,218
2026-07-05,S01,P01,32,2528
2026-07-05,S01,P02,25,1625
2026-07-05,S01,P03,25,2375
2026-07-05,S01,P04,23,2507
2026-07-05,S01,P05,17,1955
2026-07-05,S01,P06,16,1424
2026-07-05,S01,P07,4,340
2026-07-05,S01,P08,6,714
2026-07-05,S01,P09,6,594
2026-07-05,S01,P10,10,750
2026-07-05,S01,P11,12,660
2026-07-05,S01,P12,9,495
2026-07-05,S01,P13,7,483
2026-07-05,S01,P14,7,525
2026-07-05,S01,P15,4,180
2026-07-05,S01,P16,4,356
2026-07-05,S01,P17,3,387
2026-07-05,S01,P18,1,109
2026-07-06,S01,P01,27,2133
2026-07-06,S01,P02,17,1105
2026-07-06,S01,P03,17,1615
2026-07-06,S01,P04,20,2180
2026-07-06,S01,P05,13,1495
2026-07-06,S01,P06,12,1068
2026-07-06,S01,P07,3,255
2026-07-06,S01,P08,5,595
2026-07-06,S01,P09,4,396
2026-07-06,S01,P10,8,600
2026-07-06,S01,P11,8,440
2026-07-06,S01,P12,6,330
2026-07-06,S01,P13,5,345
2026-07-06,S01,P14,5,375
2026-07-06,S01,P15,3,135
2026-07-06,S01,P16,3,267
2026-07-06,S01,P17,2,258
2026-07-06,S01,P18,1,109
2026-07-07,S01,P01,22,1738
2026-07-07,S01,P02,24,1560
2026-07-07,S01,P03,18,1710
2026-07-07,S01,P04,29,3161
2026-07-07,S01,P05,18,2070
2026-07-07,S01,P06,12,1068
2026-07-07,S01,P07,4,340
2026-07-07,S01,P08,7,833
2026-07-07,S01,P09,4,396
2026-07-07,S01,P10,12,900
2026-07-07,S01,P11,13,715
2026-07-07,S01,P12,8,440
2026-07-07,S01,P13,7,483
2026-07-07,S01,P14,6,450
2026-07-07,S01,P15,4,180
2026-07-07,S01,P16,4,356
2026-07-07,S01,P17,3,387
2026-07-07,S01,P18,1,109
2026-07-08,S01,P01,27,2133
2026-07-08,S01,P02,23,1495
2026-07-08,S01,P03,22,2090
2026-07-08,S01,P04,24,2616
2026-07-08,S01,P05,15,1725
2026-07-08,S01,P06,12,1068
2026-07-08,S01,P07,4,340
2026-07-08,S01,P08,7,833
2026-07-08,S01,P09,5,495
2026-07-08,S01,P10,9,675
2026-07-08,S01,P11,10,550
2026-07-08,S01,P12,8,440
2026-07-08,S01,P13,7,483
2026-07-08,S01,P14,6,450
2026-07-08,S01,P15,3,135
2026-07-08,S01,P16,4,356
2026-07-08,S01,P17,3,387
2026-07-08,S01,P18,1,109
2026-07-09,S01,P01,31,2449
2026-07-09,S01,P02,28,1820
2026-07-09,S01,P03,18,1710
2026-07-09,S01,P04,26,2834
2026-07-09,S01,P05,17,1955
2026-07-09,S01,P06,13,1157
2026-07-09,S01,P07,4,340
2026-07-09,S01,P08,8,952
2026-07-09,S01,P09,5,495
2026-07-09,S01,P10,11,825
2026-07-09,S01,P11,11,605
2026-07-09,S01,P12,8,440
2026-07-09,S01,P13,7,483
2026-07-09,S01,P14,6,450
2026-07-09,S01,P15,3,135
2026-07-09,S01,P16,5,445
2026-07-09,S01,P17,3,387
2026-07-09,S01,P18,1,109
2026-07-10,S01,P01,29,2291
2026-07-10,S01,P02,30,1950
2026-07-10,S01,P03,24,2280
2026-07-10,S01,P04,36,3924
2026-07-10,S01,P05,22,2530
2026-07-10,S01,P06,15,1335
2026-07-10,S01,P07,5,425
2026-07-10,S01,P08,10,1190
2026-07-10,S01,P09,5,495
2026-07-10,S01,P10,13,975
2026-07-10,S01,P11,15,825
2026-07-10,S01,P12,10,550
2026-07-10,S01,P13,8,552
2026-07-10,S01,P14,7,525
2026-07-10,S01,P15,5,225
2026-07-10,S01,P16,5,445
2026-07-10,S01,P17,3,387
2026-07-10,S01,P18,1,109
2026-07-11,S01,P01,40,3160
2026-07-11,S01,P02,30,1950
2026-07-11,S01,P03,25,2375
2026-07-11,S01,P04,38,4142
2026-07-11,S01,P05,25,2875
2026-07-11,S01,P06,16,1424
2026-07-11,S01,P07,6,510
2026-07-11,S01,P08,10,1190
2026-07-11,S01,P09,5,495
2026-07-11,S01,P10,14,1050
2026-07-11,S01,P11,15,825
2026-07-11,S01,P12,11,605
2026-07-11,S01,P13,9,621
2026-07-11,S01,P14,9,675
2026-07-11,S01,P15,5,225
2026-07-11,S01,P16,6,534
2026-07-11,S01,P17,4,516
2026-07-11,S01,P18,1,109
2026-07-12,S01,P01,30,2370
2026-07-12,S01,P02,27,1755
2026-07-12,S01,P03,19,1805
2026-07-12,S01,P04,31,3379
2026-07-12,S01,P05,20,2300
2026-07-12,S01,P06,13,1157
2026-07-12,S01,P07,5,425
2026-07-12,S01,P08,9,1071
2026-07-12,S01,P09,4,396
2026-07-12,S01,P10,14,1050
2026-07-12,S01,P11,14,770
2026-07-12,S01,P12,9,495
2026-07-12,S01,P13,9,621
2026-07-12,S01,P14,7,525
2026-07-12,S01,P15,4,180
2026-07-12,S01,P16,5,445
2026-07-12,S01,P17,4,516
2026-07-12,S01,P18,1,109
2026-07-13,S01,P01,21,1659
2026-07-13,S01,P02,23,1495
2026-07-13,S01,P03,16,1520
2026-07-13,S01,P04,29,3161
2026-07-13,S01,P05,18,2070
2026-07-13,S01,P06,9,801
2026-07-13,S01,P07,5,425
2026-07-13,S01,P08,7,833
2026-07-13,S01,P09,3,297
2026-07-13,S01,P10,12,900
2026-07-13,S01,P11,12,660
2026-07-13,S01,P12,8,440
2026-07-13,S01,P13,7,483
2026-07-13,S01,P14,6,450
2026-07-13,S01,P15,4,180
2026-07-13,S01,P16,4,356
2026-07-13,S01,P17,3,387
2026-07-13,S01,P18,1,109
2026-07-14,S01,P01,21,1659
2026-07-14,S01,P02,22,1430
2026-07-14,S01,P03,15,1425
2026-07-14,S01,P04,20,2180
2026-07-14,S01,P05,15,1725
2026-07-14,S01,P06,8,712
2026-07-14,S01,P07,4,340
2026-07-14,S01,P08,6,714
2026-07-14,S01,P09,3,297
2026-07-14,S01,P10,9,675
2026-07-14,S01,P11,8,440
2026-07-14,S01,P12,7,385
2026-07-14,S01,P13,6,414
2026-07-14,S01,P14,5,375
2026-07-14,S01,P15,3,135
2026-07-14,S01,P16,3,267
2026-07-14,S01,P17,3,387
2026-07-14,S01,P18,1,109
2026-07-15,S01,P01,23,1817
2026-07-15,S01,P02,23,1495
2026-07-15,S01,P03,19,1805
2026-07-15,S01,P04,21,2289
2026-07-15,S01,P05,13,1495
2026-07-15,S01,P06,11,979
2026-07-15,S01,P07,4,340
2026-07-15,S01,P08,6,714
2026-07-15,S01,P09,4,396
2026-07-15,S01,P10,9,675
2026-07-15,S01,P11,9,495
2026-07-15,S01,P12,7,385
2026-07-15,S01,P13,7,483
2026-07-15,S01,P14,5,375
2026-07-15,S01,P15,3,135
2026-07-15,S01,P16,3,267
2026-07-15,S01,P17,3,387
2026-07-15,S01,P18,1,109
2026-07-16,S01,P01,27,2133
2026-07-16,S01,P02,21,1365
2026-07-16,S01,P03,17,1615
2026-07-16,S01,P04,23,2507
2026-07-16,S01,P05,15,1725
2026-07-16,S01,P06,10,890
2026-07-16,S01,P07,5,425
2026-07-16,S01,P08,6,714
2026-07-16,S01,P09,4,396
2026-07-16,S01,P10,11,825
2026-07-16,S01,P11,11,605
2026-07-16,S01,P12,7,385
2026-07-16,S01,P13,6,414
2026-07-16,S01,P14,6,450
2026-07-16,S01,P15,4,180
2026-07-16,S01,P16,4,356
2026-07-16,S01,P17,3,387
2026-07-16,S01,P18,1,109
2026-07-17,S01,P01,26,2054
2026-07-17,S01,P02,28,1820
2026-07-17,S01,P03,15,1425
2026-07-17,S01,P04,29,3161
2026-07-17,S01,P05,20,2300
2026-07-17,S01,P06,12,1068
2026-07-17,S01,P07,4,340
2026-07-17,S01,P08,10,1190
2026-07-17,S01,P09,4,396
2026-07-17,S01,P10,14,1050
2026-07-17,S01,P11,13,715
2026-07-17,S01,P12,9,495
2026-07-17,S01,P13,8,552
2026-07-17,S01,P14,7,525
2026-07-17,S01,P15,4,180
2026-07-17,S01,P16,4,356
2026-07-17,S01,P17,3,387
2026-07-17,S01,P18,1,109
2026-07-18,S01,P01,31,2449
2026-07-18,S01,P02,30,1950
2026-07-18,S01,P03,25,2375
2026-07-18,S01,P04,33,3597
2026-07-18,S01,P05,20,2300
2026-07-18,S01,P06,13,1157
2026-07-18,S01,P07,5,425
2026-07-18,S01,P08,10,1190
2026-07-18,S01,P09,5,495
2026-07-18,S01,P10,13,975
2026-07-18,S01,P11,13,715
2026-07-18,S01,P12,10,550
2026-07-18,S01,P13,10,690
2026-07-18,S01,P14,7,525
2026-07-18,S01,P15,5,225
2026-07-18,S01,P16,5,445
2026-07-18,S01,P17,4,516
2026-07-18,S01,P18,1,109
2026-07-19,S01,P01,27,2133
2026-07-19,S01,P02,23,1495
2026-07-19,S01,P03,20,1900
2026-07-19,S01,P04,18,1962
2026-07-19,S01,P05,14,1610
2026-07-19,S01,P06,12,1068
2026-07-19,S01,P07,4,340
2026-07-19,S01,P08,6,714
2026-07-19,S01,P09,5,495
2026-07-19,S01,P10,9,675
2026-07-19,S01,P11,10,550
2026-07-19,S01,P12,7,385
2026-07-19,S01,P13,5,345
2026-07-19,S01,P14,6,450
2026-07-19,S01,P15,3,135
2026-07-19,S01,P16,4,356
2026-07-19,S01,P17,3,387
2026-07-19,S01,P18,1,109
2026-07-20,S01,P01,30,2370
2026-07-20,S01,P02,21,1365
2026-07-20,S01,P03,23,2185
2026-07-20,S01,P04,21,2289
2026-07-20,S01,P05,13,1495
2026-07-20,S01,P06,15,1335
2026-07-20,S01,P07,4,340
2026-07-20,S01,P08,5,595
2026-07-20,S01,P09,5,495
2026-07-20,S01,P10,8,600
2026-07-20,S01,P11,9,495
2026-07-20,S01,P12,8,440
2026-07-20,S01,P13,6,414
2026-07-20,S01,P14,6,450
2026-07-20,S01,P15,3,135
2026-07-20,S01,P16,4,356
2026-07-20,S01,P17,3,387
2026-07-20,S01,P18,1,109
2026-07-21,S01,P01,30,2370
2026-07-21,S01,P02,23,1495
2026-07-21,S01,P03,20,1900
2026-07-21,S01,P04,19,2071
2026-07-21,S01,P05,15,1725
2026-07-21,S01,P06,12,1068
2026-07-21,S01,P07,4,340
2026-07-21,S01,P08,5,595
2026-07-21,S01,P09,5,495
2026-07-21,S01,P10,9,675
2026-07-21,S01,P11,10,550
2026-07-21,S01,P12,7,385
2026-07-21,S01,P13,7,483
2026-07-21,S01,P14,6,450
2026-07-21,S01,P15,4,180
2026-07-21,S01,P16,4,356
2026-07-21,S01,P17,3,387
2026-07-21,S01,P18,1,109
2026-07-22,S01,P01,33,2607
2026-07-22,S01,P02,21,1365
2026-07-22,S01,P03,18,1710
2026-07-22,S01,P04,20,2180
2026-07-22,S01,P05,15,1725
2026-07-22,S01,P06,13,1157
2026-07-22,S01,P07,5,425
2026-07-22,S01,P08,6,714
2026-07-22,S01,P09,6,594
2026-07-22,S01,P10,10,750
2026-07-22,S01,P11,11,605
2026-07-22,S01,P12,8,440
2026-07-22,S01,P13,6,414
2026-07-22,S01,P14,6,450
2026-07-22,S01,P15,3,135
2026-07-22,S01,P16,4,356
2026-07-22,S01,P17,3,387
2026-07-22,S01,P18,1,109
2026-07-23,S01,P01,34,2686
2026-07-23,S01,P02,20,1300
2026-07-23,S01,P03,20,1900
2026-07-23,S01,P04,19,2071
2026-07-23,S01,P05,11,1265
2026-07-23,S01,P06,13,1157
2026-07-23,S01,P07,4,340
2026-07-23,S01,P08,5,595
2026-07-23,S01,P09,6,594
2026-07-23,S01,P10,8,600
2026-07-23,S01,P11,11,605
2026-07-23,S01,P12,7,385
2026-07-23,S01,P13,6,414
2026-07-23,S01,P14,6,450
2026-07-23,S01,P15,3,135
2026-07-23,S01,P16,4,356
2026-07-23,S01,P17,2,258
2026-07-23,S01,P18,1,109
2026-07-24,S01,P01,37,2923
2026-07-24,S01,P02,31,2015
2026-07-24,S01,P03,23,2185
2026-07-24,S01,P04,30,3270
2026-07-24,S01,P05,17,1955
2026-07-24,S01,P06,17,1513
2026-07-24,S01,P07,6,510
2026-07-24,S01,P08,7,833
2026-07-24,S01,P09,6,594
2026-07-24,S01,P10,11,825
2026-07-24,S01,P11,13,715
2026-07-24,S01,P12,9,495
2026-07-24,S01,P13,8,552
2026-07-24,S01,P14,8,600
2026-07-24,S01,P15,4,180
2026-07-24,S01,P16,5,445
2026-07-24,S01,P17,4,516
2026-07-24,S01,P18,2,218
2026-07-25,S01,P01,37,2923
2026-07-25,S01,P02,37,2405
2026-07-25,S01,P03,22,2090
2026-07-25,S01,P04,40,4360
2026-07-25,S01,P05,26,2990
2026-07-25,S01,P06,17,1513
2026-07-25,S01,P07,6,510
2026-07-25,S01,P08,11,1309
2026-07-25,S01,P09,6,594
2026-07-25,S01,P10,20,1500
2026-07-25,S01,P11,15,825
2026-07-25,S01,P12,13,715
2026-07-25,S01,P13,12,828
2026-07-25,S01,P14,9,675
2026-07-25,S01,P15,5,225
2026-07-25,S01,P16,6,534
2026-07-25,S01,P17,5,645
2026-07-25,S01,P18,1,109
2026-07-26,S01,P01,22,1738
2026-07-26,S01,P02,30,1950
2026-07-26,S01,P03,15,1425
2026-07-26,S01,P04,32,3488
2026-07-26,S01,P05,22,2530
2026-07-26,S01,P06,10,890
2026-07-26,S01,P07,5,425
2026-07-26,S01,P08,9,1071
2026-07-26,S01,P09,4,396
2026-07-26,S01,P10,15,1125
2026-07-26,S01,P11,14,770
2026-07-26,S01,P12,9,495
2026-07-26,S01,P13,8,552
2026-07-26,S01,P14,8,600
2026-07-26,S01,P15,4,180
2026-07-26,S01,P16,5,445
2026-07-26,S01,P17,4,516
2026-07-26,S01,P18,1,109
2026-07-27,S01,P01,26,2054
2026-07-27,S01,P02,26,1690
2026-07-27,S01,P03,18,1710
2026-07-27,S01,P04,25,2725
2026-07-27,S01,P05,15,1725
2026-07-27,S01,P06,14,1246
2026-07-27,S01,P07,4,340
2026-07-27,S01,P08,6,714
2026-07-27,S01,P09,5,495
2026-07-27,S01,P10,9,675
2026-07-27,S01,P11,11,605
2026-07-27,S01,P12,9,495
2026-07-27,S01,P13,8,552
2026-07-27,S01,P14,6,450
2026-07-27,S01,P15,3,135
2026-07-27,S01,P16,4,356
2026-07-27,S01,P17,3,387
2026-07-27,S01,P18,1,109
2026-07-28,S01,P01,26,2054
2026-07-28,S01,P02,21,1365
2026-07-28,S01,P03,17,1615
2026-07-28,S01,P04,29,3161
2026-07-28,S01,P05,15,1725
2026-07-28,S01,P06,11,979
2026-07-28,S01,P07,5,425
2026-07-28,S01,P08,7,833
2026-07-28,S01,P09,5,495
2026-07-28,S01,P10,10,750
2026-07-28,S01,P11,11,605
2026-07-28,S01,P12,8,440
2026-07-28,S01,P13,7,483
2026-07-28,S01,P14,7,525
2026-07-28,S01,P15,3,135
2026-07-28,S01,P16,4,356
2026-07-28,S01,P17,3,387
2026-07-28,S01,P18,1,109
2026-07-29,S01,P01,24,1896
2026-07-29,S01,P02,30,1950
2026-07-29,S01,P03,17,1615
2026-07-29,S01,P04,31,3379
2026-07-29,S01,P05,22,2530
2026-07-29,S01,P06,10,890
2026-07-29,S01,P07,5,425
2026-07-29,S01,P08,9,1071
2026-07-29,S01,P09,4,396
2026-07-29,S01,P10,15,1125
2026-07-29,S01,P11,13,715
2026-07-29,S01,P12,8,440
2026-07-29,S01,P13,9,621
2026-07-29,S01,P14,7,525
2026-07-29,S01,P15,5,225
2026-07-29,S01,P16,5,445
2026-07-29,S01,P17,3,387
2026-07-29,S01,P18,1,109
2026-07-30,S01,P01,13,1027
2026-07-30,S01,P02,26,1690
2026-07-30,S01,P03,9,855
2026-07-30,S01,P04,33,3597
2026-07-30,S01,P05,21,2415
2026-07-30,S01,P06,5,445
2026-07-30,S01,P07,5,425
2026-07-30,S01,P08,10,1190
2026-07-30,S01,P09,2,198
2026-07-30,S01,P10,14,1050
2026-07-30,S01,P11,11,605
2026-07-30,S01,P12,8,440
2026-07-30,S01,P13,7,483
2026-07-30,S01,P14,6,450
2026-07-30,S01,P15,4,180
2026-07-30,S01,P16,4,356
2026-07-30,S01,P17,3,387
2026-07-30,S01,P18,1,109
2026-07-31,S01,P01,15,1185
2026-07-31,S01,P02,26,1690
2026-07-31,S01,P03,9,855
2026-07-31,S01,P04,38,4142
2026-07-31,S01,P05,27,3105
2026-07-31,S01,P06,7,623
2026-07-31,S01,P07,5,425
2026-07-31,S01,P08,10,1190
2026-07-31,S01,P09,3,297
2026-07-31,S01,P10,15,1125
2026-07-31,S01,P11,13,715
2026-07-31,S01,P12,9,495
2026-07-31,S01,P13,8,552
2026-07-31,S01,P14,6,450
2026-07-31,S01,P15,4,180
2026-07-31,S01,P16,5,445
2026-07-31,S01,P17,3,387
2026-07-31,S01,P18,1,109
2026-08-01,S01,P01,31,2449
2026-08-01,S01,P02,30,1950
2026-08-01,S01,P03,20,1900
2026-08-01,S01,P04,37,4033
2026-08-01,S01,P05,24,2760
2026-08-01,S01,P06,14,1246
2026-08-01,S01,P07,6,510
2026-08-01,S01,P08,11,1309
2026-08-01,S01,P09,5,495
2026-08-01,S01,P10,15,1125
2026-08-01,S01,P11,13,715
2026-08-01,S01,P12,11,605
2026-08-01,S01,P13,9,621
2026-08-01,S01,P14,7,525
2026-08-01,S01,P15,5,225
2026-08-01,S01,P16,5,445
2026-08-01,S01,P17,4,516
2026-08-01,S01,P18,1,109
2026-08-02,S01,P01,32,2528
2026-08-02,S01,P02,28,1820
2026-08-02,S01,P03,20,1900
2026-08-02,S01,P04,32,3488
2026-08-02,S01,P05,18,2070
2026-08-02,S01,P06,13,1157
2026-08-02,S01,P07,5,425
2026-08-02,S01,P08,8,952
2026-08-02,S01,P09,5,495
2026-08-02,S01,P10,14,1050
2026-08-02,S01,P11,13,715
2026-08-02,S01,P12,10,550
2026-08-02,S01,P13,8,552
2026-08-02,S01,P14,8,600
2026-08-02,S01,P15,4,180
2026-08-02,S01,P16,4,356
2026-08-02,S01,P17,3,387
2026-08-02,S01,P18,1,109
2026-08-03,S01,P01,15,1185
2026-08-03,S01,P02,21,1365
2026-08-03,S01,P03,12,1140
2026-08-03,S01,P04,27,2943
2026-08-03,S01,P05,19,2185
2026-08-03,S01,P06,6,534
2026-08-03,S01,P07,4,340
2026-08-03,S01,P08,8,952
2026-08-03,S01,P09,3,297
2026-08-03,S01,P10,13,975
2026-08-03,S01,P11,11,605
2026-08-03,S01,P12,7,385
2026-08-03,S01,P13,7,483
2026-08-03,S01,P14,5,375
2026-08-03,S01,P15,3,135
2026-08-03,S01,P16,3,267
2026-08-03,S01,P17,3,387
2026-08-03,S01,P18,1,109
2026-08-04,S01,P01,11,869
2026-08-04,S01,P02,24,1560
2026-08-04,S01,P03,7,665
2026-08-04,S01,P04,29,3161
2026-08-04,S01,P05,20,2300
2026-08-04,S01,P06,5,445
2026-08-04,S01,P07,3,255
2026-08-04,S01,P08,9,1071
2026-08-04,S01,P09,2,198
2026-08-04,S01,P10,13,975
2026-08-04,S01,P11,9,495
2026-08-04,S01,P12,7,385
2026-08-04,S01,P13,6,414
2026-08-04,S01,P14,6,450
2026-08-04,S01,P15,3,135
2026-08-04,S01,P16,4,356
2026-08-04,S01,P17,3,387
2026-08-05,S01,P01,16,1264
2026-08-05,S01,P02,23,1495
2026-08-05,S01,P03,10,950
2026-08-05,S01,P04,30,3270
2026-08-05,S01,P05,22,2530
2026-08-05,S01,P06,7,623
2026-08-05,S01,P07,4,340
2026-08-05,S01,P08,9,1071
2026-08-05,S01,P09,3,297
2026-08-05,S01,P10,15,1125
2026-08-05,S01,P11,12,660
2026-08-05,S01,P12,8,440
2026-08-05,S01,P13,7,483
2026-08-05,S01,P14,6,450
2026-08-05,S01,P15,4,180
2026-08-05,S01,P16,4,356
2026-08-05,S01,P17,3,387
2026-08-05,S01,P18,1,109
2026-08-06,S01,P01,24,1896
2026-08-06,S01,P02,27,1755
2026-08-06,S01,P03,13,1235
2026-08-06,S01,P04,36,3924
2026-08-06,S01,P05,21,2415
2026-08-06,S01,P06,9,801
2026-08-06,S01,P07,5,425
2026-08-06,S01,P08,8,952
2026-08-06,S01,P09,4,396
2026-08-06,S01,P10,14,1050
2026-08-06,S01,P11,13,715
2026-08-06,S01,P12,9,495
2026-08-06,S01,P13,7,483
2026-08-06,S01,P14,6,450
2026-08-06,S01,P15,4,180
2026-08-06,S01,P16,4,356
2026-08-06,S01,P17,3,387
2026-08-06,S01,P18,1,109
2026-08-07,S01,P01,33,2607
2026-08-07,S01,P02,34,2210
2026-08-07,S01,P03,23,2185
2026-08-07,S01,P04,34,3706
2026-08-07,S01,P05,21,2415
2026-08-07,S01,P06,17,1513
2026-08-07,S01,P07,5,425
2026-08-07,S01,P08,9,1071
2026-08-07,S01,P09,7,693
2026-08-07,S01,P10,15,1125
2026-08-07,S01,P11,14,770
2026-08-07,S01,P12,10,550
2026-08-07,S01,P13,8,552
2026-08-07,S01,P14,7,525
2026-08-07,S01,P15,5,225
2026-08-07,S01,P16,5,445
2026-08-07,S01,P17,4,516
2026-08-07,S01,P18,1,109
2026-08-08,S01,P01,40,3160
2026-08-08,S01,P02,29,1885
2026-08-08,S01,P03,24,2280
2026-08-08,S01,P04,29,3161
2026-08-08,S01,P05,19,2185
2026-08-08,S01,P06,18,1602
2026-08-08,S01,P07,5,425
2026-08-08,S01,P08,9,1071
2026-08-08,S01,P09,6,594
2026-08-08,S01,P10,15,1125
2026-08-08,S01,P11,14,770
2026-08-08,S01,P12,10,550
2026-08-08,S01,P13,9,621
2026-08-08,S01,P14,9,675
2026-08-08,S01,P15,5,225
2026-08-08,S01,P16,5,445
2026-08-08,S01,P17,4,516
2026-08-08,S01,P18,1,109
2026-08-09,S01,P01,24,1896
2026-08-09,S01,P02,27,1755
2026-08-09,S01,P03,14,1330
2026-08-09,S01,P04,37,4033
2026-08-09,S01,P05,21,2415
2026-08-09,S01,P06,11,979
2026-08-09,S01,P07,5,425
2026-08-09,S01,P08,11,1309
2026-08-09,S01,P09,4,396
2026-08-09,S01,P10,14,1050
2026-08-09,S01,P11,13,715
2026-08-09,S01,P12,9,495
2026-08-09,S01,P13,9,621
2026-08-09,S01,P14,7,525
2026-08-09,S01,P15,4,180
2026-08-09,S01,P16,5,445
2026-08-09,S01,P17,4,516
2026-08-09,S01,P18,1,109
2026-08-10,S01,P01,15,1185
2026-08-10,S01,P02,23,1495
2026-08-10,S01,P03,10,950
2026-08-10,S01,P04,33,3597
2026-08-10,S01,P05,23,2645
2026-08-10,S01,P06,6,534
2026-08-10,S01,P07,4,340
2026-08-10,S01,P08,9,1071
2026-08-10,S01,P09,2,198
2026-08-10,S01,P10,14,1050
2026-08-10,S01,P11,11,605
2026-08-10,S01,P12,8,440
2026-08-10,S01,P13,7,483
2026-08-10,S01,P14,6,450
2026-08-10,S01,P15,3,135
2026-08-10,S01,P16,4,356
2026-08-10,S01,P17,3,387
2026-08-10,S01,P18,1,109
2026-08-11,S01,P01,31,2449
2026-08-11,S01,P02,26,1690
2026-08-11,S01,P03,19,1805
2026-08-11,S01,P04,26,2834
2026-08-11,S01,P05,18,2070
2026-08-11,S01,P06,13,1157
2026-08-11,S01,P07,5,425
2026-08-11,S01,P08,7,833
2026-08-11,S01,P09,5,495
2026-08-11,S01,P10,10,750
2026-08-11,S01,P11,11,605
2026-08-11,S01,P12,8,440
2026-08-11,S01,P13,7,483
2026-08-11,S01,P14,6,450
2026-08-11,S01,P15,4,180
2026-08-11,S01,P16,4,356
2026-08-11,S01,P17,3,387
2026-08-11,S01,P18,1,109
2026-08-12,S01,P01,26,2054
2026-08-12,S01,P02,22,1430
2026-08-12,S01,P03,20,1900
2026-08-12,S01,P04,22,2398
2026-08-12,S01,P05,15,1725
2026-08-12,S01,P06,13,1157
2026-08-12,S01,P07,4,340
2026-08-12,S01,P08,7,833
2026-08-12,S01,P09,5,495
2026-08-12,S01,P10,10,750
2026-08-12,S01,P11,12,660
2026-08-12,S01,P12,7,385
2026-08-12,S01,P13,8,552
2026-08-12,S01,P14,6,450
2026-08-12,S01,P15,4,180
2026-08-12,S01,P16,4,356
2026-08-12,S01,P17,3,387
2026-08-12,S01,P18,1,109
2026-08-13,S01,P01,26,2054
2026-08-13,S01,P02,23,1495
2026-08-13,S01,P03,19,1805
2026-08-13,S01,P04,33,3597
2026-08-13,S01,P05,19,2185
2026-08-13,S01,P06,12,1068
2026-08-13,S01,P07,5,425
2026-08-13,S01,P08,9,1071
2026-08-13,S01,P09,5,495
2026-08-13,S01,P10,11,825
2026-08-13,S01,P11,12,660
2026-08-13,S01,P12,8,440
2026-08-13,S01,P13,8,552
2026-08-13,S01,P14,7,525
2026-08-13,S01,P15,4,180
2026-08-13,S01,P16,4,356
2026-08-13,S01,P17,3,387
2026-08-13,S01,P18,1,109
2026-08-14,S01,P01,29,2291
2026-08-14,S01,P02,34,2210
2026-08-14,S01,P03,18,1710
2026-08-14,S01,P04,37,4033
2026-08-14,S01,P05,26,2990
2026-08-14,S01,P06,12,1068
2026-08-14,S01,P07,6,510
2026-08-14,S01,P08,12,1428
2026-08-14,S01,P09,4,396
2026-08-14,S01,P10,16,1200
2026-08-14,S01,P11,15,825
2026-08-14,S01,P12,10,550
2026-08-14,S01,P13,9,621
2026-08-14,S01,P14,9,675
2026-08-14,S01,P15,5,225
2026-08-14,S01,P16,5,445
2026-08-14,S01,P17,4,516
2026-08-14,S01,P18,1,109
2026-08-15,S01,P01,22,1738
2026-08-15,S01,P02,29,1885
2026-08-15,S01,P03,16,1520
2026-08-15,S01,P04,47,5123
2026-08-15,S01,P05,31,3565
2026-08-15,S01,P06,10,890
2026-08-15,S01,P07,6,510
2026-08-15,S01,P08,12,1428
2026-08-15,S01,P09,3,297
2026-08-15,S01,P10,17,1275
2026-08-15,S01,P11,13,715
2026-08-15,S01,P12,10,550
2026-08-15,S01,P13,9,621
2026-08-15,S01,P14,8,600
2026-08-15,S01,P15,5,225
2026-08-15,S01,P16,5,445
2026-08-15,S01,P17,4,516
2026-08-15,S01,P18,1,109
2026-08-16,S01,P01,27,2133
2026-08-16,S01,P02,31,2015
2026-08-16,S01,P03,20,1900
2026-08-16,S01,P04,34,3706
2026-08-16,S01,P05,19,2185
2026-08-16,S01,P06,13,1157
2026-08-16,S01,P07,5,425
2026-08-16,S01,P08,8,952
2026-08-16,S01,P09,5,495
2026-08-16,S01,P10,12,900
2026-08-16,S01,P11,13,715
2026-08-16,S01,P12,10,550
2026-08-16,S01,P13,7,483
2026-08-16,S01,P14,7,525
2026-08-16,S01,P15,4,180
2026-08-16,S01,P16,5,445
2026-08-16,S01,P17,3,387
2026-08-16,S01,P18,1,109
2026-08-17,S01,P01,20,1580
2026-08-17,S01,P02,16,1040
2026-08-17,S01,P03,14,1330
2026-08-17,S01,P04,20,2180
2026-08-17,S01,P05,12,1380
2026-08-17,S01,P06,9,801
2026-08-17,S01,P07,3,255
2026-08-17,S01,P08,6,714
2026-08-17,S01,P09,4,396
2026-08-17,S01,P10,8,600
2026-08-17,S01,P11,9,495
2026-08-17,S01,P12,5,275
2026-08-17,S01,P13,5,345
2026-08-17,S01,P14,4,300
2026-08-17,S01,P15,2,90
2026-08-17,S01,P16,3,267
2026-08-17,S01,P17,2,258
2026-08-17,S01,P18,1,109
2026-08-18,S01,P01,29,2291
2026-08-18,S01,P02,20,1300
2026-08-18,S01,P03,19,1805
2026-08-18,S01,P04,18,1962
2026-08-18,S01,P05,12,1380
2026-08-18,S01,P06,13,1157
2026-08-18,S01,P07,4,340
2026-08-18,S01,P08,5,595
2026-08-18,S01,P09,5,495
2026-08-18,S01,P10,7,525
2026-08-18,S01,P11,10,550
2026-08-18,S01,P12,6,330
2026-08-18,S01,P13,6,414
2026-08-18,S01,P14,5,375
2026-08-18,S01,P15,3,135
2026-08-18,S01,P16,4,356
2026-08-18,S01,P17,2,258
2026-08-18,S01,P18,1,109
2026-08-19,S01,P01,27,2133
2026-08-19,S01,P02,24,1560
2026-08-19,S01,P03,18,1710
2026-08-19,S01,P04,28,3052
2026-08-19,S01,P05,17,1955
2026-08-19,S01,P06,13,1157
2026-08-19,S01,P07,5,425
2026-08-19,S01,P08,8,952
2026-08-19,S01,P09,4,396
2026-08-19,S01,P10,13,975
2026-08-19,S01,P11,11,605
2026-08-19,S01,P12,8,440
2026-08-19,S01,P13,7,483
2026-08-19,S01,P14,6,450
2026-08-19,S01,P15,4,180
2026-08-19,S01,P16,4,356
2026-08-19,S01,P17,3,387
2026-08-19,S01,P18,1,109
2026-08-20,S01,P01,28,2212
2026-08-20,S01,P02,29,1885
2026-08-20,S01,P03,20,1900
2026-08-20,S01,P04,31,3379
2026-08-20,S01,P05,18,2070
2026-08-20,S01,P06,13,1157
2026-08-20,S01,P07,5,425
2026-08-20,S01,P08,9,1071
2026-08-20,S01,P09,4,396
2026-08-20,S01,P10,12,900
2026-08-20,S01,P11,12,660
2026-08-20,S01,P12,9,495
2026-08-20,S01,P13,9,621
2026-08-20,S01,P14,7,525
2026-08-20,S01,P15,4,180
2026-08-20,S01,P16,4,356
2026-08-20,S01,P17,4,516
2026-08-20,S01,P18,1,109
2026-08-21,S01,P01,22,1738
2026-08-21,S01,P02,20,1300
2026-08-21,S01,P03,14,1330
2026-08-21,S01,P04,20,2180
2026-08-21,S01,P05,13,1495
2026-08-21,S01,P06,10,890
2026-08-21,S01,P07,3,255
2026-08-21,S01,P08,6,714
2026-08-21,S01,P09,4,396
2026-08-21,S01,P10,9,675
2026-08-21,S01,P11,10,550
2026-08-21,S01,P12,6,330
2026-08-21,S01,P13,5,345
2026-08-21,S01,P14,5,375
2026-08-21,S01,P15,3,135
2026-08-21,S01,P16,3,267
2026-08-21,S01,P17,2,258
2026-08-21,S01,P18,1,109
2026-08-22,S01,P01,36,2844
2026-08-22,S01,P02,28,1820
2026-08-22,S01,P03,28,2660
2026-08-22,S01,P04,24,2616
2026-08-22,S01,P05,14,1610
2026-08-22,S01,P06,19,1691
2026-08-22,S01,P07,5,425
2026-08-22,S01,P08,6,714
2026-08-22,S01,P09,7,693
2026-08-22,S01,P10,10,750
2026-08-22,S01,P11,11,605
2026-08-22,S01,P12,9,495
2026-08-22,S01,P13,8,552
2026-08-22,S01,P14,6,450
2026-08-22,S01,P15,4,180
2026-08-22,S01,P16,5,445
2026-08-22,S01,P17,3,387
2026-08-22,S01,P18,1,109
2026-08-23,S01,P01,37,2923
2026-08-23,S01,P02,24,1560
2026-08-23,S01,P03,27,2565
2026-08-23,S01,P04,21,2289
2026-08-23,S01,P05,15,1725
2026-08-23,S01,P06,18,1602
2026-08-23,S01,P07,5,425
2026-08-23,S01,P08,6,714
2026-08-23,S01,P09,7,693
2026-08-23,S01,P10,8,600
2026-08-23,S01,P11,12,660
2026-08-23,S01,P12,8,440
2026-08-23,S01,P13,8,552
2026-08-23,S01,P14,6,450
2026-08-23,S01,P15,3,135
2026-08-23,S01,P16,4,356
2026-08-23,S01,P17,3,387
2026-08-23,S01,P18,2,218
2026-08-24,S01,P01,31,2449
2026-08-24,S01,P02,24,1560
2026-08-24,S01,P03,21,1995
2026-08-24,S01,P04,18,1962
2026-08-24,S01,P05,11,1265
2026-08-24,S01,P06,13,1157
2026-08-24,S01,P07,4,340
2026-08-24,S01,P08,5,595
2026-08-24,S01,P09,5,495
2026-08-24,S01,P10,7,525
2026-08-24,S01,P11,9,495
2026-08-24,S01,P12,7,385
2026-08-24,S01,P13,6,414
2026-08-24,S01,P14,6,450
2026-08-24,S01,P15,3,135
2026-08-24,S01,P16,4,356
2026-08-24,S01,P17,3,387
2026-08-24,S01,P18,1,109
2026-08-25,S01,P01,31,2449
2026-08-25,S01,P02,25,1625
2026-08-25,S01,P03,22,2090
2026-08-25,S01,P04,23,2507
2026-08-25,S01,P05,16,1840
2026-08-25,S01,P06,15,1335
2026-08-25,S01,P07,5,425
2026-08-25,S01,P08,6,714
2026-08-25,S01,P09,5,495
2026-08-25,S01,P10,8,600
2026-08-25,S01,P11,11,605
2026-08-25,S01,P12,7,385
2026-08-25,S01,P13,7,483
2026-08-25,S01,P14,6,450
2026-08-25,S01,P15,3,135
2026-08-25,S01,P16,4,356
2026-08-25,S01,P17,3,387
2026-08-25,S01,P18,1,109
2026-08-26,S01,P01,32,2528
2026-08-26,S01,P02,24,1560
2026-08-26,S01,P03,24,2280
2026-08-26,S01,P04,19,2071
2026-08-26,S01,P05,16,1840
2026-08-26,S01,P06,15,1335
2026-08-26,S01,P07,4,340
2026-08-26,S01,P08,6,714
2026-08-26,S01,P09,5,495
2026-08-26,S01,P10,9,675
2026-08-26,S01,P11,11,605
2026-08-26,S01,P12,7,385
2026-08-26,S01,P13,8,552
2026-08-26,S01,P14,5,375
2026-08-26,S01,P15,4,180
2026-08-26,S01,P16,4,356
2026-08-26,S01,P17,3,387
2026-08-26,S01,P18,1,109
2026-08-27,S01,P01,27,2133
2026-08-27,S01,P02,26,1690
2026-08-27,S01,P03,22,2090
2026-08-27,S01,P04,28,3052
2026-08-27,S01,P05,23,2645
2026-08-27,S01,P06,14,1246
2026-08-27,S01,P07,5,425
2026-08-27,S01,P08,9,1071
2026-08-27,S01,P09,5,495
2026-08-27,S01,P10,14,1050
2026-08-27,S01,P11,13,715
2026-08-27,S01,P12,9,495
2026-08-27,S01,P13,9,621
2026-08-27,S01,P14,7,525
2026-08-27,S01,P15,4,180
2026-08-27,S01,P16,5,445
2026-08-27,S01,P17,3,387
2026-08-27,S01,P18,1,109
2026-08-28,S01,P01,25,1975
2026-08-28,S01,P02,26,1690
2026-08-28,S01,P03,17,1615
2026-08-28,S01,P04,31,3379
2026-08-28,S01,P05,20,2300
2026-08-28,S01,P06,11,979
2026-08-28,S01,P07,5,425
2026-08-28,S01,P08,9,1071
2026-08-28,S01,P09,4,396
2026-08-28,S01,P10,12,900
2026-08-28,S01,P11,12,660
2026-08-28,S01,P12,8,440
2026-08-28,S01,P13,7,483
2026-08-28,S01,P14,6,450
2026-08-28,S01,P15,4,180
2026-08-28,S01,P16,4,356
2026-08-28,S01,P17,3,387
2026-08-28,S01,P18,1,109
2026-08-29,S01,P01,37,2923
2026-08-29,S01,P02,31,2015
2026-08-29,S01,P03,25,2375
2026-08-29,S01,P04,28,3052
2026-08-29,S01,P05,17,1955
2026-08-29,S01,P06,17,1513
2026-08-29,S01,P07,5,425
2026-08-29,S01,P08,8,952
2026-08-29,S01,P09,6,594
2026-08-29,S01,P10,11,825
2026-08-29,S01,P11,12,660
2026-08-29,S01,P12,10,550
2026-08-29,S01,P13,8,552
2026-08-29,S01,P14,7,525
2026-08-29,S01,P15,5,225
2026-08-29,S01,P16,5,445
2026-08-29,S01,P17,4,516
2026-08-29,S01,P18,1,109
2026-08-30,S01,P01,28,2212
2026-08-30,S01,P02,28,1820
2026-08-30,S01,P03,21,1995
2026-08-30,S01,P04,34,3706
2026-08-30,S01,P05,21,2415
2026-08-30,S01,P06,12,1068
2026-08-30,S01,P07,6,510
2026-08-30,S01,P08,9,1071
2026-08-30,S01,P09,6,594
2026-08-30,S01,P10,14,1050
2026-08-30,S01,P11,12,660
2026-08-30,S01,P12,11,605
2026-08-30,S01,P13,8,552
2026-08-30,S01,P14,8,600
2026-08-30,S01,P15,4,180
2026-08-30,S01,P16,5,445
2026-08-30,S01,P17,3,387
2026-08-30,S01,P18,1,109
2026-08-31,S01,P01,21,1659
2026-08-31,S01,P02,20,1300
2026-08-31,S01,P03,13,1235
2026-08-31,S01,P04,16,1744
2026-08-31,S01,P05,12,1380
2026-08-31,S01,P06,9,801
2026-08-31,S01,P07,3,255
2026-08-31,S01,P08,5,595
2026-08-31,S01,P09,4,396
2026-08-31,S01,P10,8,600
2026-08-31,S01,P11,8,440
2026-08-31,S01,P12,6,330
2026-08-31,S01,P13,5,345
2026-08-31,S01,P14,4,300
2026-08-31,S01,P15,3,135
2026-08-31,S01,P16,3,267
2026-08-31,S01,P17,2,258
2026-08-31,S01,P18,1,109
2026-06-01,S02,P01,24,1896
2026-06-01,S02,P02,15,975
2026-06-01,S02,P03,14,1330
2026-06-01,S02,P04,14,1526
2026-06-01,S02,P05,8,920
2026-06-01,S02,P06,11,979
2026-06-01,S02,P07,3,255
2026-06-01,S02,P08,3,357
2026-06-01,S02,P09,4,396
2026-06-01,S02,P10,6,450
2026-06-01,S02,P11,6,330
2026-06-01,S02,P12,6,330
2026-06-01,S02,P13,4,276
2026-06-01,S02,P14,3,225
2026-06-01,S02,P15,2,90
2026-06-01,S02,P16,3,267
2026-06-01,S02,P17,2,258
2026-06-01,S02,P18,1,109
2026-06-02,S02,P01,20,1580
2026-06-02,S02,P02,18,1170
2026-06-02,S02,P03,14,1330
2026-06-02,S02,P04,18,1962
2026-06-02,S02,P05,11,1265
2026-06-02,S02,P06,10,890
2026-06-02,S02,P07,4,340
2026-06-02,S02,P08,5,595
2026-06-02,S02,P09,3,297
2026-06-02,S02,P10,7,525
2026-06-02,S02,P11,8,440
2026-06-02,S02,P12,7,385
2026-06-02,S02,P13,6,414
2026-06-02,S02,P14,5,375
2026-06-02,S02,P15,3,135
2026-06-02,S02,P16,3,267
2026-06-02,S02,P17,2,258
2026-06-02,S02,P18,1,109
2026-06-03,S02,P01,21,1659
2026-06-03,S02,P02,15,975
2026-06-03,S02,P03,17,1615
2026-06-03,S02,P04,13,1417
2026-06-03,S02,P05,8,920
2026-06-03,S02,P06,11,979
2026-06-03,S02,P07,3,255
2026-06-03,S02,P08,3,357
2026-06-03,S02,P09,4,396
2026-06-03,S02,P10,5,375
2026-06-03,S02,P11,7,385
2026-06-03,S02,P12,5,275
2026-06-03,S02,P13,4,276
2026-06-03,S02,P14,4,300
2026-06-03,S02,P15,2,90
2026-06-03,S02,P16,2,178
2026-06-03,S02,P17,2,258
2026-06-03,S02,P18,1,109
2026-06-04,S02,P01,26,2054
2026-06-04,S02,P02,21,1365
2026-06-04,S02,P03,18,1710
2026-06-04,S02,P04,19,2071
2026-06-04,S02,P05,14,1610
2026-06-04,S02,P06,12,1068
2026-06-04,S02,P07,4,340
2026-06-04,S02,P08,5,595
2026-06-04,S02,P09,4,396
2026-06-04,S02,P10,9,675
2026-06-04,S02,P11,11,605
2026-06-04,S02,P12,7,385
2026-06-04,S02,P13,6,414
2026-06-04,S02,P14,5,375
2026-06-04,S02,P15,3,135
2026-06-04,S02,P16,4,356
2026-06-04,S02,P17,2,258
2026-06-04,S02,P18,1,109
2026-06-05,S02,P01,26,2054
2026-06-05,S02,P02,18,1170
2026-06-05,S02,P03,19,1805
2026-06-05,S02,P04,13,1417
2026-06-05,S02,P05,10,1150
2026-06-05,S02,P06,11,979
2026-06-05,S02,P07,4,340
2026-06-05,S02,P08,4,476
2026-06-05,S02,P09,4,396
2026-06-05,S02,P10,6,450
2026-06-05,S02,P11,9,495
2026-06-05,S02,P12,7,385
2026-06-05,S02,P13,5,345
2026-06-05,S02,P14,5,375
2026-06-05,S02,P15,3,135
2026-06-05,S02,P16,3,267
2026-06-05,S02,P17,2,258
2026-06-05,S02,P18,1,109
2026-06-06,S02,P01,34,2686
2026-06-06,S02,P02,28,1820
2026-06-06,S02,P03,21,1995
2026-06-06,S02,P04,27,2943
2026-06-06,S02,P05,15,1725
2026-06-06,S02,P06,17,1513
2026-06-06,S02,P07,4,340
2026-06-06,S02,P08,7,833
2026-06-06,S02,P09,6,594
2026-06-06,S02,P10,10,750
2026-06-06,S02,P11,12,660
2026-06-06,S02,P12,8,440
2026-06-06,S02,P13,8,552
2026-06-06,S02,P14,6,450
2026-06-06,S02,P15,4,180
2026-06-06,S02,P16,4,356
2026-06-06,S02,P17,4,516
2026-06-06,S02,P18,1,109
2026-06-07,S02,P01,22,1738
2026-06-07,S02,P02,19,1235
2026-06-07,S02,P03,15,1425
2026-06-07,S02,P04,18,1962
2026-06-07,S02,P05,11,1265
2026-06-07,S02,P06,11,979
2026-06-07,S02,P07,3,255
2026-06-07,S02,P08,5,595
2026-06-07,S02,P09,3,297
2026-06-07,S02,P10,7,525
2026-06-07,S02,P11,9,495
2026-06-07,S02,P12,6,330
2026-06-07,S02,P13,6,414
2026-06-07,S02,P14,4,300
2026-06-07,S02,P15,3,135
2026-06-07,S02,P16,3,267
2026-06-07,S02,P17,2,258
2026-06-07,S02,P18,1,109
2026-06-08,S02,P01,20,1580
2026-06-08,S02,P02,21,1365
2026-06-08,S02,P03,13,1235
2026-06-08,S02,P04,20,2180
2026-06-08,S02,P05,14,1610
2026-06-08,S02,P06,8,712
2026-06-08,S02,P07,3,255
2026-06-08,S02,P08,6,714
2026-06-08,S02,P09,4,396
2026-06-08,S02,P10,9,675
2026-06-08,S02,P11,8,440
2026-06-08,S02,P12,6,330
2026-06-08,S02,P13,6,414
2026-06-08,S02,P14,5,375
2026-06-08,S02,P15,3,135
2026-06-08,S02,P16,3,267
2026-06-08,S02,P17,2,258
2026-06-08,S02,P18,1,109
2026-06-09,S02,P01,21,1659
2026-06-09,S02,P02,15,975
2026-06-09,S02,P03,14,1330
2026-06-09,S02,P04,18,1962
2026-06-09,S02,P05,12,1380
2026-06-09,S02,P06,8,712
2026-06-09,S02,P07,3,255
2026-06-09,S02,P08,6,714
2026-06-09,S02,P09,3,297
2026-06-09,S02,P10,8,600
2026-06-09,S02,P11,8,440
2026-06-09,S02,P12,5,275
2026-06-09,S02,P13,5,345
2026-06-09,S02,P14,5,375
2026-06-09,S02,P15,3,135
2026-06-09,S02,P16,3,267
2026-06-09,S02,P17,2,258
2026-06-09,S02,P18,1,109
2026-06-10,S02,P01,22,1738
2026-06-10,S02,P02,12,780
2026-06-10,S02,P03,16,1520
2026-06-10,S02,P04,11,1199
2026-06-10,S02,P05,6,690
2026-06-10,S02,P06,9,801
2026-06-10,S02,P07,2,170
2026-06-10,S02,P08,3,357
2026-06-10,S02,P09,3,297
2026-06-10,S02,P10,4,300
2026-06-10,S02,P11,6,330
2026-06-10,S02,P12,4,220
2026-06-10,S02,P13,4,276
2026-06-10,S02,P14,3,225
2026-06-10,S02,P15,2,90
2026-06-10,S02,P16,2,178
2026-06-10,S02,P17,2,258
2026-06-10,S02,P18,1,109
2026-06-11,S02,P01,23,1817
2026-06-11,S02,P02,17,1105
2026-06-11,S02,P03,18,1710
2026-06-11,S02,P04,13,1417
2026-06-11,S02,P05,9,1035
2026-06-11,S02,P06,11,979
2026-06-11,S02,P07,3,255
2026-06-11,S02,P08,4,476
2026-06-11,S02,P09,4,396
2026-06-11,S02,P10,5,375
2026-06-11,S02,P11,8,440
2026-06-11,S02,P12,5,275
2026-06-11,S02,P13,5,345
2026-06-11,S02,P14,4,300
2026-06-11,S02,P15,2,90
2026-06-11,S02,P16,3,267
2026-06-11,S02,P17,2,258
2026-06-11,S02,P18,1,109
2026-06-12,S02,P01,32,2528
2026-06-12,S02,P02,22,1430
2026-06-12,S02,P03,22,2090
2026-06-12,S02,P04,17,1853
2026-06-12,S02,P05,10,1150
2026-06-12,S02,P06,14,1246
2026-06-12,S02,P07,4,340
2026-06-12,S02,P08,4,476
2026-06-12,S02,P09,5,495
2026-06-12,S02,P10,7,525
2026-06-12,S02,P11,9,495
2026-06-12,S02,P12,7,385
2026-06-12,S02,P13,6,414
2026-06-12,S02,P14,5,375
2026-06-12,S02,P15,3,135
2026-06-12,S02,P16,4,356
2026-06-12,S02,P17,3,387
2026-06-12,S02,P18,1,109
2026-06-13,S02,P01,27,2133
2026-06-13,S02,P02,22,1430
2026-06-13,S02,P03,18,1710
2026-06-13,S02,P04,23,2507
2026-06-13,S02,P05,13,1495
2026-06-13,S02,P06,14,1246
2026-06-13,S02,P07,4,340
2026-06-13,S02,P08,5,595
2026-06-13,S02,P09,5,495
2026-06-13,S02,P10,8,600
2026-06-13,S02,P11,11,605
2026-06-13,S02,P12,8,440
2026-06-13,S02,P13,6,414
2026-06-13,S02,P14,6,450
2026-06-13,S02,P15,3,135
2026-06-13,S02,P16,4,356
2026-06-13,S02,P17,3,387
2026-06-13,S02,P18,1,109
2026-06-14,S02,P01,30,2370
2026-06-14,S02,P02,20,1300
2026-06-14,S02,P03,21,1995
2026-06-14,S02,P04,17,1853
2026-06-14,S02,P05,10,1150
2026-06-14,S02,P06,14,1246
2026-06-14,S02,P07,3,255
2026-06-14,S02,P08,4,476
2026-06-14,S02,P09,5,495
2026-06-14,S02,P10,7,525
2026-06-14,S02,P11,8,440
2026-06-14,S02,P12,6,330
2026-06-14,S02,P13,6,414
2026-06-14,S02,P14,4,300
2026-06-14,S02,P15,3,135
2026-06-14,S02,P16,4,356
2026-06-14,S02,P17,2,258
2026-06-14,S02,P18,1,109
2026-06-15,S02,P01,24,1896
2026-06-15,S02,P02,17,1105
2026-06-15,S02,P03,18,1710
2026-06-15,S02,P04,13,1417
2026-06-15,S02,P05,10,1150
2026-06-15,S02,P06,11,979
2026-06-15,S02,P07,3,255
2026-06-15,S02,P08,4,476
2026-06-15,S02,P09,4,396
2026-06-15,S02,P10,5,375
2026-06-15,S02,P11,8,440
2026-06-15,S02,P12,5,275
2026-06-15,S02,P13,5,345
2026-06-15,S02,P14,4,300
2026-06-15,S02,P15,3,135
2026-06-15,S02,P16,3,267
2026-06-15,S02,P17,2,258
2026-06-15,S02,P18,1,109
2026-06-16,S02,P01,24,1896
2026-06-16,S02,P02,21,1365
2026-06-16,S02,P03,17,1615
2026-06-16,S02,P04,17,1853
2026-06-16,S02,P05,13,1495
2026-06-16,S02,P06,11,979
2026-06-16,S02,P07,3,255
2026-06-16,S02,P08,6,714
2026-06-16,S02,P09,4,396
2026-06-16,S02,P10,8,600
2026-06-16,S02,P11,8,440
2026-06-16,S02,P12,6,330
2026-06-16,S02,P13,6,414
2026-06-16,S02,P14,5,375
2026-06-16,S02,P15,3,135
2026-06-16,S02,P16,3,267
2026-06-16,S02,P17,2,258
2026-06-16,S02,P18,1,109
2026-06-17,S02,P01,21,1659
2026-06-17,S02,P02,19,1235
2026-06-17,S02,P03,13,1235
2026-06-17,S02,P04,22,2398
2026-06-17,S02,P05,13,1495
2026-06-17,S02,P06,10,890
2026-06-17,S02,P07,3,255
2026-06-17,S02,P08,5,595
2026-06-17,S02,P09,3,297
2026-06-17,S02,P10,9,675
2026-06-17,S02,P11,9,495
2026-06-17,S02,P12,6,330
2026-06-17,S02,P13,6,414
2026-06-17,S02,P14,5,375
2026-06-17,S02,P15,3,135
2026-06-17,S02,P16,3,267
2026-06-17,S02,P17,2,258
2026-06-17,S02,P18,1,109
2026-06-18,S02,P01,22,1738
2026-06-18,S02,P02,21,1365
2026-06-18,S02,P03,17,1615
2026-06-18,S02,P04,26,2834
2026-06-18,S02,P05,16,1840
2026-06-18,S02,P06,10,890
2026-06-18,S02,P07,4,340
2026-06-18,S02,P08,8,952
2026-06-18,S02,P09,4,396
2026-06-18,S02,P10,10,750
2026-06-18,S02,P11,9,495
2026-06-18,S02,P12,8,440
2026-06-18,S02,P13,7,483
2026-06-18,S02,P14,5,375
2026-06-18,S02,P15,3,135
2026-06-18,S02,P16,4,356
2026-06-18,S02,P17,3,387
2026-06-18,S02,P18,1,109
2026-06-19,S02,P01,23,1817
2026-06-19,S02,P02,27,1755
2026-06-19,S02,P03,15,1425
2026-06-19,S02,P04,28,3052
2026-06-19,S02,P05,22,2530
2026-06-19,S02,P06,10,890
2026-06-19,S02,P07,5,425
2026-06-19,S02,P08,9,1071
2026-06-19,S02,P09,4,396
2026-06-19,S02,P10,13,975
2026-06-19,S02,P11,11,605
2026-06-19,S02,P12,9,495
2026-06-19,S02,P13,8,552
2026-06-19,S02,P14,6,450
2026-06-19,S02,P15,4,180
2026-06-19,S02,P16,4,356
2026-06-19,S02,P17,3,387
2026-06-19,S02,P18,1,109
2026-06-20,S02,P01,20,1580
2026-06-20,S02,P02,27,1755
2026-06-20,S02,P03,13,1235
2026-06-20,S02,P04,38,4142
2026-06-20,S02,P05,26,2990
2026-06-20,S02,P06,8,712
2026-06-20,S02,P07,5,425
2026-06-20,S02,P08,10,1190
2026-06-20,S02,P09,3,297
2026-06-20,S02,P10,13,975
2026-06-20,S02,P11,13,715
2026-06-20,S02,P12,9,495
2026-06-20,S02,P13,7,483
2026-06-20,S02,P14,7,525
2026-06-20,S02,P15,4,180
2026-06-20,S02,P16,4,356
2026-06-20,S02,P17,4,516
2026-06-20,S02,P18,1,109
2026-06-21,S02,P01,16,1264
2026-06-21,S02,P02,21,1365
2026-06-21,S02,P03,11,1045
2026-06-21,S02,P04,31,3379
2026-06-21,S02,P05,18,2070
2026-06-21,S02,P06,7,623
2026-06-21,S02,P07,4,340
2026-06-21,S02,P08,8,952
2026-06-21,S02,P09,3,297
2026-06-21,S02,P10,11,825
2026-06-21,S02,P11,11,605
2026-06-21,S02,P12,7,385
2026-06-21,S02,P13,7,483
2026-06-21,S02,P14,5,375
2026-06-21,S02,P15,4,180
2026-06-21,S02,P16,3,267
2026-06-21,S02,P17,3,387
2026-06-21,S02,P18,1,109
2026-06-22,S02,P01,15,1185
2026-06-22,S02,P02,19,1235
2026-06-22,S02,P03,12,1140
2026-06-22,S02,P04,22,2398
2026-06-22,S02,P05,15,1725
2026-06-22,S02,P06,7,623
2026-06-22,S02,P07,3,255
2026-06-22,S02,P08,7,833
2026-06-22,S02,P09,3,297
2026-06-22,S02,P10,10,750
2026-06-22,S02,P11,8,440
2026-06-22,S02,P12,7,385
2026-06-22,S02,P13,6,414
2026-06-22,S02,P14,5,375
2026-06-22,S02,P15,2,90
2026-06-22,S02,P16,3,267
2026-06-22,S02,P17,2,258
2026-06-22,S02,P18,1,109
2026-06-23,S02,P01,18,1422
2026-06-23,S02,P02,23,1495
2026-06-23,S02,P03,15,1425
2026-06-23,S02,P04,26,2834
2026-06-23,S02,P05,16,1840
2026-06-23,S02,P06,8,712
2026-06-23,S02,P07,4,340
2026-06-23,S02,P08,7,833
2026-06-23,S02,P09,3,297
2026-06-23,S02,P10,11,825
2026-06-23,S02,P11,10,550
2026-06-23,S02,P12,7,385
2026-06-23,S02,P13,6,414
2026-06-23,S02,P14,5,375
2026-06-23,S02,P15,3,135
2026-06-23,S02,P16,3,267
2026-06-23,S02,P17,2,258
2026-06-23,S02,P18,1,109
2026-06-24,S02,P01,20,1580
2026-06-24,S02,P02,22,1430
2026-06-24,S02,P03,15,1425
2026-06-24,S02,P04,25,2725
2026-06-24,S02,P05,16,1840
2026-06-24,S02,P06,9,801
2026-06-24,S02,P07,4,340
2026-06-24,S02,P08,7,833
2026-06-24,S02,P09,3,297
2026-06-24,S02,P10,11,825
2026-06-24,S02,P11,10,550
2026-06-24,S02,P12,8,440
2026-06-24,S02,P13,6,414
2026-06-24,S02,P14,6,450
2026-06-24,S02,P15,3,135
2026-06-24,S02,P16,3,267
2026-06-24,S02,P17,3,387
2026-06-24,S02,P18,1,109
2026-06-25,S02,P01,16,1264
2026-06-25,S02,P02,21,1365
2026-06-25,S02,P03,11,1045
2026-06-25,S02,P04,30,3270
2026-06-25,S02,P05,16,1840
2026-06-25,S02,P06,7,623
2026-06-25,S02,P07,4,340
2026-06-25,S02,P08,8,952
2026-06-25,S02,P09,2,198
2026-06-25,S02,P10,11,825
2026-06-25,S02,P11,10,550
2026-06-25,S02,P12,6,330
2026-06-25,S02,P13,7,483
2026-06-25,S02,P14,5,375
2026-06-25,S02,P15,3,135
2026-06-25,S02,P16,3,267
2026-06-25,S02,P17,3,387
2026-06-25,S02,P18,1,109
2026-06-26,S02,P01,16,1264
2026-06-26,S02,P02,24,1560
2026-06-26,S02,P03,10,950
2026-06-26,S02,P04,33,3597
2026-06-26,S02,P05,19,2185
2026-06-26,S02,P06,7,623
2026-06-26,S02,P07,4,340
2026-06-26,S02,P08,9,1071
2026-06-26,S02,P09,3,297
2026-06-26,S02,P10,13,975
2026-06-26,S02,P11,12,660
2026-06-26,S02,P12,8,440
2026-06-26,S02,P13,7,483
2026-06-26,S02,P14,7,525
2026-06-26,S02,P15,3,135
2026-06-26,S02,P16,4,356
2026-06-26,S02,P17,3,387
2026-06-26,S02,P18,1,109
2026-06-27,S02,P01,15,1185
2026-06-27,S02,P02,25,1625
2026-06-27,S02,P03,10,950
2026-06-27,S02,P04,31,3379
2026-06-27,S02,P05,20,2300
2026-06-27,S02,P06,7,623
2026-06-27,S02,P07,4,340
2026-06-27,S02,P08,8,952
2026-06-27,S02,P09,2,198
2026-06-27,S02,P10,13,975
2026-06-27,S02,P11,12,660
2026-06-27,S02,P12,8,440
2026-06-27,S02,P13,7,483
2026-06-27,S02,P14,6,450
2026-06-27,S02,P15,3,135
2026-06-27,S02,P16,4,356
2026-06-27,S02,P17,3,387
2026-06-27,S02,P18,1,109
2026-06-28,S02,P01,9,711
2026-06-28,S02,P02,22,1430
2026-06-28,S02,P03,6,570
2026-06-28,S02,P04,31,3379
2026-06-28,S02,P05,22,2530
2026-06-28,S02,P06,5,445
2026-06-28,S02,P07,3,255
2026-06-28,S02,P08,8,952
2026-06-28,S02,P09,2,198
2026-06-28,S02,P10,13,975
2026-06-28,S02,P11,10,550
2026-06-28,S02,P12,7,385
2026-06-28,S02,P13,6,414
2026-06-28,S02,P14,5,375
2026-06-28,S02,P15,3,135
2026-06-28,S02,P16,3,267
2026-06-28,S02,P17,2,258
2026-06-29,S02,P01,8,632
2026-06-29,S02,P02,16,1040
2026-06-29,S02,P03,5,475
2026-06-29,S02,P04,21,2289
2026-06-29,S02,P05,15,1725
2026-06-29,S02,P06,3,267
2026-06-29,S02,P07,3,255
2026-06-29,S02,P08,7,833
2026-06-29,S02,P09,1,99
2026-06-29,S02,P10,9,675
2026-06-29,S02,P11,8,440
2026-06-29,S02,P12,5,275
2026-06-29,S02,P13,4,276
2026-06-29,S02,P14,4,300
2026-06-29,S02,P15,2,90
2026-06-29,S02,P16,3,267
2026-06-29,S02,P17,2,258
2026-06-30,S02,P01,10,790
2026-06-30,S02,P02,19,1235
2026-06-30,S02,P03,9,855
2026-06-30,S02,P04,23,2507
2026-06-30,S02,P05,17,1955
2026-06-30,S02,P06,5,445
2026-06-30,S02,P07,3,255
2026-06-30,S02,P08,7,833
2026-06-30,S02,P09,2,198
2026-06-30,S02,P10,11,825
2026-06-30,S02,P11,8,440
2026-06-30,S02,P12,6,330
2026-06-30,S02,P13,5,345
2026-06-30,S02,P14,4,300
2026-06-30,S02,P15,2,90
2026-06-30,S02,P16,3,267
2026-06-30,S02,P17,2,258
2026-06-30,S02,P18,1,109
2026-07-01,S02,P01,18,1422
2026-07-01,S02,P02,18,1170
2026-07-01,S02,P03,12,1140
2026-07-01,S02,P04,25,2725
2026-07-01,S02,P05,18,2070
2026-07-01,S02,P06,8,712
2026-07-01,S02,P07,4,340
2026-07-01,S02,P08,6,714
2026-07-01,S02,P09,3,297
2026-07-01,S02,P10,10,750
2026-07-01,S02,P11,9,495
2026-07-01,S02,P12,6,330
2026-07-01,S02,P13,7,483
2026-07-01,S02,P14,5,375
2026-07-01,S02,P15,3,135
2026-07-01,S02,P16,3,267
2026-07-01,S02,P17,2,258
2026-07-01,S02,P18,1,109
2026-07-02,S02,P01,24,1896
2026-07-02,S02,P02,20,1300
2026-07-02,S02,P03,17,1615
2026-07-02,S02,P04,21,2289
2026-07-02,S02,P05,16,1840
2026-07-02,S02,P06,11,979
2026-07-02,S02,P07,4,340
2026-07-02,S02,P08,6,714
2026-07-02,S02,P09,4,396
2026-07-02,S02,P10,10,750
2026-07-02,S02,P11,10,550
2026-07-02,S02,P12,7,385
2026-07-02,S02,P13,6,414
2026-07-02,S02,P14,6,450
2026-07-02,S02,P15,3,135
2026-07-02,S02,P16,3,267
2026-07-02,S02,P17,3,387
2026-07-02,S02,P18,1,109
2026-07-03,S02,P01,31,2449
2026-07-03,S02,P02,22,1430
2026-07-03,S02,P03,20,1900
2026-07-03,S02,P04,23,2507
2026-07-03,S02,P05,16,1840
2026-07-03,S02,P06,12,1068
2026-07-03,S02,P07,4,340
2026-07-03,S02,P08,7,833
2026-07-03,S02,P09,5,495
2026-07-03,S02,P10,10,750
2026-07-03,S02,P11,10,550
2026-07-03,S02,P12,7,385
2026-07-03,S02,P13,6,414
2026-07-03,S02,P14,6,450
2026-07-03,S02,P15,3,135
2026-07-03,S02,P16,4,356
2026-07-03,S02,P17,3,387
2026-07-03,S02,P18,1,109
2026-07-04,S02,P01,28,2212
2026-07-04,S02,P02,25,1625
2026-07-04,S02,P03,22,2090
2026-07-04,S02,P04,25,2725
2026-07-04,S02,P05,17,1955
2026-07-04,S02,P06,14,1246
2026-07-04,S02,P07,5,425
2026-07-04,S02,P08,7,833
2026-07-04,S02,P09,5,495
2026-07-04,S02,P10,11,825
2026-07-04,S02,P11,11,605
2026-07-04,S02,P12,9,495
2026-07-04,S02,P13,7,483
2026-07-04,S02,P14,7,525
2026-07-04,S02,P15,4,180
2026-07-04,S02,P16,5,445
2026-07-04,S02,P17,3,387
2026-07-04,S02,P18,1,109
2026-07-05,S02,P01,23,1817
2026-07-05,S02,P02,21,1365
2026-07-05,S02,P03,16,1520
2026-07-05,S02,P04,20,2180
2026-07-05,S02,P05,13,1495
2026-07-05,S02,P06,10,890
2026-07-05,S02,P07,4,340
2026-07-05,S02,P08,6,714
2026-07-05,S02,P09,4,396
2026-07-05,S02,P10,8,600
2026-07-05,S02,P11,9,495
2026-07-05,S02,P12,6,330
2026-07-05,S02,P13,6,414
2026-07-05,S02,P14,5,375
2026-07-05,S02,P15,3,135
2026-07-05,S02,P16,3,267
2026-07-05,S02,P17,3,387
2026-07-05,S02,P18,1,109
2026-07-06,S02,P01,21,1659
2026-07-06,S02,P02,17,1105
2026-07-06,S02,P03,14,1330
2026-07-06,S02,P04,17,1853
2026-07-06,S02,P05,11,1265
2026-07-06,S02,P06,9,801
2026-07-06,S02,P07,3,255
2026-07-06,S02,P08,5,595
2026-07-06,S02,P09,3,297
2026-07-06,S02,P10,7,525
2026-07-06,S02,P11,7,385
2026-07-06,S02,P12,5,275
2026-07-06,S02,P13,5,345
2026-07-06,S02,P14,4,300
2026-07-06,S02,P15,3,135
2026-07-06,S02,P16,3,267
2026-07-06,S02,P17,2,258
2026-07-06,S02,P18,1,109
2026-07-07,S02,P01,16,1264
2026-07-07,S02,P02,20,1300
2026-07-07,S02,P03,12,1140
2026-07-07,S02,P04,23,2507
2026-07-07,S02,P05,16,1840
2026-07-07,S02,P06,8,712
2026-07-07,S02,P07,4,340
2026-07-07,S02,P08,6,714
2026-07-07,S02,P09,3,297
2026-07-07,S02,P10,10,750
2026-07-07,S02,P11,9,495
2026-07-07,S02,P12,6,330
2026-07-07,S02,P13,6,414
2026-07-07,S02,P14,4,300
2026-07-07,S02,P15,3,135
2026-07-07,S02,P16,3,267
2026-07-07,S02,P17,2,258
2026-07-07,S02,P18,1,109
2026-07-08,S02,P01,24,1896
2026-07-08,S02,P02,20,1300
2026-07-08,S02,P03,16,1520
2026-07-08,S02,P04,19,2071
2026-07-08,S02,P05,13,1495
2026-07-08,S02,P06,10,890
2026-07-08,S02,P07,4,340
2026-07-08,S02,P08,6,714
2026-07-08,S02,P09,4,396
2026-07-08,S02,P10,9,675
2026-07-08,S02,P11,9,495
2026-07-08,S02,P12,6,330
2026-07-08,S02,P13,6,414
2026-07-08,S02,P14,5,375
2026-07-08,S02,P15,3,135
2026-07-08,S02,P16,3,267
2026-07-08,S02,P17,2,258
2026-07-08,S02,P18,1,109
2026-07-09,S02,P01,21,1659
2026-07-09,S02,P02,19,1235
2026-07-09,S02,P03,15,1425
2026-07-09,S02,P04,21,2289
2026-07-09,S02,P05,12,1380
2026-07-09,S02,P06,11,979
2026-07-09,S02,P07,3,255
2026-07-09,S02,P08,6,714
2026-07-09,S02,P09,3,297
2026-07-09,S02,P10,8,600
2026-07-09,S02,P11,9,495
2026-07-09,S02,P12,6,330
2026-07-09,S02,P13,6,414
2026-07-09,S02,P14,4,300
2026-07-09,S02,P15,3,135
2026-07-09,S02,P16,3,267
2026-07-09,S02,P17,3,387
2026-07-09,S02,P18,1,109
2026-07-10,S02,P01,22,1738
2026-07-10,S02,P02,19,1235
2026-07-10,S02,P03,15,1425
2026-07-10,S02,P04,25,2725
2026-07-10,S02,P05,17,1955
2026-07-10,S02,P06,10,890
2026-07-10,S02,P07,4,340
2026-07-10,S02,P08,7,833
2026-07-10,S02,P09,4,396
2026-07-10,S02,P10,9,675
2026-07-10,S02,P11,9,495
2026-07-10,S02,P12,8,440
2026-07-10,S02,P13,7,483
2026-07-10,S02,P14,6,450
2026-07-10,S02,P15,3,135
2026-07-10,S02,P16,4,356
2026-07-10,S02,P17,3,387
2026-07-10,S02,P18,1,109
2026-07-11,S02,P01,26,2054
2026-07-11,S02,P02,27,1755
2026-07-11,S02,P03,17,1615
2026-07-11,S02,P04,27,2943
2026-07-11,S02,P05,17,1955
2026-07-11,S02,P06,12,1068
2026-07-11,S02,P07,4,340
2026-07-11,S02,P08,7,833
2026-07-11,S02,P09,4,396
2026-07-11,S02,P10,11,825
2026-07-11,S02,P11,11,605
2026-07-11,S02,P12,9,495
2026-07-11,S02,P13,8,552
2026-07-11,S02,P14,6,450
2026-07-11,S02,P15,4,180
2026-07-11,S02,P16,4,356
2026-07-11,S02,P17,3,387
2026-07-11,S02,P18,1,109
2026-07-12,S02,P01,23,1817
2026-07-12,S02,P02,18,1170
2026-07-12,S02,P03,16,1520
2026-07-12,S02,P04,22,2398
2026-07-12,S02,P05,12,1380
2026-07-12,S02,P06,10,890
2026-07-12,S02,P07,4,340
2026-07-12,S02,P08,6,714
2026-07-12,S02,P09,4,396
2026-07-12,S02,P10,9,675
2026-07-12,S02,P11,10,550
2026-07-12,S02,P12,6,330
2026-07-12,S02,P13,6,414
2026-07-12,S02,P14,5,375
2026-07-12,S02,P15,3,135
2026-07-12,S02,P16,4,356
2026-07-12,S02,P17,2,258
2026-07-12,S02,P18,1,109
2026-07-13,S02,P01,19,1501
2026-07-13,S02,P02,18,1170
2026-07-13,S02,P03,12,1140
2026-07-13,S02,P04,19,2071
2026-07-13,S02,P05,15,1725
2026-07-13,S02,P06,8,712
2026-07-13,S02,P07,3,255
2026-07-13,S02,P08,5,595
2026-07-13,S02,P09,3,297
2026-07-13,S02,P10,9,675
2026-07-13,S02,P11,8,440
2026-07-13,S02,P12,6,330
2026-07-13,S02,P13,6,414
2026-07-13,S02,P14,5,375
2026-07-13,S02,P15,3,135
2026-07-13,S02,P16,3,267
2026-07-13,S02,P17,2,258
2026-07-13,S02,P18,1,109
2026-07-14,S02,P01,16,1264
2026-07-14,S02,P02,22,1430
2026-07-14,S02,P03,10,950
2026-07-14,S02,P04,26,2834
2026-07-14,S02,P05,17,1955
2026-07-14,S02,P06,6,534
2026-07-14,S02,P07,4,340
2026-07-14,S02,P08,7,833
2026-07-14,S02,P09,3,297
2026-07-14,S02,P10,12,900
2026-07-14,S02,P11,9,495
2026-07-14,S02,P12,6,330
2026-07-14,S02,P13,5,345
2026-07-14,S02,P14,5,375
2026-07-14,S02,P15,3,135
2026-07-14,S02,P16,3,267
2026-07-14,S02,P17,3,387
2026-07-14,S02,P18,1,109
2026-07-15,S02,P01,20,1580
2026-07-15,S02,P02,18,1170
2026-07-15,S02,P03,11,1045
2026-07-15,S02,P04,22,2398
2026-07-15,S02,P05,13,1495
2026-07-15,S02,P06,8,712
2026-07-15,S02,P07,3,255
2026-07-15,S02,P08,6,714
2026-07-15,S02,P09,3,297
2026-07-15,S02,P10,9,675
2026-07-15,S02,P11,8,440
2026-07-15,S02,P12,6,330
2026-07-15,S02,P13,6,414
2026-07-15,S02,P14,4,300
2026-07-15,S02,P15,3,135
2026-07-15,S02,P16,3,267
2026-07-15,S02,P17,2,258
2026-07-15,S02,P18,1,109
2026-07-16,S02,P01,21,1659
2026-07-16,S02,P02,17,1105
2026-07-16,S02,P03,14,1330
2026-07-16,S02,P04,19,2071
2026-07-16,S02,P05,12,1380
2026-07-16,S02,P06,8,712
2026-07-16,S02,P07,4,340
2026-07-16,S02,P08,6,714
2026-07-16,S02,P09,3,297
2026-07-16,S02,P10,8,600
2026-07-16,S02,P11,8,440
2026-07-16,S02,P12,6,330
2026-07-16,S02,P13,6,414
2026-07-16,S02,P14,4,300
2026-07-16,S02,P15,3,135
2026-07-16,S02,P16,3,267
2026-07-16,S02,P17,2,258
2026-07-16,S02,P18,1,109
2026-07-17,S02,P01,15,1185
2026-07-17,S02,P02,21,1365
2026-07-17,S02,P03,11,1045
2026-07-17,S02,P04,24,2616
2026-07-17,S02,P05,16,1840
2026-07-17,S02,P06,7,623
2026-07-17,S02,P07,4,340
2026-07-17,S02,P08,7,833
2026-07-17,S02,P09,3,297
2026-07-17,S02,P10,10,750
2026-07-17,S02,P11,10,550
2026-07-17,S02,P12,7,385
2026-07-17,S02,P13,6,414
2026-07-17,S02,P14,5,375
2026-07-17,S02,P15,3,135
2026-07-17,S02,P16,4,356
2026-07-17,S02,P17,3,387
2026-07-17,S02,P18,1,109
2026-07-18,S02,P01,26,2054
2026-07-18,S02,P02,23,1495
2026-07-18,S02,P03,18,1710
2026-07-18,S02,P04,28,3052
2026-07-18,S02,P05,17,1955
2026-07-18,S02,P06,11,979
2026-07-18,S02,P07,5,425
2026-07-18,S02,P08,8,952
2026-07-18,S02,P09,4,396
2026-07-18,S02,P10,10,750
2026-07-18,S02,P11,11,605
2026-07-18,S02,P12,8,440
2026-07-18,S02,P13,7,483
2026-07-18,S02,P14,5,375
2026-07-18,S02,P15,3,135
2026-07-18,S02,P16,4,356
2026-07-18,S02,P17,3,387
2026-07-18,S02,P18,1,109
2026-07-19,S02,P01,18,1422
2026-07-19,S02,P02,16,1040
2026-07-19,S02,P03,12,1140
2026-07-19,S02,P04,17,1853
2026-07-19,S02,P05,12,1380
2026-07-19,S02,P06,9,801
2026-07-19,S02,P07,3,255
2026-07-19,S02,P08,5,595
2026-07-19,S02,P09,3,297
2026-07-19,S02,P10,6,450
2026-07-19,S02,P11,8,440
2026-07-19,S02,P12,6,330
2026-07-19,S02,P13,4,276
2026-07-19,S02,P14,4,300
2026-07-19,S02,P15,2,90
2026-07-19,S02,P16,3,267
2026-07-19,S02,P17,2,258
2026-07-19,S02,P18,1,109
2026-07-20,S02,P01,22,1738
2026-07-20,S02,P02,16,1040
2026-07-20,S02,P03,15,1425
2026-07-20,S02,P04,16,1744
2026-07-20,S02,P05,12,1380
2026-07-20,S02,P06,11,979
2026-07-20,S02,P07,3,255
2026-07-20,S02,P08,5,595
2026-07-20,S02,P09,4,396
2026-07-20,S02,P10,8,600
2026-07-20,S02,P11,9,495
2026-07-20,S02,P12,6,330
2026-07-20,S02,P13,5,345
2026-07-20,S02,P14,4,300
2026-07-20,S02,P15,2,90
2026-07-20,S02,P16,3,267
2026-07-20,S02,P17,2,258
2026-07-20,S02,P18,1,109
2026-07-21,S02,P01,23,1817
2026-07-21,S02,P02,17,1105
2026-07-21,S02,P03,19,1805
2026-07-21,S02,P04,18,1962
2026-07-21,S02,P05,11,1265
2026-07-21,S02,P06,10,890
2026-07-21,S02,P07,3,255
2026-07-21,S02,P08,4,476
2026-07-21,S02,P09,4,396
2026-07-21,S02,P10,7,525
2026-07-21,S02,P11,8,440
2026-07-21,S02,P12,7,385
2026-07-21,S02,P13,6,414
2026-07-21,S02,P14,5,375
2026-07-21,S02,P15,3,135
2026-07-21,S02,P16,3,267
2026-07-21,S02,P17,3,387
2026-07-21,S02,P18,1,109
2026-07-22,S02,P01,26,2054
2026-07-22,S02,P02,18,1170
2026-07-22,S02,P03,17,1615
2026-07-22,S02,P04,18,1962
2026-07-22,S02,P05,11,1265
2026-07-22,S02,P06,10,890
2026-07-22,S02,P07,4,340
2026-07-22,S02,P08,5,595
2026-07-22,S02,P09,4,396
2026-07-22,S02,P10,9,675
2026-07-22,S02,P11,10,550
2026-07-22,S02,P12,7,385
2026-07-22,S02,P13,6,414
2026-07-22,S02,P14,5,375
2026-07-22,S02,P15,3,135
2026-07-22,S02,P16,3,267
2026-07-22,S02,P17,3,387
2026-07-22,S02,P18,1,109
2026-07-23,S02,P01,27,2133
2026-07-23,S02,P02,18,1170
2026-07-23,S02,P03,20,1900
2026-07-23,S02,P04,17,1853
2026-07-23,S02,P05,12,1380
2026-07-23,S02,P06,11,979
2026-07-23,S02,P07,3,255
2026-07-23,S02,P08,5,595
2026-07-23,S02,P09,4,396
2026-07-23,S02,P10,7,525
2026-07-23,S02,P11,9,495
2026-07-23,S02,P12,7,385
2026-07-23,S02,P13,5,345
2026-07-23,S02,P14,5,375
2026-07-23,S02,P15,3,135
2026-07-23,S02,P16,3,267
2026-07-23,S02,P17,2,258
2026-07-23,S02,P18,1,109
2026-07-24,S02,P01,29,2291
2026-07-24,S02,P02,24,1560
2026-07-24,S02,P03,20,1900
2026-07-24,S02,P04,19,2071
2026-07-24,S02,P05,13,1495
2026-07-24,S02,P06,12,1068
2026-07-24,S02,P07,4,340
2026-07-24,S02,P08,6,714
2026-07-24,S02,P09,5,495
2026-07-24,S02,P10,10,750
2026-07-24,S02,P11,9,495
2026-07-24,S02,P12,7,385
2026-07-24,S02,P13,7,483
2026-07-24,S02,P14,5,375
2026-07-24,S02,P15,3,135
2026-07-24,S02,P16,3,267
2026-07-24,S02,P17,2,258
2026-07-24,S02,P18,1,109
2026-07-25,S02,P01,28,2212
2026-07-25,S02,P02,27,1755
2026-07-25,S02,P03,19,1805
2026-07-25,S02,P04,28,3052
2026-07-25,S02,P05,20,2300
2026-07-25,S02,P06,11,979
2026-07-25,S02,P07,5,425
2026-07-25,S02,P08,8,952
2026-07-25,S02,P09,5,495
2026-07-25,S02,P10,11,825
2026-07-25,S02,P11,11,605
2026-07-25,S02,P12,8,440
2026-07-25,S02,P13,8,552
2026-07-25,S02,P14,6,450
2026-07-25,S02,P15,4,180
2026-07-25,S02,P16,4,356
2026-07-25,S02,P17,3,387
2026-07-25,S02,P18,1,109
2026-07-26,S02,P01,18,1422
2026-07-26,S02,P02,20,1300
2026-07-26,S02,P03,13,1235
2026-07-26,S02,P04,24,2616
2026-07-26,S02,P05,18,2070
2026-07-26,S02,P06,8,712
2026-07-26,S02,P07,4,340
2026-07-26,S02,P08,8,952
2026-07-26,S02,P09,3,297
2026-07-26,S02,P10,10,750
2026-07-26,S02,P11,11,605
2026-07-26,S02,P12,8,440
2026-07-26,S02,P13,7,483
2026-07-26,S02,P14,6,450
2026-07-26,S02,P15,3,135
2026-07-26,S02,P16,4,356
2026-07-26,S02,P17,3,387
2026-07-26,S02,P18,1,109
2026-07-27,S02,P01,21,1659
2026-07-27,S02,P02,17,1105
2026-07-27,S02,P03,13,1235
2026-07-27,S02,P04,16,1744
2026-07-27,S02,P05,13,1495
2026-07-27,S02,P06,9,801
2026-07-27,S02,P07,3,255
2026-07-27,S02,P08,6,714
2026-07-27,S02,P09,3,297
2026-07-27,S02,P10,7,525
2026-07-27,S02,P11,7,385
2026-07-27,S02,P12,6,330
2026-07-27,S02,P13,5,345
2026-07-27,S02,P14,5,375
2026-07-27,S02,P15,2,90
2026-07-27,S02,P16,3,267
2026-07-27,S02,P17,2,258
2026-07-27,S02,P18,1,109
2026-07-28,S02,P01,20,1580
2026-07-28,S02,P02,19,1235
2026-07-28,S02,P03,13,1235
2026-07-28,S02,P04,19,2071
2026-07-28,S02,P05,13,1495
2026-07-28,S02,P06,9,801
2026-07-28,S02,P07,3,255
2026-07-28,S02,P08,5,595
2026-07-28,S02,P09,4,396
2026-07-28,S02,P10,10,750
2026-07-28,S02,P11,10,550
2026-07-28,S02,P12,6,330
2026-07-28,S02,P13,6,414
2026-07-28,S02,P14,5,375
2026-07-28,S02,P15,3,135
2026-07-28,S02,P16,3,267
2026-07-28,S02,P17,3,387
2026-07-28,S02,P18,1,109
2026-07-29,S02,P01,15,1185
2026-07-29,S02,P02,22,1430
2026-07-29,S02,P03,11,1045
2026-07-29,S02,P04,24,2616
2026-07-29,S02,P05,19,2185
2026-07-29,S02,P06,7,623
2026-07-29,S02,P07,4,340
2026-07-29,S02,P08,8,952
2026-07-29,S02,P09,3,297
2026-07-29,S02,P10,10,750
2026-07-29,S02,P11,10,550
2026-07-29,S02,P12,7,385
2026-07-29,S02,P13,6,414
2026-07-29,S02,P14,5,375
2026-07-29,S02,P15,3,135
2026-07-29,S02,P16,3,267
2026-07-29,S02,P17,3,387
2026-07-29,S02,P18,1,109
2026-07-30,S02,P01,11,869
2026-07-30,S02,P02,20,1300
2026-07-30,S02,P03,7,665
2026-07-30,S02,P04,24,2616
2026-07-30,S02,P05,16,1840
2026-07-30,S02,P06,5,445
2026-07-30,S02,P07,3,255
2026-07-30,S02,P08,7,833
2026-07-30,S02,P09,2,198
2026-07-30,S02,P10,12,900
2026-07-30,S02,P11,9,495
2026-07-30,S02,P12,6,330
2026-07-30,S02,P13,5,345
2026-07-30,S02,P14,5,375
2026-07-30,S02,P15,3,135
2026-07-30,S02,P16,3,267
2026-07-30,S02,P17,2,258
2026-07-31,S02,P01,13,1027
2026-07-31,S02,P02,24,1560
2026-07-31,S02,P03,10,950
2026-07-31,S02,P04,31,3379
2026-07-31,S02,P05,24,2760
2026-07-31,S02,P06,5,445
2026-07-31,S02,P07,4,340
2026-07-31,S02,P08,9,1071
2026-07-31,S02,P09,2,198
2026-07-31,S02,P10,13,975
2026-07-31,S02,P11,12,660
2026-07-31,S02,P12,8,440
2026-07-31,S02,P13,7,483
2026-07-31,S02,P14,6,450
2026-07-31,S02,P15,3,135
2026-07-31,S02,P16,4,356
2026-07-31,S02,P17,3,387
2026-08-01,S02,P01,15,1185
2026-08-01,S02,P02,25,1625
2026-08-01,S02,P03,10,950
2026-08-01,S02,P04,30,3270
2026-08-01,S02,P05,21,2415
2026-08-01,S02,P06,7,623
2026-08-01,S02,P07,4,340
2026-08-01,S02,P08,8,952
2026-08-01,S02,P09,2,198
2026-08-01,S02,P10,13,975
2026-08-01,S02,P11,11,605
2026-08-01,S02,P12,7,385
2026-08-01,S02,P13,7,483
2026-08-01,S02,P14,6,450
2026-08-01,S02,P15,3,135
2026-08-01,S02,P16,4,356
2026-08-01,S02,P17,2,258
2026-08-01,S02,P18,1,109
2026-08-02,S02,P01,24,1896
2026-08-02,S02,P02,24,1560
2026-08-02,S02,P03,16,1520
2026-08-02,S02,P04,26,2834
2026-08-02,S02,P05,17,1955
2026-08-02,S02,P06,10,890
2026-08-02,S02,P07,5,425
2026-08-02,S02,P08,7,833
2026-08-02,S02,P09,4,396
2026-08-02,S02,P10,10,750
2026-08-02,S02,P11,9,495
2026-08-02,S02,P12,7,385
2026-08-02,S02,P13,7,483
2026-08-02,S02,P14,6,450
2026-08-02,S02,P15,3,135
2026-08-02,S02,P16,3,267
2026-08-02,S02,P17,3,387
2026-08-02,S02,P18,1,109
2026-08-03,S02,P01,11,869
2026-08-03,S02,P02,19,1235
2026-08-03,S02,P03,9,855
2026-08-03,S02,P04,24,2616
2026-08-03,S02,P05,14,1610
2026-08-03,S02,P06,5,445
2026-08-03,S02,P07,3,255
2026-08-03,S02,P08,6,714
2026-08-03,S02,P09,2,198
2026-08-03,S02,P10,10,750
2026-08-03,S02,P11,7,385
2026-08-03,S02,P12,5,275
2026-08-03,S02,P13,5,345
2026-08-03,S02,P14,5,375
2026-08-03,S02,P15,3,135
2026-08-03,S02,P16,3,267
2026-08-03,S02,P17,2,258
2026-08-04,S02,P01,9,711
2026-08-04,S02,P02,16,1040
2026-08-04,S02,P03,6,570
2026-08-04,S02,P04,27,2943
2026-08-04,S02,P05,17,1955
2026-08-04,S02,P06,4,356
2026-08-04,S02,P07,3,255
2026-08-04,S02,P08,8,952
2026-08-04,S02,P09,1,99
2026-08-04,S02,P10,11,825
2026-08-04,S02,P11,8,440
2026-08-04,S02,P12,6,330
2026-08-04,S02,P13,5,345
2026-08-04,S02,P14,5,375
2026-08-04,S02,P15,3,135
2026-08-04,S02,P16,3,267
2026-08-04,S02,P17,2,258
2026-08-05,S02,P01,11,869
2026-08-05,S02,P02,19,1235
2026-08-05,S02,P03,6,570
2026-08-05,S02,P04,25,2725
2026-08-05,S02,P05,18,2070
2026-08-05,S02,P06,4,356
2026-08-05,S02,P07,4,340
2026-08-05,S02,P08,8,952
2026-08-05,S02,P09,2,198
2026-08-05,S02,P10,13,975
2026-08-05,S02,P11,8,440
2026-08-05,S02,P12,6,330
2026-08-05,S02,P13,5,345
2026-08-05,S02,P14,5,375
2026-08-05,S02,P15,3,135
2026-08-05,S02,P16,3,267
2026-08-05,S02,P17,2,258
2026-08-06,S02,P01,18,1422
2026-08-06,S02,P02,24,1560
2026-08-06,S02,P03,12,1140
2026-08-06,S02,P04,24,2616
2026-08-06,S02,P05,20,2300
2026-08-06,S02,P06,7,623
2026-08-06,S02,P07,4,340
2026-08-06,S02,P08,7,833
2026-08-06,S02,P09,3,297
2026-08-06,S02,P10,10,750
2026-08-06,S02,P11,10,550
2026-08-06,S02,P12,7,385
2026-08-06,S02,P13,6,414
2026-08-06,S02,P14,6,450
2026-08-06,S02,P15,3,135
2026-08-06,S02,P16,4,356
2026-08-06,S02,P17,3,387
2026-08-06,S02,P18,1,109
2026-08-07,S02,P01,22,1738
2026-08-07,S02,P02,24,1560
2026-08-07,S02,P03,17,1615
2026-08-07,S02,P04,26,2834
2026-08-07,S02,P05,19,2185
2026-08-07,S02,P06,10,890
2026-08-07,S02,P07,4,340
2026-08-07,S02,P08,8,952
2026-08-07,S02,P09,4,396
2026-08-07,S02,P10,12,900
2026-08-07,S02,P11,10,550
2026-08-07,S02,P12,9,495
2026-08-07,S02,P13,8,552
2026-08-07,S02,P14,6,450
2026-08-07,S02,P15,3,135
2026-08-07,S02,P16,4,356
2026-08-07,S02,P17,3,387
2026-08-07,S02,P18,1,109
2026-08-08,S02,P01,25,1975
2026-08-08,S02,P02,25,1625
2026-08-08,S02,P03,17,1615
2026-08-08,S02,P04,28,3052
2026-08-08,S02,P05,21,2415
2026-08-08,S02,P06,11,979
2026-08-08,S02,P07,5,425
2026-08-08,S02,P08,9,1071
2026-08-08,S02,P09,4,396
2026-08-08,S02,P10,14,1050
2026-08-08,S02,P11,10,550
2026-08-08,S02,P12,9,495
2026-08-08,S02,P13,8,552
2026-08-08,S02,P14,6,450
2026-08-08,S02,P15,4,180
2026-08-08,S02,P16,5,445
2026-08-08,S02,P17,3,387
2026-08-08,S02,P18,1,109
2026-08-09,S02,P01,20,1580
2026-08-09,S02,P02,24,1560
2026-08-09,S02,P03,15,1425
2026-08-09,S02,P04,25,2725
2026-08-09,S02,P05,19,2185
2026-08-09,S02,P06,8,712
2026-08-09,S02,P07,4,340
2026-08-09,S02,P08,8,952
2026-08-09,S02,P09,3,297
2026-08-09,S02,P10,12,900
2026-08-09,S02,P11,11,605
2026-08-09,S02,P12,7,385
2026-08-09,S02,P13,7,483
2026-08-09,S02,P14,6,450
2026-08-09,S02,P15,4,180
2026-08-09,S02,P16,4,356
2026-08-09,S02,P17,3,387
2026-08-09,S02,P18,1,109
2026-08-10,S02,P01,14,1106
2026-08-10,S02,P02,18,1170
2026-08-10,S02,P03,10,950
2026-08-10,S02,P04,22,2398
2026-08-10,S02,P05,15,1725
2026-08-10,S02,P06,6,534
2026-08-10,S02,P07,4,340
2026-08-10,S02,P08,6,714
2026-08-10,S02,P09,2,198
2026-08-10,S02,P10,10,750
2026-08-10,S02,P11,8,440
2026-08-10,S02,P12,6,330
2026-08-10,S02,P13,6,414
2026-08-10,S02,P14,5,375
2026-08-10,S02,P15,3,135
2026-08-10,S02,P16,4,356
2026-08-10,S02,P17,2,258
2026-08-10,S02,P18,1,109
2026-08-11,S02,P01,17,1343
2026-08-11,S02,P02,21,1365
2026-08-11,S02,P03,12,1140
2026-08-11,S02,P04,19,2071
2026-08-11,S02,P05,13,1495
2026-08-11,S02,P06,7,623
2026-08-11,S02,P07,4,340
2026-08-11,S02,P08,5,595
2026-08-11,S02,P09,3,297
2026-08-11,S02,P10,10,750
2026-08-11,S02,P11,9,495
2026-08-11,S02,P12,6,330
2026-08-11,S02,P13,5,345
2026-08-11,S02,P14,5,375
2026-08-11,S02,P15,2,90
2026-08-11,S02,P16,3,267
2026-08-11,S02,P17,2,258
2026-08-11,S02,P18,1,109
2026-08-12,S02,P01,24,1896
2026-08-12,S02,P02,22,1430
2026-08-12,S02,P03,14,1330
2026-08-12,S02,P04,20,2180
2026-08-12,S02,P05,13,1495
2026-08-12,S02,P06,11,979
2026-08-12,S02,P07,4,340
2026-08-12,S02,P08,6,714
2026-08-12,S02,P09,4,396
2026-08-12,S02,P10,9,675
2026-08-12,S02,P11,10,550
2026-08-12,S02,P12,7,385
2026-08-12,S02,P13,6,414
2026-08-12,S02,P14,5,375
2026-08-12,S02,P15,3,135
2026-08-12,S02,P16,3,267
2026-08-12,S02,P17,3,387
2026-08-12,S02,P18,1,109
2026-08-13,S02,P01,23,1817
2026-08-13,S02,P02,19,1235
2026-08-13,S02,P03,13,1235
2026-08-13,S02,P04,24,2616
2026-08-13,S02,P05,17,1955
2026-08-13,S02,P06,9,801
2026-08-13,S02,P07,4,340
2026-08-13,S02,P08,7,833
2026-08-13,S02,P09,3,297
2026-08-13,S02,P10,11,825
2026-08-13,S02,P11,9,495
2026-08-13,S02,P12,8,440
2026-08-13,S02,P13,7,483
2026-08-13,S02,P14,5,375
2026-08-13,S02,P15,3,135
2026-08-13,S02,P16,4,356
2026-08-13,S02,P17,3,387
2026-08-13,S02,P18,1,109
2026-08-14,S02,P01,23,1817
2026-08-14,S02,P02,23,1495
2026-08-14,S02,P03,14,1330
2026-08-14,S02,P04,30,3270
2026-08-14,S02,P05,18,2070
2026-08-14,S02,P06,9,801
2026-08-14,S02,P07,4,340
2026-08-14,S02,P08,8,952
2026-08-14,S02,P09,4,396
2026-08-14,S02,P10,13,975
2026-08-14,S02,P11,11,605
2026-08-14,S02,P12,7,385
2026-08-14,S02,P13,7,483
2026-08-14,S02,P14,6,450
2026-08-14,S02,P15,4,180
2026-08-14,S02,P16,4,356
2026-08-14,S02,P17,3,387
2026-08-14,S02,P18,1,109
2026-08-15,S02,P01,18,1422
2026-08-15,S02,P02,24,1560
2026-08-15,S02,P03,13,1235
2026-08-15,S02,P04,30,3270
2026-08-15,S02,P05,21,2415
2026-08-15,S02,P06,9,801
2026-08-15,S02,P07,4,340
2026-08-15,S02,P08,10,1190
2026-08-15,S02,P09,3,297
2026-08-15,S02,P10,13,975
2026-08-15,S02,P11,13,715
2026-08-15,S02,P12,10,550
2026-08-15,S02,P13,8,552
2026-08-15,S02,P14,6,450
2026-08-15,S02,P15,4,180
2026-08-15,S02,P16,5,445
2026-08-15,S02,P17,3,387
2026-08-15,S02,P18,1,109
2026-08-16,S02,P01,16,1264
2026-08-16,S02,P02,20,1300
2026-08-16,S02,P03,11,1045
2026-08-16,S02,P04,26,2834
2026-08-16,S02,P05,18,2070
2026-08-16,S02,P06,7,623
2026-08-16,S02,P07,4,340
2026-08-16,S02,P08,8,952
2026-08-16,S02,P09,3,297
2026-08-16,S02,P10,12,900
2026-08-16,S02,P11,10,550
2026-08-16,S02,P12,7,385
2026-08-16,S02,P13,6,414
2026-08-16,S02,P14,5,375
2026-08-16,S02,P15,3,135
2026-08-16,S02,P16,3,267
2026-08-16,S02,P17,3,387
2026-08-16,S02,P18,1,109
2026-08-17,S02,P01,15,1185
2026-08-17,S02,P02,16,1040
2026-08-17,S02,P03,10,950
2026-08-17,S02,P04,19,2071
2026-08-17,S02,P05,11,1265
2026-08-17,S02,P06,6,534
2026-08-17,S02,P07,3,255
2026-08-17,S02,P08,4,476
2026-08-17,S02,P09,2,198
2026-08-17,S02,P10,8,600
2026-08-17,S02,P11,7,385
2026-08-17,S02,P12,6,330
2026-08-17,S02,P13,4,276
2026-08-17,S02,P14,4,300
2026-08-17,S02,P15,2,90
2026-08-17,S02,P16,3,267
2026-08-17,S02,P17,2,258
2026-08-17,S02,P18,1,109
2026-08-18,S02,P01,26,2054
2026-08-18,S02,P02,18,1170
2026-08-18,S02,P03,15,1425
2026-08-18,S02,P04,19,2071
2026-08-18,S02,P05,11,1265
2026-08-18,S02,P06,11,979
2026-08-18,S02,P07,3,255
2026-08-18,S02,P08,6,714
2026-08-18,S02,P09,4,396
2026-08-18,S02,P10,9,675
2026-08-18,S02,P11,9,495
2026-08-18,S02,P12,6,330
2026-08-18,S02,P13,6,414
2026-08-18,S02,P14,5,375
2026-08-18,S02,P15,3,135
2026-08-18,S02,P16,3,267
2026-08-18,S02,P17,2,258
2026-08-18,S02,P18,1,109
2026-08-19,S02,P01,22,1738
2026-08-19,S02,P02,18,1170
2026-08-19,S02,P03,14,1330
2026-08-19,S02,P04,23,2507
2026-08-19,S02,P05,13,1495
2026-08-19,S02,P06,10,890
2026-08-19,S02,P07,3,255
2026-08-19,S02,P08,7,833
2026-08-19,S02,P09,3,297
2026-08-19,S02,P10,9,675
2026-08-19,S02,P11,8,440
2026-08-19,S02,P12,7,385
2026-08-19,S02,P13,6,414
2026-08-19,S02,P14,4,300
2026-08-19,S02,P15,3,135
2026-08-19,S02,P16,3,267
2026-08-19,S02,P17,2,258
2026-08-19,S02,P18,1,109
2026-08-20,S02,P01,16,1264
2026-08-20,S02,P02,15,975
2026-08-20,S02,P03,10,950
2026-08-20,S02,P04,21,2289
2026-08-20,S02,P05,13,1495
2026-08-20,S02,P06,5,445
2026-08-20,S02,P07,3,255
2026-08-20,S02,P08,5,595
2026-08-20,S02,P09,2,198
2026-08-20,S02,P10,8,600
2026-08-20,S02,P11,8,440
2026-08-20,S02,P12,6,330
2026-08-20,S02,P13,5,345
2026-08-20,S02,P14,4,300
2026-08-20,S02,P15,2,90
2026-08-20,S02,P16,3,267
2026-08-20,S02,P17,2,258
2026-08-20,S02,P18,1,109
2026-08-21,S02,P01,26,2054
2026-08-21,S02,P02,22,1430
2026-08-21,S02,P03,19,1805
2026-08-21,S02,P04,25,2725
2026-08-21,S02,P05,16,1840
2026-08-21,S02,P06,13,1157
2026-08-21,S02,P07,4,340
2026-08-21,S02,P08,7,833
2026-08-21,S02,P09,4,396
2026-08-21,S02,P10,10,750
2026-08-21,S02,P11,11,605
2026-08-21,S02,P12,8,440
2026-08-21,S02,P13,7,483
2026-08-21,S02,P14,5,375
2026-08-21,S02,P15,3,135
2026-08-21,S02,P16,4,356
2026-08-21,S02,P17,3,387
2026-08-21,S02,P18,1,109
2026-08-22,S02,P01,28,2212
2026-08-22,S02,P02,25,1625
2026-08-22,S02,P03,22,2090
2026-08-22,S02,P04,23,2507
2026-08-22,S02,P05,14,1610
2026-08-22,S02,P06,13,1157
2026-08-22,S02,P07,4,340
2026-08-22,S02,P08,6,714
2026-08-22,S02,P09,6,594
2026-08-22,S02,P10,10,750
2026-08-22,S02,P11,10,550
2026-08-22,S02,P12,9,495
2026-08-22,S02,P13,7,483
2026-08-22,S02,P14,5,375
2026-08-22,S02,P15,4,180
2026-08-22,S02,P16,4,356
2026-08-22,S02,P17,3,387
2026-08-22,S02,P18,1,109
2026-08-23,S02,P01,26,2054
2026-08-23,S02,P02,24,1560
2026-08-23,S02,P03,19,1805
2026-08-23,S02,P04,20,2180
2026-08-23,S02,P05,15,1725
2026-08-23,S02,P06,13,1157
2026-08-23,S02,P07,4,340
2026-08-23,S02,P08,6,714
2026-08-23,S02,P09,5,495
2026-08-23,S02,P10,10,750
2026-08-23,S02,P11,10,550
2026-08-23,S02,P12,7,385
2026-08-23,S02,P13,6,414
2026-08-23,S02,P14,6,450
2026-08-23,S02,P15,3,135
2026-08-23,S02,P16,4,356
2026-08-23,S02,P17,3,387
2026-08-23,S02,P18,1,109
2026-08-24,S02,P01,23,1817
2026-08-24,S02,P02,15,975
2026-08-24,S02,P03,14,1330
2026-08-24,S02,P04,18,1962
2026-08-24,S02,P05,11,1265
2026-08-24,S02,P06,9,801
2026-08-24,S02,P07,3,255
2026-08-24,S02,P08,5,595
2026-08-24,S02,P09,3,297
2026-08-24,S02,P10,8,600
2026-08-24,S02,P11,7,385
2026-08-24,S02,P12,6,330
2026-08-24,S02,P13,5,345
2026-08-24,S02,P14,4,300
2026-08-24,S02,P15,3,135
2026-08-24,S02,P16,3,267
2026-08-24,S02,P17,2,258
2026-08-24,S02,P18,1,109
2026-08-25,S02,P01,22,1738
2026-08-25,S02,P02,16,1040
2026-08-25,S02,P03,16,1520
2026-08-25,S02,P04,17,1853
2026-08-25,S02,P05,11,1265
2026-08-25,S02,P06,10,890
2026-08-25,S02,P07,3,255
2026-08-25,S02,P08,4,476
2026-08-25,S02,P09,4,396
2026-08-25,S02,P10,6,450
2026-08-25,S02,P11,8,440
2026-08-25,S02,P12,6,330
2026-08-25,S02,P13,5,345
2026-08-25,S02,P14,4,300
2026-08-25,S02,P15,2,90
2026-08-25,S02,P16,3,267
2026-08-25,S02,P17,2,258
2026-08-25,S02,P18,1,109
2026-08-26,S02,P01,22,1738
2026-08-26,S02,P02,17,1105
2026-08-26,S02,P03,14,1330
2026-08-26,S02,P04,21,2289
2026-08-26,S02,P05,14,1610
2026-08-26,S02,P06,11,979
2026-08-26,S02,P07,3,255
2026-08-26,S02,P08,6,714
2026-08-26,S02,P09,4,396
2026-08-26,S02,P10,8,600
2026-08-26,S02,P11,9,495
2026-08-26,S02,P12,6,330
2026-08-26,S02,P13,5,345
2026-08-26,S02,P14,5,375
2026-08-26,S02,P15,3,135
2026-08-26,S02,P16,3,267
2026-08-26,S02,P17,3,387
2026-08-26,S02,P18,1,109
2026-08-27,S02,P01,23,1817
2026-08-27,S02,P02,21,1365
2026-08-27,S02,P03,13,1235
2026-08-27,S02,P04,24,2616
2026-08-27,S02,P05,18,2070
2026-08-27,S02,P06,8,712
2026-08-27,S02,P07,4,340
2026-08-27,S02,P08,7,833
2026-08-27,S02,P09,3,297
2026-08-27,S02,P10,10,750
2026-08-27,S02,P11,10,550
2026-08-27,S02,P12,7,385
2026-08-27,S02,P13,7,483
2026-08-27,S02,P14,5,375
2026-08-27,S02,P15,4,180
2026-08-27,S02,P16,4,356
2026-08-27,S02,P17,3,387
2026-08-27,S02,P18,1,109
2026-08-28,S02,P01,23,1817
2026-08-28,S02,P02,27,1755
2026-08-28,S02,P03,16,1520
2026-08-28,S02,P04,32,3488
2026-08-28,S02,P05,22,2530
2026-08-28,S02,P06,11,979
2026-08-28,S02,P07,5,425
2026-08-28,S02,P08,8,952
2026-08-28,S02,P09,4,396
2026-08-28,S02,P10,13,975
2026-08-28,S02,P11,12,660
2026-08-28,S02,P12,7,385
2026-08-28,S02,P13,8,552
2026-08-28,S02,P14,6,450
2026-08-28,S02,P15,4,180
2026-08-28,S02,P16,4,356
2026-08-28,S02,P17,3,387
2026-08-28,S02,P18,1,109
2026-08-29,S02,P01,22,1738
2026-08-29,S02,P02,17,1105
2026-08-29,S02,P03,14,1330
2026-08-29,S02,P04,16,1744
2026-08-29,S02,P05,11,1265
2026-08-29,S02,P06,10,890
2026-08-29,S02,P07,4,340
2026-08-29,S02,P08,5,595
2026-08-29,S02,P09,4,396
2026-08-29,S02,P10,7,525
2026-08-29,S02,P11,8,440
2026-08-29,S02,P12,5,275
2026-08-29,S02,P13,5,345
2026-08-29,S02,P14,5,375
2026-08-29,S02,P15,3,135
2026-08-29,S02,P16,3,267
2026-08-29,S02,P17,2,258
2026-08-29,S02,P18,1,109
2026-08-30,S02,P01,26,2054
2026-08-30,S02,P02,23,1495
2026-08-30,S02,P03,15,1425
2026-08-30,S02,P04,24,2616
2026-08-30,S02,P05,19,2185
2026-08-30,S02,P06,11,979
2026-08-30,S02,P07,5,425
2026-08-30,S02,P08,8,952
2026-08-30,S02,P09,4,396
2026-08-30,S02,P10,10,750
2026-08-30,S02,P11,10,550
2026-08-30,S02,P12,9,495
2026-08-30,S02,P13,7,483
2026-08-30,S02,P14,6,450
2026-08-30,S02,P15,3,135
2026-08-30,S02,P16,4,356
2026-08-30,S02,P17,3,387
2026-08-30,S02,P18,1,109
2026-08-31,S02,P01,17,1343
2026-08-31,S02,P02,17,1105
2026-08-31,S02,P03,14,1330
2026-08-31,S02,P04,18,1962
2026-08-31,S02,P05,12,1380
2026-08-31,S02,P06,8,712
2026-08-31,S02,P07,3,255
2026-08-31,S02,P08,4,476
2026-08-31,S02,P09,3,297
2026-08-31,S02,P10,7,525
2026-08-31,S02,P11,7,385
2026-08-31,S02,P12,5,275
2026-08-31,S02,P13,5,345
2026-08-31,S02,P14,4,300
2026-08-31,S02,P15,2,90
2026-08-31,S02,P16,3,267
2026-08-31,S02,P17,2,258
2026-08-31,S02,P18,1,109
2026-06-01,S03,P01,19,1501
2026-06-01,S03,P02,10,650
2026-06-01,S03,P03,12,1140
2026-06-01,S03,P04,10,1090
2026-06-01,S03,P05,6,690
2026-06-01,S03,P06,8,712
2026-06-01,S03,P07,2,170
2026-06-01,S03,P08,3,357
2026-06-01,S03,P09,3,297
2026-06-01,S03,P10,4,300
2026-06-01,S03,P11,5,275
2026-06-01,S03,P12,3,165
2026-06-01,S03,P13,3,207
2026-06-01,S03,P14,3,225
2026-06-01,S03,P15,2,90
2026-06-01,S03,P16,2,178
2026-06-01,S03,P17,1,129
2026-06-01,S03,P18,1,109
2026-06-02,S03,P01,18,1422
2026-06-02,S03,P02,14,910
2026-06-02,S03,P03,10,950
2026-06-02,S03,P04,13,1417
2026-06-02,S03,P05,8,920
2026-06-02,S03,P06,6,534
2026-06-02,S03,P07,2,170
2026-06-02,S03,P08,4,476
2026-06-02,S03,P09,2,198
2026-06-02,S03,P10,5,375
2026-06-02,S03,P11,5,275
2026-06-02,S03,P12,5,275
2026-06-02,S03,P13,4,276
2026-06-02,S03,P14,3,225
2026-06-02,S03,P15,2,90
2026-06-02,S03,P16,2,178
2026-06-02,S03,P17,2,258
2026-06-02,S03,P18,1,109
2026-06-03,S03,P01,14,1106
2026-06-03,S03,P02,12,780
2026-06-03,S03,P03,10,950
2026-06-03,S03,P04,12,1308
2026-06-03,S03,P05,8,920
2026-06-03,S03,P06,7,623
2026-06-03,S03,P07,2,170
2026-06-03,S03,P08,4,476
2026-06-03,S03,P09,3,297
2026-06-03,S03,P10,5,375
2026-06-03,S03,P11,6,330
2026-06-03,S03,P12,4,220
2026-06-03,S03,P13,3,207
2026-06-03,S03,P14,3,225
2026-06-03,S03,P15,2,90
2026-06-03,S03,P16,2,178
2026-06-03,S03,P17,1,129
2026-06-03,S03,P18,1,109
2026-06-04,S03,P01,16,1264
2026-06-04,S03,P02,13,845
2026-06-04,S03,P03,11,1045
2026-06-04,S03,P04,13,1417
2026-06-04,S03,P05,7,805
2026-06-04,S03,P06,8,712
2026-06-04,S03,P07,3,255
2026-06-04,S03,P08,3,357
2026-06-04,S03,P09,3,297
2026-06-04,S03,P10,5,375
2026-06-04,S03,P11,6,330
2026-06-04,S03,P12,5,275
2026-06-04,S03,P13,4,276
2026-06-04,S03,P14,3,225
2026-06-04,S03,P15,2,90
2026-06-04,S03,P16,2,178
2026-06-04,S03,P17,2,258
2026-06-04,S03,P18,1,109
2026-06-05,S03,P01,20,1580
2026-06-05,S03,P02,16,1040
2026-06-05,S03,P03,16,1520
2026-06-05,S03,P04,13,1417
2026-06-05,S03,P05,9,1035
2026-06-05,S03,P06,10,890
2026-06-05,S03,P07,2,170
2026-06-05,S03,P08,3,357
2026-06-05,S03,P09,3,297
2026-06-05,S03,P10,5,375
2026-06-05,S03,P11,6,330
2026-06-05,S03,P12,5,275
2026-06-05,S03,P13,4,276
2026-06-05,S03,P14,4,300
2026-06-05,S03,P15,2,90
2026-06-05,S03,P16,2,178
2026-06-05,S03,P17,2,258
2026-06-05,S03,P18,1,109
2026-06-06,S03,P01,26,2054
2026-06-06,S03,P02,17,1105
2026-06-06,S03,P03,14,1330
2026-06-06,S03,P04,15,1635
2026-06-06,S03,P05,10,1150
2026-06-06,S03,P06,11,979
2026-06-06,S03,P07,3,255
2026-06-06,S03,P08,5,595
2026-06-06,S03,P09,3,297
2026-06-06,S03,P10,7,525
2026-06-06,S03,P11,8,440
2026-06-06,S03,P12,6,330
2026-06-06,S03,P13,5,345
2026-06-06,S03,P14,4,300
2026-06-06,S03,P15,3,135
2026-06-06,S03,P16,3,267
2026-06-06,S03,P17,2,258
2026-06-06,S03,P18,1,109
2026-06-07,S03,P01,16,1264
2026-06-07,S03,P02,14,910
2026-06-07,S03,P03,13,1235
2026-06-07,S03,P04,13,1417
2026-06-07,S03,P05,9,1035
2026-06-07,S03,P06,7,623
2026-06-07,S03,P07,2,170
2026-06-07,S03,P08,4,476
2026-06-07,S03,P09,3,297
2026-06-07,S03,P10,6,450
2026-06-07,S03,P11,6,330
2026-06-07,S03,P12,5,275
2026-06-07,S03,P13,5,345
2026-06-07,S03,P14,3,225
2026-06-07,S03,P15,2,90
2026-06-07,S03,P16,3,267
2026-06-07,S03,P17,2,258
2026-06-07,S03,P18,1,109
2026-06-08,S03,P01,15,1185
2026-06-08,S03,P02,12,780
2026-06-08,S03,P03,10,950
2026-06-08,S03,P04,14,1526
2026-06-08,S03,P05,8,920
2026-06-08,S03,P06,7,623
2026-06-08,S03,P07,2,170
2026-06-08,S03,P08,3,357
2026-06-08,S03,P09,2,198
2026-06-08,S03,P10,6,450
2026-06-08,S03,P11,6,330
2026-06-08,S03,P12,4,220
2026-06-08,S03,P13,4,276
2026-06-08,S03,P14,3,225
2026-06-08,S03,P15,2,90
2026-06-08,S03,P16,2,178
2026-06-08,S03,P17,2,258
2026-06-08,S03,P18,1,109
2026-06-09,S03,P01,15,1185
2026-06-09,S03,P02,12,780
2026-06-09,S03,P03,9,855
2026-06-09,S03,P04,15,1635
2026-06-09,S03,P05,9,1035
2026-06-09,S03,P06,6,534
2026-06-09,S03,P07,3,255
2026-06-09,S03,P08,4,476
2026-06-09,S03,P09,2,198
2026-06-09,S03,P10,6,450
2026-06-09,S03,P11,6,330
2026-06-09,S03,P12,5,275
2026-06-09,S03,P13,4,276
2026-06-09,S03,P14,3,225
2026-06-09,S03,P15,2,90
2026-06-09,S03,P16,2,178
2026-06-09,S03,P17,2,258
2026-06-09,S03,P18,1,109
2026-06-10,S03,P01,21,1659
2026-06-10,S03,P02,11,715
2026-06-10,S03,P03,15,1425
2026-06-10,S03,P04,9,981
2026-06-10,S03,P05,6,690
2026-06-10,S03,P06,8,712
2026-06-10,S03,P07,2,170
2026-06-10,S03,P08,3,357
2026-06-10,S03,P09,3,297
2026-06-10,S03,P10,3,225
2026-06-10,S03,P11,6,330
2026-06-10,S03,P12,4,220
2026-06-10,S03,P13,3,207
2026-06-10,S03,P14,3,225
2026-06-10,S03,P15,2,90
2026-06-10,S03,P16,2,178
2026-06-10,S03,P17,1,129
2026-06-10,S03,P18,1,109
2026-06-11,S03,P01,23,1817
2026-06-11,S03,P02,12,780
2026-06-11,S03,P03,15,1425
2026-06-11,S03,P04,9,981
2026-06-11,S03,P05,6,690
2026-06-11,S03,P06,9,801
2026-06-11,S03,P07,2,170
2026-06-11,S03,P08,3,357
2026-06-11,S03,P09,4,396
2026-06-11,S03,P10,4,300
2026-06-11,S03,P11,7,385
2026-06-11,S03,P12,5,275
2026-06-11,S03,P13,4,276
2026-06-11,S03,P14,3,225
2026-06-11,S03,P15,2,90
2026-06-11,S03,P16,2,178
2026-06-11,S03,P17,2,258
2026-06-11,S03,P18,1,109
2026-06-12,S03,P01,26,2054
2026-06-12,S03,P02,18,1170
2026-06-12,S03,P03,16,1520
2026-06-12,S03,P04,14,1526
2026-06-12,S03,P05,9,1035
2026-06-12,S03,P06,11,979
2026-06-12,S03,P07,3,255
2026-06-12,S03,P08,4,476
2026-06-12,S03,P09,4,396
2026-06-12,S03,P10,5,375
2026-06-12,S03,P11,7,385
2026-06-12,S03,P12,6,330
2026-06-12,S03,P13,5,345
2026-06-12,S03,P14,4,300
2026-06-12,S03,P15,2,90
2026-06-12,S03,P16,3,267
2026-06-12,S03,P17,2,258
2026-06-12,S03,P18,1,109
2026-06-13,S03,P01,27,2133
2026-06-13,S03,P02,16,1040
2026-06-13,S03,P03,17,1615
2026-06-13,S03,P04,15,1635
2026-06-13,S03,P05,9,1035
2026-06-13,S03,P06,11,979
2026-06-13,S03,P07,3,255
2026-06-13,S03,P08,5,595
2026-06-13,S03,P09,4,396
2026-06-13,S03,P10,7,525
2026-06-13,S03,P11,8,440
2026-06-13,S03,P12,6,330
2026-06-13,S03,P13,6,414
2026-06-13,S03,P14,5,375
2026-06-13,S03,P15,3,135
2026-06-13,S03,P16,3,267
2026-06-13,S03,P17,2,258
2026-06-13,S03,P18,1,109
2026-06-14,S03,P01,21,1659
2026-06-14,S03,P02,13,845
2026-06-14,S03,P03,17,1615
2026-06-14,S03,P04,11,1199
2026-06-14,S03,P05,8,920
2026-06-14,S03,P06,10,890
2026-06-14,S03,P07,3,255
2026-06-14,S03,P08,4,476
2026-06-14,S03,P09,4,396
2026-06-14,S03,P10,5,375
2026-06-14,S03,P11,6,330
2026-06-14,S03,P12,5,275
2026-06-14,S03,P13,4,276
2026-06-14,S03,P14,3,225
2026-06-14,S03,P15,2,90
2026-06-14,S03,P16,2,178
2026-06-14,S03,P17,2,258
2026-06-14,S03,P18,1,109
2026-06-15,S03,P01,20,1580
2026-06-15,S03,P02,10,650
2026-06-15,S03,P03,12,1140
2026-06-15,S03,P04,10,1090
2026-06-15,S03,P05,5,575
2026-06-15,S03,P06,8,712
2026-06-15,S03,P07,2,170
2026-06-15,S03,P08,3,357
2026-06-15,S03,P09,3,297
2026-06-15,S03,P10,4,300
2026-06-15,S03,P11,5,275
2026-06-15,S03,P12,4,220
2026-06-15,S03,P13,4,276
2026-06-15,S03,P14,3,225
2026-06-15,S03,P15,2,90
2026-06-15,S03,P16,2,178
2026-06-15,S03,P17,1,129
2026-06-15,S03,P18,1,109
2026-06-16,S03,P01,19,1501
2026-06-16,S03,P02,13,845
2026-06-16,S03,P03,12,1140
2026-06-16,S03,P04,11,1199
2026-06-16,S03,P05,8,920
2026-06-16,S03,P06,8,712
2026-06-16,S03,P07,2,170
2026-06-16,S03,P08,4,476
2026-06-16,S03,P09,3,297
2026-06-16,S03,P10,5,375
2026-06-16,S03,P11,6,330
2026-06-16,S03,P12,5,275
2026-06-16,S03,P13,4,276
2026-06-16,S03,P14,3,225
2026-06-16,S03,P15,2,90
2026-06-16,S03,P16,2,178
2026-06-16,S03,P17,2,258
2026-06-16,S03,P18,1,109
2026-06-17,S03,P01,17,1343
2026-06-17,S03,P02,15,975
2026-06-17,S03,P03,13,1235
2026-06-17,S03,P04,12,1308
2026-06-17,S03,P05,10,1150
2026-06-17,S03,P06,8,712
2026-06-17,S03,P07,2,170
2026-06-17,S03,P08,4,476
2026-06-17,S03,P09,3,297
2026-06-17,S03,P10,6,450
2026-06-17,S03,P11,6,330
2026-06-17,S03,P12,5,275
2026-06-17,S03,P13,4,276
2026-06-17,S03,P14,3,225
2026-06-17,S03,P15,2,90
2026-06-17,S03,P16,2,178
2026-06-17,S03,P17,2,258
2026-06-17,S03,P18,1,109
2026-06-18,S03,P01,16,1264
2026-06-18,S03,P02,13,845
2026-06-18,S03,P03,10,950
2026-06-18,S03,P04,16,1744
2026-06-18,S03,P05,9,1035
2026-06-18,S03,P06,7,623
2026-06-18,S03,P07,3,255
2026-06-18,S03,P08,5,595
2026-06-18,S03,P09,3,297
2026-06-18,S03,P10,7,525
2026-06-18,S03,P11,7,385
2026-06-18,S03,P12,4,220
2026-06-18,S03,P13,4,276
2026-06-18,S03,P14,4,300
2026-06-18,S03,P15,2,90
2026-06-18,S03,P16,2,178
2026-06-18,S03,P17,2,258
2026-06-18,S03,P18,1,109
2026-06-19,S03,P01,17,1343
2026-06-19,S03,P02,19,1235
2026-06-19,S03,P03,12,1140
2026-06-19,S03,P04,20,2180
2026-06-19,S03,P05,15,1725
2026-06-19,S03,P06,7,623
2026-06-19,S03,P07,3,255
2026-06-19,S03,P08,6,714
2026-06-19,S03,P09,3,297
2026-06-19,S03,P10,9,675
2026-06-19,S03,P11,8,440
2026-06-19,S03,P12,6,330
2026-06-19,S03,P13,6,414
2026-06-19,S03,P14,4,300
2026-06-19,S03,P15,2,90
2026-06-19,S03,P16,3,267
2026-06-19,S03,P17,2,258
2026-06-19,S03,P18,1,109
2026-06-20,S03,P01,16,1264
2026-06-20,S03,P02,20,1300
2026-06-20,S03,P03,11,1045
2026-06-20,S03,P04,22,2398
2026-06-20,S03,P05,15,1725
2026-06-20,S03,P06,7,623
2026-06-20,S03,P07,3,255
2026-06-20,S03,P08,7,833
2026-06-20,S03,P09,3,297
2026-06-20,S03,P10,10,750
2026-06-20,S03,P11,8,440
2026-06-20,S03,P12,7,385
2026-06-20,S03,P13,6,414
2026-06-20,S03,P14,4,300
2026-06-20,S03,P15,3,135
2026-06-20,S03,P16,3,267
2026-06-20,S03,P17,2,258
2026-06-20,S03,P18,1,109
2026-06-21,S03,P01,15,1185
2026-06-21,S03,P02,15,975
2026-06-21,S03,P03,8,760
2026-06-21,S03,P04,19,2071
2026-06-21,S03,P05,11,1265
2026-06-21,S03,P06,6,534
2026-06-21,S03,P07,3,255
2026-06-21,S03,P08,5,595
2026-06-21,S03,P09,2,198
2026-06-21,S03,P10,7,525
2026-06-21,S03,P11,8,440
2026-06-21,S03,P12,5,275
2026-06-21,S03,P13,4,276
2026-06-21,S03,P14,4,300
2026-06-21,S03,P15,2,90
2026-06-21,S03,P16,3,267
2026-06-21,S03,P17,2,258
2026-06-21,S03,P18,1,109
2026-06-22,S03,P01,13,1027
2026-06-22,S03,P02,12,780
2026-06-22,S03,P03,8,760
2026-06-22,S03,P04,14,1526
2026-06-22,S03,P05,10,1150
2026-06-22,S03,P06,5,445
2026-06-22,S03,P07,2,170
2026-06-22,S03,P08,4,476
2026-06-22,S03,P09,2,198
2026-06-22,S03,P10,5,375
2026-06-22,S03,P11,5,275
2026-06-22,S03,P12,4,220
2026-06-22,S03,P13,4,276
2026-06-22,S03,P14,3,225
2026-06-22,S03,P15,2,90
2026-06-22,S03,P16,2,178
2026-06-22,S03,P17,2,258
2026-06-23,S03,P01,13,1027
2026-06-23,S03,P02,14,910
2026-06-23,S03,P03,9,855
2026-06-23,S03,P04,13,1417
2026-06-23,S03,P05,11,1265
2026-06-23,S03,P06,6,534
2026-06-23,S03,P07,2,170
2026-06-23,S03,P08,4,476
2026-06-23,S03,P09,2,198
2026-06-23,S03,P10,6,450
2026-06-23,S03,P11,6,330
2026-06-23,S03,P12,5,275
2026-06-23,S03,P13,4,276
2026-06-23,S03,P14,3,225
2026-06-23,S03,P15,2,90
2026-06-23,S03,P16,2,178
2026-06-23,S03,P17,2,258
2026-06-23,S03,P18,1,109
2026-06-24,S03,P01,14,1106
2026-06-24,S03,P02,14,910
2026-06-24,S03,P03,10,950
2026-06-24,S03,P04,19,2071
2026-06-24,S03,P05,12,1380
2026-06-24,S03,P06,7,623
2026-06-24,S03,P07,3,255
2026-06-24,S03,P08,5,595
2026-06-24,S03,P09,2,198
2026-06-24,S03,P10,7,525
2026-06-24,S03,P11,6,330
2026-06-24,S03,P12,5,275
2026-06-24,S03,P13,4,276
2026-06-24,S03,P14,4,300
2026-06-24,S03,P15,2,90
2026-06-24,S03,P16,2,178
2026-06-24,S03,P17,2,258
2026-06-24,S03,P18,1,109
2026-06-25,S03,P01,12,948
2026-06-25,S03,P02,16,1040
2026-06-25,S03,P03,7,665
2026-06-25,S03,P04,17,1853
2026-06-25,S03,P05,12,1380
2026-06-25,S03,P06,5,445
2026-06-25,S03,P07,3,255
2026-06-25,S03,P08,5,595
2026-06-25,S03,P09,2,198
2026-06-25,S03,P10,7,525
2026-06-25,S03,P11,7,385
2026-06-25,S03,P12,5,275
2026-06-25,S03,P13,4,276
2026-06-25,S03,P14,4,300
2026-06-25,S03,P15,2,90
2026-06-25,S03,P16,2,178
2026-06-25,S03,P17,2,258
2026-06-25,S03,P18,1,109
2026-06-26,S03,P01,10,790
2026-06-26,S03,P02,16,1040
2026-06-26,S03,P03,7,665
2026-06-26,S03,P04,17,1853
2026-06-26,S03,P05,13,1495
2026-06-26,S03,P06,5,445
2026-06-26,S03,P07,3,255
2026-06-26,S03,P08,6,714
2026-06-26,S03,P09,2,198
2026-06-26,S03,P10,9,675
2026-06-26,S03,P11,6,330
2026-06-26,S03,P12,5,275
2026-06-26,S03,P13,5,345
2026-06-26,S03,P14,4,300
2026-06-26,S03,P15,2,90
2026-06-26,S03,P16,3,267
2026-06-26,S03,P17,2,258
2026-06-27,S03,P01,10,790
2026-06-27,S03,P02,18,1170
2026-06-27,S03,P03,7,665
2026-06-27,S03,P04,22,2398
2026-06-27,S03,P05,15,1725
2026-06-27,S03,P06,4,356
2026-06-27,S03,P07,3,255
2026-06-27,S03,P08,6,714
2026-06-27,S03,P09,2,198
2026-06-27,S03,P10,10,750
2026-06-27,S03,P11,8,440
2026-06-27,S03,P12,5,275
2026-06-27,S03,P13,5,345
2026-06-27,S03,P14,4,300
2026-06-27,S03,P15,3,135
2026-06-27,S03,P16,3,267
2026-06-27,S03,P17,2,258
2026-06-28,S03,P01,7,553
2026-06-28,S03,P02,13,845
2026-06-28,S03,P03,5,475
2026-06-28,S03,P04,18,1962
2026-06-28,S03,P05,15,1725
2026-06-28,S03,P06,3,267
2026-06-28,S03,P07,2,170
2026-06-28,S03,P08,6,714
2026-06-28,S03,P09,1,99
2026-06-28,S03,P10,9,675
2026-06-28,S03,P11,6,330
2026-06-28,S03,P12,5,275
2026-06-28,S03,P13,4,276
2026-06-28,S03,P14,4,300
2026-06-28,S03,P15,2,90
2026-06-28,S03,P16,2,178
2026-06-28,S03,P17,2,258
2026-06-29,S03,P01,5,395
2026-06-29,S03,P02,11,715
2026-06-29,S03,P03,4,380
2026-06-29,S03,P04,15,1635
2026-06-29,S03,P05,12,1380
2026-06-29,S03,P06,2,178
2026-06-29,S03,P07,2,170
2026-06-29,S03,P08,4,476
2026-06-29,S03,P09,1,99
2026-06-29,S03,P10,7,525
2026-06-29,S03,P11,5,275
2026-06-29,S03,P12,4,220
2026-06-29,S03,P13,3,207
2026-06-29,S03,P14,2,150
2026-06-29,S03,P15,1,45
2026-06-29,S03,P16,2,178
2026-06-29,S03,P17,1,129
2026-06-30,S03,P01,10,790
2026-06-30,S03,P02,13,845
2026-06-30,S03,P03,7,665
2026-06-30,S03,P04,18,1962
2026-06-30,S03,P05,12,1380
2026-06-30,S03,P06,4,356
2026-06-30,S03,P07,2,170
2026-06-30,S03,P08,4,476
2026-06-30,S03,P09,2,198
2026-06-30,S03,P10,8,600
2026-06-30,S03,P11,6,330
2026-06-30,S03,P12,5,275
2026-06-30,S03,P13,4,276
2026-06-30,S03,P14,3,225
2026-06-30,S03,P15,2,90
2026-06-30,S03,P16,2,178
2026-06-30,S03,P17,2,258
2026-07-01,S03,P01,14,1106
2026-07-01,S03,P02,15,975
2026-07-01,S03,P03,9,855
2026-07-01,S03,P04,15,1635
2026-07-01,S03,P05,10,1150
2026-07-01,S03,P06,6,534
2026-07-01,S03,P07,3,255
2026-07-01,S03,P08,5,595
2026-07-01,S03,P09,2,198
2026-07-01,S03,P10,7,525
2026-07-01,S03,P11,7,385
2026-07-01,S03,P12,5,275
2026-07-01,S03,P13,4,276
2026-07-01,S03,P14,4,300
2026-07-01,S03,P15,2,90
2026-07-01,S03,P16,2,178
2026-07-01,S03,P17,2,258
2026-07-01,S03,P18,1,109
2026-07-02,S03,P01,17,1343
2026-07-02,S03,P02,15,975
2026-07-02,S03,P03,11,1045
2026-07-02,S03,P04,17,1853
2026-07-02,S03,P05,11,1265
2026-07-02,S03,P06,7,623
2026-07-02,S03,P07,2,170
2026-07-02,S03,P08,4,476
2026-07-02,S03,P09,3,297
2026-07-02,S03,P10,7,525
2026-07-02,S03,P11,7,385
2026-07-02,S03,P12,5,275
2026-07-02,S03,P13,4,276
2026-07-02,S03,P14,4,300
2026-07-02,S03,P15,2,90
2026-07-02,S03,P16,3,267
2026-07-02,S03,P17,2,258
2026-07-02,S03,P18,1,109
2026-07-03,S03,P01,21,1659
2026-07-03,S03,P02,15,975
2026-07-03,S03,P03,12,1140
2026-07-03,S03,P04,13,1417
2026-07-03,S03,P05,10,1150
2026-07-03,S03,P06,7,623
2026-07-03,S03,P07,3,255
2026-07-03,S03,P08,4,476
2026-07-03,S03,P09,3,297
2026-07-03,S03,P10,6,450
2026-07-03,S03,P11,7,385
2026-07-03,S03,P12,5,275
2026-07-03,S03,P13,5,345
2026-07-03,S03,P14,4,300
2026-07-03,S03,P15,2,90
2026-07-03,S03,P16,2,178
2026-07-03,S03,P17,2,258
2026-07-03,S03,P18,1,109
2026-07-04,S03,P01,21,1659
2026-07-04,S03,P02,16,1040
2026-07-04,S03,P03,14,1330
2026-07-04,S03,P04,18,1962
2026-07-04,S03,P05,13,1495
2026-07-04,S03,P06,10,890
2026-07-04,S03,P07,3,255
2026-07-04,S03,P08,5,595
2026-07-04,S03,P09,4,396
2026-07-04,S03,P10,8,600
2026-07-04,S03,P11,8,440
2026-07-04,S03,P12,6,330
2026-07-04,S03,P13,5,345
2026-07-04,S03,P14,4,300
2026-07-04,S03,P15,2,90
2026-07-04,S03,P16,3,267
2026-07-04,S03,P17,2,258
2026-07-04,S03,P18,1,109
2026-07-05,S03,P01,17,1343
2026-07-05,S03,P02,15,975
2026-07-05,S03,P03,13,1235
2026-07-05,S03,P04,12,1308
2026-07-05,S03,P05,8,920
2026-07-05,S03,P06,8,712
2026-07-05,S03,P07,3,255
2026-07-05,S03,P08,4,476
2026-07-05,S03,P09,3,297
2026-07-05,S03,P10,5,375
2026-07-05,S03,P11,6,330
2026-07-05,S03,P12,5,275
2026-07-05,S03,P13,4,276
2026-07-05,S03,P14,3,225
2026-07-05,S03,P15,2,90
2026-07-05,S03,P16,2,178
2026-07-05,S03,P17,2,258
2026-07-05,S03,P18,1,109
2026-07-06,S03,P01,16,1264
2026-07-06,S03,P02,12,780
2026-07-06,S03,P03,11,1045
2026-07-06,S03,P04,12,1308
2026-07-06,S03,P05,7,805
2026-07-06,S03,P06,7,623
2026-07-06,S03,P07,2,170
2026-07-06,S03,P08,3,357
2026-07-06,S03,P09,3,297
2026-07-06,S03,P10,5,375
2026-07-06,S03,P11,6,330
2026-07-06,S03,P12,4,220
2026-07-06,S03,P13,4,276
2026-07-06,S03,P14,3,225
2026-07-06,S03,P15,2,90
2026-07-06,S03,P16,2,178
2026-07-06,S03,P17,2,258
2026-07-06,S03,P18,1,109
2026-07-07,S03,P01,16,1264
2026-07-07,S03,P02,14,910
2026-07-07,S03,P03,11,1045
2026-07-07,S03,P04,12,1308
2026-07-07,S03,P05,8,920
2026-07-07,S03,P06,8,712
2026-07-07,S03,P07,2,170
2026-07-07,S03,P08,3,357
2026-07-07,S03,P09,2,198
2026-07-07,S03,P10,5,375
2026-07-07,S03,P11,5,275
2026-07-07,S03,P12,5,275
2026-07-07,S03,P13,4,276
2026-07-07,S03,P14,3,225
2026-07-07,S03,P15,2,90
2026-07-07,S03,P16,2,178
2026-07-07,S03,P17,1,129
2026-07-07,S03,P18,1,109
2026-07-08,S03,P01,19,1501
2026-07-08,S03,P02,14,910
2026-07-08,S03,P03,13,1235
2026-07-08,S03,P04,13,1417
2026-07-08,S03,P05,7,805
2026-07-08,S03,P06,9,801
2026-07-08,S03,P07,3,255
2026-07-08,S03,P08,4,476
2026-07-08,S03,P09,3,297
2026-07-08,S03,P10,5,375
2026-07-08,S03,P11,7,385
2026-07-08,S03,P12,4,220
2026-07-08,S03,P13,4,276
2026-07-08,S03,P14,3,225
2026-07-08,S03,P15,2,90
2026-07-08,S03,P16,2,178
2026-07-08,S03,P17,2,258
2026-07-08,S03,P18,1,109
2026-07-09,S03,P01,19,1501
2026-07-09,S03,P02,12,780
2026-07-09,S03,P03,13,1235
2026-07-09,S03,P04,10,1090
2026-07-09,S03,P05,8,920
2026-07-09,S03,P06,9,801
2026-07-09,S03,P07,2,170
2026-07-09,S03,P08,3,357
2026-07-09,S03,P09,3,297
2026-07-09,S03,P10,4,300
2026-07-09,S03,P11,6,330
2026-07-09,S03,P12,4,220
2026-07-09,S03,P13,4,276
2026-07-09,S03,P14,3,225
2026-07-09,S03,P15,2,90
2026-07-09,S03,P16,2,178
2026-07-09,S03,P17,2,258
2026-07-09,S03,P18,1,109
2026-07-10,S03,P01,19,1501
2026-07-10,S03,P02,19,1235
2026-07-10,S03,P03,16,1520
2026-07-10,S03,P04,15,1635
2026-07-10,S03,P05,11,1265
2026-07-10,S03,P06,9,801
2026-07-10,S03,P07,3,255
2026-07-10,S03,P08,4,476
2026-07-10,S03,P09,4,396
2026-07-10,S03,P10,7,525
2026-07-10,S03,P11,8,440
2026-07-10,S03,P12,6,330
2026-07-10,S03,P13,5,345
2026-07-10,S03,P14,4,300
2026-07-10,S03,P15,3,135
2026-07-10,S03,P16,3,267
2026-07-10,S03,P17,2,258
2026-07-10,S03,P18,1,109
2026-07-11,S03,P01,24,1896
2026-07-11,S03,P02,20,1300
2026-07-11,S03,P03,15,1425
2026-07-11,S03,P04,18,1962
2026-07-11,S03,P05,12,1380
2026-07-11,S03,P06,9,801
2026-07-11,S03,P07,4,340
2026-07-11,S03,P08,5,595
2026-07-11,S03,P09,4,396
2026-07-11,S03,P10,8,600
2026-07-11,S03,P11,9,495
2026-07-11,S03,P12,6,330
2026-07-11,S03,P13,5,345
2026-07-11,S03,P14,4,300
2026-07-11,S03,P15,3,135
2026-07-11,S03,P16,3,267
2026-07-11,S03,P17,2,258
2026-07-11,S03,P18,1,109
2026-07-12,S03,P01,17,1343
2026-07-12,S03,P02,14,910
2026-07-12,S03,P03,12,1140
2026-07-12,S03,P04,11,1199
2026-07-12,S03,P05,8,920
2026-07-12,S03,P06,8,712
2026-07-12,S03,P07,2,170
2026-07-12,S03,P08,4,476
2026-07-12,S03,P09,3,297
2026-07-12,S03,P10,5,375
2026-07-12,S03,P11,6,330
2026-07-12,S03,P12,4,220
2026-07-12,S03,P13,4,276
2026-07-12,S03,P14,3,225
2026-07-12,S03,P15,2,90
2026-07-12,S03,P16,2,178
2026-07-12,S03,P17,2,258
2026-07-12,S03,P18,1,109
2026-07-13,S03,P01,15,1185
2026-07-13,S03,P02,15,975
2026-07-13,S03,P03,9,855
2026-07-13,S03,P04,15,1635
2026-07-13,S03,P05,8,920
2026-07-13,S03,P06,6,534
2026-07-13,S03,P07,2,170
2026-07-13,S03,P08,4,476
2026-07-13,S03,P09,3,297
2026-07-13,S03,P10,6,450
2026-07-13,S03,P11,5,275
2026-07-13,S03,P12,4,220
2026-07-13,S03,P13,4,276
2026-07-13,S03,P14,3,225
2026-07-13,S03,P15,2,90
2026-07-13,S03,P16,2,178
2026-07-13,S03,P17,2,258
2026-07-13,S03,P18,1,109
2026-07-14,S03,P01,15,1185
2026-07-14,S03,P02,14,910
2026-07-14,S03,P03,11,1045
2026-07-14,S03,P04,15,1635
2026-07-14,S03,P05,12,1380
2026-07-14,S03,P06,6,534
2026-07-14,S03,P07,3,255
2026-07-14,S03,P08,4,476
2026-07-14,S03,P09,2,198
2026-07-14,S03,P10,7,525
2026-07-14,S03,P11,6,330
2026-07-14,S03,P12,5,275
2026-07-14,S03,P13,4,276
2026-07-14,S03,P14,3,225
2026-07-14,S03,P15,2,90
2026-07-14,S03,P16,2,178
2026-07-14,S03,P17,2,258
2026-07-14,S03,P18,1,109
2026-07-15,S03,P01,16,1264
2026-07-15,S03,P02,13,845
2026-07-15,S03,P03,13,1235
2026-07-15,S03,P04,12,1308
2026-07-15,S03,P05,9,1035
2026-07-15,S03,P06,7,623
2026-07-15,S03,P07,3,255
2026-07-15,S03,P08,3,357
2026-07-15,S03,P09,3,297
2026-07-15,S03,P10,6,450
2026-07-15,S03,P11,6,330
2026-07-15,S03,P12,5,275
2026-07-15,S03,P13,4,276
2026-07-15,S03,P14,3,225
2026-07-15,S03,P15,2,90
2026-07-15,S03,P16,2,178
2026-07-15,S03,P17,2,258
2026-07-15,S03,P18,1,109
2026-07-16,S03,P01,14,1106
2026-07-16,S03,P02,15,975
2026-07-16,S03,P03,10,950
2026-07-16,S03,P04,17,1853
2026-07-16,S03,P05,11,1265
2026-07-16,S03,P06,7,623
2026-07-16,S03,P07,3,255
2026-07-16,S03,P08,4,476
2026-07-16,S03,P09,3,297
2026-07-16,S03,P10,7,525
2026-07-16,S03,P11,7,385
2026-07-16,S03,P12,6,330
2026-07-16,S03,P13,5,345
2026-07-16,S03,P14,4,300
2026-07-16,S03,P15,2,90
2026-07-16,S03,P16,2,178
2026-07-16,S03,P17,2,258
2026-07-16,S03,P18,1,109
2026-07-17,S03,P01,13,1027
2026-07-17,S03,P02,18,1170
2026-07-17,S03,P03,10,950
2026-07-17,S03,P04,19,2071
2026-07-17,S03,P05,16,1840
2026-07-17,S03,P06,6,534
2026-07-17,S03,P07,3,255
2026-07-17,S03,P08,5,595
2026-07-17,S03,P09,2,198
2026-07-17,S03,P10,10,750
2026-07-17,S03,P11,8,440
2026-07-17,S03,P12,6,330
2026-07-17,S03,P13,5,345
2026-07-17,S03,P14,4,300
2026-07-17,S03,P15,2,90
2026-07-17,S03,P16,3,267
2026-07-17,S03,P17,2,258
2026-07-17,S03,P18,1,109
2026-07-18,S03,P01,17,1343
2026-07-18,S03,P02,16,1040
2026-07-18,S03,P03,13,1235
2026-07-18,S03,P04,17,1853
2026-07-18,S03,P05,11,1265
2026-07-18,S03,P06,9,801
2026-07-18,S03,P07,3,255
2026-07-18,S03,P08,5,595
2026-07-18,S03,P09,3,297
2026-07-18,S03,P10,7,525
2026-07-18,S03,P11,7,385
2026-07-18,S03,P12,5,275
2026-07-18,S03,P13,5,345
2026-07-18,S03,P14,5,375
2026-07-18,S03,P15,3,135
2026-07-18,S03,P16,3,267
2026-07-18,S03,P17,2,258
2026-07-18,S03,P18,1,109
2026-07-19,S03,P01,16,1264
2026-07-19,S03,P02,14,910
2026-07-19,S03,P03,10,950
2026-07-19,S03,P04,14,1526
2026-07-19,S03,P05,9,1035
2026-07-19,S03,P06,8,712
2026-07-19,S03,P07,2,170
2026-07-19,S03,P08,4,476
2026-07-19,S03,P09,3,297
2026-07-19,S03,P10,6,450
2026-07-19,S03,P11,6,330
2026-07-19,S03,P12,5,275
2026-07-19,S03,P13,4,276
2026-07-19,S03,P14,4,300
2026-07-19,S03,P15,2,90
2026-07-19,S03,P16,2,178
2026-07-19,S03,P17,2,258
2026-07-19,S03,P18,1,109
2026-07-20,S03,P01,19,1501
2026-07-20,S03,P02,13,845
2026-07-20,S03,P03,11,1045
2026-07-20,S03,P04,11,1199
2026-07-20,S03,P05,7,805
2026-07-20,S03,P06,8,712
2026-07-20,S03,P07,2,170
2026-07-20,S03,P08,3,357
2026-07-20,S03,P09,3,297
2026-07-20,S03,P10,5,375
2026-07-20,S03,P11,5,275
2026-07-20,S03,P12,4,220
2026-07-20,S03,P13,4,276
2026-07-20,S03,P14,3,225
2026-07-20,S03,P15,2,90
2026-07-20,S03,P16,2,178
2026-07-20,S03,P17,2,258
2026-07-20,S03,P18,1,109
2026-07-21,S03,P01,18,1422
2026-07-21,S03,P02,14,910
2026-07-21,S03,P03,13,1235
2026-07-21,S03,P04,11,1199
2026-07-21,S03,P05,7,805
2026-07-21,S03,P06,8,712
2026-07-21,S03,P07,2,170
2026-07-21,S03,P08,3,357
2026-07-21,S03,P09,3,297
2026-07-21,S03,P10,5,375
2026-07-21,S03,P11,6,330
2026-07-21,S03,P12,4,220
2026-07-21,S03,P13,4,276
2026-07-21,S03,P14,3,225
2026-07-21,S03,P15,2,90
2026-07-21,S03,P16,2,178
2026-07-21,S03,P17,2,258
2026-07-21,S03,P18,1,109
2026-07-22,S03,P01,20,1580
2026-07-22,S03,P02,14,910
2026-07-22,S03,P03,11,1045
2026-07-22,S03,P04,13,1417
2026-07-22,S03,P05,9,1035
2026-07-22,S03,P06,9,801
2026-07-22,S03,P07,3,255
2026-07-22,S03,P08,4,476
2026-07-22,S03,P09,3,297
2026-07-22,S03,P10,5,375
2026-07-22,S03,P11,6,330
2026-07-22,S03,P12,5,275
2026-07-22,S03,P13,4,276
2026-07-22,S03,P14,4,300
2026-07-22,S03,P15,2,90
2026-07-22,S03,P16,3,267
2026-07-22,S03,P17,2,258
2026-07-22,S03,P18,1,109
2026-07-23,S03,P01,17,1343
2026-07-23,S03,P02,13,845
2026-07-23,S03,P03,12,1140
2026-07-23,S03,P04,10,1090
2026-07-23,S03,P05,8,920
2026-07-23,S03,P06,8,712
2026-07-23,S03,P07,2,170
2026-07-23,S03,P08,3,357
2026-07-23,S03,P09,3,297
2026-07-23,S03,P10,4,300
2026-07-23,S03,P11,7,385
2026-07-23,S03,P12,5,275
2026-07-23,S03,P13,4,276
2026-07-23,S03,P14,3,225
2026-07-23,S03,P15,2,90
2026-07-23,S03,P16,2,178
2026-07-23,S03,P17,1,129
2026-07-23,S03,P18,1,109
2026-07-24,S03,P01,22,1738
2026-07-24,S03,P02,15,975
2026-07-24,S03,P03,15,1425
2026-07-24,S03,P04,11,1199
2026-07-24,S03,P05,8,920
2026-07-24,S03,P06,9,801
2026-07-24,S03,P07,2,170
2026-07-24,S03,P08,3,357
2026-07-24,S03,P09,3,297
2026-07-24,S03,P10,6,450
2026-07-24,S03,P11,6,330
2026-07-24,S03,P12,5,275
2026-07-24,S03,P13,4,276
2026-07-24,S03,P14,4,300
2026-07-24,S03,P15,2,90
2026-07-24,S03,P16,3,267
2026-07-24,S03,P17,2,258
2026-07-24,S03,P18,1,109
2026-07-25,S03,P01,22,1738
2026-07-25,S03,P02,18,1170
2026-07-25,S03,P03,15,1425
2026-07-25,S03,P04,16,1744
2026-07-25,S03,P05,12,1380
2026-07-25,S03,P06,9,801
2026-07-25,S03,P07,3,255
2026-07-25,S03,P08,5,595
2026-07-25,S03,P09,3,297
2026-07-25,S03,P10,7,525
2026-07-25,S03,P11,8,440
2026-07-25,S03,P12,6,330
2026-07-25,S03,P13,6,414
2026-07-25,S03,P14,5,375
2026-07-25,S03,P15,3,135
2026-07-25,S03,P16,3,267
2026-07-25,S03,P17,2,258
2026-07-25,S03,P18,1,109
2026-07-26,S03,P01,15,1185
2026-07-26,S03,P02,16,1040
2026-07-26,S03,P03,10,950
2026-07-26,S03,P04,17,1853
2026-07-26,S03,P05,11,1265
2026-07-26,S03,P06,6,534
2026-07-26,S03,P07,3,255
2026-07-26,S03,P08,5,595
2026-07-26,S03,P09,3,297
2026-07-26,S03,P10,7,525
2026-07-26,S03,P11,8,440
2026-07-26,S03,P12,5,275
2026-07-26,S03,P13,4,276
2026-07-26,S03,P14,4,300
2026-07-26,S03,P15,2,90
2026-07-26,S03,P16,3,267
2026-07-26,S03,P17,2,258
2026-07-26,S03,P18,1,109
2026-07-27,S03,P01,14,1106
2026-07-27,S03,P02,12,780
2026-07-27,S03,P03,10,950
2026-07-27,S03,P04,14,1526
2026-07-27,S03,P05,9,1035
2026-07-27,S03,P06,6,534
2026-07-27,S03,P07,2,170
2026-07-27,S03,P08,3,357
2026-07-27,S03,P09,2,198
2026-07-27,S03,P10,5,375
2026-07-27,S03,P11,6,330
2026-07-27,S03,P12,4,220
2026-07-27,S03,P13,3,207
2026-07-27,S03,P14,3,225
2026-07-27,S03,P15,2,90
2026-07-27,S03,P16,2,178
2026-07-27,S03,P17,2,258
2026-07-27,S03,P18,1,109
2026-07-28,S03,P01,16,1264
2026-07-28,S03,P02,13,845
2026-07-28,S03,P03,11,1045
2026-07-28,S03,P04,13,1417
2026-07-28,S03,P05,9,1035
2026-07-28,S03,P06,7,623
2026-07-28,S03,P07,2,170
2026-07-28,S03,P08,4,476
2026-07-28,S03,P09,2,198
2026-07-28,S03,P10,6,450
2026-07-28,S03,P11,6,330
2026-07-28,S03,P12,4,220
2026-07-28,S03,P13,4,276
2026-07-28,S03,P14,3,225
2026-07-28,S03,P15,2,90
2026-07-28,S03,P16,2,178
2026-07-28,S03,P17,2,258
2026-07-28,S03,P18,1,109
2026-07-29,S03,P01,12,948
2026-07-29,S03,P02,13,845
2026-07-29,S03,P03,9,855
2026-07-29,S03,P04,16,1744
2026-07-29,S03,P05,10,1150
2026-07-29,S03,P06,6,534
2026-07-29,S03,P07,2,170
2026-07-29,S03,P08,5,595
2026-07-29,S03,P09,2,198
2026-07-29,S03,P10,6,450
2026-07-29,S03,P11,7,385
2026-07-29,S03,P12,4,220
2026-07-29,S03,P13,4,276
2026-07-29,S03,P14,3,225
2026-07-29,S03,P15,2,90
2026-07-29,S03,P16,2,178
2026-07-29,S03,P17,2,258
2026-07-29,S03,P18,1,109
2026-07-30,S03,P01,11,869
2026-07-30,S03,P02,16,1040
2026-07-30,S03,P03,6,570
2026-07-30,S03,P04,20,2180
2026-07-30,S03,P05,13,1495
2026-07-30,S03,P06,5,445
2026-07-30,S03,P07,3,255
2026-07-30,S03,P08,6,714
2026-07-30,S03,P09,2,198
2026-07-30,S03,P10,8,600
2026-07-30,S03,P11,7,385
2026-07-30,S03,P12,5,275
2026-07-30,S03,P13,4,276
2026-07-30,S03,P14,4,300
2026-07-30,S03,P15,2,90
2026-07-30,S03,P16,3,267
2026-07-30,S03,P17,2,258
2026-07-31,S03,P01,10,790
2026-07-31,S03,P02,16,1040
2026-07-31,S03,P03,6,570
2026-07-31,S03,P04,19,2071
2026-07-31,S03,P05,15,1725
2026-07-31,S03,P06,4,356
2026-07-31,S03,P07,3,255
2026-07-31,S03,P08,6,714
2026-07-31,S03,P09,1,99
2026-07-31,S03,P10,9,675
2026-07-31,S03,P11,7,385
2026-07-31,S03,P12,6,330
2026-07-31,S03,P13,4,276
2026-07-31,S03,P14,4,300
2026-07-31,S03,P15,2,90
2026-07-31,S03,P16,2,178
2026-07-31,S03,P17,2,258
2026-08-01,S03,P01,13,1027
2026-08-01,S03,P02,16,1040
2026-08-01,S03,P03,8,760
2026-08-01,S03,P04,23,2507
2026-08-01,S03,P05,15,1725
2026-08-01,S03,P06,5,445
2026-08-01,S03,P07,3,255
2026-08-01,S03,P08,7,833
2026-08-01,S03,P09,2,198
2026-08-01,S03,P10,9,675
2026-08-01,S03,P11,8,440
2026-08-01,S03,P12,5,275
2026-08-01,S03,P13,5,345
2026-08-01,S03,P14,4,300
2026-08-01,S03,P15,3,135
2026-08-01,S03,P16,3,267
2026-08-01,S03,P17,2,258
2026-08-01,S03,P18,1,109
2026-08-02,S03,P01,17,1343
2026-08-02,S03,P02,14,910
2026-08-02,S03,P03,12,1140
2026-08-02,S03,P04,14,1526
2026-08-02,S03,P05,10,1150
2026-08-02,S03,P06,8,712
2026-08-02,S03,P07,3,255
2026-08-02,S03,P08,4,476
2026-08-02,S03,P09,3,297
2026-08-02,S03,P10,6,450
2026-08-02,S03,P11,6,330
2026-08-02,S03,P12,5,275
2026-08-02,S03,P13,5,345
2026-08-02,S03,P14,4,300
2026-08-02,S03,P15,2,90
2026-08-02,S03,P16,2,178
2026-08-02,S03,P17,2,258
2026-08-02,S03,P18,1,109
2026-08-03,S03,P01,11,869
2026-08-03,S03,P02,14,910
2026-08-03,S03,P03,8,760
2026-08-03,S03,P04,19,2071
2026-08-03,S03,P05,11,1265
2026-08-03,S03,P06,4,356
2026-08-03,S03,P07,3,255
2026-08-03,S03,P08,5,595
2026-08-03,S03,P09,2,198
2026-08-03,S03,P10,7,525
2026-08-03,S03,P11,6,330
2026-08-03,S03,P12,4,220
2026-08-03,S03,P13,4,276
2026-08-03,S03,P14,3,225
2026-08-03,S03,P15,2,90
2026-08-03,S03,P16,2,178
2026-08-03,S03,P17,2,258
2026-08-04,S03,P01,6,474
2026-08-04,S03,P02,12,780
2026-08-04,S03,P03,5,475
2026-08-04,S03,P04,17,1853
2026-08-04,S03,P05,12,1380
2026-08-04,S03,P06,3,267
2026-08-04,S03,P07,3,255
2026-08-04,S03,P08,6,714
2026-08-04,S03,P09,1,99
2026-08-04,S03,P10,8,600
2026-08-04,S03,P11,6,330
2026-08-04,S03,P12,5,275
2026-08-04,S03,P13,3,207
2026-08-04,S03,P14,3,225
2026-08-04,S03,P15,2,90
2026-08-04,S03,P16,2,178
2026-08-04,S03,P17,1,129
2026-08-05,S03,P01,7,553
2026-08-05,S03,P02,14,910
2026-08-05,S03,P03,5,475
2026-08-05,S03,P04,21,2289
2026-08-05,S03,P05,14,1610
2026-08-05,S03,P06,3,267
2026-08-05,S03,P07,2,170
2026-08-05,S03,P08,5,595
2026-08-05,S03,P09,1,99
2026-08-05,S03,P10,8,600
2026-08-05,S03,P11,6,330
2026-08-05,S03,P12,5,275
2026-08-05,S03,P13,4,276
2026-08-05,S03,P14,3,225
2026-08-05,S03,P15,2,90
2026-08-05,S03,P16,2,178
2026-08-05,S03,P17,2,258
2026-08-06,S03,P01,12,948
2026-08-06,S03,P02,15,975
2026-08-06,S03,P03,8,760
2026-08-06,S03,P04,21,2289
2026-08-06,S03,P05,15,1725
2026-08-06,S03,P06,5,445
2026-08-06,S03,P07,3,255
2026-08-06,S03,P08,5,595
2026-08-06,S03,P09,2,198
2026-08-06,S03,P10,10,750
2026-08-06,S03,P11,7,385
2026-08-06,S03,P12,5,275
2026-08-06,S03,P13,5,345
2026-08-06,S03,P14,4,300
2026-08-06,S03,P15,2,90
2026-08-06,S03,P16,3,267
2026-08-06,S03,P17,2,258
2026-08-07,S03,P01,19,1501
2026-08-07,S03,P02,15,975
2026-08-07,S03,P03,12,1140
2026-08-07,S03,P04,15,1635
2026-08-07,S03,P05,10,1150
2026-08-07,S03,P06,8,712
2026-08-07,S03,P07,3,255
2026-08-07,S03,P08,4,476
2026-08-07,S03,P09,3,297
2026-08-07,S03,P10,7,525
2026-08-07,S03,P11,6,330
2026-08-07,S03,P12,5,275
2026-08-07,S03,P13,4,276
2026-08-07,S03,P14,3,225
2026-08-07,S03,P15,2,90
2026-08-07,S03,P16,3,267
2026-08-07,S03,P17,2,258
2026-08-07,S03,P18,1,109
2026-08-08,S03,P01,24,1896
2026-08-08,S03,P02,20,1300
2026-08-08,S03,P03,13,1235
2026-08-08,S03,P04,20,2180
2026-08-08,S03,P05,12,1380
2026-08-08,S03,P06,9,801
2026-08-08,S03,P07,3,255
2026-08-08,S03,P08,6,714
2026-08-08,S03,P09,4,396
2026-08-08,S03,P10,8,600
2026-08-08,S03,P11,9,495
2026-08-08,S03,P12,5,275
2026-08-08,S03,P13,5,345
2026-08-08,S03,P14,4,300
2026-08-08,S03,P15,3,135
2026-08-08,S03,P16,3,267
2026-08-08,S03,P17,2,258
2026-08-08,S03,P18,1,109
2026-08-09,S03,P01,16,1264
2026-08-09,S03,P02,16,1040
2026-08-09,S03,P03,10,950
2026-08-09,S03,P04,17,1853
2026-08-09,S03,P05,14,1610
2026-08-09,S03,P06,7,623
2026-08-09,S03,P07,3,255
2026-08-09,S03,P08,5,595
2026-08-09,S03,P09,2,198
2026-08-09,S03,P10,9,675
2026-08-09,S03,P11,7,385
2026-08-09,S03,P12,6,330
2026-08-09,S03,P13,4,276
2026-08-09,S03,P14,5,375
2026-08-09,S03,P15,2,90
2026-08-09,S03,P16,3,267
2026-08-09,S03,P17,2,258
2026-08-09,S03,P18,1,109
2026-08-10,S03,P01,11,869
2026-08-10,S03,P02,13,845
2026-08-10,S03,P03,7,665
2026-08-10,S03,P04,15,1635
2026-08-10,S03,P05,12,1380
2026-08-10,S03,P06,5,445
2026-08-10,S03,P07,3,255
2026-08-10,S03,P08,5,595
2026-08-10,S03,P09,2,198
2026-08-10,S03,P10,7,525
2026-08-10,S03,P11,6,330
2026-08-10,S03,P12,5,275
2026-08-10,S03,P13,4,276
2026-08-10,S03,P14,4,300
2026-08-10,S03,P15,2,90
2026-08-10,S03,P16,2,178
2026-08-10,S03,P17,2,258
2026-08-11,S03,P01,15,1185
2026-08-11,S03,P02,13,845
2026-08-11,S03,P03,12,1140
2026-08-11,S03,P04,15,1635
2026-08-11,S03,P05,9,1035
2026-08-11,S03,P06,7,623
2026-08-11,S03,P07,3,255
2026-08-11,S03,P08,4,476
2026-08-11,S03,P09,3,297
2026-08-11,S03,P10,7,525
2026-08-11,S03,P11,7,385
2026-08-11,S03,P12,4,220
2026-08-11,S03,P13,5,345
2026-08-11,S03,P14,3,225
2026-08-11,S03,P15,2,90
2026-08-11,S03,P16,2,178
2026-08-11,S03,P17,2,258
2026-08-11,S03,P18,1,109
2026-08-12,S03,P01,16,1264
2026-08-12,S03,P02,15,975
2026-08-12,S03,P03,12,1140
2026-08-12,S03,P04,16,1744
2026-08-12,S03,P05,10,1150
2026-08-12,S03,P06,7,623
2026-08-12,S03,P07,3,255
2026-08-12,S03,P08,4,476
2026-08-12,S03,P09,3,297
2026-08-12,S03,P10,7,525
2026-08-12,S03,P11,7,385
2026-08-12,S03,P12,5,275
2026-08-12,S03,P13,4,276
2026-08-12,S03,P14,4,300
2026-08-12,S03,P15,2,90
2026-08-12,S03,P16,2,178
2026-08-12,S03,P17,2,258
2026-08-12,S03,P18,1,109
2026-08-13,S03,P01,16,1264
2026-08-13,S03,P02,13,845
2026-08-13,S03,P03,12,1140
2026-08-13,S03,P04,14,1526
2026-08-13,S03,P05,10,1150
2026-08-13,S03,P06,7,623
2026-08-13,S03,P07,3,255
2026-08-13,S03,P08,4,476
2026-08-13,S03,P09,2,198
2026-08-13,S03,P10,6,450
2026-08-13,S03,P11,7,385
2026-08-13,S03,P12,5,275
2026-08-13,S03,P13,4,276
2026-08-13,S03,P14,3,225
2026-08-13,S03,P15,2,90
2026-08-13,S03,P16,2,178
2026-08-13,S03,P17,2,258
2026-08-13,S03,P18,1,109
2026-08-14,S03,P01,19,1501
2026-08-14,S03,P02,18,1170
2026-08-14,S03,P03,12,1140
2026-08-14,S03,P04,21,2289
2026-08-14,S03,P05,14,1610
2026-08-14,S03,P06,8,712
2026-08-14,S03,P07,3,255
2026-08-14,S03,P08,6,714
2026-08-14,S03,P09,3,297
2026-08-14,S03,P10,8,600
2026-08-14,S03,P11,7,385
2026-08-14,S03,P12,6,330
2026-08-14,S03,P13,6,414
2026-08-14,S03,P14,5,375
2026-08-14,S03,P15,3,135
2026-08-14,S03,P16,3,267
2026-08-14,S03,P17,2,258
2026-08-14,S03,P18,1,109
2026-08-15,S03,P01,14,1106
2026-08-15,S03,P02,16,1040
2026-08-15,S03,P03,10,950
2026-08-15,S03,P04,24,2616
2026-08-15,S03,P05,16,1840
2026-08-15,S03,P06,6,534
2026-08-15,S03,P07,3,255
2026-08-15,S03,P08,7,833
2026-08-15,S03,P09,2,198
2026-08-15,S03,P10,10,750
2026-08-15,S03,P11,7,385
2026-08-15,S03,P12,6,330
2026-08-15,S03,P13,6,414
2026-08-15,S03,P14,4,300
2026-08-15,S03,P15,3,135
2026-08-15,S03,P16,3,267
2026-08-15,S03,P17,2,258
2026-08-15,S03,P18,1,109
2026-08-16,S03,P01,12,948
2026-08-16,S03,P02,16,1040
2026-08-16,S03,P03,7,665
2026-08-16,S03,P04,19,2071
2026-08-16,S03,P05,13,1495
2026-08-16,S03,P06,5,445
2026-08-16,S03,P07,3,255
2026-08-16,S03,P08,5,595
2026-08-16,S03,P09,2,198
2026-08-16,S03,P10,8,600
2026-08-16,S03,P11,7,385
2026-08-16,S03,P12,5,275
2026-08-16,S03,P13,4,276
2026-08-16,S03,P14,3,225
2026-08-16,S03,P15,2,90
2026-08-16,S03,P16,2,178
2026-08-16,S03,P17,2,258
2026-08-17,S03,P01,14,1106
2026-08-17,S03,P02,11,715
2026-08-17,S03,P03,9,855
2026-08-17,S03,P04,15,1635
2026-08-17,S03,P05,10,1150
2026-08-17,S03,P06,5,445
2026-08-17,S03,P07,2,170
2026-08-17,S03,P08,4,476
2026-08-17,S03,P09,2,198
2026-08-17,S03,P10,6,450
2026-08-17,S03,P11,6,330
2026-08-17,S03,P12,4,220
2026-08-17,S03,P13,4,276
2026-08-17,S03,P14,3,225
2026-08-17,S03,P15,2,90
2026-08-17,S03,P16,2,178
2026-08-17,S03,P17,1,129
2026-08-18,S03,P01,17,1343
2026-08-18,S03,P02,12,780
2026-08-18,S03,P03,13,1235
2026-08-18,S03,P04,10,1090
2026-08-18,S03,P05,7,805
2026-08-18,S03,P06,7,623
2026-08-18,S03,P07,2,170
2026-08-18,S03,P08,3,357
2026-08-18,S03,P09,3,297
2026-08-18,S03,P10,4,300
2026-08-18,S03,P11,6,330
2026-08-18,S03,P12,4,220
2026-08-18,S03,P13,4,276
2026-08-18,S03,P14,3,225
2026-08-18,S03,P15,2,90
2026-08-18,S03,P16,2,178
2026-08-18,S03,P17,2,258
2026-08-18,S03,P18,1,109
2026-08-19,S03,P01,16,1264
2026-08-19,S03,P02,14,910
2026-08-19,S03,P03,13,1235
2026-08-19,S03,P04,12,1308
2026-08-19,S03,P05,8,920
2026-08-19,S03,P06,7,623
2026-08-19,S03,P07,2,170
2026-08-19,S03,P08,3,357
2026-08-19,S03,P09,3,297
2026-08-19,S03,P10,5,375
2026-08-19,S03,P11,6,330
2026-08-19,S03,P12,4,220
2026-08-19,S03,P13,3,207
2026-08-19,S03,P14,3,225
2026-08-19,S03,P15,2,90
2026-08-19,S03,P16,2,178
2026-08-19,S03,P17,2,258
2026-08-19,S03,P18,1,109
2026-08-20,S03,P01,12,948
2026-08-20,S03,P02,13,845
2026-08-20,S03,P03,8,760
2026-08-20,S03,P04,16,1744
2026-08-20,S03,P05,10,1150
2026-08-20,S03,P06,5,445
2026-08-20,S03,P07,3,255
2026-08-20,S03,P08,5,595
2026-08-20,S03,P09,2,198
2026-08-20,S03,P10,7,525
2026-08-20,S03,P11,6,330
2026-08-20,S03,P12,5,275
2026-08-20,S03,P13,3,207
2026-08-20,S03,P14,3,225
2026-08-20,S03,P15,2,90
2026-08-20,S03,P16,2,178
2026-08-20,S03,P17,2,258
2026-08-20,S03,P18,1,109
2026-08-21,S03,P01,21,1659
2026-08-21,S03,P02,19,1235
2026-08-21,S03,P03,14,1330
2026-08-21,S03,P04,19,2071
2026-08-21,S03,P05,12,1380
2026-08-21,S03,P06,9,801
2026-08-21,S03,P07,3,255
2026-08-21,S03,P08,5,595
2026-08-21,S03,P09,3,297
2026-08-21,S03,P10,8,600
2026-08-21,S03,P11,8,440
2026-08-21,S03,P12,6,330
2026-08-21,S03,P13,5,345
2026-08-21,S03,P14,5,375
2026-08-21,S03,P15,2,90
2026-08-21,S03,P16,3,267
2026-08-21,S03,P17,2,258
2026-08-21,S03,P18,1,109
2026-08-22,S03,P01,23,1817
2026-08-22,S03,P02,17,1105
2026-08-22,S03,P03,15,1425
2026-08-22,S03,P04,14,1526
2026-08-22,S03,P05,9,1035
2026-08-22,S03,P06,10,890
2026-08-22,S03,P07,3,255
2026-08-22,S03,P08,4,476
2026-08-22,S03,P09,4,396
2026-08-22,S03,P10,6,450
2026-08-22,S03,P11,7,385
2026-08-22,S03,P12,5,275
2026-08-22,S03,P13,5,345
2026-08-22,S03,P14,4,300
2026-08-22,S03,P15,3,135
2026-08-22,S03,P16,3,267
2026-08-22,S03,P17,2,258
2026-08-22,S03,P18,1,109
2026-08-23,S03,P01,19,1501
2026-08-23,S03,P02,13,845
2026-08-23,S03,P03,13,1235
2026-08-23,S03,P04,15,1635
2026-08-23,S03,P05,10,1150
2026-08-23,S03,P06,9,801
2026-08-23,S03,P07,2,170
2026-08-23,S03,P08,4,476
2026-08-23,S03,P09,3,297
2026-08-23,S03,P10,6,450
2026-08-23,S03,P11,6,330
2026-08-23,S03,P12,5,275
2026-08-23,S03,P13,5,345
2026-08-23,S03,P14,3,225
2026-08-23,S03,P15,2,90
2026-08-23,S03,P16,3,267
2026-08-23,S03,P17,2,258
2026-08-23,S03,P18,1,109
2026-08-24,S03,P01,16,1264
2026-08-24,S03,P02,11,715
2026-08-24,S03,P03,10,950
2026-08-24,S03,P04,12,1308
2026-08-24,S03,P05,8,920
2026-08-24,S03,P06,8,712
2026-08-24,S03,P07,2,170
2026-08-24,S03,P08,3,357
2026-08-24,S03,P09,3,297
2026-08-24,S03,P10,5,375
2026-08-24,S03,P11,6,330
2026-08-24,S03,P12,4,220
2026-08-24,S03,P13,4,276
2026-08-24,S03,P14,3,225
2026-08-24,S03,P15,2,90
2026-08-24,S03,P16,2,178
2026-08-24,S03,P17,2,258
2026-08-24,S03,P18,1,109
2026-08-25,S03,P01,21,1659
2026-08-25,S03,P02,11,715
2026-08-25,S03,P03,14,1330
2026-08-25,S03,P04,10,1090
2026-08-25,S03,P05,6,690
2026-08-25,S03,P06,10,890
2026-08-25,S03,P07,2,170
2026-08-25,S03,P08,3,357
2026-08-25,S03,P09,3,297
2026-08-25,S03,P10,4,300
2026-08-25,S03,P11,5,275
2026-08-25,S03,P12,5,275
2026-08-25,S03,P13,3,207
2026-08-25,S03,P14,3,225
2026-08-25,S03,P15,2,90
2026-08-25,S03,P16,2,178
2026-08-25,S03,P17,2,258
2026-08-25,S03,P18,1,109
2026-08-26,S03,P01,20,1580
2026-08-26,S03,P02,13,845
2026-08-26,S03,P03,14,1330
2026-08-26,S03,P04,12,1308
2026-08-26,S03,P05,8,920
2026-08-26,S03,P06,8,712
2026-08-26,S03,P07,2,170
2026-08-26,S03,P08,4,476
2026-08-26,S03,P09,3,297
2026-08-26,S03,P10,6,450
2026-08-26,S03,P11,7,385
2026-08-26,S03,P12,5,275
2026-08-26,S03,P13,4,276
2026-08-26,S03,P14,4,300
2026-08-26,S03,P15,2,90
2026-08-26,S03,P16,2,178
2026-08-26,S03,P17,2,258
2026-08-26,S03,P18,1,109
2026-08-27,S03,P01,17,1343
2026-08-27,S03,P02,15,975
2026-08-27,S03,P03,11,1045
2026-08-27,S03,P04,17,1853
2026-08-27,S03,P05,11,1265
2026-08-27,S03,P06,7,623
2026-08-27,S03,P07,3,255
2026-08-27,S03,P08,5,595
2026-08-27,S03,P09,3,297
2026-08-27,S03,P10,7,525
2026-08-27,S03,P11,6,330
2026-08-27,S03,P12,5,275
2026-08-27,S03,P13,5,345
2026-08-27,S03,P14,4,300
2026-08-27,S03,P15,2,90
2026-08-27,S03,P16,2,178
2026-08-27,S03,P17,2,258
2026-08-27,S03,P18,1,109
2026-08-28,S03,P01,15,1185
2026-08-28,S03,P02,16,1040
2026-08-28,S03,P03,9,855
2026-08-28,S03,P04,17,1853
2026-08-28,S03,P05,13,1495
2026-08-28,S03,P06,7,623
2026-08-28,S03,P07,3,255
2026-08-28,S03,P08,5,595
2026-08-28,S03,P09,2,198
2026-08-28,S03,P10,8,600
2026-08-28,S03,P11,7,385
2026-08-28,S03,P12,5,275
2026-08-28,S03,P13,4,276
2026-08-28,S03,P14,4,300
2026-08-28,S03,P15,3,135
2026-08-28,S03,P16,2,178
2026-08-28,S03,P17,2,258
2026-08-28,S03,P18,1,109
2026-08-29,S03,P01,18,1422
2026-08-29,S03,P02,16,1040
2026-08-29,S03,P03,14,1330
2026-08-29,S03,P04,15,1635
2026-08-29,S03,P05,11,1265
2026-08-29,S03,P06,8,712
2026-08-29,S03,P07,3,255
2026-08-29,S03,P08,4,476
2026-08-29,S03,P09,3,297
2026-08-29,S03,P10,7,525
2026-08-29,S03,P11,8,440
2026-08-29,S03,P12,5,275
2026-08-29,S03,P13,5,345
2026-08-29,S03,P14,4,300
2026-08-29,S03,P15,2,90
2026-08-29,S03,P16,3,267
2026-08-29,S03,P17,2,258
2026-08-29,S03,P18,1,109
2026-08-30,S03,P01,17,1343
2026-08-30,S03,P02,16,1040
2026-08-30,S03,P03,12,1140
2026-08-30,S03,P04,16,1744
2026-08-30,S03,P05,12,1380
2026-08-30,S03,P06,8,712
2026-08-30,S03,P07,3,255
2026-08-30,S03,P08,4,476
2026-08-30,S03,P09,3,297
2026-08-30,S03,P10,7,525
2026-08-30,S03,P11,7,385
2026-08-30,S03,P12,6,330
2026-08-30,S03,P13,4,276
2026-08-30,S03,P14,4,300
2026-08-30,S03,P15,2,90
2026-08-30,S03,P16,3,267
2026-08-30,S03,P17,2,258
2026-08-30,S03,P18,1,109
2026-08-31,S03,P01,13,1027
2026-08-31,S03,P02,13,845
2026-08-31,S03,P03,10,950
2026-08-31,S03,P04,12,1308
2026-08-31,S03,P05,8,920
2026-08-31,S03,P06,6,534
2026-08-31,S03,P07,2,170
2026-08-31,S03,P08,4,476
2026-08-31,S03,P09,2,198
2026-08-31,S03,P10,5,375
2026-08-31,S03,P11,5,275
2026-08-31,S03,P12,4,220
2026-08-31,S03,P13,4,276
2026-08-31,S03,P14,3,225
2026-08-31,S03,P15,2,90
2026-08-31,S03,P16,2,178
2026-08-31,S03,P17,1,129
2026-08-31,S03,P18,1,109
2026-06-01,S04,P01,10,790
2026-06-01,S04,P02,9,585
2026-06-01,S04,P03,8,760
2026-06-01,S04,P04,7,763
2026-06-01,S04,P05,4,460
2026-06-01,S04,P06,5,445
2026-06-01,S04,P07,1,85
2026-06-01,S04,P08,2,238
2026-06-01,S04,P09,2,198
2026-06-01,S04,P10,3,225
2026-06-01,S04,P11,4,220
2026-06-01,S04,P12,3,165
2026-06-01,S04,P13,2,138
2026-06-01,S04,P14,2,150
2026-06-01,S04,P15,1,45
2026-06-01,S04,P16,1,89
2026-06-01,S04,P17,1,129
2026-06-02,S04,P01,15,1185
2026-06-02,S04,P02,12,780
2026-06-02,S04,P03,9,855
2026-06-02,S04,P04,11,1199
2026-06-02,S04,P05,7,805
2026-06-02,S04,P06,7,623
2026-06-02,S04,P07,2,170
2026-06-02,S04,P08,3,357
2026-06-02,S04,P09,3,297
2026-06-02,S04,P10,5,375
2026-06-02,S04,P11,5,275
2026-06-02,S04,P12,4,220
2026-06-02,S04,P13,3,207
2026-06-02,S04,P14,3,225
2026-06-02,S04,P15,2,90
2026-06-02,S04,P16,2,178
2026-06-02,S04,P17,1,129
2026-06-02,S04,P18,1,109
2026-06-03,S04,P01,17,1343
2026-06-03,S04,P02,12,780
2026-06-03,S04,P03,10,950
2026-06-03,S04,P04,9,981
2026-06-03,S04,P05,7,805
2026-06-03,S04,P06,8,712
2026-06-03,S04,P07,2,170
2026-06-03,S04,P08,3,357
2026-06-03,S04,P09,3,297
2026-06-03,S04,P10,4,300
2026-06-03,S04,P11,5,275
2026-06-03,S04,P12,4,220
2026-06-03,S04,P13,4,276
2026-06-03,S04,P14,3,225
2026-06-03,S04,P15,2,90
2026-06-03,S04,P16,2,178
2026-06-03,S04,P17,2,258
2026-06-03,S04,P18,1,109
2026-06-04,S04,P01,15,1185
2026-06-04,S04,P02,12,780
2026-06-04,S04,P03,11,1045
2026-06-04,S04,P04,11,1199
2026-06-04,S04,P05,9,1035
2026-06-04,S04,P06,7,623
2026-06-04,S04,P07,2,170
2026-06-04,S04,P08,4,476
2026-06-04,S04,P09,2,198
2026-06-04,S04,P10,6,450
2026-06-04,S04,P11,5,275
2026-06-04,S04,P12,5,275
2026-06-04,S04,P13,4,276
2026-06-04,S04,P14,3,225
2026-06-04,S04,P15,2,90
2026-06-04,S04,P16,2,178
2026-06-04,S04,P17,1,129
2026-06-04,S04,P18,1,109
2026-06-05,S04,P01,14,1106
2026-06-05,S04,P02,10,650
2026-06-05,S04,P03,11,1045
2026-06-05,S04,P04,9,981
2026-06-05,S04,P05,5,575
2026-06-05,S04,P06,6,534
2026-06-05,S04,P07,2,170
2026-06-05,S04,P08,2,238
2026-06-05,S04,P09,3,297
2026-06-05,S04,P10,3,225
2026-06-05,S04,P11,4,220
2026-06-05,S04,P12,4,220
2026-06-05,S04,P13,3,207
2026-06-05,S04,P14,3,225
2026-06-05,S04,P15,2,90
2026-06-05,S04,P16,2,178
2026-06-05,S04,P17,1,129
2026-06-05,S04,P18,1,109
2026-06-06,S04,P01,17,1343
2026-06-06,S04,P02,13,845
2026-06-06,S04,P03,14,1330
2026-06-06,S04,P04,13,1417
2026-06-06,S04,P05,8,920
2026-06-06,S04,P06,8,712
2026-06-06,S04,P07,2,170
2026-06-06,S04,P08,3,357
2026-06-06,S04,P09,3,297
2026-06-06,S04,P10,6,450
2026-06-06,S04,P11,6,330
2026-06-06,S04,P12,5,275
2026-06-06,S04,P13,4,276
2026-06-06,S04,P14,3,225
2026-06-06,S04,P15,2,90
2026-06-06,S04,P16,2,178
2026-06-06,S04,P17,2,258
2026-06-06,S04,P18,1,109
2026-06-07,S04,P01,17,1343
2026-06-07,S04,P02,13,845
2026-06-07,S04,P03,10,950
2026-06-07,S04,P04,13,1417
2026-06-07,S04,P05,7,805
2026-06-07,S04,P06,7,623
2026-06-07,S04,P07,2,170
2026-06-07,S04,P08,4,476
2026-06-07,S04,P09,3,297
2026-06-07,S04,P10,5,375
2026-06-07,S04,P11,6,330
2026-06-07,S04,P12,5,275
2026-06-07,S04,P13,4,276
2026-06-07,S04,P14,3,225
2026-06-07,S04,P15,2,90
2026-06-07,S04,P16,2,178
2026-06-07,S04,P17,2,258
2026-06-07,S04,P18,1,109
2026-06-08,S04,P01,11,869
2026-06-08,S04,P02,10,650
2026-06-08,S04,P03,9,855
2026-06-08,S04,P04,11,1199
2026-06-08,S04,P05,8,920
2026-06-08,S04,P06,5,445
2026-06-08,S04,P07,2,170
2026-06-08,S04,P08,3,357
2026-06-08,S04,P09,2,198
2026-06-08,S04,P10,5,375
2026-06-08,S04,P11,5,275
2026-06-08,S04,P12,4,220
2026-06-08,S04,P13,3,207
2026-06-08,S04,P14,3,225
2026-06-08,S04,P15,2,90
2026-06-08,S04,P16,2,178
2026-06-08,S04,P17,2,258
2026-06-08,S04,P18,1,109
2026-06-09,S04,P01,15,1185
2026-06-09,S04,P02,10,650
2026-06-09,S04,P03,9,855
2026-06-09,S04,P04,8,872
2026-06-09,S04,P05,6,690
2026-06-09,S04,P06,7,623
2026-06-09,S04,P07,2,170
2026-06-09,S04,P08,2,238
2026-06-09,S04,P09,2,198
2026-06-09,S04,P10,3,225
2026-06-09,S04,P11,5,275
2026-06-09,S04,P12,3,165
2026-06-09,S04,P13,3,207
2026-06-09,S04,P14,2,150
2026-06-09,S04,P15,1,45
2026-06-09,S04,P16,2,178
2026-06-09,S04,P17,1,129
2026-06-09,S04,P18,1,109
2026-06-10,S04,P01,14,1106
2026-06-10,S04,P02,10,650
2026-06-10,S04,P03,12,1140
2026-06-10,S04,P04,6,654
2026-06-10,S04,P05,5,575
2026-06-10,S04,P06,6,534
2026-06-10,S04,P07,2,170
2026-06-10,S04,P08,2,238
2026-06-10,S04,P09,3,297
2026-06-10,S04,P10,3,225
2026-06-10,S04,P11,4,220
2026-06-10,S04,P12,3,165
2026-06-10,S04,P13,3,207
2026-06-10,S04,P14,2,150
2026-06-10,S04,P15,2,90
2026-06-10,S04,P16,2,178
2026-06-10,S04,P17,1,129
2026-06-10,S04,P18,1,109
2026-06-11,S04,P01,15,1185
2026-06-11,S04,P02,11,715
2026-06-11,S04,P03,10,950
2026-06-11,S04,P04,8,872
2026-06-11,S04,P05,4,460
2026-06-11,S04,P06,7,623
2026-06-11,S04,P07,2,170
2026-06-11,S04,P08,2,238
2026-06-11,S04,P09,2,198
2026-06-11,S04,P10,3,225
2026-06-11,S04,P11,4,220
2026-06-11,S04,P12,3,165
2026-06-11,S04,P13,3,207
2026-06-11,S04,P14,2,150
2026-06-11,S04,P15,1,45
2026-06-11,S04,P16,2,178
2026-06-11,S04,P17,1,129
2026-06-11,S04,P18,1,109
2026-06-12,S04,P01,20,1580
2026-06-12,S04,P02,12,780
2026-06-12,S04,P03,12,1140
2026-06-12,S04,P04,9,981
2026-06-12,S04,P05,5,575
2026-06-12,S04,P06,8,712
2026-06-12,S04,P07,2,170
2026-06-12,S04,P08,3,357
2026-06-12,S04,P09,3,297
2026-06-12,S04,P10,3,225
2026-06-12,S04,P11,6,330
2026-06-12,S04,P12,4,220
2026-06-12,S04,P13,4,276
2026-06-12,S04,P14,3,225
2026-06-12,S04,P15,2,90
2026-06-12,S04,P16,2,178
2026-06-12,S04,P17,1,129
2026-06-12,S04,P18,1,109
2026-06-13,S04,P01,20,1580
2026-06-13,S04,P02,14,910
2026-06-13,S04,P03,13,1235
2026-06-13,S04,P04,12,1308
2026-06-13,S04,P05,10,1150
2026-06-13,S04,P06,8,712
2026-06-13,S04,P07,3,255
2026-06-13,S04,P08,4,476
2026-06-13,S04,P09,3,297
2026-06-13,S04,P10,5,375
2026-06-13,S04,P11,6,330
2026-06-13,S04,P12,5,275
2026-06-13,S04,P13,4,276
2026-06-13,S04,P14,3,225
2026-06-13,S04,P15,2,90
2026-06-13,S04,P16,2,178
2026-06-13,S04,P17,2,258
2026-06-13,S04,P18,1,109
2026-06-14,S04,P01,20,1580
2026-06-14,S04,P02,14,910
2026-06-14,S04,P03,13,1235
2026-06-14,S04,P04,10,1090
2026-06-14,S04,P05,6,690
2026-06-14,S04,P06,10,890
2026-06-14,S04,P07,2,170
2026-06-14,S04,P08,3,357
2026-06-14,S04,P09,3,297
2026-06-14,S04,P10,5,375
2026-06-14,S04,P11,6,330
2026-06-14,S04,P12,4,220
2026-06-14,S04,P13,4,276
2026-06-14,S04,P14,3,225
2026-06-14,S04,P15,2,90
2026-06-14,S04,P16,2,178
2026-06-14,S04,P17,2,258
2026-06-14,S04,P18,1,109
2026-06-15,S04,P01,15,1185
2026-06-15,S04,P02,9,585
2026-06-15,S04,P03,10,950
2026-06-15,S04,P04,8,872
2026-06-15,S04,P05,5,575
2026-06-15,S04,P06,6,534
2026-06-15,S04,P07,2,170
2026-06-15,S04,P08,2,238
2026-06-15,S04,P09,2,198
2026-06-15,S04,P10,3,225
2026-06-15,S04,P11,4,220
2026-06-15,S04,P12,3,165
2026-06-15,S04,P13,3,207
2026-06-15,S04,P14,2,150
2026-06-15,S04,P15,1,45
2026-06-15,S04,P16,2,178
2026-06-15,S04,P17,1,129
2026-06-15,S04,P18,1,109
2026-06-16,S04,P01,14,1106
2026-06-16,S04,P02,11,715
2026-06-16,S04,P03,10,950
2026-06-16,S04,P04,9,981
2026-06-16,S04,P05,7,805
2026-06-16,S04,P06,6,534
2026-06-16,S04,P07,2,170
2026-06-16,S04,P08,3,357
2026-06-16,S04,P09,2,198
2026-06-16,S04,P10,4,300
2026-06-16,S04,P11,5,275
2026-06-16,S04,P12,4,220
2026-06-16,S04,P13,3,207
2026-06-16,S04,P14,3,225
2026-06-16,S04,P15,2,90
2026-06-16,S04,P16,2,178
2026-06-16,S04,P17,1,129
2026-06-16,S04,P18,1,109
2026-06-17,S04,P01,11,869
2026-06-17,S04,P02,11,715
2026-06-17,S04,P03,8,760
2026-06-17,S04,P04,13,1417
2026-06-17,S04,P05,8,920
2026-06-17,S04,P06,5,445
2026-06-17,S04,P07,2,170
2026-06-17,S04,P08,3,357
2026-06-17,S04,P09,2,198
2026-06-17,S04,P10,6,450
2026-06-17,S04,P11,6,330
2026-06-17,S04,P12,4,220
2026-06-17,S04,P13,3,207
2026-06-17,S04,P14,3,225
2026-06-17,S04,P15,2,90
2026-06-17,S04,P16,2,178
2026-06-17,S04,P17,1,129
2026-06-18,S04,P01,12,948
2026-06-18,S04,P02,14,910
2026-06-18,S04,P03,9,855
2026-06-18,S04,P04,17,1853
2026-06-18,S04,P05,12,1380
2026-06-18,S04,P06,6,534
2026-06-18,S04,P07,3,255
2026-06-18,S04,P08,5,595
2026-06-18,S04,P09,2,198
2026-06-18,S04,P10,8,600
2026-06-18,S04,P11,7,385
2026-06-18,S04,P12,5,275
2026-06-18,S04,P13,4,276
2026-06-18,S04,P14,4,300
2026-06-18,S04,P15,2,90
2026-06-18,S04,P16,2,178
2026-06-18,S04,P17,2,258
2026-06-18,S04,P18,1,109
2026-06-19,S04,P01,10,790
2026-06-19,S04,P02,15,975
2026-06-19,S04,P03,6,570
2026-06-19,S04,P04,20,2180
2026-06-19,S04,P05,12,1380
2026-06-19,S04,P06,5,445
2026-06-19,S04,P07,3,255
2026-06-19,S04,P08,5,595
2026-06-19,S04,P09,2,198
2026-06-19,S04,P10,7,525
2026-06-19,S04,P11,6,330
2026-06-19,S04,P12,4,220
2026-06-19,S04,P13,4,276
2026-06-19,S04,P14,3,225
2026-06-19,S04,P15,2,90
2026-06-19,S04,P16,3,267
2026-06-19,S04,P17,2,258
2026-06-20,S04,P01,12,948
2026-06-20,S04,P02,13,845
2026-06-20,S04,P03,7,665
2026-06-20,S04,P04,19,2071
2026-06-20,S04,P05,10,1150
2026-06-20,S04,P06,5,445
2026-06-20,S04,P07,2,170
2026-06-20,S04,P08,5,595
2026-06-20,S04,P09,2,198
2026-06-20,S04,P10,8,600
2026-06-20,S04,P11,6,330
2026-06-20,S04,P12,5,275
2026-06-20,S04,P13,4,276
2026-06-20,S04,P14,3,225
2026-06-20,S04,P15,2,90
2026-06-20,S04,P16,2,178
2026-06-20,S04,P17,2,258
2026-06-21,S04,P01,10,790
2026-06-21,S04,P02,12,780
2026-06-21,S04,P03,7,665
2026-06-21,S04,P04,16,1744
2026-06-21,S04,P05,11,1265
2026-06-21,S04,P06,5,445
2026-06-21,S04,P07,3,255
2026-06-21,S04,P08,5,595
2026-06-21,S04,P09,2,198
2026-06-21,S04,P10,8,600
2026-06-21,S04,P11,7,385
2026-06-21,S04,P12,4,220
2026-06-21,S04,P13,4,276
2026-06-21,S04,P14,3,225
2026-06-21,S04,P15,2,90
2026-06-21,S04,P16,2,178
2026-06-21,S04,P17,2,258
2026-06-22,S04,P01,10,790
2026-06-22,S04,P02,11,715
2026-06-22,S04,P03,8,760
2026-06-22,S04,P04,12,1308
2026-06-22,S04,P05,8,920
2026-06-22,S04,P06,5,445
2026-06-22,S04,P07,2,170
2026-06-22,S04,P08,3,357
2026-06-22,S04,P09,2,198
2026-06-22,S04,P10,5,375
2026-06-22,S04,P11,5,275
2026-06-22,S04,P12,3,165
2026-06-22,S04,P13,3,207
2026-06-22,S04,P14,2,150
2026-06-22,S04,P15,2,90
2026-06-22,S04,P16,2,178
2026-06-22,S04,P17,1,129
2026-06-23,S04,P01,11,869
2026-06-23,S04,P02,13,845
2026-06-23,S04,P03,7,665
2026-06-23,S04,P04,14,1526
2026-06-23,S04,P05,10,1150
2026-06-23,S04,P06,5,445
2026-06-23,S04,P07,2,170
2026-06-23,S04,P08,4,476
2026-06-23,S04,P09,2,198
2026-06-23,S04,P10,6,450
2026-06-23,S04,P11,5,275
2026-06-23,S04,P12,4,220
2026-06-23,S04,P13,4,276
2026-06-23,S04,P14,3,225
2026-06-23,S04,P15,2,90
2026-06-23,S04,P16,2,178
2026-06-23,S04,P17,2,258
2026-06-24,S04,P01,9,711
2026-06-24,S04,P02,11,715
2026-06-24,S04,P03,7,665
2026-06-24,S04,P04,14,1526
2026-06-24,S04,P05,11,1265
2026-06-24,S04,P06,4,356
2026-06-24,S04,P07,2,170
2026-06-24,S04,P08,4,476
2026-06-24,S04,P09,1,99
2026-06-24,S04,P10,6,450
2026-06-24,S04,P11,6,330
2026-06-24,S04,P12,4,220
2026-06-24,S04,P13,4,276
2026-06-24,S04,P14,3,225
2026-06-24,S04,P15,2,90
2026-06-24,S04,P16,2,178
2026-06-24,S04,P17,2,258
2026-06-25,S04,P01,9,711
2026-06-25,S04,P02,11,715
2026-06-25,S04,P03,6,570
2026-06-25,S04,P04,17,1853
2026-06-25,S04,P05,11,1265
2026-06-25,S04,P06,4,356
2026-06-25,S04,P07,2,170
2026-06-25,S04,P08,4,476
2026-06-25,S04,P09,1,99
2026-06-25,S04,P10,7,525
2026-06-25,S04,P11,6,330
2026-06-25,S04,P12,4,220
2026-06-25,S04,P13,3,207
2026-06-25,S04,P14,3,225
2026-06-25,S04,P15,2,90
2026-06-25,S04,P16,2,178
2026-06-25,S04,P17,2,258
2026-06-26,S04,P01,8,632
2026-06-26,S04,P02,14,910
2026-06-26,S04,P03,6,570
2026-06-26,S04,P04,18,1962
2026-06-26,S04,P05,13,1495
2026-06-26,S04,P06,4,356
2026-06-26,S04,P07,2,170
2026-06-26,S04,P08,6,714
2026-06-26,S04,P09,1,99
2026-06-26,S04,P10,8,600
2026-06-26,S04,P11,7,385
2026-06-26,S04,P12,5,275
2026-06-26,S04,P13,5,345
2026-06-26,S04,P14,4,300
2026-06-26,S04,P15,2,90
2026-06-26,S04,P16,2,178
2026-06-26,S04,P17,2,258
2026-06-27,S04,P01,8,632
2026-06-27,S04,P02,15,975
2026-06-27,S04,P03,6,570
2026-06-27,S04,P04,21,2289
2026-06-27,S04,P05,14,1610
2026-06-27,S04,P06,3,267
2026-06-27,S04,P07,3,255
2026-06-27,S04,P08,6,714
2026-06-27,S04,P09,1,99
2026-06-27,S04,P10,9,675
2026-06-27,S04,P11,6,330
2026-06-27,S04,P12,4,220
2026-06-27,S04,P13,4,276
2026-06-27,S04,P14,3,225
2026-06-27,S04,P15,2,90
2026-06-27,S04,P16,2,178
2026-06-27,S04,P17,2,258
2026-06-28,S04,P01,6,474
2026-06-28,S04,P02,13,845
2026-06-28,S04,P03,4,380
2026-06-28,S04,P04,18,1962
2026-06-28,S04,P05,12,1380
2026-06-28,S04,P06,2,178
2026-06-28,S04,P07,2,170
2026-06-28,S04,P08,5,595
2026-06-28,S04,P09,1,99
2026-06-28,S04,P10,8,600
2026-06-28,S04,P11,5,275
2026-06-28,S04,P12,4,220
2026-06-28,S04,P13,4,276
2026-06-28,S04,P14,3,225
2026-06-28,S04,P15,2,90
2026-06-28,S04,P16,2,178
2026-06-28,S04,P17,2,258
2026-06-29,S04,P01,9,711
2026-06-29,S04,P02,10,650
2026-06-29,S04,P03,5,475
2026-06-29,S04,P04,11,1199
2026-06-29,S04,P05,9,1035
2026-06-29,S04,P06,4,356
2026-06-29,S04,P07,2,170
2026-06-29,S04,P08,3,357
2026-06-29,S04,P09,1,99
2026-06-29,S04,P10,5,375
2026-06-29,S04,P11,4,220
2026-06-29,S04,P12,3,165
2026-06-29,S04,P13,3,207
2026-06-29,S04,P14,3,225
2026-06-29,S04,P15,2,90
2026-06-29,S04,P16,2,178
2026-06-29,S04,P17,1,129
2026-06-30,S04,P01,11,869
2026-06-30,S04,P02,10,650
2026-06-30,S04,P03,7,665
2026-06-30,S04,P04,13,1417
2026-06-30,S04,P05,8,920
2026-06-30,S04,P06,4,356
2026-06-30,S04,P07,2,170
2026-06-30,S04,P08,3,357
2026-06-30,S04,P09,2,198
2026-06-30,S04,P10,4,300
2026-06-30,S04,P11,5,275
2026-06-30,S04,P12,4,220
2026-06-30,S04,P13,3,207
2026-06-30,S04,P14,2,150
2026-06-30,S04,P15,2,90
2026-06-30,S04,P16,2,178
2026-06-30,S04,P17,1,129
2026-07-01,S04,P01,10,790
2026-07-01,S04,P02,9,585
2026-07-01,S04,P03,7,665
2026-07-01,S04,P04,8,872
2026-07-01,S04,P05,6,690
2026-07-01,S04,P06,4,356
2026-07-01,S04,P07,2,170
2026-07-01,S04,P08,2,238
2026-07-01,S04,P09,2,198
2026-07-01,S04,P10,4,300
2026-07-01,S04,P11,3,165
2026-07-01,S04,P12,3,165
2026-07-01,S04,P13,2,138
2026-07-01,S04,P14,2,150
2026-07-01,S04,P15,1,45
2026-07-01,S04,P16,1,89
2026-07-01,S04,P17,1,129
2026-07-02,S04,P01,16,1264
2026-07-02,S04,P02,14,910
2026-07-02,S04,P03,10,950
2026-07-02,S04,P04,13,1417
2026-07-02,S04,P05,8,920
2026-07-02,S04,P06,7,623
2026-07-02,S04,P07,2,170
2026-07-02,S04,P08,4,476
2026-07-02,S04,P09,2,198
2026-07-02,S04,P10,6,450
2026-07-02,S04,P11,5,275
2026-07-02,S04,P12,5,275
2026-07-02,S04,P13,4,276
2026-07-02,S04,P14,3,225
2026-07-02,S04,P15,2,90
2026-07-02,S04,P16,2,178
2026-07-02,S04,P17,2,258
2026-07-02,S04,P18,1,109
2026-07-03,S04,P01,15,1185
2026-07-03,S04,P02,13,845
2026-07-03,S04,P03,12,1140
2026-07-03,S04,P04,13,1417
2026-07-03,S04,P05,8,920
2026-07-03,S04,P06,6,534
2026-07-03,S04,P07,2,170
2026-07-03,S04,P08,4,476
2026-07-03,S04,P09,2,198
2026-07-03,S04,P10,6,450
2026-07-03,S04,P11,7,385
2026-07-03,S04,P12,4,220
2026-07-03,S04,P13,4,276
2026-07-03,S04,P14,3,225
2026-07-03,S04,P15,2,90
2026-07-03,S04,P16,2,178
2026-07-03,S04,P17,2,258
2026-07-03,S04,P18,1,109
2026-07-04,S04,P01,17,1343
2026-07-04,S04,P02,16,1040
2026-07-04,S04,P03,12,1140
2026-07-04,S04,P04,14,1526
2026-07-04,S04,P05,9,1035
2026-07-04,S04,P06,9,801
2026-07-04,S04,P07,3,255
2026-07-04,S04,P08,4,476
2026-07-04,S04,P09,3,297
2026-07-04,S04,P10,5,375
2026-07-04,S04,P11,6,330
2026-07-04,S04,P12,5,275
2026-07-04,S04,P13,4,276
2026-07-04,S04,P14,4,300
2026-07-04,S04,P15,2,90
2026-07-04,S04,P16,2,178
2026-07-04,S04,P17,2,258
2026-07-04,S04,P18,1,109
2026-07-05,S04,P01,16,1264
2026-07-05,S04,P02,14,910
2026-07-05,S04,P03,10,950
2026-07-05,S04,P04,14,1526
2026-07-05,S04,P05,9,1035
2026-07-05,S04,P06,8,712
2026-07-05,S04,P07,2,170
2026-07-05,S04,P08,3,357
2026-07-05,S04,P09,3,297
2026-07-05,S04,P10,5,375
2026-07-05,S04,P11,7,385
2026-07-05,S04,P12,4,220
2026-07-05,S04,P13,4,276
2026-07-05,S04,P14,3,225
2026-07-05,S04,P15,2,90
2026-07-05,S04,P16,2,178
2026-07-05,S04,P17,2,258
2026-07-05,S04,P18,1,109
2026-07-06,S04,P01,14,1106
2026-07-06,S04,P02,11,715
2026-07-06,S04,P03,9,855
2026-07-06,S04,P04,10,1090
2026-07-06,S04,P05,7,805
2026-07-06,S04,P06,6,534
2026-07-06,S04,P07,2,170
2026-07-06,S04,P08,3,357
2026-07-06,S04,P09,2,198
2026-07-06,S04,P10,5,375
2026-07-06,S04,P11,4,220
2026-07-06,S04,P12,4,220
2026-07-06,S04,P13,3,207
2026-07-06,S04,P14,2,150
2026-07-06,S04,P15,1,45
2026-07-06,S04,P16,2,178
2026-07-06,S04,P17,1,129
2026-07-06,S04,P18,1,109
2026-07-07,S04,P01,13,1027
2026-07-07,S04,P02,13,845
2026-07-07,S04,P03,9,855
2026-07-07,S04,P04,13,1417
2026-07-07,S04,P05,10,1150
2026-07-07,S04,P06,6,534
2026-07-07,S04,P07,2,170
2026-07-07,S04,P08,4,476
2026-07-07,S04,P09,2,198
2026-07-07,S04,P10,6,450
2026-07-07,S04,P11,5,275
2026-07-07,S04,P12,4,220
2026-07-07,S04,P13,3,207
2026-07-07,S04,P14,3,225
2026-07-07,S04,P15,2,90
2026-07-07,S04,P16,2,178
2026-07-07,S04,P17,1,129
2026-07-07,S04,P18,1,109
2026-07-08,S04,P01,14,1106
2026-07-08,S04,P02,12,780
2026-07-08,S04,P03,10,950
2026-07-08,S04,P04,12,1308
2026-07-08,S04,P05,9,1035
2026-07-08,S04,P06,6,534
2026-07-08,S04,P07,2,170
2026-07-08,S04,P08,4,476
2026-07-08,S04,P09,3,297
2026-07-08,S04,P10,5,375
2026-07-08,S04,P11,5,275
2026-07-08,S04,P12,4,220
2026-07-08,S04,P13,4,276
2026-07-08,S04,P14,3,225
2026-07-08,S04,P15,2,90
2026-07-08,S04,P16,2,178
2026-07-08,S04,P17,2,258
2026-07-08,S04,P18,1,109
2026-07-09,S04,P01,15,1185
2026-07-09,S04,P02,15,975
2026-07-09,S04,P03,11,1045
2026-07-09,S04,P04,15,1635
2026-07-09,S04,P05,9,1035
2026-07-09,S04,P06,6,534
2026-07-09,S04,P07,2,170
2026-07-09,S04,P08,4,476
2026-07-09,S04,P09,2,198
2026-07-09,S04,P10,5,375
2026-07-09,S04,P11,5,275
2026-07-09,S04,P12,5,275
2026-07-09,S04,P13,4,276
2026-07-09,S04,P14,4,300
2026-07-09,S04,P15,2,90
2026-07-09,S04,P16,2,178
2026-07-09,S04,P17,2,258
2026-07-09,S04,P18,1,109
2026-07-10,S04,P01,14,1106
2026-07-10,S04,P02,15,975
2026-07-10,S04,P03,11,1045
2026-07-10,S04,P04,17,1853
2026-07-10,S04,P05,10,1150
2026-07-10,S04,P06,6,534
2026-07-10,S04,P07,3,255
2026-07-10,S04,P08,5,595
2026-07-10,S04,P09,3,297
2026-07-10,S04,P10,8,600
2026-07-10,S04,P11,6,330
2026-07-10,S04,P12,5,275
2026-07-10,S04,P13,5,345
2026-07-10,S04,P14,4,300
2026-07-10,S04,P15,2,90
2026-07-10,S04,P16,3,267
2026-07-10,S04,P17,2,258
2026-07-10,S04,P18,1,109
2026-07-11,S04,P01,15,1185
2026-07-11,S04,P02,16,1040
2026-07-11,S04,P03,11,1045
2026-07-11,S04,P04,17,1853
2026-07-11,S04,P05,13,1495
2026-07-11,S04,P06,8,712
2026-07-11,S04,P07,3,255
2026-07-11,S04,P08,5,595
2026-07-11,S04,P09,3,297
2026-07-11,S04,P10,9,675
2026-07-11,S04,P11,7,385
2026-07-11,S04,P12,6,330
2026-07-11,S04,P13,5,345
2026-07-11,S04,P14,4,300
2026-07-11,S04,P15,2,90
2026-07-11,S04,P16,3,267
2026-07-11,S04,P17,2,258
2026-07-11,S04,P18,1,109
2026-07-12,S04,P01,14,1106
2026-07-12,S04,P02,15,975
2026-07-12,S04,P03,8,760
2026-07-12,S04,P04,15,1635
2026-07-12,S04,P05,11,1265
2026-07-12,S04,P06,7,623
2026-07-12,S04,P07,2,170
2026-07-12,S04,P08,4,476
2026-07-12,S04,P09,2,198
2026-07-12,S04,P10,7,525
2026-07-12,S04,P11,6,330
2026-07-12,S04,P12,4,220
2026-07-12,S04,P13,4,276
2026-07-12,S04,P14,3,225
2026-07-12,S04,P15,2,90
2026-07-12,S04,P16,2,178
2026-07-12,S04,P17,1,129
2026-07-12,S04,P18,1,109
2026-07-13,S04,P01,9,711
2026-07-13,S04,P02,12,780
2026-07-13,S04,P03,6,570
2026-07-13,S04,P04,14,1526
2026-07-13,S04,P05,8,920
2026-07-13,S04,P06,4,356
2026-07-13,S04,P07,2,170
2026-07-13,S04,P08,4,476
2026-07-13,S04,P09,2,198
2026-07-13,S04,P10,6,450
2026-07-13,S04,P11,4,220
2026-07-13,S04,P12,4,220
2026-07-13,S04,P13,3,207
2026-07-13,S04,P14,3,225
2026-07-13,S04,P15,1,45
2026-07-13,S04,P16,2,178
2026-07-13,S04,P17,1,129
2026-07-14,S04,P01,10,790
2026-07-14,S04,P02,10,650
2026-07-14,S04,P03,6,570
2026-07-14,S04,P04,12,1308
2026-07-14,S04,P05,9,1035
2026-07-14,S04,P06,4,356
2026-07-14,S04,P07,2,170
2026-07-14,S04,P08,3,357
2026-07-14,S04,P09,1,99
2026-07-14,S04,P10,5,375
2026-07-14,S04,P11,5,275
2026-07-14,S04,P12,4,220
2026-07-14,S04,P13,3,207
2026-07-14,S04,P14,3,225
2026-07-14,S04,P15,2,90
2026-07-14,S04,P16,2,178
2026-07-14,S04,P17,1,129
2026-07-15,S04,P01,14,1106
2026-07-15,S04,P02,12,780
2026-07-15,S04,P03,9,855
2026-07-15,S04,P04,15,1635
2026-07-15,S04,P05,9,1035
2026-07-15,S04,P06,6,534
2026-07-15,S04,P07,3,255
2026-07-15,S04,P08,4,476
2026-07-15,S04,P09,3,297
2026-07-15,S04,P10,5,375
2026-07-15,S04,P11,5,275
2026-07-15,S04,P12,4,220
2026-07-15,S04,P13,3,207
2026-07-15,S04,P14,3,225
2026-07-15,S04,P15,2,90
2026-07-15,S04,P16,2,178
2026-07-15,S04,P17,2,258
2026-07-15,S04,P18,1,109
2026-07-16,S04,P01,13,1027
2026-07-16,S04,P02,11,715
2026-07-16,S04,P03,8,760
2026-07-16,S04,P04,15,1635
2026-07-16,S04,P05,9,1035
2026-07-16,S04,P06,5,445
2026-07-16,S04,P07,2,170
2026-07-16,S04,P08,4,476
2026-07-16,S04,P09,2,198
2026-07-16,S04,P10,6,450
2026-07-16,S04,P11,6,330
2026-07-16,S04,P12,4,220
2026-07-16,S04,P13,3,207
2026-07-16,S04,P14,3,225
2026-07-16,S04,P15,2,90
2026-07-16,S04,P16,2,178
2026-07-16,S04,P17,2,258
2026-07-17,S04,P01,13,1027
2026-07-17,S04,P02,14,910
2026-07-17,S04,P03,8,760
2026-07-17,S04,P04,14,1526
2026-07-17,S04,P05,11,1265
2026-07-17,S04,P06,6,534
2026-07-17,S04,P07,2,170
2026-07-17,S04,P08,5,595
2026-07-17,S04,P09,2,198
2026-07-17,S04,P10,7,525
2026-07-17,S04,P11,7,385
2026-07-17,S04,P12,5,275
2026-07-17,S04,P13,4,276
2026-07-17,S04,P14,4,300
2026-07-17,S04,P15,2,90
2026-07-17,S04,P16,2,178
2026-07-17,S04,P17,2,258
2026-07-17,S04,P18,1,109
2026-07-18,S04,P01,14,1106
2026-07-18,S04,P02,11,715
2026-07-18,S04,P03,10,950
2026-07-18,S04,P04,14,1526
2026-07-18,S04,P05,9,1035
2026-07-18,S04,P06,7,623
2026-07-18,S04,P07,2,170
2026-07-18,S04,P08,4,476
2026-07-18,S04,P09,2,198
2026-07-18,S04,P10,6,450
2026-07-18,S04,P11,6,330
2026-07-18,S04,P12,4,220
2026-07-18,S04,P13,4,276
2026-07-18,S04,P14,3,225
2026-07-18,S04,P15,2,90
2026-07-18,S04,P16,2,178
2026-07-18,S04,P17,2,258
2026-07-18,S04,P18,1,109
2026-07-19,S04,P01,13,1027
2026-07-19,S04,P02,10,650
2026-07-19,S04,P03,9,855
2026-07-19,S04,P04,8,872
2026-07-19,S04,P05,6,690
2026-07-19,S04,P06,6,534
2026-07-19,S04,P07,2,170
2026-07-19,S04,P08,2,238
2026-07-19,S04,P09,2,198
2026-07-19,S04,P10,3,225
2026-07-19,S04,P11,5,275
2026-07-19,S04,P12,3,165
2026-07-19,S04,P13,3,207
2026-07-19,S04,P14,3,225
2026-07-19,S04,P15,1,45
2026-07-19,S04,P16,2,178
2026-07-19,S04,P17,1,129
2026-07-19,S04,P18,1,109
2026-07-20,S04,P01,13,1027
2026-07-20,S04,P02,10,650
2026-07-20,S04,P03,10,950
2026-07-20,S04,P04,9,981
2026-07-20,S04,P05,7,805
2026-07-20,S04,P06,6,534
2026-07-20,S04,P07,2,170
2026-07-20,S04,P08,3,357
2026-07-20,S04,P09,2,198
2026-07-20,S04,P10,4,300
2026-07-20,S04,P11,5,275
2026-07-20,S04,P12,4,220
2026-07-20,S04,P13,3,207
2026-07-20,S04,P14,3,225
2026-07-20,S04,P15,2,90
2026-07-20,S04,P16,2,178
2026-07-20,S04,P17,1,129
2026-07-20,S04,P18,1,109
2026-07-21,S04,P01,14,1106
2026-07-21,S04,P02,11,715
2026-07-21,S04,P03,11,1045
2026-07-21,S04,P04,10,1090
2026-07-21,S04,P05,6,690
2026-07-21,S04,P06,6,534
2026-07-21,S04,P07,2,170
2026-07-21,S04,P08,3,357
2026-07-21,S04,P09,3,297
2026-07-21,S04,P10,4,300
2026-07-21,S04,P11,5,275
2026-07-21,S04,P12,4,220
2026-07-21,S04,P13,4,276
2026-07-21,S04,P14,3,225
2026-07-21,S04,P15,2,90
2026-07-21,S04,P16,2,178
2026-07-21,S04,P17,1,129
2026-07-21,S04,P18,1,109
2026-07-22,S04,P01,16,1264
2026-07-22,S04,P02,13,845
2026-07-22,S04,P03,11,1045
2026-07-22,S04,P04,10,1090
2026-07-22,S04,P05,7,805
2026-07-22,S04,P06,7,623
2026-07-22,S04,P07,2,170
2026-07-22,S04,P08,3,357
2026-07-22,S04,P09,3,297
2026-07-22,S04,P10,4,300
2026-07-22,S04,P11,5,275
2026-07-22,S04,P12,4,220
2026-07-22,S04,P13,3,207
2026-07-22,S04,P14,3,225
2026-07-22,S04,P15,2,90
2026-07-22,S04,P16,2,178
2026-07-22,S04,P17,1,129
2026-07-22,S04,P18,1,109
2026-07-23,S04,P01,17,1343
2026-07-23,S04,P02,13,845
2026-07-23,S04,P03,12,1140
2026-07-23,S04,P04,9,981
2026-07-23,S04,P05,7,805
2026-07-23,S04,P06,8,712
2026-07-23,S04,P07,2,170
2026-07-23,S04,P08,3,357
2026-07-23,S04,P09,3,297
2026-07-23,S04,P10,4,300
2026-07-23,S04,P11,5,275
2026-07-23,S04,P12,4,220
2026-07-23,S04,P13,4,276
2026-07-23,S04,P14,3,225
2026-07-23,S04,P15,2,90
2026-07-23,S04,P16,2,178
2026-07-23,S04,P17,2,258
2026-07-23,S04,P18,1,109
2026-07-24,S04,P01,16,1264
2026-07-24,S04,P02,15,975
2026-07-24,S04,P03,10,950
2026-07-24,S04,P04,15,1635
2026-07-24,S04,P05,10,1150
2026-07-24,S04,P06,7,623
2026-07-24,S04,P07,3,255
2026-07-24,S04,P08,4,476
2026-07-24,S04,P09,3,297
2026-07-24,S04,P10,7,525
2026-07-24,S04,P11,7,385
2026-07-24,S04,P12,5,275
2026-07-24,S04,P13,4,276
2026-07-24,S04,P14,4,300
2026-07-24,S04,P15,2,90
2026-07-24,S04,P16,3,267
2026-07-24,S04,P17,2,258
2026-07-24,S04,P18,1,109
2026-07-25,S04,P01,15,1185
2026-07-25,S04,P02,16,1040
2026-07-25,S04,P03,10,950
2026-07-25,S04,P04,19,2071
2026-07-25,S04,P05,12,1380
2026-07-25,S04,P06,7,623
2026-07-25,S04,P07,3,255
2026-07-25,S04,P08,5,595
2026-07-25,S04,P09,3,297
2026-07-25,S04,P10,7,525
2026-07-25,S04,P11,7,385
2026-07-25,S04,P12,5,275
2026-07-25,S04,P13,4,276
2026-07-25,S04,P14,4,300
2026-07-25,S04,P15,2,90
2026-07-25,S04,P16,3,267
2026-07-25,S04,P17,2,258
2026-07-25,S04,P18,1,109
2026-07-26,S04,P01,12,948
2026-07-26,S04,P02,13,845
2026-07-26,S04,P03,7,665
2026-07-26,S04,P04,16,1744
2026-07-26,S04,P05,10,1150
2026-07-26,S04,P06,5,445
2026-07-26,S04,P07,3,255
2026-07-26,S04,P08,5,595
2026-07-26,S04,P09,2,198
2026-07-26,S04,P10,6,450
2026-07-26,S04,P11,7,385
2026-07-26,S04,P12,4,220
2026-07-26,S04,P13,4,276
2026-07-26,S04,P14,3,225
2026-07-26,S04,P15,2,90
2026-07-26,S04,P16,2,178
2026-07-26,S04,P17,2,258
2026-07-26,S04,P18,1,109
2026-07-27,S04,P01,13,1027
2026-07-27,S04,P02,10,650
2026-07-27,S04,P03,8,760
2026-07-27,S04,P04,10,1090
2026-07-27,S04,P05,7,805
2026-07-27,S04,P06,6,534
2026-07-27,S04,P07,2,170
2026-07-27,S04,P08,2,238
2026-07-27,S04,P09,2,198
2026-07-27,S04,P10,4,300
2026-07-27,S04,P11,4,220
2026-07-27,S04,P12,3,165
2026-07-27,S04,P13,3,207
2026-07-27,S04,P14,2,150
2026-07-27,S04,P15,1,45
2026-07-27,S04,P16,2,178
2026-07-27,S04,P17,1,129
2026-07-27,S04,P18,1,109
2026-07-28,S04,P01,12,948
2026-07-28,S04,P02,12,780
2026-07-28,S04,P03,7,665
2026-07-28,S04,P04,13,1417
2026-07-28,S04,P05,9,1035
2026-07-28,S04,P06,5,445
2026-07-28,S04,P07,2,170
2026-07-28,S04,P08,3,357
2026-07-28,S04,P09,2,198
2026-07-28,S04,P10,5,375
2026-07-28,S04,P11,6,330
2026-07-28,S04,P12,4,220
2026-07-28,S04,P13,3,207
2026-07-28,S04,P14,3,225
2026-07-28,S04,P15,2,90
2026-07-28,S04,P16,2,178
2026-07-28,S04,P17,1,129
2026-07-29,S04,P01,10,790
2026-07-29,S04,P02,12,780
2026-07-29,S04,P03,7,665
2026-07-29,S04,P04,14,1526
2026-07-29,S04,P05,11,1265
2026-07-29,S04,P06,4,356
2026-07-29,S04,P07,2,170
2026-07-29,S04,P08,5,595
2026-07-29,S04,P09,2,198
2026-07-29,S04,P10,7,525
2026-07-29,S04,P11,5,275
2026-07-29,S04,P12,4,220
2026-07-29,S04,P13,3,207
2026-07-29,S04,P14,3,225
2026-07-29,S04,P15,2,90
2026-07-29,S04,P16,2,178
2026-07-29,S04,P17,2,258
2026-07-30,S04,P01,6,474
2026-07-30,S04,P02,14,910
2026-07-30,S04,P03,5,475
2026-07-30,S04,P04,17,1853
2026-07-30,S04,P05,11,1265
2026-07-30,S04,P06,3,267
2026-07-30,S04,P07,2,170
2026-07-30,S04,P08,5,595
2026-07-30,S04,P09,1,99
2026-07-30,S04,P10,8,600
2026-07-30,S04,P11,6,330
2026-07-30,S04,P12,4,220
2026-07-30,S04,P13,4,276
2026-07-30,S04,P14,3,225
2026-07-30,S04,P15,2,90
2026-07-30,S04,P16,2,178
2026-07-30,S04,P17,2,258
2026-07-31,S04,P01,7,553
2026-07-31,S04,P02,14,910
2026-07-31,S04,P03,6,570
2026-07-31,S04,P04,17,1853
2026-07-31,S04,P05,11,1265
2026-07-31,S04,P06,4,356
2026-07-31,S04,P07,3,255
2026-07-31,S04,P08,6,714
2026-07-31,S04,P09,1,99
2026-07-31,S04,P10,8,600
2026-07-31,S04,P11,7,385
2026-07-31,S04,P12,5,275
2026-07-31,S04,P13,4,276
2026-07-31,S04,P14,3,225
2026-07-31,S04,P15,2,90
2026-07-31,S04,P16,2,178
2026-07-31,S04,P17,2,258
2026-08-01,S04,P01,16,1264
2026-08-01,S04,P02,14,910
2026-08-01,S04,P03,11,1045
2026-08-01,S04,P04,16,1744
2026-08-01,S04,P05,12,1380
2026-08-01,S04,P06,7,623
2026-08-01,S04,P07,2,170
2026-08-01,S04,P08,4,476
2026-08-01,S04,P09,2,198
2026-08-01,S04,P10,7,525
2026-08-01,S04,P11,7,385
2026-08-01,S04,P12,5,275
2026-08-01,S04,P13,4,276
2026-08-01,S04,P14,4,300
2026-08-01,S04,P15,2,90
2026-08-01,S04,P16,2,178
2026-08-01,S04,P17,2,258
2026-08-01,S04,P18,1,109
2026-08-02,S04,P01,15,1185
2026-08-02,S04,P02,14,910
2026-08-02,S04,P03,11,1045
2026-08-02,S04,P04,15,1635
2026-08-02,S04,P05,10,1150
2026-08-02,S04,P06,7,623
2026-08-02,S04,P07,2,170
2026-08-02,S04,P08,3,357
2026-08-02,S04,P09,2,198
2026-08-02,S04,P10,6,450
2026-08-02,S04,P11,5,275
2026-08-02,S04,P12,4,220
2026-08-02,S04,P13,4,276
2026-08-02,S04,P14,3,225
2026-08-02,S04,P15,2,90
2026-08-02,S04,P16,2,178
2026-08-02,S04,P17,2,258
2026-08-02,S04,P18,1,109
2026-08-03,S04,P01,8,632
2026-08-03,S04,P02,10,650
2026-08-03,S04,P03,5,475
2026-08-03,S04,P04,13,1417
2026-08-03,S04,P05,10,1150
2026-08-03,S04,P06,3,267
2026-08-03,S04,P07,2,170
2026-08-03,S04,P08,4,476
2026-08-03,S04,P09,1,99
2026-08-03,S04,P10,6,450
2026-08-03,S04,P11,4,220
2026-08-03,S04,P12,3,165
2026-08-03,S04,P13,3,207
2026-08-03,S04,P14,3,225
2026-08-03,S04,P15,2,90
2026-08-03,S04,P16,2,178
2026-08-03,S04,P17,1,129
2026-08-04,S04,P01,6,474
2026-08-04,S04,P02,9,585
2026-08-04,S04,P03,5,475
2026-08-04,S04,P04,13,1417
2026-08-04,S04,P05,9,1035
2026-08-04,S04,P06,3,267
2026-08-04,S04,P07,2,170
2026-08-04,S04,P08,4,476
2026-08-04,S04,P09,1,99
2026-08-04,S04,P10,7,525
2026-08-04,S04,P11,4,220
2026-08-04,S04,P12,3,165
2026-08-04,S04,P13,3,207
2026-08-04,S04,P14,2,150
2026-08-04,S04,P15,2,90
2026-08-04,S04,P16,2,178
2026-08-04,S04,P17,1,129
2026-08-05,S04,P01,8,632
2026-08-05,S04,P02,12,780
2026-08-05,S04,P03,5,475
2026-08-05,S04,P04,14,1526
2026-08-05,S04,P05,9,1035
2026-08-05,S04,P06,3,267
2026-08-05,S04,P07,2,170
2026-08-05,S04,P08,4,476
2026-08-05,S04,P09,1,99
2026-08-05,S04,P10,7,525
2026-08-05,S04,P11,6,330
2026-08-05,S04,P12,4,220
2026-08-05,S04,P13,3,207
2026-08-05,S04,P14,3,225
2026-08-05,S04,P15,2,90
2026-08-05,S04,P16,2,178
2026-08-05,S04,P17,1,129
2026-08-06,S04,P01,10,790
2026-08-06,S04,P02,14,910
2026-08-06,S04,P03,7,665
2026-08-06,S04,P04,16,1744
2026-08-06,S04,P05,11,1265
2026-08-06,S04,P06,5,445
2026-08-06,S04,P07,2,170
2026-08-06,S04,P08,5,595
2026-08-06,S04,P09,2,198
2026-08-06,S04,P10,7,525
2026-08-06,S04,P11,6,330
2026-08-06,S04,P12,5,275
2026-08-06,S04,P13,4,276
2026-08-06,S04,P14,4,300
2026-08-06,S04,P15,2,90
2026-08-06,S04,P16,2,178
2026-08-06,S04,P17,2,258
2026-08-07,S04,P01,14,1106
2026-08-07,S04,P02,13,845
2026-08-07,S04,P03,9,855
2026-08-07,S04,P04,14,1526
2026-08-07,S04,P05,9,1035
2026-08-07,S04,P06,7,623
2026-08-07,S04,P07,3,255
2026-08-07,S04,P08,4,476
2026-08-07,S04,P09,2,198
2026-08-07,S04,P10,6,450
2026-08-07,S04,P11,6,330
2026-08-07,S04,P12,4,220
2026-08-07,S04,P13,4,276
2026-08-07,S04,P14,3,225
2026-08-07,S04,P15,2,90
2026-08-07,S04,P16,2,178
2026-08-07,S04,P17,2,258
2026-08-07,S04,P18,1,109
2026-08-08,S04,P01,16,1264
2026-08-08,S04,P02,14,910
2026-08-08,S04,P03,10,950
2026-08-08,S04,P04,16,1744
2026-08-08,S04,P05,11,1265
2026-08-08,S04,P06,7,623
2026-08-08,S04,P07,3,255
2026-08-08,S04,P08,5,595
2026-08-08,S04,P09,2,198
2026-08-08,S04,P10,7,525
2026-08-08,S04,P11,8,440
2026-08-08,S04,P12,5,275
2026-08-08,S04,P13,4,276
2026-08-08,S04,P14,4,300
2026-08-08,S04,P15,2,90
2026-08-08,S04,P16,2,178
2026-08-08,S04,P17,2,258
2026-08-08,S04,P18,1,109
2026-08-09,S04,P01,12,948
2026-08-09,S04,P02,16,1040
2026-08-09,S04,P03,8,760
2026-08-09,S04,P04,19,2071
2026-08-09,S04,P05,13,1495
2026-08-09,S04,P06,5,445
2026-08-09,S04,P07,3,255
2026-08-09,S04,P08,5,595
2026-08-09,S04,P09,2,198
2026-08-09,S04,P10,8,600
2026-08-09,S04,P11,6,330
2026-08-09,S04,P12,4,220
2026-08-09,S04,P13,4,276
2026-08-09,S04,P14,4,300
2026-08-09,S04,P15,2,90
2026-08-09,S04,P16,2,178
2026-08-09,S04,P17,2,258
2026-08-10,S04,P01,9,711
2026-08-10,S04,P02,11,715
2026-08-10,S04,P03,5,475
2026-08-10,S04,P04,13,1417
2026-08-10,S04,P05,10,1150
2026-08-10,S04,P06,4,356
2026-08-10,S04,P07,2,170
2026-08-10,S04,P08,4,476
2026-08-10,S04,P09,1,99
2026-08-10,S04,P10,5,375
2026-08-10,S04,P11,5,275
2026-08-10,S04,P12,3,165
2026-08-10,S04,P13,3,207
2026-08-10,S04,P14,3,225
2026-08-10,S04,P15,2,90
2026-08-10,S04,P16,2,178
2026-08-10,S04,P17,1,129
2026-08-11,S04,P01,12,948
2026-08-11,S04,P02,13,845
2026-08-11,S04,P03,8,760
2026-08-11,S04,P04,13,1417
2026-08-11,S04,P05,7,805
2026-08-11,S04,P06,5,445
2026-08-11,S04,P07,2,170
2026-08-11,S04,P08,3,357
2026-08-11,S04,P09,2,198
2026-08-11,S04,P10,6,450
2026-08-11,S04,P11,5,275
2026-08-11,S04,P12,4,220
2026-08-11,S04,P13,3,207
2026-08-11,S04,P14,3,225
2026-08-11,S04,P15,2,90
2026-08-11,S04,P16,2,178
2026-08-11,S04,P17,1,129
2026-08-12,S04,P01,14,1106
2026-08-12,S04,P02,13,845
2026-08-12,S04,P03,9,855
2026-08-12,S04,P04,12,1308
2026-08-12,S04,P05,10,1150
2026-08-12,S04,P06,6,534
2026-08-12,S04,P07,2,170
2026-08-12,S04,P08,4,476
2026-08-12,S04,P09,2,198
2026-08-12,S04,P10,6,450
2026-08-12,S04,P11,5,275
2026-08-12,S04,P12,5,275
2026-08-12,S04,P13,3,207
2026-08-12,S04,P14,3,225
2026-08-12,S04,P15,2,90
2026-08-12,S04,P16,2,178
2026-08-12,S04,P17,2,258
2026-08-12,S04,P18,1,109
2026-08-13,S04,P01,11,869
2026-08-13,S04,P02,12,780
2026-08-13,S04,P03,9,855
2026-08-13,S04,P04,15,1635
2026-08-13,S04,P05,10,1150
2026-08-13,S04,P06,5,445
2026-08-13,S04,P07,2,170
2026-08-13,S04,P08,4,476
2026-08-13,S04,P09,2,198
2026-08-13,S04,P10,6,450
2026-08-13,S04,P11,6,330
2026-08-13,S04,P12,4,220
2026-08-13,S04,P13,4,276
2026-08-13,S04,P14,3,225
2026-08-13,S04,P15,2,90
2026-08-13,S04,P16,2,178
2026-08-13,S04,P17,2,258
2026-08-13,S04,P18,1,109
2026-08-14,S04,P01,11,869
2026-08-14,S04,P02,16,1040
2026-08-14,S04,P03,8,760
2026-08-14,S04,P04,20,2180
2026-08-14,S04,P05,12,1380
2026-08-14,S04,P06,6,534
2026-08-14,S04,P07,3,255
2026-08-14,S04,P08,5,595
2026-08-14,S04,P09,2,198
2026-08-14,S04,P10,7,525
2026-08-14,S04,P11,7,385
2026-08-14,S04,P12,5,275
2026-08-14,S04,P13,5,345
2026-08-14,S04,P14,3,225
2026-08-14,S04,P15,2,90
2026-08-14,S04,P16,2,178
2026-08-14,S04,P17,2,258
2026-08-14,S04,P18,1,109
2026-08-15,S04,P01,11,869
2026-08-15,S04,P02,15,975
2026-08-15,S04,P03,8,760
2026-08-15,S04,P04,20,2180
2026-08-15,S04,P05,15,1725
2026-08-15,S04,P06,5,445
2026-08-15,S04,P07,3,255
2026-08-15,S04,P08,5,595
2026-08-15,S04,P09,2,198
2026-08-15,S04,P10,10,750
2026-08-15,S04,P11,8,440
2026-08-15,S04,P12,5,275
2026-08-15,S04,P13,4,276
2026-08-15,S04,P14,4,300
2026-08-15,S04,P15,2,90
2026-08-15,S04,P16,3,267
2026-08-15,S04,P17,2,258
2026-08-16,S04,P01,15,1185
2026-08-16,S04,P02,15,975
2026-08-16,S04,P03,8,760
2026-08-16,S04,P04,17,1853
2026-08-16,S04,P05,11,1265
2026-08-16,S04,P06,6,534
2026-08-16,S04,P07,3,255
2026-08-16,S04,P08,4,476
2026-08-16,S04,P09,2,198
2026-08-16,S04,P10,7,525
2026-08-16,S04,P11,6,330
2026-08-16,S04,P12,4,220
2026-08-16,S04,P13,4,276
2026-08-16,S04,P14,4,300
2026-08-16,S04,P15,2,90
2026-08-16,S04,P16,2,178
2026-08-16,S04,P17,2,258
2026-08-16,S04,P18,1,109
2026-08-17,S04,P01,12,948
2026-08-17,S04,P02,9,585
2026-08-17,S04,P03,8,760
2026-08-17,S04,P04,11,1199
2026-08-17,S04,P05,6,690
2026-08-17,S04,P06,5,445
2026-08-17,S04,P07,2,170
2026-08-17,S04,P08,3,357
2026-08-17,S04,P09,2,198
2026-08-17,S04,P10,5,375
2026-08-17,S04,P11,5,275
2026-08-17,S04,P12,4,220
2026-08-17,S04,P13,3,207
2026-08-17,S04,P14,2,150
2026-08-17,S04,P15,2,90
2026-08-17,S04,P16,2,178
2026-08-17,S04,P17,1,129
2026-08-17,S04,P18,1,109
2026-08-18,S04,P01,13,1027
2026-08-18,S04,P02,9,585
2026-08-18,S04,P03,8,760
2026-08-18,S04,P04,6,654
2026-08-18,S04,P05,4,460
2026-08-18,S04,P06,5,445
2026-08-18,S04,P07,2,170
2026-08-18,S04,P08,2,238
2026-08-18,S04,P09,2,198
2026-08-18,S04,P10,3,225
2026-08-18,S04,P11,4,220
2026-08-18,S04,P12,3,165
2026-08-18,S04,P13,2,138
2026-08-18,S04,P14,2,150
2026-08-18,S04,P15,1,45
2026-08-18,S04,P16,1,89
2026-08-18,S04,P17,1,129
2026-08-19,S04,P01,12,948
2026-08-19,S04,P02,11,715
2026-08-19,S04,P03,9,855
2026-08-19,S04,P04,12,1308
2026-08-19,S04,P05,8,920
2026-08-19,S04,P06,5,445
2026-08-19,S04,P07,2,170
2026-08-19,S04,P08,3,357
2026-08-19,S04,P09,2,198
2026-08-19,S04,P10,5,375
2026-08-19,S04,P11,5,275
2026-08-19,S04,P12,3,165
2026-08-19,S04,P13,3,207
2026-08-19,S04,P14,3,225
2026-08-19,S04,P15,1,45
2026-08-19,S04,P16,2,178
2026-08-19,S04,P17,1,129
2026-08-19,S04,P18,1,109
2026-08-20,S04,P01,16,1264
2026-08-20,S04,P02,12,780
2026-08-20,S04,P03,9,855
2026-08-20,S04,P04,13,1417
2026-08-20,S04,P05,9,1035
2026-08-20,S04,P06,6,534
2026-08-20,S04,P07,2,170
2026-08-20,S04,P08,3,357
2026-08-20,S04,P09,2,198
2026-08-20,S04,P10,6,450
2026-08-20,S04,P11,6,330
2026-08-20,S04,P12,4,220
2026-08-20,S04,P13,4,276
2026-08-20,S04,P14,3,225
2026-08-20,S04,P15,2,90
2026-08-20,S04,P16,2,178
2026-08-20,S04,P17,1,129
2026-08-20,S04,P18,1,109
2026-08-21,S04,P01,12,948
2026-08-21,S04,P02,10,650
2026-08-21,S04,P03,9,855
2026-08-21,S04,P04,11,1199
2026-08-21,S04,P05,8,920
2026-08-21,S04,P06,6,534
2026-08-21,S04,P07,2,170
2026-08-21,S04,P08,3,357
2026-08-21,S04,P09,2,198
2026-08-21,S04,P10,4,300
2026-08-21,S04,P11,4,220
2026-08-21,S04,P12,4,220
2026-08-21,S04,P13,3,207
2026-08-21,S04,P14,3,225
2026-08-21,S04,P15,1,45
2026-08-21,S04,P16,2,178
2026-08-21,S04,P17,1,129
2026-08-22,S04,P01,21,1659
2026-08-22,S04,P02,13,845
2026-08-22,S04,P03,15,1425
2026-08-22,S04,P04,12,1308
2026-08-22,S04,P05,8,920
2026-08-22,S04,P06,9,801
2026-08-22,S04,P07,3,255
2026-08-22,S04,P08,3,357
2026-08-22,S04,P09,4,396
2026-08-22,S04,P10,5,375
2026-08-22,S04,P11,7,385
2026-08-22,S04,P12,4,220
2026-08-22,S04,P13,4,276
2026-08-22,S04,P14,3,225
2026-08-22,S04,P15,2,90
2026-08-22,S04,P16,2,178
2026-08-22,S04,P17,2,258
2026-08-22,S04,P18,1,109
2026-08-23,S04,P01,20,1580
2026-08-23,S04,P02,14,910
2026-08-23,S04,P03,13,1235
2026-08-23,S04,P04,11,1199
2026-08-23,S04,P05,8,920
2026-08-23,S04,P06,8,712
2026-08-23,S04,P07,2,170
2026-08-23,S04,P08,4,476
2026-08-23,S04,P09,3,297
2026-08-23,S04,P10,5,375
2026-08-23,S04,P11,6,330
2026-08-23,S04,P12,4,220
2026-08-23,S04,P13,4,276
2026-08-23,S04,P14,3,225
2026-08-23,S04,P15,2,90
2026-08-23,S04,P16,2,178
2026-08-23,S04,P17,1,129
2026-08-23,S04,P18,1,109
2026-08-24,S04,P01,13,1027
2026-08-24,S04,P02,11,715
2026-08-24,S04,P03,9,855
2026-08-24,S04,P04,8,872
2026-08-24,S04,P05,6,690
2026-08-24,S04,P06,6,534
2026-08-24,S04,P07,2,170
2026-08-24,S04,P08,3,357
2026-08-24,S04,P09,2,198
2026-08-24,S04,P10,4,300
2026-08-24,S04,P11,4,220
2026-08-24,S04,P12,3,165
2026-08-24,S04,P13,3,207
2026-08-24,S04,P14,2,150
2026-08-24,S04,P15,2,90
2026-08-24,S04,P16,2,178
2026-08-24,S04,P17,1,129
2026-08-25,S04,P01,15,1185
2026-08-25,S04,P02,10,650
2026-08-25,S04,P03,9,855
2026-08-25,S04,P04,10,1090
2026-08-25,S04,P05,6,690
2026-08-25,S04,P06,7,623
2026-08-25,S04,P07,2,170
2026-08-25,S04,P08,3,357
2026-08-25,S04,P09,2,198
2026-08-25,S04,P10,4,300
2026-08-25,S04,P11,5,275
2026-08-25,S04,P12,3,165
2026-08-25,S04,P13,3,207
2026-08-25,S04,P14,2,150
2026-08-25,S04,P15,2,90
2026-08-25,S04,P16,2,178
2026-08-25,S04,P17,1,129
2026-08-25,S04,P18,1,109
2026-08-26,S04,P01,14,1106
2026-08-26,S04,P02,14,910
2026-08-26,S04,P03,10,950
2026-08-26,S04,P04,12,1308
2026-08-26,S04,P05,9,1035
2026-08-26,S04,P06,7,623
2026-08-26,S04,P07,2,170
2026-08-26,S04,P08,3,357
2026-08-26,S04,P09,3,297
2026-08-26,S04,P10,5,375
2026-08-26,S04,P11,6,330
2026-08-26,S04,P12,4,220
2026-08-26,S04,P13,4,276
2026-08-26,S04,P14,3,225
2026-08-26,S04,P15,2,90
2026-08-26,S04,P16,2,178
2026-08-26,S04,P17,2,258
2026-08-26,S04,P18,1,109
2026-08-27,S04,P01,13,1027
2026-08-27,S04,P02,11,715
2026-08-27,S04,P03,8,760
2026-08-27,S04,P04,15,1635
2026-08-27,S04,P05,9,1035
2026-08-27,S04,P06,6,534
2026-08-27,S04,P07,2,170
2026-08-27,S04,P08,4,476
2026-08-27,S04,P09,2,198
2026-08-27,S04,P10,6,450
2026-08-27,S04,P11,6,330
2026-08-27,S04,P12,4,220
2026-08-27,S04,P13,4,276
2026-08-27,S04,P14,4,300
2026-08-27,S04,P15,2,90
2026-08-27,S04,P16,2,178
2026-08-27,S04,P17,1,129
2026-08-28,S04,P01,13,1027
2026-08-28,S04,P02,14,910
2026-08-28,S04,P03,7,665
2026-08-28,S04,P04,16,1744
2026-08-28,S04,P05,10,1150
2026-08-28,S04,P06,5,445
2026-08-28,S04,P07,2,170
2026-08-28,S04,P08,4,476
2026-08-28,S04,P09,2,198
2026-08-28,S04,P10,7,525
2026-08-28,S04,P11,6,330
2026-08-28,S04,P12,4,220
2026-08-28,S04,P13,4,276
2026-08-28,S04,P14,3,225
2026-08-28,S04,P15,2,90
2026-08-28,S04,P16,2,178
2026-08-28,S04,P17,1,129
2026-08-29,S04,P01,15,1185
2026-08-29,S04,P02,11,715
2026-08-29,S04,P03,9,855
2026-08-29,S04,P04,11,1199
2026-08-29,S04,P05,8,920
2026-08-29,S04,P06,8,712
2026-08-29,S04,P07,2,170
2026-08-29,S04,P08,3,357
2026-08-29,S04,P09,3,297
2026-08-29,S04,P10,4,300
2026-08-29,S04,P11,5,275
2026-08-29,S04,P12,4,220
2026-08-29,S04,P13,4,276
2026-08-29,S04,P14,3,225
2026-08-29,S04,P15,2,90
2026-08-29,S04,P16,2,178
2026-08-29,S04,P17,2,258
2026-08-29,S04,P18,1,109
2026-08-30,S04,P01,13,1027
2026-08-30,S04,P02,13,845
2026-08-30,S04,P03,10,950
2026-08-30,S04,P04,13,1417
2026-08-30,S04,P05,9,1035
2026-08-30,S04,P06,6,534
2026-08-30,S04,P07,3,255
2026-08-30,S04,P08,4,476
2026-08-30,S04,P09,3,297
2026-08-30,S04,P10,6,450
2026-08-30,S04,P11,5,275
2026-08-30,S04,P12,4,220
2026-08-30,S04,P13,4,276
2026-08-30,S04,P14,3,225
2026-08-30,S04,P15,2,90
2026-08-30,S04,P16,2,178
2026-08-30,S04,P17,2,258
2026-08-30,S04,P18,1,109
2026-08-31,S04,P01,11,869
2026-08-31,S04,P02,8,520
2026-08-31,S04,P03,7,665
2026-08-31,S04,P04,9,981
2026-08-31,S04,P05,6,690
2026-08-31,S04,P06,5,445
2026-08-31,S04,P07,1,85
2026-08-31,S04,P08,2,238
2026-08-31,S04,P09,2,198
2026-08-31,S04,P10,3,225
2026-08-31,S04,P11,4,220
2026-08-31,S04,P12,2,110
2026-08-31,S04,P13,3,207
2026-08-31,S04,P14,2,150
2026-08-31,S04,P15,1,45
2026-08-31,S04,P16,1,89
2026-08-31,S04,P17,1,129
2026-06-01,S05,P01,9,711
2026-06-01,S05,P02,7,455
2026-06-01,S05,P03,6,570
2026-06-01,S05,P04,6,654
2026-06-01,S05,P05,4,460
2026-06-01,S05,P06,4,356
2026-06-01,S05,P07,1,85
2026-06-01,S05,P08,2,238
2026-06-01,S05,P09,2,198
2026-06-01,S05,P10,3,225
2026-06-01,S05,P11,3,165
2026-06-01,S05,P12,2,110
2026-06-01,S05,P13,2,138
2026-06-01,S05,P14,1,75
2026-06-01,S05,P15,1,45
2026-06-01,S05,P16,1,89
2026-06-01,S05,P17,1,129
2026-06-02,S05,P01,13,1027
2026-06-02,S05,P02,11,715
2026-06-02,S05,P03,9,855
2026-06-02,S05,P04,10,1090
2026-06-02,S05,P05,7,805
2026-06-02,S05,P06,5,445
2026-06-02,S05,P07,2,170
2026-06-02,S05,P08,3,357
2026-06-02,S05,P09,2,198
2026-06-02,S05,P10,4,300
2026-06-02,S05,P11,5,275
2026-06-02,S05,P12,3,165
2026-06-02,S05,P13,3,207
2026-06-02,S05,P14,3,225
2026-06-02,S05,P15,1,45
2026-06-02,S05,P16,2,178
2026-06-02,S05,P17,1,129
2026-06-02,S05,P18,1,109
2026-06-03,S05,P01,11,869
2026-06-03,S05,P02,8,520
2026-06-03,S05,P03,9,855
2026-06-03,S05,P04,7,763
2026-06-03,S05,P05,4,460
2026-06-03,S05,P06,5,445
2026-06-03,S05,P07,1,85
2026-06-03,S05,P08,2,238
2026-06-03,S05,P09,2,198
2026-06-03,S05,P10,3,225
2026-06-03,S05,P11,4,220
2026-06-03,S05,P12,3,165
2026-06-03,S05,P13,2,138
2026-06-03,S05,P14,2,150
2026-06-03,S05,P15,1,45
2026-06-03,S05,P16,1,89
2026-06-03,S05,P17,1,129
2026-06-03,S05,P18,1,109
2026-06-04,S05,P01,14,1106
2026-06-04,S05,P02,10,650
2026-06-04,S05,P03,10,950
2026-06-04,S05,P04,11,1199
2026-06-04,S05,P05,6,690
2026-06-04,S05,P06,7,623
2026-06-04,S05,P07,2,170
2026-06-04,S05,P08,3,357
2026-06-04,S05,P09,2,198
2026-06-04,S05,P10,4,300
2026-06-04,S05,P11,5,275
2026-06-04,S05,P12,3,165
2026-06-04,S05,P13,3,207
2026-06-04,S05,P14,3,225
2026-06-04,S05,P15,1,45
2026-06-04,S05,P16,2,178
2026-06-04,S05,P17,1,129
2026-06-04,S05,P18,1,109
2026-06-05,S05,P01,19,1501
2026-06-05,S05,P02,11,715
2026-06-05,S05,P03,12,1140
2026-06-05,S05,P04,8,872
2026-06-05,S05,P05,6,690
2026-06-05,S05,P06,8,712
2026-06-05,S05,P07,2,170
2026-06-05,S05,P08,2,238
2026-06-05,S05,P09,3,297
2026-06-05,S05,P10,3,225
2026-06-05,S05,P11,5,275
2026-06-05,S05,P12,3,165
2026-06-05,S05,P13,3,207
2026-06-05,S05,P14,3,225
2026-06-05,S05,P15,2,90
2026-06-05,S05,P16,2,178
2026-06-05,S05,P17,1,129
2026-06-05,S05,P18,1,109
2026-06-06,S05,P01,16,1264
2026-06-06,S05,P02,13,845
2026-06-06,S05,P03,12,1140
2026-06-06,S05,P04,13,1417
2026-06-06,S05,P05,9,1035
2026-06-06,S05,P06,7,623
2026-06-06,S05,P07,3,255
2026-06-06,S05,P08,4,476
2026-06-06,S05,P09,3,297
2026-06-06,S05,P10,5,375
2026-06-06,S05,P11,6,330
2026-06-06,S05,P12,4,220
2026-06-06,S05,P13,3,207
2026-06-06,S05,P14,4,300
2026-06-06,S05,P15,2,90
2026-06-06,S05,P16,2,178
2026-06-06,S05,P17,2,258
2026-06-06,S05,P18,1,109
2026-06-07,S05,P01,13,1027
2026-06-07,S05,P02,11,715
2026-06-07,S05,P03,9,855
2026-06-07,S05,P04,11,1199
2026-06-07,S05,P05,7,805
2026-06-07,S05,P06,6,534
2026-06-07,S05,P07,2,170
2026-06-07,S05,P08,3,357
2026-06-07,S05,P09,2,198
2026-06-07,S05,P10,5,375
2026-06-07,S05,P11,5,275
2026-06-07,S05,P12,4,220
2026-06-07,S05,P13,3,207
2026-06-07,S05,P14,3,225
2026-06-07,S05,P15,2,90
2026-06-07,S05,P16,2,178
2026-06-07,S05,P17,1,129
2026-06-07,S05,P18,1,109
2026-06-08,S05,P01,12,948
2026-06-08,S05,P02,10,650
2026-06-08,S05,P03,9,855
2026-06-08,S05,P04,11,1199
2026-06-08,S05,P05,6,690
2026-06-08,S05,P06,5,445
2026-06-08,S05,P07,2,170
2026-06-08,S05,P08,3,357
2026-06-08,S05,P09,2,198
2026-06-08,S05,P10,5,375
2026-06-08,S05,P11,4,220
2026-06-08,S05,P12,3,165
2026-06-08,S05,P13,3,207
2026-06-08,S05,P14,3,225
2026-06-08,S05,P15,2,90
2026-06-08,S05,P16,2,178
2026-06-08,S05,P17,1,129
2026-06-09,S05,P01,10,790
2026-06-09,S05,P02,10,650
2026-06-09,S05,P03,6,570
2026-06-09,S05,P04,12,1308
2026-06-09,S05,P05,8,920
2026-06-09,S05,P06,5,445
2026-06-09,S05,P07,2,170
2026-06-09,S05,P08,3,357
2026-06-09,S05,P09,2,198
2026-06-09,S05,P10,4,300
2026-06-09,S05,P11,5,275
2026-06-09,S05,P12,3,165
2026-06-09,S05,P13,3,207
2026-06-09,S05,P14,2,150
2026-06-09,S05,P15,1,45
2026-06-09,S05,P16,2,178
2026-06-09,S05,P17,1,129
2026-06-10,S05,P01,14,1106
2026-06-10,S05,P02,8,520
2026-06-10,S05,P03,9,855
2026-06-10,S05,P04,6,654
2026-06-10,S05,P05,4,460
2026-06-10,S05,P06,6,534
2026-06-10,S05,P07,2,170
2026-06-10,S05,P08,2,238
2026-06-10,S05,P09,3,297
2026-06-10,S05,P10,3,225
2026-06-10,S05,P11,4,220
2026-06-10,S05,P12,3,165
2026-06-10,S05,P13,2,138
2026-06-10,S05,P14,2,150
2026-06-10,S05,P15,1,45
2026-06-10,S05,P16,1,89
2026-06-10,S05,P17,1,129
2026-06-10,S05,P18,1,109
2026-06-11,S05,P01,13,1027
2026-06-11,S05,P02,9,585
2026-06-11,S05,P03,9,855
2026-06-11,S05,P04,6,654
2026-06-11,S05,P05,5,575
2026-06-11,S05,P06,6,534
2026-06-11,S05,P07,1,85
2026-06-11,S05,P08,2,238
2026-06-11,S05,P09,2,198
2026-06-11,S05,P10,2,150
2026-06-11,S05,P11,4,220
2026-06-11,S05,P12,3,165
2026-06-11,S05,P13,2,138
2026-06-11,S05,P14,2,150
2026-06-11,S05,P15,1,45
2026-06-11,S05,P16,1,89
2026-06-11,S05,P17,1,129
2026-06-11,S05,P18,1,109
2026-06-12,S05,P01,17,1343
2026-06-12,S05,P02,11,715
2026-06-12,S05,P03,11,1045
2026-06-12,S05,P04,10,1090
2026-06-12,S05,P05,7,805
2026-06-12,S05,P06,7,623
2026-06-12,S05,P07,2,170
2026-06-12,S05,P08,2,238
2026-06-12,S05,P09,3,297
2026-06-12,S05,P10,4,300
2026-06-12,S05,P11,5,275
2026-06-12,S05,P12,4,220
2026-06-12,S05,P13,3,207
2026-06-12,S05,P14,3,225
2026-06-12,S05,P15,2,90
2026-06-12,S05,P16,2,178
2026-06-12,S05,P17,2,258
2026-06-12,S05,P18,1,109
2026-06-13,S05,P01,17,1343
2026-06-13,S05,P02,12,780
2026-06-13,S05,P03,10,950
2026-06-13,S05,P04,12,1308
2026-06-13,S05,P05,8,920
2026-06-13,S05,P06,7,623
2026-06-13,S05,P07,2,170
2026-06-13,S05,P08,3,357
2026-06-13,S05,P09,3,297
2026-06-13,S05,P10,5,375
2026-06-13,S05,P11,6,330
2026-06-13,S05,P12,4,220
2026-06-13,S05,P13,4,276
2026-06-13,S05,P14,3,225
2026-06-13,S05,P15,2,90
2026-06-13,S05,P16,2,178
2026-06-13,S05,P17,2,258
2026-06-13,S05,P18,1,109
2026-06-14,S05,P01,16,1264
2026-06-14,S05,P02,12,780
2026-06-14,S05,P03,13,1235
2026-06-14,S05,P04,9,981
2026-06-14,S05,P05,6,690
2026-06-14,S05,P06,7,623
2026-06-14,S05,P07,2,170
2026-06-14,S05,P08,3,357
2026-06-14,S05,P09,3,297
2026-06-14,S05,P10,4,300
2026-06-14,S05,P11,5,275
2026-06-14,S05,P12,4,220
2026-06-14,S05,P13,3,207
2026-06-14,S05,P14,3,225
2026-06-14,S05,P15,2,90
2026-06-14,S05,P16,2,178
2026-06-14,S05,P17,1,129
2026-06-14,S05,P18,1,109
2026-06-15,S05,P01,13,1027
2026-06-15,S05,P02,10,650
2026-06-15,S05,P03,10,950
2026-06-15,S05,P04,7,763
2026-06-15,S05,P05,5,575
2026-06-15,S05,P06,6,534
2026-06-15,S05,P07,1,85
2026-06-15,S05,P08,2,238
2026-06-15,S05,P09,3,297
2026-06-15,S05,P10,3,225
2026-06-15,S05,P11,4,220
2026-06-15,S05,P12,3,165
2026-06-15,S05,P13,2,138
2026-06-15,S05,P14,2,150
2026-06-15,S05,P15,1,45
2026-06-15,S05,P16,1,89
2026-06-15,S05,P17,1,129
2026-06-15,S05,P18,1,109
2026-06-16,S05,P01,12,948
2026-06-16,S05,P02,11,715
2026-06-16,S05,P03,9,855
2026-06-16,S05,P04,10,1090
2026-06-16,S05,P05,6,690
2026-06-16,S05,P06,6,534
2026-06-16,S05,P07,2,170
2026-06-16,S05,P08,3,357
2026-06-16,S05,P09,2,198
2026-06-16,S05,P10,4,300
2026-06-16,S05,P11,5,275
2026-06-16,S05,P12,3,165
2026-06-16,S05,P13,3,207
2026-06-16,S05,P14,3,225
2026-06-16,S05,P15,2,90
2026-06-16,S05,P16,2,178
2026-06-16,S05,P17,1,129
2026-06-16,S05,P18,1,109
2026-06-17,S05,P01,12,948
2026-06-17,S05,P02,11,715
2026-06-17,S05,P03,8,760
2026-06-17,S05,P04,12,1308
2026-06-17,S05,P05,7,805
2026-06-17,S05,P06,5,445
2026-06-17,S05,P07,2,170
2026-06-17,S05,P08,3,357
2026-06-17,S05,P09,2,198
2026-06-17,S05,P10,5,375
2026-06-17,S05,P11,5,275
2026-06-17,S05,P12,3,165
2026-06-17,S05,P13,3,207
2026-06-17,S05,P14,3,225
2026-06-17,S05,P15,2,90
2026-06-17,S05,P16,2,178
2026-06-17,S05,P17,1,129
2026-06-17,S05,P18,1,109
2026-06-18,S05,P01,10,790
2026-06-18,S05,P02,11,715
2026-06-18,S05,P03,9,855
2026-06-18,S05,P04,11,1199
2026-06-18,S05,P05,7,805
2026-06-18,S05,P06,5,445
2026-06-18,S05,P07,2,170
2026-06-18,S05,P08,3,357
2026-06-18,S05,P09,2,198
2026-06-18,S05,P10,5,375
2026-06-18,S05,P11,5,275
2026-06-18,S05,P12,3,165
2026-06-18,S05,P13,3,207
2026-06-18,S05,P14,2,150
2026-06-18,S05,P15,2,90
2026-06-18,S05,P16,2,178
2026-06-18,S05,P17,1,129
2026-06-19,S05,P01,10,790
2026-06-19,S05,P02,12,780
2026-06-19,S05,P03,8,760
2026-06-19,S05,P04,14,1526
2026-06-19,S05,P05,9,1035
2026-06-19,S05,P06,4,356
2026-06-19,S05,P07,2,170
2026-06-19,S05,P08,5,595
2026-06-19,S05,P09,2,198
2026-06-19,S05,P10,7,525
2026-06-19,S05,P11,5,275
2026-06-19,S05,P12,5,275
2026-06-19,S05,P13,4,276
2026-06-19,S05,P14,4,300
2026-06-19,S05,P15,2,90
2026-06-19,S05,P16,2,178
2026-06-19,S05,P17,2,258
2026-06-20,S05,P01,9,711
2026-06-20,S05,P02,14,910
2026-06-20,S05,P03,6,570
2026-06-20,S05,P04,19,2071
2026-06-20,S05,P05,13,1495
2026-06-20,S05,P06,4,356
2026-06-20,S05,P07,2,170
2026-06-20,S05,P08,5,595
2026-06-20,S05,P09,2,198
2026-06-20,S05,P10,7,525
2026-06-20,S05,P11,7,385
2026-06-20,S05,P12,4,220
2026-06-20,S05,P13,4,276
2026-06-20,S05,P14,4,300
2026-06-20,S05,P15,2,90
2026-06-20,S05,P16,2,178
2026-06-20,S05,P17,2,258
2026-06-21,S05,P01,8,632
2026-06-21,S05,P02,11,715
2026-06-21,S05,P03,6,570
2026-06-21,S05,P04,15,1635
2026-06-21,S05,P05,10,1150
2026-06-21,S05,P06,4,356
2026-06-21,S05,P07,2,170
2026-06-21,S05,P08,4,476
2026-06-21,S05,P09,2,198
2026-06-21,S05,P10,6,450
2026-06-21,S05,P11,5,275
2026-06-21,S05,P12,4,220
2026-06-21,S05,P13,4,276
2026-06-21,S05,P14,3,225
2026-06-21,S05,P15,2,90
2026-06-21,S05,P16,2,178
2026-06-21,S05,P17,2,258
2026-06-22,S05,P01,9,711
2026-06-22,S05,P02,9,585
2026-06-22,S05,P03,5,475
2026-06-22,S05,P04,11,1199
2026-06-22,S05,P05,7,805
2026-06-22,S05,P06,3,267
2026-06-22,S05,P07,2,170
2026-06-22,S05,P08,3,357
2026-06-22,S05,P09,1,99
2026-06-22,S05,P10,5,375
2026-06-22,S05,P11,4,220
2026-06-22,S05,P12,3,165
2026-06-22,S05,P13,2,138
2026-06-22,S05,P14,2,150
2026-06-22,S05,P15,1,45
2026-06-22,S05,P16,1,89
2026-06-22,S05,P17,1,129
2026-06-23,S05,P01,11,869
2026-06-23,S05,P02,11,715
2026-06-23,S05,P03,8,760
2026-06-23,S05,P04,12,1308
2026-06-23,S05,P05,9,1035
2026-06-23,S05,P06,4,356
2026-06-23,S05,P07,2,170
2026-06-23,S05,P08,3,357
2026-06-23,S05,P09,2,198
2026-06-23,S05,P10,5,375
2026-06-23,S05,P11,5,275
2026-06-23,S05,P12,4,220
2026-06-23,S05,P13,3,207
2026-06-23,S05,P14,3,225
2026-06-23,S05,P15,2,90
2026-06-23,S05,P16,2,178
2026-06-23,S05,P17,1,129
2026-06-24,S05,P01,11,869
2026-06-24,S05,P02,10,650
2026-06-24,S05,P03,7,665
2026-06-24,S05,P04,12,1308
2026-06-24,S05,P05,7,805
2026-06-24,S05,P06,4,356
2026-06-24,S05,P07,2,170
2026-06-24,S05,P08,3,357
2026-06-24,S05,P09,2,198
2026-06-24,S05,P10,5,375
2026-06-24,S05,P11,5,275
2026-06-24,S05,P12,4,220
2026-06-24,S05,P13,3,207
2026-06-24,S05,P14,2,150
2026-06-24,S05,P15,2,90
2026-06-24,S05,P16,2,178
2026-06-24,S05,P17,1,129
2026-06-25,S05,P01,9,711
2026-06-25,S05,P02,10,650
2026-06-25,S05,P03,6,570
2026-06-25,S05,P04,12,1308
2026-06-25,S05,P05,8,920
2026-06-25,S05,P06,4,356
2026-06-25,S05,P07,2,170
2026-06-25,S05,P08,4,476
2026-06-25,S05,P09,2,198
2026-06-25,S05,P10,6,450
2026-06-25,S05,P11,5,275
2026-06-25,S05,P12,4,220
2026-06-25,S05,P13,3,207
2026-06-25,S05,P14,3,225
2026-06-25,S05,P15,2,90
2026-06-25,S05,P16,2,178
2026-06-25,S05,P17,2,258
2026-06-26,S05,P01,9,711
2026-06-26,S05,P02,13,845
2026-06-26,S05,P03,6,570
2026-06-26,S05,P04,17,1853
2026-06-26,S05,P05,12,1380
2026-06-26,S05,P06,4,356
2026-06-26,S05,P07,2,170
2026-06-26,S05,P08,4,476
2026-06-26,S05,P09,1,99
2026-06-26,S05,P10,7,525
2026-06-26,S05,P11,6,330
2026-06-26,S05,P12,4,220
2026-06-26,S05,P13,4,276
2026-06-26,S05,P14,3,225
2026-06-26,S05,P15,2,90
2026-06-26,S05,P16,2,178
2026-06-26,S05,P17,2,258
2026-06-27,S05,P01,6,474
2026-06-27,S05,P02,11,715
2026-06-27,S05,P03,5,475
2026-06-27,S05,P04,16,1744
2026-06-27,S05,P05,11,1265
2026-06-27,S05,P06,3,267
2026-06-27,S05,P07,2,170
2026-06-27,S05,P08,5,595
2026-06-27,S05,P09,1,99
2026-06-27,S05,P10,8,600
2026-06-27,S05,P11,6,330
2026-06-27,S05,P12,4,220
2026-06-27,S05,P13,4,276
2026-06-27,S05,P14,3,225
2026-06-27,S05,P15,2,90
2026-06-27,S05,P16,2,178
2026-06-27,S05,P17,1,129
2026-06-28,S05,P01,5,395
2026-06-28,S05,P02,11,715
2026-06-28,S05,P03,3,285
2026-06-28,S05,P04,17,1853
2026-06-28,S05,P05,10,1150
2026-06-28,S05,P06,2,178
2026-06-28,S05,P07,2,170
2026-06-28,S05,P08,4,476
2026-06-28,S05,P09,1,99
2026-06-28,S05,P10,7,525
2026-06-28,S05,P11,5,275
2026-06-28,S05,P12,4,220
2026-06-28,S05,P13,3,207
2026-06-28,S05,P14,3,225
2026-06-28,S05,P15,2,90
2026-06-28,S05,P16,2,178
2026-06-28,S05,P17,1,129
2026-06-29,S05,P01,4,316
2026-06-29,S05,P02,9,585
2026-06-29,S05,P03,3,285
2026-06-29,S05,P04,15,1635
2026-06-29,S05,P05,10,1150
2026-06-29,S05,P06,2,178
2026-06-29,S05,P07,2,170
2026-06-29,S05,P08,4,476
2026-06-29,S05,P09,1,99
2026-06-29,S05,P10,6,450
2026-06-29,S05,P11,5,275
2026-06-29,S05,P12,3,165
2026-06-29,S05,P13,3,207
2026-06-29,S05,P14,2,150
2026-06-29,S05,P15,1,45
2026-06-29,S05,P16,1,89
2026-06-29,S05,P17,1,129
2026-06-30,S05,P01,7,553
2026-06-30,S05,P02,10,650
2026-06-30,S05,P03,5,475
2026-06-30,S05,P04,13,1417
2026-06-30,S05,P05,9,1035
2026-06-30,S05,P06,3,267
2026-06-30,S05,P07,2,170
2026-06-30,S05,P08,4,476
2026-06-30,S05,P09,1,99
2026-06-30,S05,P10,6,450
2026-06-30,S05,P11,5,275
2026-06-30,S05,P12,3,165
2026-06-30,S05,P13,3,207
2026-06-30,S05,P14,2,150
2026-06-30,S05,P15,2,90
2026-06-30,S05,P16,2,178
2026-06-30,S05,P17,1,129
2026-07-01,S05,P01,7,553
2026-07-01,S05,P02,8,520
2026-07-01,S05,P03,5,475
2026-07-01,S05,P04,11,1199
2026-07-01,S05,P05,7,805
2026-07-01,S05,P06,3,267
2026-07-01,S05,P07,2,170
2026-07-01,S05,P08,3,357
2026-07-01,S05,P09,1,99
2026-07-01,S05,P10,5,375
2026-07-01,S05,P11,5,275
2026-07-01,S05,P12,3,165
2026-07-01,S05,P13,3,207
2026-07-01,S05,P14,2,150
2026-07-01,S05,P15,1,45
2026-07-01,S05,P16,2,178
2026-07-01,S05,P17,1,129
2026-07-02,S05,P01,14,1106
2026-07-02,S05,P02,11,715
2026-07-02,S05,P03,9,855
2026-07-02,S05,P04,14,1526
2026-07-02,S05,P05,9,1035
2026-07-02,S05,P06,6,534
2026-07-02,S05,P07,2,170
2026-07-02,S05,P08,3,357
2026-07-02,S05,P09,2,198
2026-07-02,S05,P10,6,450
2026-07-02,S05,P11,6,330
2026-07-02,S05,P12,4,220
2026-07-02,S05,P13,4,276
2026-07-02,S05,P14,3,225
2026-07-02,S05,P15,2,90
2026-07-02,S05,P16,2,178
2026-07-02,S05,P17,1,129
2026-07-02,S05,P18,1,109
2026-07-03,S05,P01,15,1185
2026-07-03,S05,P02,11,715
2026-07-03,S05,P03,9,855
2026-07-03,S05,P04,12,1308
2026-07-03,S05,P05,7,805
2026-07-03,S05,P06,7,623
2026-07-03,S05,P07,2,170
2026-07-03,S05,P08,3,357
2026-07-03,S05,P09,2,198
2026-07-03,S05,P10,4,300
2026-07-03,S05,P11,5,275
2026-07-03,S05,P12,3,165
2026-07-03,S05,P13,3,207
2026-07-03,S05,P14,3,225
2026-07-03,S05,P15,2,90
2026-07-03,S05,P16,2,178
2026-07-03,S05,P17,1,129
2026-07-03,S05,P18,1,109
2026-07-04,S05,P01,17,1343
2026-07-04,S05,P02,13,845
2026-07-04,S05,P03,11,1045
2026-07-04,S05,P04,13,1417
2026-07-04,S05,P05,8,920
2026-07-04,S05,P06,8,712
2026-07-04,S05,P07,2,170
2026-07-04,S05,P08,3,357
2026-07-04,S05,P09,3,297
2026-07-04,S05,P10,5,375
2026-07-04,S05,P11,6,330
2026-07-04,S05,P12,5,275
2026-07-04,S05,P13,4,276
2026-07-04,S05,P14,3,225
2026-07-04,S05,P15,2,90
2026-07-04,S05,P16,2,178
2026-07-04,S05,P17,2,258
2026-07-04,S05,P18,1,109
2026-07-05,S05,P01,14,1106
2026-07-05,S05,P02,11,715
2026-07-05,S05,P03,9,855
2026-07-05,S05,P04,10,1090
2026-07-05,S05,P05,8,920
2026-07-05,S05,P06,6,534
2026-07-05,S05,P07,2,170
2026-07-05,S05,P08,3,357
2026-07-05,S05,P09,2,198
2026-07-05,S05,P10,5,375
2026-07-05,S05,P11,5,275
2026-07-05,S05,P12,4,220
2026-07-05,S05,P13,3,207
2026-07-05,S05,P14,3,225
2026-07-05,S05,P15,2,90
2026-07-05,S05,P16,2,178
2026-07-05,S05,P17,1,129
2026-07-06,S05,P01,11,869
2026-07-06,S05,P02,9,585
2026-07-06,S05,P03,8,760
2026-07-06,S05,P04,9,981
2026-07-06,S05,P05,7,805
2026-07-06,S05,P06,5,445
2026-07-06,S05,P07,2,170
2026-07-06,S05,P08,2,238
2026-07-06,S05,P09,2,198
2026-07-06,S05,P10,4,300
2026-07-06,S05,P11,4,220
2026-07-06,S05,P12,3,165
2026-07-06,S05,P13,3,207
2026-07-06,S05,P14,2,150
2026-07-06,S05,P15,1,45
2026-07-06,S05,P16,2,178
2026-07-06,S05,P17,1,129
2026-07-06,S05,P18,1,109
2026-07-07,S05,P01,10,790
2026-07-07,S05,P02,9,585
2026-07-07,S05,P03,7,665
2026-07-07,S05,P04,11,1199
2026-07-07,S05,P05,8,920
2026-07-07,S05,P06,4,356
2026-07-07,S05,P07,2,170
2026-07-07,S05,P08,3,357
2026-07-07,S05,P09,2,198
2026-07-07,S05,P10,4,300
2026-07-07,S05,P11,4,220
2026-07-07,S05,P12,3,165
2026-07-07,S05,P13,3,207
2026-07-07,S05,P14,3,225
2026-07-07,S05,P15,1,45
2026-07-07,S05,P16,2,178
2026-07-07,S05,P17,1,129
2026-07-08,S05,P01,14,1106
2026-07-08,S05,P02,11,715
2026-07-08,S05,P03,8,760
2026-07-08,S05,P04,10,1090
2026-07-08,S05,P05,8,920
2026-07-08,S05,P06,7,623
2026-07-08,S05,P07,2,170
2026-07-08,S05,P08,3,357
2026-07-08,S05,P09,2,198
2026-07-08,S05,P10,5,375
2026-07-08,S05,P11,5,275
2026-07-08,S05,P12,4,220
2026-07-08,S05,P13,3,207
2026-07-08,S05,P14,3,225
2026-07-08,S05,P15,2,90
2026-07-08,S05,P16,2,178
2026-07-08,S05,P17,1,129
2026-07-08,S05,P18,1,109
2026-07-09,S05,P01,13,1027
2026-07-09,S05,P02,13,845
2026-07-09,S05,P03,9,855
2026-07-09,S05,P04,10,1090
2026-07-09,S05,P05,8,920
2026-07-09,S05,P06,7,623
2026-07-09,S05,P07,2,170
2026-07-09,S05,P08,3,357
2026-07-09,S05,P09,2,198
2026-07-09,S05,P10,5,375
2026-07-09,S05,P11,5,275
2026-07-09,S05,P12,4,220
2026-07-09,S05,P13,3,207
2026-07-09,S05,P14,3,225
2026-07-09,S05,P15,2,90
2026-07-09,S05,P16,2,178
2026-07-09,S05,P17,1,129
2026-07-09,S05,P18,1,109
2026-07-10,S05,P01,15,1185
2026-07-10,S05,P02,13,845
2026-07-10,S05,P03,9,855
2026-07-10,S05,P04,11,1199
2026-07-10,S05,P05,9,1035
2026-07-10,S05,P06,6,534
2026-07-10,S05,P07,2,170
2026-07-10,S05,P08,4,476
2026-07-10,S05,P09,2,198
2026-07-10,S05,P10,6,450
2026-07-10,S05,P11,6,330
2026-07-10,S05,P12,4,220
2026-07-10,S05,P13,4,276
2026-07-10,S05,P14,3,225
2026-07-10,S05,P15,2,90
2026-07-10,S05,P16,2,178
2026-07-10,S05,P17,1,129
2026-07-10,S05,P18,1,109
2026-07-11,S05,P01,16,1264
2026-07-11,S05,P02,14,910
2026-07-11,S05,P03,10,950
2026-07-11,S05,P04,15,1635
2026-07-11,S05,P05,8,920
2026-07-11,S05,P06,7,623
2026-07-11,S05,P07,2,170
2026-07-11,S05,P08,4,476
2026-07-11,S05,P09,3,297
2026-07-11,S05,P10,6,450
2026-07-11,S05,P11,6,330
2026-07-11,S05,P12,4,220
2026-07-11,S05,P13,4,276
2026-07-11,S05,P14,3,225
2026-07-11,S05,P15,2,90
2026-07-11,S05,P16,2,178
2026-07-11,S05,P17,2,258
2026-07-11,S05,P18,1,109
2026-07-12,S05,P01,13,1027
2026-07-12,S05,P02,11,715
2026-07-12,S05,P03,8,760
2026-07-12,S05,P04,11,1199
2026-07-12,S05,P05,7,805
2026-07-12,S05,P06,6,534
2026-07-12,S05,P07,2,170
2026-07-12,S05,P08,3,357
2026-07-12,S05,P09,2,198
2026-07-12,S05,P10,4,300
2026-07-12,S05,P11,4,220
2026-07-12,S05,P12,4,220
2026-07-12,S05,P13,3,207
2026-07-12,S05,P14,3,225
2026-07-12,S05,P15,2,90
2026-07-12,S05,P16,2,178
2026-07-12,S05,P17,1,129
2026-07-12,S05,P18,1,109
2026-07-13,S05,P01,11,869
2026-07-13,S05,P02,10,650
2026-07-13,S05,P03,7,665
2026-07-13,S05,P04,11,1199
2026-07-13,S05,P05,8,920
2026-07-13,S05,P06,4,356
2026-07-13,S05,P07,2,170
2026-07-13,S05,P08,3,357
2026-07-13,S05,P09,2,198
2026-07-13,S05,P10,4,300
2026-07-13,S05,P11,4,220
2026-07-13,S05,P12,3,165
2026-07-13,S05,P13,3,207
2026-07-13,S05,P14,2,150
2026-07-13,S05,P15,2,90
2026-07-13,S05,P16,1,89
2026-07-13,S05,P17,1,129
2026-07-14,S05,P01,7,553
2026-07-14,S05,P02,9,585
2026-07-14,S05,P03,5,475
2026-07-14,S05,P04,12,1308
2026-07-14,S05,P05,7,805
2026-07-14,S05,P06,3,267
2026-07-14,S05,P07,2,170
2026-07-14,S05,P08,3,357
2026-07-14,S05,P09,1,99
2026-07-14,S05,P10,5,375
2026-07-14,S05,P11,4,220
2026-07-14,S05,P12,3,165
2026-07-14,S05,P13,3,207
2026-07-14,S05,P14,2,150
2026-07-14,S05,P15,1,45
2026-07-14,S05,P16,2,178
2026-07-14,S05,P17,1,129
2026-07-15,S05,P01,10,790
2026-07-15,S05,P02,9,585
2026-07-15,S05,P03,6,570
2026-07-15,S05,P04,8,872
2026-07-15,S05,P05,5,575
2026-07-15,S05,P06,4,356
2026-07-15,S05,P07,2,170
2026-07-15,S05,P08,2,238
2026-07-15,S05,P09,2,198
2026-07-15,S05,P10,4,300
2026-07-15,S05,P11,3,165
2026-07-15,S05,P12,3,165
2026-07-15,S05,P13,2,138
2026-07-15,S05,P14,2,150
2026-07-15,S05,P15,1,45
2026-07-15,S05,P16,1,89
2026-07-15,S05,P17,1,129
2026-07-16,S05,P01,11,869
2026-07-16,S05,P02,11,715
2026-07-16,S05,P03,7,665
2026-07-16,S05,P04,12,1308
2026-07-16,S05,P05,8,920
2026-07-16,S05,P06,5,445
2026-07-16,S05,P07,2,170
2026-07-16,S05,P08,4,476
2026-07-16,S05,P09,2,198
2026-07-16,S05,P10,5,375
2026-07-16,S05,P11,5,275
2026-07-16,S05,P12,3,165
2026-07-16,S05,P13,4,276
2026-07-16,S05,P14,2,150
2026-07-16,S05,P15,2,90
2026-07-16,S05,P16,2,178
2026-07-16,S05,P17,1,129
2026-07-17,S05,P01,9,711
2026-07-17,S05,P02,10,650
2026-07-17,S05,P03,6,570
2026-07-17,S05,P04,14,1526
2026-07-17,S05,P05,8,920
2026-07-17,S05,P06,4,356
2026-07-17,S05,P07,2,170
2026-07-17,S05,P08,3,357
2026-07-17,S05,P09,2,198
2026-07-17,S05,P10,5,375
2026-07-17,S05,P11,5,275
2026-07-17,S05,P12,4,220
2026-07-17,S05,P13,3,207
2026-07-17,S05,P14,3,225
2026-07-17,S05,P15,2,90
2026-07-17,S05,P16,2,178
2026-07-17,S05,P17,1,129
2026-07-18,S05,P01,16,1264
2026-07-18,S05,P02,12,780
2026-07-18,S05,P03,10,950
2026-07-18,S05,P04,13,1417
2026-07-18,S05,P05,9,1035
2026-07-18,S05,P06,7,623
2026-07-18,S05,P07,2,170
2026-07-18,S05,P08,4,476
2026-07-18,S05,P09,2,198
2026-07-18,S05,P10,6,450
2026-07-18,S05,P11,5,275
2026-07-18,S05,P12,4,220
2026-07-18,S05,P13,4,276
2026-07-18,S05,P14,3,225
2026-07-18,S05,P15,2,90
2026-07-18,S05,P16,2,178
2026-07-18,S05,P17,2,258
2026-07-18,S05,P18,1,109
2026-07-19,S05,P01,12,948
2026-07-19,S05,P02,10,650
2026-07-19,S05,P03,8,760
2026-07-19,S05,P04,10,1090
2026-07-19,S05,P05,6,690
2026-07-19,S05,P06,5,445
2026-07-19,S05,P07,2,170
2026-07-19,S05,P08,3,357
2026-07-19,S05,P09,2,198
2026-07-19,S05,P10,4,300
2026-07-19,S05,P11,4,220
2026-07-19,S05,P12,3,165
2026-07-19,S05,P13,3,207
2026-07-19,S05,P14,2,150
2026-07-19,S05,P15,1,45
2026-07-19,S05,P16,1,89
2026-07-19,S05,P17,1,129
2026-07-20,S05,P01,15,1185
2026-07-20,S05,P02,9,585
2026-07-20,S05,P03,9,855
2026-07-20,S05,P04,9,981
2026-07-20,S05,P05,5,575
2026-07-20,S05,P06,7,623
2026-07-20,S05,P07,2,170
2026-07-20,S05,P08,2,238
2026-07-20,S05,P09,2,198
2026-07-20,S05,P10,3,225
2026-07-20,S05,P11,4,220
2026-07-20,S05,P12,3,165
2026-07-20,S05,P13,3,207
2026-07-20,S05,P14,3,225
2026-07-20,S05,P15,2,90
2026-07-20,S05,P16,1,89
2026-07-20,S05,P17,1,129
2026-07-20,S05,P18,1,109
2026-07-21,S05,P01,14,1106
2026-07-21,S05,P02,9,585
2026-07-21,S05,P03,9,855
2026-07-21,S05,P04,9,981
2026-07-21,S05,P05,6,690
2026-07-21,S05,P06,6,534
2026-07-21,S05,P07,2,170
2026-07-21,S05,P08,3,357
2026-07-21,S05,P09,2,198
2026-07-21,S05,P10,4,300
2026-07-21,S05,P11,5,275
2026-07-21,S05,P12,3,165
2026-07-21,S05,P13,3,207
2026-07-21,S05,P14,3,225
2026-07-21,S05,P15,2,90
2026-07-21,S05,P16,2,178
2026-07-21,S05,P17,1,129
2026-07-21,S05,P18,1,109
2026-07-22,S05,P01,15,1185
2026-07-22,S05,P02,10,650
2026-07-22,S05,P03,10,950
2026-07-22,S05,P04,10,1090
2026-07-22,S05,P05,6,690
2026-07-22,S05,P06,7,623
2026-07-22,S05,P07,2,170
2026-07-22,S05,P08,3,357
2026-07-22,S05,P09,2,198
2026-07-22,S05,P10,4,300
2026-07-22,S05,P11,4,220
2026-07-22,S05,P12,4,220
2026-07-22,S05,P13,3,207
2026-07-22,S05,P14,3,225
2026-07-22,S05,P15,1,45
2026-07-22,S05,P16,2,178
2026-07-22,S05,P17,1,129
2026-07-22,S05,P18,1,109
2026-07-23,S05,P01,13,1027
2026-07-23,S05,P02,11,715
2026-07-23,S05,P03,10,950
2026-07-23,S05,P04,8,872
2026-07-23,S05,P05,6,690
2026-07-23,S05,P06,6,534
2026-07-23,S05,P07,2,170
2026-07-23,S05,P08,3,357
2026-07-23,S05,P09,3,297
2026-07-23,S05,P10,4,300
2026-07-23,S05,P11,5,275
2026-07-23,S05,P12,4,220
2026-07-23,S05,P13,3,207
2026-07-23,S05,P14,3,225
2026-07-23,S05,P15,2,90
2026-07-23,S05,P16,2,178
2026-07-23,S05,P17,1,129
2026-07-23,S05,P18,1,109
2026-07-24,S05,P01,15,1185
2026-07-24,S05,P02,12,780
2026-07-24,S05,P03,11,1045
2026-07-24,S05,P04,12,1308
2026-07-24,S05,P05,7,805
2026-07-24,S05,P06,6,534
2026-07-24,S05,P07,2,170
2026-07-24,S05,P08,3,357
2026-07-24,S05,P09,2,198
2026-07-24,S05,P10,5,375
2026-07-24,S05,P11,6,330
2026-07-24,S05,P12,4,220
2026-07-24,S05,P13,4,276
2026-07-24,S05,P14,3,225
2026-07-24,S05,P15,2,90
2026-07-24,S05,P16,2,178
2026-07-24,S05,P17,1,129
2026-07-24,S05,P18,1,109
2026-07-25,S05,P01,16,1264
2026-07-25,S05,P02,12,780
2026-07-25,S05,P03,11,1045
2026-07-25,S05,P04,15,1635
2026-07-25,S05,P05,10,1150
2026-07-25,S05,P06,6,534
2026-07-25,S05,P07,2,170
2026-07-25,S05,P08,4,476
2026-07-25,S05,P09,2,198
2026-07-25,S05,P10,7,525
2026-07-25,S05,P11,6,330
2026-07-25,S05,P12,5,275
2026-07-25,S05,P13,4,276
2026-07-25,S05,P14,3,225
2026-07-25,S05,P15,2,90
2026-07-25,S05,P16,2,178
2026-07-25,S05,P17,2,258
2026-07-25,S05,P18,1,109
2026-07-26,S05,P01,9,711
2026-07-26,S05,P02,11,715
2026-07-26,S05,P03,7,665
2026-07-26,S05,P04,15,1635
2026-07-26,S05,P05,9,1035
2026-07-26,S05,P06,5,445
2026-07-26,S05,P07,2,170
2026-07-26,S05,P08,4,476
2026-07-26,S05,P09,1,99
2026-07-26,S05,P10,6,450
2026-07-26,S05,P11,6,330
2026-07-26,S05,P12,4,220
2026-07-26,S05,P13,3,207
2026-07-26,S05,P14,3,225
2026-07-26,S05,P15,2,90
2026-07-26,S05,P16,2,178
2026-07-26,S05,P17,1,129
2026-07-27,S05,P01,11,869
2026-07-27,S05,P02,10,650
2026-07-27,S05,P03,7,665
2026-07-27,S05,P04,11,1199
2026-07-27,S05,P05,6,690
2026-07-27,S05,P06,4,356
2026-07-27,S05,P07,2,170
2026-07-27,S05,P08,3,357
2026-07-27,S05,P09,2,198
2026-07-27,S05,P10,4,300
2026-07-27,S05,P11,4,220
2026-07-27,S05,P12,3,165
2026-07-27,S05,P13,2,138
2026-07-27,S05,P14,2,150
2026-07-27,S05,P15,2,90
2026-07-27,S05,P16,2,178
2026-07-27,S05,P17,1,129
2026-07-28,S05,P01,11,869
2026-07-28,S05,P02,9,585
2026-07-28,S05,P03,7,665
2026-07-28,S05,P04,9,981
2026-07-28,S05,P05,7,805
2026-07-28,S05,P06,5,445
2026-07-28,S05,P07,2,170
2026-07-28,S05,P08,3,357
2026-07-28,S05,P09,2,198
2026-07-28,S05,P10,4,300
2026-07-28,S05,P11,5,275
2026-07-28,S05,P12,3,165
2026-07-28,S05,P13,3,207
2026-07-28,S05,P14,2,150
2026-07-28,S05,P15,1,45
2026-07-28,S05,P16,2,178
2026-07-28,S05,P17,1,129
2026-07-29,S05,P01,10,790
2026-07-29,S05,P02,12,780
2026-07-29,S05,P03,6,570
2026-07-29,S05,P04,14,1526
2026-07-29,S05,P05,10,1150
2026-07-29,S05,P06,4,356
2026-07-29,S05,P07,2,170
2026-07-29,S05,P08,4,476
2026-07-29,S05,P09,1,99
2026-07-29,S05,P10,6,450
2026-07-29,S05,P11,5,275
2026-07-29,S05,P12,4,220
2026-07-29,S05,P13,3,207
2026-07-29,S05,P14,3,225
2026-07-29,S05,P15,2,90
2026-07-29,S05,P16,2,178
2026-07-29,S05,P17,2,258
2026-07-30,S05,P01,8,632
2026-07-30,S05,P02,12,780
2026-07-30,S05,P03,5,475
2026-07-30,S05,P04,14,1526
2026-07-30,S05,P05,10,1150
2026-07-30,S05,P06,3,267
2026-07-30,S05,P07,2,170
2026-07-30,S05,P08,5,595
2026-07-30,S05,P09,1,99
2026-07-30,S05,P10,7,525
2026-07-30,S05,P11,5,275
2026-07-30,S05,P12,4,220
2026-07-30,S05,P13,4,276
2026-07-30,S05,P14,3,225
2026-07-30,S05,P15,2,90
2026-07-30,S05,P16,2,178
2026-07-30,S05,P17,1,129
2026-07-31,S05,P01,7,553
2026-07-31,S05,P02,12,780
2026-07-31,S05,P03,4,380
2026-07-31,S05,P04,15,1635
2026-07-31,S05,P05,10,1150
2026-07-31,S05,P06,3,267
2026-07-31,S05,P07,2,170
2026-07-31,S05,P08,4,476
2026-07-31,S05,P09,1,99
2026-07-31,S05,P10,8,600
2026-07-31,S05,P11,5,275
2026-07-31,S05,P12,4,220
2026-07-31,S05,P13,4,276
2026-07-31,S05,P14,3,225
2026-07-31,S05,P15,2,90
2026-07-31,S05,P16,2,178
2026-07-31,S05,P17,2,258
2026-08-01,S05,P01,8,632
2026-08-01,S05,P02,13,845
2026-08-01,S05,P03,6,570
2026-08-01,S05,P04,16,1744
2026-08-01,S05,P05,12,1380
2026-08-01,S05,P06,4,356
2026-08-01,S05,P07,2,170
2026-08-01,S05,P08,5,595
2026-08-01,S05,P09,1,99
2026-08-01,S05,P10,7,525
2026-08-01,S05,P11,7,385
2026-08-01,S05,P12,4,220
2026-08-01,S05,P13,4,276
2026-08-01,S05,P14,4,300
2026-08-01,S05,P15,2,90
2026-08-01,S05,P16,2,178
2026-08-01,S05,P17,2,258
2026-08-02,S05,P01,12,948
2026-08-02,S05,P02,12,780
2026-08-02,S05,P03,8,760
2026-08-02,S05,P04,11,1199
2026-08-02,S05,P05,9,1035
2026-08-02,S05,P06,7,623
2026-08-02,S05,P07,2,170
2026-08-02,S05,P08,4,476
2026-08-02,S05,P09,2,198
2026-08-02,S05,P10,5,375
2026-08-02,S05,P11,5,275
2026-08-02,S05,P12,4,220
2026-08-02,S05,P13,4,276
2026-08-02,S05,P14,3,225
2026-08-02,S05,P15,2,90
2026-08-02,S05,P16,2,178
2026-08-02,S05,P17,2,258
2026-08-02,S05,P18,1,109
2026-08-03,S05,P01,6,474
2026-08-03,S05,P02,9,585
2026-08-03,S05,P03,5,475
2026-08-03,S05,P04,13,1417
2026-08-03,S05,P05,7,805
2026-08-03,S05,P06,2,178
2026-08-03,S05,P07,2,170
2026-08-03,S05,P08,3,357
2026-08-03,S05,P09,1,99
2026-08-03,S05,P10,5,375
2026-08-03,S05,P11,5,275
2026-08-03,S05,P12,3,165
2026-08-03,S05,P13,3,207
2026-08-03,S05,P14,3,225
2026-08-03,S05,P15,1,45
2026-08-03,S05,P16,1,89
2026-08-03,S05,P17,1,129
2026-08-04,S05,P01,5,395
2026-08-04,S05,P02,9,585
2026-08-04,S05,P03,4,380
2026-08-04,S05,P04,14,1526
2026-08-04,S05,P05,8,920
2026-08-04,S05,P06,2,178
2026-08-04,S05,P07,2,170
2026-08-04,S05,P08,3,357
2026-08-04,S05,P09,1,99
2026-08-04,S05,P10,5,375
2026-08-04,S05,P11,5,275
2026-08-04,S05,P12,3,165
2026-08-04,S05,P13,2,138
2026-08-04,S05,P14,2,150
2026-08-04,S05,P15,1,45
2026-08-04,S05,P16,2,178
2026-08-04,S05,P17,1,129
2026-08-05,S05,P01,5,395
2026-08-05,S05,P02,10,650
2026-08-05,S05,P03,3,285
2026-08-05,S05,P04,16,1744
2026-08-05,S05,P05,10,1150
2026-08-05,S05,P06,2,178
2026-08-05,S05,P07,2,170
2026-08-05,S05,P08,4,476
2026-08-05,S05,P09,1,99
2026-08-05,S05,P10,6,450
2026-08-05,S05,P11,5,275
2026-08-05,S05,P12,4,220
2026-08-05,S05,P13,3,207
2026-08-05,S05,P14,2,150
2026-08-05,S05,P15,2,90
2026-08-05,S05,P16,2,178
2026-08-05,S05,P17,1,129
2026-08-06,S05,P01,11,869
2026-08-06,S05,P02,12,780
2026-08-06,S05,P03,6,570
2026-08-06,S05,P04,15,1635
2026-08-06,S05,P05,9,1035
2026-08-06,S05,P06,5,445
2026-08-06,S05,P07,2,170
2026-08-06,S05,P08,4,476
2026-08-06,S05,P09,1,99
2026-08-06,S05,P10,5,375
2026-08-06,S05,P11,5,275
2026-08-06,S05,P12,4,220
2026-08-06,S05,P13,3,207
2026-08-06,S05,P14,3,225
2026-08-06,S05,P15,2,90
2026-08-06,S05,P16,2,178
2026-08-06,S05,P17,1,129
2026-08-07,S05,P01,11,869
2026-08-07,S05,P02,13,845
2026-08-07,S05,P03,9,855
2026-08-07,S05,P04,13,1417
2026-08-07,S05,P05,10,1150
2026-08-07,S05,P06,5,445
2026-08-07,S05,P07,3,255
2026-08-07,S05,P08,4,476
2026-08-07,S05,P09,2,198
2026-08-07,S05,P10,7,525
2026-08-07,S05,P11,6,330
2026-08-07,S05,P12,5,275
2026-08-07,S05,P13,4,276
2026-08-07,S05,P14,3,225
2026-08-07,S05,P15,2,90
2026-08-07,S05,P16,2,178
2026-08-07,S05,P17,2,258
2026-08-07,S05,P18,1,109
2026-08-08,S05,P01,13,1027
2026-08-08,S05,P02,12,780
2026-08-08,S05,P03,9,855
2026-08-08,S05,P04,14,1526
2026-08-08,S05,P05,10,1150
2026-08-08,S05,P06,6,534
2026-08-08,S05,P07,2,170
2026-08-08,S05,P08,4,476
2026-08-08,S05,P09,2,198
2026-08-08,S05,P10,7,525
2026-08-08,S05,P11,6,330
2026-08-08,S05,P12,5,275
2026-08-08,S05,P13,4,276
2026-08-08,S05,P14,3,225
2026-08-08,S05,P15,2,90
2026-08-08,S05,P16,2,178
2026-08-08,S05,P17,2,258
2026-08-08,S05,P18,1,109
2026-08-09,S05,P01,12,948
2026-08-09,S05,P02,11,715
2026-08-09,S05,P03,9,855
2026-08-09,S05,P04,14,1526
2026-08-09,S05,P05,9,1035
2026-08-09,S05,P06,5,445
2026-08-09,S05,P07,2,170
2026-08-09,S05,P08,4,476
2026-08-09,S05,P09,2,198
2026-08-09,S05,P10,6,450
2026-08-09,S05,P11,6,330
2026-08-09,S05,P12,4,220
2026-08-09,S05,P13,4,276
2026-08-09,S05,P14,3,225
2026-08-09,S05,P15,2,90
2026-08-09,S05,P16,2,178
2026-08-09,S05,P17,2,258
2026-08-10,S05,P01,8,632
2026-08-10,S05,P02,11,715
2026-08-10,S05,P03,5,475
2026-08-10,S05,P04,12,1308
2026-08-10,S05,P05,8,920
2026-08-10,S05,P06,3,267
2026-08-10,S05,P07,2,170
2026-08-10,S05,P08,4,476
2026-08-10,S05,P09,1,99
2026-08-10,S05,P10,5,375
2026-08-10,S05,P11,5,275
2026-08-10,S05,P12,3,165
2026-08-10,S05,P13,3,207
2026-08-10,S05,P14,2,150
2026-08-10,S05,P15,1,45
2026-08-10,S05,P16,2,178
2026-08-10,S05,P17,1,129
2026-08-11,S05,P01,10,790
2026-08-11,S05,P02,10,650
2026-08-11,S05,P03,8,760
2026-08-11,S05,P04,11,1199
2026-08-11,S05,P05,8,920
2026-08-11,S05,P06,5,445
2026-08-11,S05,P07,2,170
2026-08-11,S05,P08,3,357
2026-08-11,S05,P09,2,198
2026-08-11,S05,P10,5,375
2026-08-11,S05,P11,4,220
2026-08-11,S05,P12,3,165
2026-08-11,S05,P13,3,207
2026-08-11,S05,P14,3,225
2026-08-11,S05,P15,2,90
2026-08-11,S05,P16,2,178
2026-08-11,S05,P17,1,129
2026-08-12,S05,P01,11,869
2026-08-12,S05,P02,10,650
2026-08-12,S05,P03,9,855
2026-08-12,S05,P04,10,1090
2026-08-12,S05,P05,7,805
2026-08-12,S05,P06,6,534
2026-08-12,S05,P07,2,170
2026-08-12,S05,P08,3,357
2026-08-12,S05,P09,2,198
2026-08-12,S05,P10,4,300
2026-08-12,S05,P11,5,275
2026-08-12,S05,P12,3,165
2026-08-12,S05,P13,3,207
2026-08-12,S05,P14,2,150
2026-08-12,S05,P15,1,45
2026-08-12,S05,P16,2,178
2026-08-12,S05,P17,1,129
2026-08-13,S05,P01,13,1027
2026-08-13,S05,P02,11,715
2026-08-13,S05,P03,8,760
2026-08-13,S05,P04,13,1417
2026-08-13,S05,P05,8,920
2026-08-13,S05,P06,5,445
2026-08-13,S05,P07,2,170
2026-08-13,S05,P08,4,476
2026-08-13,S05,P09,2,198
2026-08-13,S05,P10,5,375
2026-08-13,S05,P11,4,220
2026-08-13,S05,P12,4,220
2026-08-13,S05,P13,3,207
2026-08-13,S05,P14,3,225
2026-08-13,S05,P15,1,45
2026-08-13,S05,P16,2,178
2026-08-13,S05,P17,1,129
2026-08-14,S05,P01,12,948
2026-08-14,S05,P02,11,715
2026-08-14,S05,P03,7,665
2026-08-14,S05,P04,14,1526
2026-08-14,S05,P05,9,1035
2026-08-14,S05,P06,5,445
2026-08-14,S05,P07,2,170
2026-08-14,S05,P08,4,476
2026-08-14,S05,P09,2,198
2026-08-14,S05,P10,7,525
2026-08-14,S05,P11,6,330
2026-08-14,S05,P12,4,220
2026-08-14,S05,P13,3,207
2026-08-14,S05,P14,3,225
2026-08-14,S05,P15,2,90
2026-08-14,S05,P16,2,178
2026-08-14,S05,P17,1,129
2026-08-15,S05,P01,11,869
2026-08-15,S05,P02,13,845
2026-08-15,S05,P03,7,665
2026-08-15,S05,P04,16,1744
2026-08-15,S05,P05,10,1150
2026-08-15,S05,P06,4,356
2026-08-15,S05,P07,2,170
2026-08-15,S05,P08,5,595
2026-08-15,S05,P09,1,99
2026-08-15,S05,P10,8,600
2026-08-15,S05,P11,6,330
2026-08-15,S05,P12,4,220
2026-08-15,S05,P13,4,276
2026-08-15,S05,P14,4,300
2026-08-15,S05,P15,2,90
2026-08-15,S05,P16,2,178
2026-08-15,S05,P17,2,258
2026-08-16,S05,P01,8,632
2026-08-16,S05,P02,10,650
2026-08-16,S05,P03,5,475
2026-08-16,S05,P04,15,1635
2026-08-16,S05,P05,11,1265
2026-08-16,S05,P06,4,356
2026-08-16,S05,P07,2,170
2026-08-16,S05,P08,4,476
2026-08-16,S05,P09,1,99
2026-08-16,S05,P10,6,450
2026-08-16,S05,P11,5,275
2026-08-16,S05,P12,4,220
2026-08-16,S05,P13,3,207
2026-08-16,S05,P14,3,225
2026-08-16,S05,P15,2,90
2026-08-16,S05,P16,2,178
2026-08-16,S05,P17,1,129
2026-08-17,S05,P01,8,632
2026-08-17,S05,P02,7,455
2026-08-17,S05,P03,5,475
2026-08-17,S05,P04,9,981
2026-08-17,S05,P05,6,690
2026-08-17,S05,P06,4,356
2026-08-17,S05,P07,1,85
2026-08-17,S05,P08,3,357
2026-08-17,S05,P09,1,99
2026-08-17,S05,P10,3,225
2026-08-17,S05,P11,4,220
2026-08-17,S05,P12,3,165
2026-08-17,S05,P13,2,138
2026-08-17,S05,P14,2,150
2026-08-17,S05,P15,1,45
2026-08-17,S05,P16,1,89
2026-08-17,S05,P17,1,129
2026-08-18,S05,P01,13,1027
2026-08-18,S05,P02,10,650
2026-08-18,S05,P03,10,950
2026-08-18,S05,P04,9,981
2026-08-18,S05,P05,6,690
2026-08-18,S05,P06,6,534
2026-08-18,S05,P07,2,170
2026-08-18,S05,P08,2,238
2026-08-18,S05,P09,2,198
2026-08-18,S05,P10,3,225
2026-08-18,S05,P11,4,220
2026-08-18,S05,P12,3,165
2026-08-18,S05,P13,3,207
2026-08-18,S05,P14,2,150
2026-08-18,S05,P15,2,90
2026-08-18,S05,P16,2,178
2026-08-18,S05,P17,1,129
2026-08-18,S05,P18,1,109
2026-08-19,S05,P01,12,948
2026-08-19,S05,P02,10,650
2026-08-19,S05,P03,8,760
2026-08-19,S05,P04,11,1199
2026-08-19,S05,P05,6,690
2026-08-19,S05,P06,5,445
2026-08-19,S05,P07,2,170
2026-08-19,S05,P08,3,357
2026-08-19,S05,P09,2,198
2026-08-19,S05,P10,4,300
2026-08-19,S05,P11,5,275
2026-08-19,S05,P12,4,220
2026-08-19,S05,P13,3,207
2026-08-19,S05,P14,2,150
2026-08-19,S05,P15,2,90
2026-08-19,S05,P16,2,178
2026-08-19,S05,P17,1,129
2026-08-19,S05,P18,1,109
2026-08-20,S05,P01,10,790
2026-08-20,S05,P02,10,650
2026-08-20,S05,P03,7,665
2026-08-20,S05,P04,13,1417
2026-08-20,S05,P05,8,920
2026-08-20,S05,P06,4,356
2026-08-20,S05,P07,2,170
2026-08-20,S05,P08,4,476
2026-08-20,S05,P09,2,198
2026-08-20,S05,P10,5,375
2026-08-20,S05,P11,5,275
2026-08-20,S05,P12,3,165
2026-08-20,S05,P13,3,207
2026-08-20,S05,P14,2,150
2026-08-20,S05,P15,2,90
2026-08-20,S05,P16,2,178
2026-08-20,S05,P17,1,129
2026-08-21,S05,P01,15,1185
2026-08-21,S05,P02,11,715
2026-08-21,S05,P03,9,855
2026-08-21,S05,P04,13,1417
2026-08-21,S05,P05,8,920
2026-08-21,S05,P06,6,534
2026-08-21,S05,P07,2,170
2026-08-21,S05,P08,4,476
2026-08-21,S05,P09,2,198
2026-08-21,S05,P10,6,450
2026-08-21,S05,P11,6,330
2026-08-21,S05,P12,4,220
2026-08-21,S05,P13,3,207
2026-08-21,S05,P14,3,225
2026-08-21,S05,P15,2,90
2026-08-21,S05,P16,2,178
2026-08-21,S05,P17,2,258
2026-08-21,S05,P18,1,109
2026-08-22,S05,P01,20,1580
2026-08-22,S05,P02,14,910
2026-08-22,S05,P03,13,1235
2026-08-22,S05,P04,10,1090
2026-08-22,S05,P05,7,805
2026-08-22,S05,P06,8,712
2026-08-22,S05,P07,2,170
2026-08-22,S05,P08,3,357
2026-08-22,S05,P09,3,297
2026-08-22,S05,P10,5,375
2026-08-22,S05,P11,5,275
2026-08-22,S05,P12,5,275
2026-08-22,S05,P13,4,276
2026-08-22,S05,P14,3,225
2026-08-22,S05,P15,2,90
2026-08-22,S05,P16,2,178
2026-08-22,S05,P17,2,258
2026-08-22,S05,P18,1,109
2026-08-23,S05,P01,15,1185
2026-08-23,S05,P02,11,715
2026-08-23,S05,P03,12,1140
2026-08-23,S05,P04,11,1199
2026-08-23,S05,P05,6,690
2026-08-23,S05,P06,7,623
2026-08-23,S05,P07,2,170
2026-08-23,S05,P08,3,357
2026-08-23,S05,P09,3,297
2026-08-23,S05,P10,4,300
2026-08-23,S05,P11,5,275
2026-08-23,S05,P12,4,220
2026-08-23,S05,P13,3,207
2026-08-23,S05,P14,3,225
2026-08-23,S05,P15,2,90
2026-08-23,S05,P16,2,178
2026-08-23,S05,P17,1,129
2026-08-23,S05,P18,1,109
2026-08-24,S05,P01,12,948
2026-08-24,S05,P02,8,520
2026-08-24,S05,P03,9,855
2026-08-24,S05,P04,9,981
2026-08-24,S05,P05,6,690
2026-08-24,S05,P06,5,445
2026-08-24,S05,P07,2,170
2026-08-24,S05,P08,2,238
2026-08-24,S05,P09,2,198
2026-08-24,S05,P10,4,300
2026-08-24,S05,P11,4,220
2026-08-24,S05,P12,3,165
2026-08-24,S05,P13,3,207
2026-08-24,S05,P14,2,150
2026-08-24,S05,P15,1,45
2026-08-24,S05,P16,2,178
2026-08-24,S05,P17,1,129
2026-08-24,S05,P18,1,109
2026-08-25,S05,P01,12,948
2026-08-25,S05,P02,8,520
2026-08-25,S05,P03,8,760
2026-08-25,S05,P04,7,763
2026-08-25,S05,P05,5,575
2026-08-25,S05,P06,6,534
2026-08-25,S05,P07,1,85
2026-08-25,S05,P08,2,238
2026-08-25,S05,P09,2,198
2026-08-25,S05,P10,3,225
2026-08-25,S05,P11,3,165
2026-08-25,S05,P12,3,165
2026-08-25,S05,P13,3,207
2026-08-25,S05,P14,2,150
2026-08-25,S05,P15,1,45
2026-08-25,S05,P16,2,178
2026-08-25,S05,P17,1,129
2026-08-25,S05,P18,1,109
2026-08-26,S05,P01,12,948
2026-08-26,S05,P02,10,650
2026-08-26,S05,P03,8,760
2026-08-26,S05,P04,10,1090
2026-08-26,S05,P05,6,690
2026-08-26,S05,P06,5,445
2026-08-26,S05,P07,2,170
2026-08-26,S05,P08,3,357
2026-08-26,S05,P09,2,198
2026-08-26,S05,P10,4,300
2026-08-26,S05,P11,4,220
2026-08-26,S05,P12,3,165
2026-08-26,S05,P13,3,207
2026-08-26,S05,P14,2,150
2026-08-26,S05,P15,1,45
2026-08-26,S05,P16,2,178
2026-08-26,S05,P17,1,129
2026-08-26,S05,P18,1,109
2026-08-27,S05,P01,12,948
2026-08-27,S05,P02,12,780
2026-08-27,S05,P03,9,855
2026-08-27,S05,P04,14,1526
2026-08-27,S05,P05,10,1150
2026-08-27,S05,P06,5,445
2026-08-27,S05,P07,2,170
2026-08-27,S05,P08,4,476
2026-08-27,S05,P09,2,198
2026-08-27,S05,P10,6,450
2026-08-27,S05,P11,5,275
2026-08-27,S05,P12,4,220
2026-08-27,S05,P13,3,207
2026-08-27,S05,P14,3,225
2026-08-27,S05,P15,2,90
2026-08-27,S05,P16,2,178
2026-08-27,S05,P17,1,129
2026-08-27,S05,P18,1,109
2026-08-28,S05,P01,14,1106
2026-08-28,S05,P02,15,975
2026-08-28,S05,P03,9,855
2026-08-28,S05,P04,17,1853
2026-08-28,S05,P05,12,1380
2026-08-28,S05,P06,5,445
2026-08-28,S05,P07,2,170
2026-08-28,S05,P08,4,476
2026-08-28,S05,P09,2,198
2026-08-28,S05,P10,8,600
2026-08-28,S05,P11,6,330
2026-08-28,S05,P12,5,275
2026-08-28,S05,P13,4,276
2026-08-28,S05,P14,3,225
2026-08-28,S05,P15,2,90
2026-08-28,S05,P16,2,178
2026-08-28,S05,P17,2,258
2026-08-28,S05,P18,1,109
2026-08-29,S05,P01,11,869
2026-08-29,S05,P02,9,585
2026-08-29,S05,P03,8,760
2026-08-29,S05,P04,8,872
2026-08-29,S05,P05,6,690
2026-08-29,S05,P06,5,445
2026-08-29,S05,P07,2,170
2026-08-29,S05,P08,3,357
2026-08-29,S05,P09,2,198
2026-08-29,S05,P10,4,300
2026-08-29,S05,P11,4,220
2026-08-29,S05,P12,3,165
2026-08-29,S05,P13,3,207
2026-08-29,S05,P14,2,150
2026-08-29,S05,P15,1,45
2026-08-29,S05,P16,1,89
2026-08-29,S05,P17,1,129
2026-08-29,S05,P18,1,109
2026-08-30,S05,P01,12,948
2026-08-30,S05,P02,11,715
2026-08-30,S05,P03,9,855
2026-08-30,S05,P04,14,1526
2026-08-30,S05,P05,9,1035
2026-08-30,S05,P06,5,445
2026-08-30,S05,P07,2,170
2026-08-30,S05,P08,4,476
2026-08-30,S05,P09,2,198
2026-08-30,S05,P10,6,450
2026-08-30,S05,P11,6,330
2026-08-30,S05,P12,4,220
2026-08-30,S05,P13,4,276
2026-08-30,S05,P14,3,225
2026-08-30,S05,P15,2,90
2026-08-30,S05,P16,2,178
2026-08-30,S05,P17,2,258
2026-08-31,S05,P01,10,790
2026-08-31,S05,P02,8,520
2026-08-31,S05,P03,6,570
2026-08-31,S05,P04,8,872
2026-08-31,S05,P05,5,575
2026-08-31,S05,P06,4,356
2026-08-31,S05,P07,1,85
2026-08-31,S05,P08,3,357
2026-08-31,S05,P09,2,198
2026-08-31,S05,P10,3,225
2026-08-31,S05,P11,4,220
2026-08-31,S05,P12,3,165
2026-08-31,S05,P13,2,138
2026-08-31,S05,P14,2,150
2026-08-31,S05,P15,1,45
2026-08-31,S05,P16,1,89
2026-08-31,S05,P17,1,129
2026-06-01,S06,P01,11,869
2026-06-01,S06,P02,6,390
2026-06-01,S06,P03,6,570
2026-06-01,S06,P04,6,654
2026-06-01,S06,P05,3,345
2026-06-01,S06,P06,5,445
2026-06-01,S06,P07,1,85
2026-06-01,S06,P08,1,119
2026-06-01,S06,P09,2,198
2026-06-01,S06,P10,2,150
2026-06-01,S06,P11,3,165
2026-06-01,S06,P12,2,110
2026-06-01,S06,P13,2,138
2026-06-01,S06,P14,2,150
2026-06-01,S06,P15,1,45
2026-06-01,S06,P16,1,89
2026-06-01,S06,P17,1,129
2026-06-02,S06,P01,10,790
2026-06-02,S06,P02,8,520
2026-06-02,S06,P03,7,665
2026-06-02,S06,P04,8,872
2026-06-02,S06,P05,6,690
2026-06-02,S06,P06,5,445
2026-06-02,S06,P07,2,170
2026-06-02,S06,P08,3,357
2026-06-02,S06,P09,2,198
2026-06-02,S06,P10,3,225
2026-06-02,S06,P11,4,220
2026-06-02,S06,P12,3,165
2026-06-02,S06,P13,2,138
2026-06-02,S06,P14,2,150
2026-06-02,S06,P15,1,45
2026-06-02,S06,P16,1,89
2026-06-02,S06,P17,1,129
2026-06-03,S06,P01,13,1027
2026-06-03,S06,P02,7,455
2026-06-03,S06,P03,9,855
2026-06-03,S06,P04,6,654
2026-06-03,S06,P05,4,460
2026-06-03,S06,P06,5,445
2026-06-03,S06,P07,1,85
2026-06-03,S06,P08,2,238
2026-06-03,S06,P09,2,198
2026-06-03,S06,P10,2,150
2026-06-03,S06,P11,3,165
2026-06-03,S06,P12,3,165
2026-06-03,S06,P13,2,138
2026-06-03,S06,P14,2,150
2026-06-03,S06,P15,1,45
2026-06-03,S06,P16,1,89
2026-06-03,S06,P17,1,129
2026-06-03,S06,P18,1,109
2026-06-04,S06,P01,12,948
2026-06-04,S06,P02,9,585
2026-06-04,S06,P03,8,760
2026-06-04,S06,P04,7,763
2026-06-04,S06,P05,5,575
2026-06-04,S06,P06,5,445
2026-06-04,S06,P07,2,170
2026-06-04,S06,P08,2,238
2026-06-04,S06,P09,2,198
2026-06-04,S06,P10,4,300
2026-06-04,S06,P11,4,220
2026-06-04,S06,P12,3,165
2026-06-04,S06,P13,2,138
2026-06-04,S06,P14,2,150
2026-06-04,S06,P15,1,45
2026-06-04,S06,P16,1,89
2026-06-04,S06,P17,1,129
2026-06-04,S06,P18,1,109
2026-06-05,S06,P01,13,1027
2026-06-05,S06,P02,7,455
2026-06-05,S06,P03,8,760
2026-06-05,S06,P04,6,654
2026-06-05,S06,P05,3,345
2026-06-05,S06,P06,6,534
2026-06-05,S06,P07,1,85
2026-06-05,S06,P08,2,238
2026-06-05,S06,P09,2,198
2026-06-05,S06,P10,3,225
2026-06-05,S06,P11,3,165
2026-06-05,S06,P12,2,110
2026-06-05,S06,P13,2,138
2026-06-05,S06,P14,2,150
2026-06-05,S06,P15,1,45
2026-06-05,S06,P16,1,89
2026-06-05,S06,P17,1,129
2026-06-05,S06,P18,1,109
2026-06-06,S06,P01,15,1185
2026-06-06,S06,P02,10,650
2026-06-06,S06,P03,10,950
2026-06-06,S06,P04,10,1090
2026-06-06,S06,P05,6,690
2026-06-06,S06,P06,7,623
2026-06-06,S06,P07,2,170
2026-06-06,S06,P08,2,238
2026-06-06,S06,P09,3,297
2026-06-06,S06,P10,4,300
2026-06-06,S06,P11,5,275
2026-06-06,S06,P12,3,165
2026-06-06,S06,P13,3,207
2026-06-06,S06,P14,3,225
2026-06-06,S06,P15,2,90
2026-06-06,S06,P16,2,178
2026-06-06,S06,P17,1,129
2026-06-06,S06,P18,1,109
2026-06-07,S06,P01,12,948
2026-06-07,S06,P02,8,520
2026-06-07,S06,P03,9,855
2026-06-07,S06,P04,7,763
2026-06-07,S06,P05,5,575
2026-06-07,S06,P06,5,445
2026-06-07,S06,P07,1,85
2026-06-07,S06,P08,2,238
2026-06-07,S06,P09,2,198
2026-06-07,S06,P10,3,225
2026-06-07,S06,P11,4,220
2026-06-07,S06,P12,3,165
2026-06-07,S06,P13,2,138
2026-06-07,S06,P14,2,150
2026-06-07,S06,P15,1,45
2026-06-07,S06,P16,1,89
2026-06-07,S06,P17,1,129
2026-06-08,S06,P01,9,711
2026-06-08,S06,P02,8,520
2026-06-08,S06,P03,7,665
2026-06-08,S06,P04,7,763
2026-06-08,S06,P05,5,575
2026-06-08,S06,P06,4,356
2026-06-08,S06,P07,1,85
2026-06-08,S06,P08,2,238
2026-06-08,S06,P09,2,198
2026-06-08,S06,P10,3,225
2026-06-08,S06,P11,4,220
2026-06-08,S06,P12,3,165
2026-06-08,S06,P13,2,138
2026-06-08,S06,P14,2,150
2026-06-08,S06,P15,1,45
2026-06-08,S06,P16,1,89
2026-06-08,S06,P17,1,129
2026-06-09,S06,P01,10,790
2026-06-09,S06,P02,8,520
2026-06-09,S06,P03,8,760
2026-06-09,S06,P04,6,654
2026-06-09,S06,P05,4,460
2026-06-09,S06,P06,5,445
2026-06-09,S06,P07,1,85
2026-06-09,S06,P08,2,238
2026-06-09,S06,P09,2,198
2026-06-09,S06,P10,2,150
2026-06-09,S06,P11,3,165
2026-06-09,S06,P12,2,110
2026-06-09,S06,P13,2,138
2026-06-09,S06,P14,2,150
2026-06-09,S06,P15,1,45
2026-06-09,S06,P16,1,89
2026-06-09,S06,P17,1,129
2026-06-10,S06,P01,14,1106
2026-06-10,S06,P02,7,455
2026-06-10,S06,P03,8,760
2026-06-10,S06,P04,5,545
2026-06-10,S06,P05,3,345
2026-06-10,S06,P06,6,534
2026-06-10,S06,P07,1,85
2026-06-10,S06,P08,2,238
2026-06-10,S06,P09,2,198
2026-06-10,S06,P10,2,150
2026-06-10,S06,P11,3,165
2026-06-10,S06,P12,2,110
2026-06-10,S06,P13,2,138
2026-06-10,S06,P14,2,150
2026-06-10,S06,P15,1,45
2026-06-10,S06,P16,1,89
2026-06-10,S06,P17,1,129
2026-06-10,S06,P18,1,109
2026-06-11,S06,P01,12,948
2026-06-11,S06,P02,7,455
2026-06-11,S06,P03,8,760
2026-06-11,S06,P04,4,436
2026-06-11,S06,P05,3,345
2026-06-11,S06,P06,5,445
2026-06-11,S06,P07,1,85
2026-06-11,S06,P08,1,119
2026-06-11,S06,P09,2,198
2026-06-11,S06,P10,2,150
2026-06-11,S06,P11,3,165
2026-06-11,S06,P12,2,110
2026-06-11,S06,P13,2,138
2026-06-11,S06,P14,2,150
2026-06-11,S06,P15,1,45
2026-06-11,S06,P16,1,89
2026-06-11,S06,P17,1,129
2026-06-12,S06,P01,17,1343
2026-06-12,S06,P02,9,585
2026-06-12,S06,P03,11,1045
2026-06-12,S06,P04,6,654
2026-06-12,S06,P05,4,460
2026-06-12,S06,P06,7,623
2026-06-12,S06,P07,1,85
2026-06-12,S06,P08,2,238
2026-06-12,S06,P09,3,297
2026-06-12,S06,P10,2,150
2026-06-12,S06,P11,4,220
2026-06-12,S06,P12,3,165
2026-06-12,S06,P13,3,207
2026-06-12,S06,P14,2,150
2026-06-12,S06,P15,1,45
2026-06-12,S06,P16,1,89
2026-06-12,S06,P17,1,129
2026-06-12,S06,P18,1,109
2026-06-13,S06,P01,15,1185
2026-06-13,S06,P02,9,585
2026-06-13,S06,P03,10,950
2026-06-13,S06,P04,8,872
2026-06-13,S06,P05,5,575
2026-06-13,S06,P06,6,534
2026-06-13,S06,P07,2,170
2026-06-13,S06,P08,2,238
2026-06-13,S06,P09,2,198
2026-06-13,S06,P10,4,300
2026-06-13,S06,P11,4,220
2026-06-13,S06,P12,3,165
2026-06-13,S06,P13,3,207
2026-06-13,S06,P14,2,150
2026-06-13,S06,P15,2,90
2026-06-13,S06,P16,1,89
2026-06-13,S06,P17,1,129
2026-06-13,S06,P18,1,109
2026-06-14,S06,P01,13,1027
2026-06-14,S06,P02,8,520
2026-06-14,S06,P03,10,950
2026-06-14,S06,P04,5,545
2026-06-14,S06,P05,4,460
2026-06-14,S06,P06,6,534
2026-06-14,S06,P07,1,85
2026-06-14,S06,P08,1,119
2026-06-14,S06,P09,3,297
2026-06-14,S06,P10,2,150
2026-06-14,S06,P11,3,165
2026-06-14,S06,P12,3,165
2026-06-14,S06,P13,3,207
2026-06-14,S06,P14,2,150
2026-06-14,S06,P15,1,45
2026-06-14,S06,P16,1,89
2026-06-14,S06,P17,1,129
2026-06-14,S06,P18,1,109
2026-06-15,S06,P01,11,869
2026-06-15,S06,P02,7,455
2026-06-15,S06,P03,9,855
2026-06-15,S06,P04,5,545
2026-06-15,S06,P05,3,345
2026-06-15,S06,P06,6,534
2026-06-15,S06,P07,1,85
2026-06-15,S06,P08,1,119
2026-06-15,S06,P09,2,198
2026-06-15,S06,P10,2,150
2026-06-15,S06,P11,3,165
2026-06-15,S06,P12,2,110
2026-06-15,S06,P13,2,138
2026-06-15,S06,P14,2,150
2026-06-15,S06,P15,1,45
2026-06-15,S06,P16,1,89
2026-06-15,S06,P17,1,129
2026-06-16,S06,P01,12,948
2026-06-16,S06,P02,8,520
2026-06-16,S06,P03,7,665
2026-06-16,S06,P04,7,763
2026-06-16,S06,P05,5,575
2026-06-16,S06,P06,5,445
2026-06-16,S06,P07,1,85
2026-06-16,S06,P08,2,238
2026-06-16,S06,P09,2,198
2026-06-16,S06,P10,3,225
2026-06-16,S06,P11,4,220
2026-06-16,S06,P12,3,165
2026-06-16,S06,P13,2,138
2026-06-16,S06,P14,2,150
2026-06-16,S06,P15,1,45
2026-06-16,S06,P16,1,89
2026-06-16,S06,P17,1,129
2026-06-17,S06,P01,10,790
2026-06-17,S06,P02,8,520
2026-06-17,S06,P03,7,665
2026-06-17,S06,P04,6,654
2026-06-17,S06,P05,5,575
2026-06-17,S06,P06,5,445
2026-06-17,S06,P07,1,85
2026-06-17,S06,P08,2,238
2026-06-17,S06,P09,2,198
2026-06-17,S06,P10,3,225
2026-06-17,S06,P11,3,165
2026-06-17,S06,P12,2,110
2026-06-17,S06,P13,2,138
2026-06-17,S06,P14,2,150
2026-06-17,S06,P15,1,45
2026-06-17,S06,P16,1,89
2026-06-17,S06,P17,1,129
2026-06-18,S06,P01,10,790
2026-06-18,S06,P02,9,585
2026-06-18,S06,P03,8,760
2026-06-18,S06,P04,10,1090
2026-06-18,S06,P05,6,690
2026-06-18,S06,P06,5,445
2026-06-18,S06,P07,2,170
2026-06-18,S06,P08,3,357
2026-06-18,S06,P09,2,198
2026-06-18,S06,P10,4,300
2026-06-18,S06,P11,4,220
2026-06-18,S06,P12,3,165
2026-06-18,S06,P13,2,138
2026-06-18,S06,P14,2,150
2026-06-18,S06,P15,1,45
2026-06-18,S06,P16,2,178
2026-06-18,S06,P17,1,129
2026-06-19,S06,P01,10,790
2026-06-19,S06,P02,10,650
2026-06-19,S06,P03,7,665
2026-06-19,S06,P04,13,1417
2026-06-19,S06,P05,8,920
2026-06-19,S06,P06,4,356
2026-06-19,S06,P07,2,170
2026-06-19,S06,P08,3,357
2026-06-19,S06,P09,2,198
2026-06-19,S06,P10,6,450
2026-06-19,S06,P11,5,275
2026-06-19,S06,P12,4,220
2026-06-19,S06,P13,3,207
2026-06-19,S06,P14,3,225
2026-06-19,S06,P15,2,90
2026-06-19,S06,P16,2,178
2026-06-19,S06,P17,1,129
2026-06-20,S06,P01,10,790
2026-06-20,S06,P02,10,650
2026-06-20,S06,P03,7,665
2026-06-20,S06,P04,13,1417
2026-06-20,S06,P05,10,1150
2026-06-20,S06,P06,5,445
2026-06-20,S06,P07,2,170
2026-06-20,S06,P08,4,476
2026-06-20,S06,P09,2,198
2026-06-20,S06,P10,6,450
2026-06-20,S06,P11,5,275
2026-06-20,S06,P12,3,165
2026-06-20,S06,P13,4,276
2026-06-20,S06,P14,3,225
2026-06-20,S06,P15,2,90
2026-06-20,S06,P16,2,178
2026-06-20,S06,P17,1,129
2026-06-21,S06,P01,9,711
2026-06-21,S06,P02,10,650
2026-06-21,S06,P03,7,665
2026-06-21,S06,P04,11,1199
2026-06-21,S06,P05,8,920
2026-06-21,S06,P06,4,356
2026-06-21,S06,P07,2,170
2026-06-21,S06,P08,4,476
2026-06-21,S06,P09,2,198
2026-06-21,S06,P10,5,375
2026-06-21,S06,P11,5,275
2026-06-21,S06,P12,3,165
2026-06-21,S06,P13,3,207
2026-06-21,S06,P14,2,150
2026-06-21,S06,P15,2,90
2026-06-21,S06,P16,2,178
2026-06-21,S06,P17,1,129
2026-06-22,S06,P01,9,711
2026-06-22,S06,P02,8,520
2026-06-22,S06,P03,6,570
2026-06-22,S06,P04,9,981
2026-06-22,S06,P05,5,575
2026-06-22,S06,P06,4,356
2026-06-22,S06,P07,2,170
2026-06-22,S06,P08,2,238
2026-06-22,S06,P09,1,99
2026-06-22,S06,P10,3,225
2026-06-22,S06,P11,4,220
2026-06-22,S06,P12,3,165
2026-06-22,S06,P13,2,138
2026-06-22,S06,P14,2,150
2026-06-22,S06,P15,1,45
2026-06-22,S06,P16,1,89
2026-06-22,S06,P17,1,129
2026-06-23,S06,P01,9,711
2026-06-23,S06,P02,9,585
2026-06-23,S06,P03,6,570
2026-06-23,S06,P04,9,981
2026-06-23,S06,P05,5,575
2026-06-23,S06,P06,5,445
2026-06-23,S06,P07,2,170
2026-06-23,S06,P08,2,238
2026-06-23,S06,P09,2,198
2026-06-23,S06,P10,4,300
2026-06-23,S06,P11,4,220
2026-06-23,S06,P12,2,110
2026-06-23,S06,P13,2,138
2026-06-23,S06,P14,2,150
2026-06-23,S06,P15,1,45
2026-06-23,S06,P16,1,89
2026-06-23,S06,P17,1,129
2026-06-24,S06,P01,8,632
2026-06-24,S06,P02,8,520
2026-06-24,S06,P03,6,570
2026-06-24,S06,P04,10,1090
2026-06-24,S06,P05,6,690
2026-06-24,S06,P06,4,356
2026-06-24,S06,P07,1,85
2026-06-24,S06,P08,2,238
2026-06-24,S06,P09,1,99
2026-06-24,S06,P10,3,225
2026-06-24,S06,P11,3,165
2026-06-24,S06,P12,3,165
2026-06-24,S06,P13,3,207
2026-06-24,S06,P14,2,150
2026-06-24,S06,P15,1,45
2026-06-24,S06,P16,1,89
2026-06-24,S06,P17,1,129
2026-06-25,S06,P01,9,711
2026-06-25,S06,P02,10,650
2026-06-25,S06,P03,6,570
2026-06-25,S06,P04,11,1199
2026-06-25,S06,P05,7,805
2026-06-25,S06,P06,4,356
2026-06-25,S06,P07,2,170
2026-06-25,S06,P08,3,357
2026-06-25,S06,P09,1,99
2026-06-25,S06,P10,5,375
2026-06-25,S06,P11,5,275
2026-06-25,S06,P12,3,165
2026-06-25,S06,P13,3,207
2026-06-25,S06,P14,3,225
2026-06-25,S06,P15,1,45
2026-06-25,S06,P16,2,178
2026-06-25,S06,P17,1,129
2026-06-26,S06,P01,9,711
2026-06-26,S06,P02,11,715
2026-06-26,S06,P03,6,570
2026-06-26,S06,P04,14,1526
2026-06-26,S06,P05,9,1035
2026-06-26,S06,P06,4,356
2026-06-26,S06,P07,2,170
2026-06-26,S06,P08,4,476
2026-06-26,S06,P09,1,99
2026-06-26,S06,P10,6,450
2026-06-26,S06,P11,5,275
2026-06-26,S06,P12,3,165
2026-06-26,S06,P13,3,207
2026-06-26,S06,P14,3,225
2026-06-26,S06,P15,2,90
2026-06-26,S06,P16,2,178
2026-06-26,S06,P17,1,129
2026-06-27,S06,P01,7,553
2026-06-27,S06,P02,11,715
2026-06-27,S06,P03,5,475
2026-06-27,S06,P04,17,1853
2026-06-27,S06,P05,11,1265
2026-06-27,S06,P06,3,267
2026-06-27,S06,P07,2,170
2026-06-27,S06,P08,4,476
2026-06-27,S06,P09,1,99
2026-06-27,S06,P10,6,450
2026-06-27,S06,P11,5,275
2026-06-27,S06,P12,4,220
2026-06-27,S06,P13,3,207
2026-06-27,S06,P14,3,225
2026-06-27,S06,P15,2,90
2026-06-27,S06,P16,2,178
2026-06-27,S06,P17,1,129
2026-06-28,S06,P01,5,395
2026-06-28,S06,P02,8,520
2026-06-28,S06,P03,3,285
2026-06-28,S06,P04,10,1090
2026-06-28,S06,P05,8,920
2026-06-28,S06,P06,2,178
2026-06-28,S06,P07,1,85
2026-06-28,S06,P08,4,476
2026-06-28,S06,P09,1,99
2026-06-28,S06,P10,5,375
2026-06-28,S06,P11,4,220
2026-06-28,S06,P12,3,165
2026-06-28,S06,P13,3,207
2026-06-28,S06,P14,2,150
2026-06-28,S06,P15,1,45
2026-06-28,S06,P16,1,89
2026-06-28,S06,P17,1,129
2026-06-29,S06,P01,8,632
2026-06-29,S06,P02,7,455
2026-06-29,S06,P03,5,475
2026-06-29,S06,P04,9,981
2026-06-29,S06,P05,6,690
2026-06-29,S06,P06,3,267
2026-06-29,S06,P07,1,85
2026-06-29,S06,P08,3,357
2026-06-29,S06,P09,1,99
2026-06-29,S06,P10,4,300
2026-06-29,S06,P11,4,220
2026-06-29,S06,P12,3,165
2026-06-29,S06,P13,2,138
2026-06-29,S06,P14,2,150
2026-06-29,S06,P15,1,45
2026-06-29,S06,P16,1,89
2026-06-29,S06,P17,1,129
2026-06-30,S06,P01,10,790
2026-06-30,S06,P02,8,520
2026-06-30,S06,P03,6,570
2026-06-30,S06,P04,8,872
2026-06-30,S06,P05,5,575
2026-06-30,S06,P06,4,356
2026-06-30,S06,P07,1,85
2026-06-30,S06,P08,2,238
2026-06-30,S06,P09,2,198
2026-06-30,S06,P10,4,300
2026-06-30,S06,P11,4,220
2026-06-30,S06,P12,3,165
2026-06-30,S06,P13,2,138
2026-06-30,S06,P14,2,150
2026-06-30,S06,P15,1,45
2026-06-30,S06,P16,1,89
2026-06-30,S06,P17,1,129
2026-07-01,S06,P01,11,869
2026-07-01,S06,P02,7,455
2026-07-01,S06,P03,7,665
2026-07-01,S06,P04,7,763
2026-07-01,S06,P05,5,575
2026-07-01,S06,P06,5,445
2026-07-01,S06,P07,1,85
2026-07-01,S06,P08,2,238
2026-07-01,S06,P09,2,198
2026-07-01,S06,P10,2,150
2026-07-01,S06,P11,4,220
2026-07-01,S06,P12,3,165
2026-07-01,S06,P13,2,138
2026-07-01,S06,P14,2,150
2026-07-01,S06,P15,1,45
2026-07-01,S06,P16,1,89
2026-07-01,S06,P17,1,129
2026-07-02,S06,P01,12,948
2026-07-02,S06,P02,10,650
2026-07-02,S06,P03,7,665
2026-07-02,S06,P04,9,981
2026-07-02,S06,P05,5,575
2026-07-02,S06,P06,5,445
2026-07-02,S06,P07,2,170
2026-07-02,S06,P08,3,357
2026-07-02,S06,P09,2,198
2026-07-02,S06,P10,4,300
2026-07-02,S06,P11,5,275
2026-07-02,S06,P12,3,165
2026-07-02,S06,P13,3,207
2026-07-02,S06,P14,2,150
2026-07-02,S06,P15,1,45
2026-07-02,S06,P16,2,178
2026-07-02,S06,P17,1,129
2026-07-03,S06,P01,15,1185
2026-07-03,S06,P02,8,520
2026-07-03,S06,P03,9,855
2026-07-03,S06,P04,8,872
2026-07-03,S06,P05,5,575
2026-07-03,S06,P06,6,534
2026-07-03,S06,P07,2,170
2026-07-03,S06,P08,3,357
2026-07-03,S06,P09,2,198
2026-07-03,S06,P10,3,225
2026-07-03,S06,P11,5,275
2026-07-03,S06,P12,3,165
2026-07-03,S06,P13,3,207
2026-07-03,S06,P14,2,150
2026-07-03,S06,P15,1,45
2026-07-03,S06,P16,2,178
2026-07-03,S06,P17,1,129
2026-07-03,S06,P18,1,109
2026-07-04,S06,P01,15,1185
2026-07-04,S06,P02,11,715
2026-07-04,S06,P03,11,1045
2026-07-04,S06,P04,9,981
2026-07-04,S06,P05,6,690
2026-07-04,S06,P06,7,623
2026-07-04,S06,P07,2,170
2026-07-04,S06,P08,2,238
2026-07-04,S06,P09,3,297
2026-07-04,S06,P10,4,300
2026-07-04,S06,P11,4,220
2026-07-04,S06,P12,3,165
2026-07-04,S06,P13,3,207
2026-07-04,S06,P14,3,225
2026-07-04,S06,P15,2,90
2026-07-04,S06,P16,2,178
2026-07-04,S06,P17,1,129
2026-07-04,S06,P18,1,109
2026-07-05,S06,P01,11,869
2026-07-05,S06,P02,8,520
2026-07-05,S06,P03,7,665
2026-07-05,S06,P04,7,763
2026-07-05,S06,P05,5,575
2026-07-05,S06,P06,5,445
2026-07-05,S06,P07,1,85
2026-07-05,S06,P08,2,238
2026-07-05,S06,P09,2,198
2026-07-05,S06,P10,3,225
2026-07-05,S06,P11,3,165
2026-07-05,S06,P12,2,110
2026-07-05,S06,P13,2,138
2026-07-05,S06,P14,2,150
2026-07-05,S06,P15,1,45
2026-07-05,S06,P16,1,89
2026-07-05,S06,P17,1,129
2026-07-05,S06,P18,1,109
2026-07-06,S06,P01,10,790
2026-07-06,S06,P02,6,390
2026-07-06,S06,P03,8,760
2026-07-06,S06,P04,5,545
2026-07-06,S06,P05,4,460
2026-07-06,S06,P06,5,445
2026-07-06,S06,P07,1,85
2026-07-06,S06,P08,1,119
2026-07-06,S06,P09,2,198
2026-07-06,S06,P10,2,150
2026-07-06,S06,P11,3,165
2026-07-06,S06,P12,2,110
2026-07-06,S06,P13,2,138
2026-07-06,S06,P14,2,150
2026-07-06,S06,P15,1,45
2026-07-06,S06,P16,1,89
2026-07-06,S06,P17,1,129
2026-07-07,S06,P01,11,869
2026-07-07,S06,P02,8,520
2026-07-07,S06,P03,7,665
2026-07-07,S06,P04,8,872
2026-07-07,S06,P05,5,575
2026-07-07,S06,P06,5,445
2026-07-07,S06,P07,2,170
2026-07-07,S06,P08,2,238
2026-07-07,S06,P09,2,198
2026-07-07,S06,P10,4,300
2026-07-07,S06,P11,4,220
2026-07-07,S06,P12,3,165
2026-07-07,S06,P13,3,207
2026-07-07,S06,P14,2,150
2026-07-07,S06,P15,1,45
2026-07-07,S06,P16,1,89
2026-07-07,S06,P17,1,129
2026-07-08,S06,P01,12,948
2026-07-08,S06,P02,8,520
2026-07-08,S06,P03,9,855
2026-07-08,S06,P04,5,545
2026-07-08,S06,P05,4,460
2026-07-08,S06,P06,6,534
2026-07-08,S06,P07,1,85
2026-07-08,S06,P08,2,238
2026-07-08,S06,P09,2,198
2026-07-08,S06,P10,2,150
2026-07-08,S06,P11,3,165
2026-07-08,S06,P12,3,165
2026-07-08,S06,P13,2,138
2026-07-08,S06,P14,2,150
2026-07-08,S06,P15,1,45
2026-07-08,S06,P16,1,89
2026-07-08,S06,P17,1,129
2026-07-09,S06,P01,12,948
2026-07-09,S06,P02,9,585
2026-07-09,S06,P03,7,665
2026-07-09,S06,P04,7,763
2026-07-09,S06,P05,5,575
2026-07-09,S06,P06,6,534
2026-07-09,S06,P07,1,85
2026-07-09,S06,P08,2,238
2026-07-09,S06,P09,2,198
2026-07-09,S06,P10,3,225
2026-07-09,S06,P11,3,165
2026-07-09,S06,P12,3,165
2026-07-09,S06,P13,2,138
2026-07-09,S06,P14,2,150
2026-07-09,S06,P15,1,45
2026-07-09,S06,P16,1,89
2026-07-09,S06,P17,1,129
2026-07-10,S06,P01,12,948
2026-07-10,S06,P02,9,585
2026-07-10,S06,P03,9,855
2026-07-10,S06,P04,9,981
2026-07-10,S06,P05,6,690
2026-07-10,S06,P06,6,534
2026-07-10,S06,P07,2,170
2026-07-10,S06,P08,2,238
2026-07-10,S06,P09,2,198
2026-07-10,S06,P10,4,300
2026-07-10,S06,P11,4,220
2026-07-10,S06,P12,3,165
2026-07-10,S06,P13,3,207
2026-07-10,S06,P14,2,150
2026-07-10,S06,P15,1,45
2026-07-10,S06,P16,2,178
2026-07-10,S06,P17,1,129
2026-07-11,S06,P01,14,1106
2026-07-11,S06,P02,11,715
2026-07-11,S06,P03,10,950
2026-07-11,S06,P04,9,981
2026-07-11,S06,P05,6,690
2026-07-11,S06,P06,7,623
2026-07-11,S06,P07,2,170
2026-07-11,S06,P08,3,357
2026-07-11,S06,P09,3,297
2026-07-11,S06,P10,4,300
2026-07-11,S06,P11,5,275
2026-07-11,S06,P12,3,165
2026-07-11,S06,P13,3,207
2026-07-11,S06,P14,3,225
2026-07-11,S06,P15,1,45
2026-07-11,S06,P16,2,178
2026-07-11,S06,P17,1,129
2026-07-11,S06,P18,1,109
2026-07-12,S06,P01,13,1027
2026-07-12,S06,P02,10,650
2026-07-12,S06,P03,8,760
2026-07-12,S06,P04,8,872
2026-07-12,S06,P05,5,575
2026-07-12,S06,P06,5,445
2026-07-12,S06,P07,2,170
2026-07-12,S06,P08,3,357
2026-07-12,S06,P09,2,198
2026-07-12,S06,P10,4,300
2026-07-12,S06,P11,4,220
2026-07-12,S06,P12,3,165
2026-07-12,S06,P13,2,138
2026-07-12,S06,P14,2,150
2026-07-12,S06,P15,1,45
2026-07-12,S06,P16,2,178
2026-07-12,S06,P17,1,129
2026-07-13,S06,P01,11,869
2026-07-13,S06,P02,9,585
2026-07-13,S06,P03,6,570
2026-07-13,S06,P04,8,872
2026-07-13,S06,P05,5,575
2026-07-13,S06,P06,4,356
2026-07-13,S06,P07,2,170
2026-07-13,S06,P08,2,238
2026-07-13,S06,P09,2,198
2026-07-13,S06,P10,4,300
2026-07-13,S06,P11,4,220
2026-07-13,S06,P12,3,165
2026-07-13,S06,P13,2,138
2026-07-13,S06,P14,2,150
2026-07-13,S06,P15,1,45
2026-07-13,S06,P16,1,89
2026-07-13,S06,P17,1,129
2026-07-14,S06,P01,10,790
2026-07-14,S06,P02,8,520
2026-07-14,S06,P03,6,570
2026-07-14,S06,P04,7,763
2026-07-14,S06,P05,5,575
2026-07-14,S06,P06,5,445
2026-07-14,S06,P07,2,170
2026-07-14,S06,P08,2,238
2026-07-14,S06,P09,1,99
2026-07-14,S06,P10,3,225
2026-07-14,S06,P11,3,165
2026-07-14,S06,P12,3,165
2026-07-14,S06,P13,2,138
2026-07-14,S06,P14,2,150
2026-07-14,S06,P15,1,45
2026-07-14,S06,P16,1,89
2026-07-14,S06,P17,1,129
2026-07-15,S06,P01,9,711
2026-07-15,S06,P02,7,455
2026-07-15,S06,P03,7,665
2026-07-15,S06,P04,6,654
2026-07-15,S06,P05,5,575
2026-07-15,S06,P06,5,445
2026-07-15,S06,P07,1,85
2026-07-15,S06,P08,2,238
2026-07-15,S06,P09,2,198
2026-07-15,S06,P10,3,225
2026-07-15,S06,P11,3,165
2026-07-15,S06,P12,3,165
2026-07-15,S06,P13,2,138
2026-07-15,S06,P14,2,150
2026-07-15,S06,P15,1,45
2026-07-15,S06,P16,1,89
2026-07-15,S06,P17,1,129
2026-07-16,S06,P01,12,948
2026-07-16,S06,P02,10,650
2026-07-16,S06,P03,7,665
2026-07-16,S06,P04,11,1199
2026-07-16,S06,P05,6,690
2026-07-16,S06,P06,5,445
2026-07-16,S06,P07,2,170
2026-07-16,S06,P08,3,357
2026-07-16,S06,P09,2,198
2026-07-16,S06,P10,4,300
2026-07-16,S06,P11,4,220
2026-07-16,S06,P12,3,165
2026-07-16,S06,P13,3,207
2026-07-16,S06,P14,2,150
2026-07-16,S06,P15,1,45
2026-07-16,S06,P16,1,89
2026-07-16,S06,P17,1,129
2026-07-17,S06,P01,10,790
2026-07-17,S06,P02,10,650
2026-07-17,S06,P03,7,665
2026-07-17,S06,P04,12,1308
2026-07-17,S06,P05,7,805
2026-07-17,S06,P06,4,356
2026-07-17,S06,P07,2,170
2026-07-17,S06,P08,4,476
2026-07-17,S06,P09,2,198
2026-07-17,S06,P10,5,375
2026-07-17,S06,P11,4,220
2026-07-17,S06,P12,3,165
2026-07-17,S06,P13,3,207
2026-07-17,S06,P14,3,225
2026-07-17,S06,P15,2,90
2026-07-17,S06,P16,2,178
2026-07-17,S06,P17,1,129
2026-07-18,S06,P01,14,1106
2026-07-18,S06,P02,10,650
2026-07-18,S06,P03,9,855
2026-07-18,S06,P04,11,1199
2026-07-18,S06,P05,6,690
2026-07-18,S06,P06,6,534
2026-07-18,S06,P07,2,170
2026-07-18,S06,P08,3,357
2026-07-18,S06,P09,2,198
2026-07-18,S06,P10,5,375
2026-07-18,S06,P11,4,220
2026-07-18,S06,P12,3,165
2026-07-18,S06,P13,3,207
2026-07-18,S06,P14,3,225
2026-07-18,S06,P15,2,90
2026-07-18,S06,P16,2,178
2026-07-18,S06,P17,1,129
2026-07-18,S06,P18,1,109
2026-07-19,S06,P01,13,1027
2026-07-19,S06,P02,7,455
2026-07-19,S06,P03,9,855
2026-07-19,S06,P04,6,654
2026-07-19,S06,P05,4,460
2026-07-19,S06,P06,5,445
2026-07-19,S06,P07,1,85
2026-07-19,S06,P08,1,119
2026-07-19,S06,P09,2,198
2026-07-19,S06,P10,2,150
2026-07-19,S06,P11,4,220
2026-07-19,S06,P12,3,165
2026-07-19,S06,P13,2,138
2026-07-19,S06,P14,2,150
2026-07-19,S06,P15,1,45
2026-07-19,S06,P16,1,89
2026-07-19,S06,P17,1,129
2026-07-19,S06,P18,1,109
2026-07-20,S06,P01,11,869
2026-07-20,S06,P02,7,455
2026-07-20,S06,P03,9,855
2026-07-20,S06,P04,6,654
2026-07-20,S06,P05,4,460
2026-07-20,S06,P06,5,445
2026-07-20,S06,P07,2,170
2026-07-20,S06,P08,1,119
2026-07-20,S06,P09,2,198
2026-07-20,S06,P10,2,150
2026-07-20,S06,P11,3,165
2026-07-20,S06,P12,3,165
2026-07-20,S06,P13,2,138
2026-07-20,S06,P14,2,150
2026-07-20,S06,P15,1,45
2026-07-20,S06,P16,1,89
2026-07-20,S06,P17,1,129
2026-07-21,S06,P01,12,948
2026-07-21,S06,P02,7,455
2026-07-21,S06,P03,7,665
2026-07-21,S06,P04,5,545
2026-07-21,S06,P05,4,460
2026-07-21,S06,P06,5,445
2026-07-21,S06,P07,1,85
2026-07-21,S06,P08,2,238
2026-07-21,S06,P09,2,198
2026-07-21,S06,P10,3,225
2026-07-21,S06,P11,3,165
2026-07-21,S06,P12,2,110
2026-07-21,S06,P13,2,138
2026-07-21,S06,P14,2,150
2026-07-21,S06,P15,1,45
2026-07-21,S06,P16,1,89
2026-07-21,S06,P17,1,129
2026-07-21,S06,P18,1,109
2026-07-22,S06,P01,10,790
2026-07-22,S06,P02,8,520
2026-07-22,S06,P03,8,760
2026-07-22,S06,P04,6,654
2026-07-22,S06,P05,4,460
2026-07-22,S06,P06,5,445
2026-07-22,S06,P07,1,85
2026-07-22,S06,P08,2,238
2026-07-22,S06,P09,2,198
2026-07-22,S06,P10,2,150
2026-07-22,S06,P11,3,165
2026-07-22,S06,P12,3,165
2026-07-22,S06,P13,2,138
2026-07-22,S06,P14,2,150
2026-07-22,S06,P15,1,45
2026-07-22,S06,P16,1,89
2026-07-22,S06,P17,1,129
2026-07-23,S06,P01,12,948
2026-07-23,S06,P02,8,520
2026-07-23,S06,P03,8,760
2026-07-23,S06,P04,4,436
2026-07-23,S06,P05,3,345
2026-07-23,S06,P06,5,445
2026-07-23,S06,P07,1,85
2026-07-23,S06,P08,2,238
2026-07-23,S06,P09,2,198
2026-07-23,S06,P10,2,150
2026-07-23,S06,P11,3,165
2026-07-23,S06,P12,2,110
2026-07-23,S06,P13,2,138
2026-07-23,S06,P14,2,150
2026-07-23,S06,P15,1,45
2026-07-23,S06,P16,1,89
2026-07-23,S06,P17,1,129
2026-07-24,S06,P01,15,1185
2026-07-24,S06,P02,8,520
2026-07-24,S06,P03,9,855
2026-07-24,S06,P04,7,763
2026-07-24,S06,P05,5,575
2026-07-24,S06,P06,5,445
2026-07-24,S06,P07,2,170
2026-07-24,S06,P08,2,238
2026-07-24,S06,P09,2,198
2026-07-24,S06,P10,3,225
2026-07-24,S06,P11,4,220
2026-07-24,S06,P12,3,165
2026-07-24,S06,P13,2,138
2026-07-24,S06,P14,2,150
2026-07-24,S06,P15,1,45
2026-07-24,S06,P16,1,89
2026-07-24,S06,P17,1,129
2026-07-24,S06,P18,1,109
2026-07-25,S06,P01,14,1106
2026-07-25,S06,P02,12,780
2026-07-25,S06,P03,9,855
2026-07-25,S06,P04,11,1199
2026-07-25,S06,P05,8,920
2026-07-25,S06,P06,6,534
2026-07-25,S06,P07,2,170
2026-07-25,S06,P08,3,357
2026-07-25,S06,P09,2,198
2026-07-25,S06,P10,5,375
2026-07-25,S06,P11,5,275
2026-07-25,S06,P12,4,220
2026-07-25,S06,P13,4,276
2026-07-25,S06,P14,3,225
2026-07-25,S06,P15,2,90
2026-07-25,S06,P16,2,178
2026-07-25,S06,P17,1,129
2026-07-25,S06,P18,1,109
2026-07-26,S06,P01,10,790
2026-07-26,S06,P02,8,520
2026-07-26,S06,P03,6,570
2026-07-26,S06,P04,10,1090
2026-07-26,S06,P05,6,690
2026-07-26,S06,P06,5,445
2026-07-26,S06,P07,2,170
2026-07-26,S06,P08,3,357
2026-07-26,S06,P09,2,198
2026-07-26,S06,P10,4,300
2026-07-26,S06,P11,4,220
2026-07-26,S06,P12,3,165
2026-07-26,S06,P13,3,207
2026-07-26,S06,P14,2,150
2026-07-26,S06,P15,1,45
2026-07-26,S06,P16,1,89
2026-07-26,S06,P17,1,129
2026-07-27,S06,P01,9,711
2026-07-27,S06,P02,7,455
2026-07-27,S06,P03,7,665
2026-07-27,S06,P04,6,654
2026-07-27,S06,P05,4,460
2026-07-27,S06,P06,5,445
2026-07-27,S06,P07,1,85
2026-07-27,S06,P08,2,238
2026-07-27,S06,P09,2,198
2026-07-27,S06,P10,3,225
2026-07-27,S06,P11,3,165
2026-07-27,S06,P12,2,110
2026-07-27,S06,P13,2,138
2026-07-27,S06,P14,2,150
2026-07-27,S06,P15,1,45
2026-07-27,S06,P16,1,89
2026-07-27,S06,P17,1,129
2026-07-28,S06,P01,12,948
2026-07-28,S06,P02,8,520
2026-07-28,S06,P03,7,665
2026-07-28,S06,P04,7,763
2026-07-28,S06,P05,5,575
2026-07-28,S06,P06,5,445
2026-07-28,S06,P07,2,170
2026-07-28,S06,P08,2,238
2026-07-28,S06,P09,2,198
2026-07-28,S06,P10,3,225
2026-07-28,S06,P11,3,165
2026-07-28,S06,P12,3,165
2026-07-28,S06,P13,2,138
2026-07-28,S06,P14,2,150
2026-07-28,S06,P15,1,45
2026-07-28,S06,P16,1,89
2026-07-28,S06,P17,1,129
2026-07-29,S06,P01,8,632
2026-07-29,S06,P02,10,650
2026-07-29,S06,P03,6,570
2026-07-29,S06,P04,9,981
2026-07-29,S06,P05,6,690
2026-07-29,S06,P06,4,356
2026-07-29,S06,P07,2,170
2026-07-29,S06,P08,3,357
2026-07-29,S06,P09,2,198
2026-07-29,S06,P10,5,375
2026-07-29,S06,P11,4,220
2026-07-29,S06,P12,3,165
2026-07-29,S06,P13,3,207
2026-07-29,S06,P14,2,150
2026-07-29,S06,P15,1,45
2026-07-29,S06,P16,1,89
2026-07-29,S06,P17,1,129
2026-07-30,S06,P01,7,553
2026-07-30,S06,P02,8,520
2026-07-30,S06,P03,5,475
2026-07-30,S06,P04,12,1308
2026-07-30,S06,P05,7,805
2026-07-30,S06,P06,3,267
2026-07-30,S06,P07,1,85
2026-07-30,S06,P08,3,357
2026-07-30,S06,P09,1,99
2026-07-30,S06,P10,4,300
2026-07-30,S06,P11,4,220
2026-07-30,S06,P12,3,165
2026-07-30,S06,P13,2,138
2026-07-30,S06,P14,2,150
2026-07-30,S06,P15,1,45
2026-07-30,S06,P16,2,178
2026-07-30,S06,P17,1,129
2026-07-31,S06,P01,9,711
2026-07-31,S06,P02,9,585
2026-07-31,S06,P03,6,570
2026-07-31,S06,P04,12,1308
2026-07-31,S06,P05,8,920
2026-07-31,S06,P06,4,356
2026-07-31,S06,P07,2,170
2026-07-31,S06,P08,4,476
2026-07-31,S06,P09,1,99
2026-07-31,S06,P10,5,375
2026-07-31,S06,P11,5,275
2026-07-31,S06,P12,3,165
2026-07-31,S06,P13,3,207
2026-07-31,S06,P14,2,150
2026-07-31,S06,P15,1,45
2026-07-31,S06,P16,2,178
2026-07-31,S06,P17,1,129
2026-08-01,S06,P01,12,948
2026-08-01,S06,P02,10,650
2026-08-01,S06,P03,8,760
2026-08-01,S06,P04,11,1199
2026-08-01,S06,P05,8,920
2026-08-01,S06,P06,5,445
2026-08-01,S06,P07,2,170
2026-08-01,S06,P08,3,357
2026-08-01,S06,P09,2,198
2026-08-01,S06,P10,5,375
2026-08-01,S06,P11,5,275
2026-08-01,S06,P12,4,220
2026-08-01,S06,P13,3,207
2026-08-01,S06,P14,3,225
2026-08-01,S06,P15,1,45
2026-08-01,S06,P16,2,178
2026-08-01,S06,P17,1,129
2026-08-02,S06,P01,11,869
2026-08-02,S06,P02,9,585
2026-08-02,S06,P03,8,760
2026-08-02,S06,P04,8,872
2026-08-02,S06,P05,6,690
2026-08-02,S06,P06,5,445
2026-08-02,S06,P07,2,170
2026-08-02,S06,P08,2,238
2026-08-02,S06,P09,2,198
2026-08-02,S06,P10,4,300
2026-08-02,S06,P11,4,220
2026-08-02,S06,P12,3,165
2026-08-02,S06,P13,3,207
2026-08-02,S06,P14,3,225
2026-08-02,S06,P15,1,45
2026-08-02,S06,P16,2,178
2026-08-02,S06,P17,1,129
2026-08-03,S06,P01,8,632
2026-08-03,S06,P02,8,520
2026-08-03,S06,P03,6,570
2026-08-03,S06,P04,10,1090
2026-08-03,S06,P05,6,690
2026-08-03,S06,P06,4,356
2026-08-03,S06,P07,2,170
2026-08-03,S06,P08,3,357
2026-08-03,S06,P09,1,99
2026-08-03,S06,P10,5,375
2026-08-03,S06,P11,4,220
2026-08-03,S06,P12,3,165
2026-08-03,S06,P13,3,207
2026-08-03,S06,P14,2,150
2026-08-03,S06,P15,1,45
2026-08-03,S06,P16,2,178
2026-08-03,S06,P17,1,129
2026-08-04,S06,P01,7,553
2026-08-04,S06,P02,8,520
2026-08-04,S06,P03,5,475
2026-08-04,S06,P04,10,1090
2026-08-04,S06,P05,7,805
2026-08-04,S06,P06,3,267
2026-08-04,S06,P07,2,170
2026-08-04,S06,P08,3,357
2026-08-04,S06,P09,1,99
2026-08-04,S06,P10,5,375
2026-08-04,S06,P11,3,165
2026-08-04,S06,P12,3,165
2026-08-04,S06,P13,2,138
2026-08-04,S06,P14,2,150
2026-08-04,S06,P15,1,45
2026-08-04,S06,P16,1,89
2026-08-04,S06,P17,1,129
2026-08-05,S06,P01,9,711
2026-08-05,S06,P02,8,520
2026-08-05,S06,P03,6,570
2026-08-05,S06,P04,11,1199
2026-08-05,S06,P05,7,805
2026-08-05,S06,P06,4,356
2026-08-05,S06,P07,2,170
2026-08-05,S06,P08,4,476
2026-08-05,S06,P09,1,99
2026-08-05,S06,P10,5,375
2026-08-05,S06,P11,5,275
2026-08-05,S06,P12,3,165
2026-08-05,S06,P13,3,207
2026-08-05,S06,P14,2,150
2026-08-05,S06,P15,2,90
2026-08-05,S06,P16,2,178
2026-08-05,S06,P17,1,129
2026-08-06,S06,P01,11,869
2026-08-06,S06,P02,9,585
2026-08-06,S06,P03,6,570
2026-08-06,S06,P04,9,981
2026-08-06,S06,P05,7,805
2026-08-06,S06,P06,4,356
2026-08-06,S06,P07,2,170
2026-08-06,S06,P08,3,357
2026-08-06,S06,P09,2,198
2026-08-06,S06,P10,5,375
2026-08-06,S06,P11,4,220
2026-08-06,S06,P12,3,165
2026-08-06,S06,P13,2,138
2026-08-06,S06,P14,2,150
2026-08-06,S06,P15,1,45
2026-08-06,S06,P16,2,178
2026-08-06,S06,P17,1,129
2026-08-07,S06,P01,11,869
2026-08-07,S06,P02,8,520
2026-08-07,S06,P03,8,760
2026-08-07,S06,P04,8,872
2026-08-07,S06,P05,5,575
2026-08-07,S06,P06,6,534
2026-08-07,S06,P07,2,170
2026-08-07,S06,P08,2,238
2026-08-07,S06,P09,2,198
2026-08-07,S06,P10,3,225
2026-08-07,S06,P11,4,220
2026-08-07,S06,P12,3,165
2026-08-07,S06,P13,3,207
2026-08-07,S06,P14,2,150
2026-08-07,S06,P15,1,45
2026-08-07,S06,P16,2,178
2026-08-07,S06,P17,1,129
2026-08-07,S06,P18,1,109
2026-08-08,S06,P01,14,1106
2026-08-08,S06,P02,12,780
2026-08-08,S06,P03,10,950
2026-08-08,S06,P04,9,981
2026-08-08,S06,P05,6,690
2026-08-08,S06,P06,7,623
2026-08-08,S06,P07,2,170
2026-08-08,S06,P08,3,357
2026-08-08,S06,P09,2,198
2026-08-08,S06,P10,5,375
2026-08-08,S06,P11,5,275
2026-08-08,S06,P12,4,220
2026-08-08,S06,P13,3,207
2026-08-08,S06,P14,3,225
2026-08-08,S06,P15,2,90
2026-08-08,S06,P16,2,178
2026-08-08,S06,P17,1,129
2026-08-08,S06,P18,1,109
2026-08-09,S06,P01,10,790
2026-08-09,S06,P02,9,585
2026-08-09,S06,P03,7,665
2026-08-09,S06,P04,10,1090
2026-08-09,S06,P05,7,805
2026-08-09,S06,P06,4,356
2026-08-09,S06,P07,2,170
2026-08-09,S06,P08,3,357
2026-08-09,S06,P09,2,198
2026-08-09,S06,P10,4,300
2026-08-09,S06,P11,5,275
2026-08-09,S06,P12,4,220
2026-08-09,S06,P13,3,207
2026-08-09,S06,P14,2,150
2026-08-09,S06,P15,1,45
2026-08-09,S06,P16,2,178
2026-08-09,S06,P17,1,129
2026-08-10,S06,P01,8,632
2026-08-10,S06,P02,9,585
2026-08-10,S06,P03,5,475
2026-08-10,S06,P04,10,1090
2026-08-10,S06,P05,6,690
2026-08-10,S06,P06,3,267
2026-08-10,S06,P07,1,85
2026-08-10,S06,P08,3,357
2026-08-10,S06,P09,1,99
2026-08-10,S06,P10,4,300
2026-08-10,S06,P11,4,220
2026-08-10,S06,P12,3,165
2026-08-10,S06,P13,2,138
2026-08-10,S06,P14,2,150
2026-08-10,S06,P15,1,45
2026-08-10,S06,P16,1,89
2026-08-10,S06,P17,1,129
2026-08-11,S06,P01,10,790
2026-08-11,S06,P02,8,520
2026-08-11,S06,P03,7,665
2026-08-11,S06,P04,7,763
2026-08-11,S06,P05,4,460
2026-08-11,S06,P06,5,445
2026-08-11,S06,P07,1,85
2026-08-11,S06,P08,2,238
2026-08-11,S06,P09,2,198
2026-08-11,S06,P10,3,225
2026-08-11,S06,P11,3,165
2026-08-11,S06,P12,2,110
2026-08-11,S06,P13,2,138
2026-08-11,S06,P14,2,150
2026-08-11,S06,P15,1,45
2026-08-11,S06,P16,1,89
2026-08-11,S06,P17,1,129
2026-08-12,S06,P01,10,790
2026-08-12,S06,P02,8,520
2026-08-12,S06,P03,7,665
2026-08-12,S06,P04,8,872
2026-08-12,S06,P05,5,575
2026-08-12,S06,P06,5,445
2026-08-12,S06,P07,1,85
2026-08-12,S06,P08,2,238
2026-08-12,S06,P09,2,198
2026-08-12,S06,P10,3,225
2026-08-12,S06,P11,4,220
2026-08-12,S06,P12,2,110
2026-08-12,S06,P13,2,138
2026-08-12,S06,P14,2,150
2026-08-12,S06,P15,1,45
2026-08-12,S06,P16,1,89
2026-08-12,S06,P17,1,129
2026-08-13,S06,P01,11,869
2026-08-13,S06,P02,10,650
2026-08-13,S06,P03,7,665
2026-08-13,S06,P04,9,981
2026-08-13,S06,P05,6,690
2026-08-13,S06,P06,5,445
2026-08-13,S06,P07,2,170
2026-08-13,S06,P08,3,357
2026-08-13,S06,P09,2,198
2026-08-13,S06,P10,4,300
2026-08-13,S06,P11,5,275
2026-08-13,S06,P12,3,165
2026-08-13,S06,P13,2,138
2026-08-13,S06,P14,2,150
2026-08-13,S06,P15,1,45
2026-08-13,S06,P16,2,178
2026-08-13,S06,P17,1,129
2026-08-14,S06,P01,12,948
2026-08-14,S06,P02,11,715
2026-08-14,S06,P03,8,760
2026-08-14,S06,P04,11,1199
2026-08-14,S06,P05,9,1035
2026-08-14,S06,P06,5,445
2026-08-14,S06,P07,2,170
2026-08-14,S06,P08,3,357
2026-08-14,S06,P09,2,198
2026-08-14,S06,P10,6,450
2026-08-14,S06,P11,5,275
2026-08-14,S06,P12,3,165
2026-08-14,S06,P13,3,207
2026-08-14,S06,P14,3,225
2026-08-14,S06,P15,2,90
2026-08-14,S06,P16,2,178
2026-08-14,S06,P17,1,129
2026-08-15,S06,P01,12,948
2026-08-15,S06,P02,11,715
2026-08-15,S06,P03,7,665
2026-08-15,S06,P04,15,1635
2026-08-15,S06,P05,11,1265
2026-08-15,S06,P06,5,445
2026-08-15,S06,P07,2,170
2026-08-15,S06,P08,4,476
2026-08-15,S06,P09,2,198
2026-08-15,S06,P10,6,450
2026-08-15,S06,P11,6,330
2026-08-15,S06,P12,5,275
2026-08-15,S06,P13,4,276
2026-08-15,S06,P14,3,225
2026-08-15,S06,P15,2,90
2026-08-15,S06,P16,2,178
2026-08-15,S06,P17,2,258
2026-08-16,S06,P01,12,948
2026-08-16,S06,P02,10,650
2026-08-16,S06,P03,7,665
2026-08-16,S06,P04,9,981
2026-08-16,S06,P05,7,805
2026-08-16,S06,P06,5,445
2026-08-16,S06,P07,2,170
2026-08-16,S06,P08,3,357
2026-08-16,S06,P09,2,198
2026-08-16,S06,P10,4,300
2026-08-16,S06,P11,4,220
2026-08-16,S06,P12,3,165
2026-08-16,S06,P13,3,207
2026-08-16,S06,P14,2,150
2026-08-16,S06,P15,1,45
2026-08-16,S06,P16,2,178
2026-08-16,S06,P17,1,129
2026-08-16,S06,P18,1,109
2026-08-17,S06,P01,10,790
2026-08-17,S06,P02,7,455
2026-08-17,S06,P03,6,570
2026-08-17,S06,P04,7,763
2026-08-17,S06,P05,4,460
2026-08-17,S06,P06,4,356
2026-08-17,S06,P07,1,85
2026-08-17,S06,P08,2,238
2026-08-17,S06,P09,2,198
2026-08-17,S06,P10,3,225
2026-08-17,S06,P11,3,165
2026-08-17,S06,P12,2,110
2026-08-17,S06,P13,2,138
2026-08-17,S06,P14,2,150
2026-08-17,S06,P15,1,45
2026-08-17,S06,P16,1,89
2026-08-17,S06,P17,1,129
2026-08-18,S06,P01,11,869
2026-08-18,S06,P02,7,455
2026-08-18,S06,P03,8,760
2026-08-18,S06,P04,5,545
2026-08-18,S06,P05,4,460
2026-08-18,S06,P06,5,445
2026-08-18,S06,P07,1,85
2026-08-18,S06,P08,2,238
2026-08-18,S06,P09,2,198
2026-08-18,S06,P10,3,225
2026-08-18,S06,P11,3,165
2026-08-18,S06,P12,2,110
2026-08-18,S06,P13,2,138
2026-08-18,S06,P14,2,150
2026-08-18,S06,P15,1,45
2026-08-18,S06,P16,1,89
2026-08-18,S06,P17,1,129
2026-08-19,S06,P01,10,790
2026-08-19,S06,P02,9,585
2026-08-19,S06,P03,8,760
2026-08-19,S06,P04,8,872
2026-08-19,S06,P05,5,575
2026-08-19,S06,P06,5,445
2026-08-19,S06,P07,2,170
2026-08-19,S06,P08,2,238
2026-08-19,S06,P09,2,198
2026-08-19,S06,P10,4,300
2026-08-19,S06,P11,4,220
2026-08-19,S06,P12,3,165
2026-08-19,S06,P13,2,138
2026-08-19,S06,P14,2,150
2026-08-19,S06,P15,1,45
2026-08-19,S06,P16,1,89
2026-08-19,S06,P17,1,129
2026-08-20,S06,P01,10,790
2026-08-20,S06,P02,9,585
2026-08-20,S06,P03,8,760
2026-08-20,S06,P04,10,1090
2026-08-20,S06,P05,6,690
2026-08-20,S06,P06,5,445
2026-08-20,S06,P07,1,85
2026-08-20,S06,P08,3,357
2026-08-20,S06,P09,2,198
2026-08-20,S06,P10,4,300
2026-08-20,S06,P11,4,220
2026-08-20,S06,P12,3,165
2026-08-20,S06,P13,3,207
2026-08-20,S06,P14,2,150
2026-08-20,S06,P15,1,45
2026-08-20,S06,P16,1,89
2026-08-20,S06,P17,1,129
2026-08-21,S06,P01,12,948
2026-08-21,S06,P02,8,520
2026-08-21,S06,P03,8,760
2026-08-21,S06,P04,9,981
2026-08-21,S06,P05,5,575
2026-08-21,S06,P06,5,445
2026-08-21,S06,P07,2,170
2026-08-21,S06,P08,2,238
2026-08-21,S06,P09,2,198
2026-08-21,S06,P10,4,300
2026-08-21,S06,P11,4,220
2026-08-21,S06,P12,3,165
2026-08-21,S06,P13,2,138
2026-08-21,S06,P14,2,150
2026-08-21,S06,P15,1,45
2026-08-21,S06,P16,1,89
2026-08-21,S06,P17,1,129
2026-08-22,S06,P01,15,1185
2026-08-22,S06,P02,10,650
2026-08-22,S06,P03,11,1045
2026-08-22,S06,P04,7,763
2026-08-22,S06,P05,5,575
2026-08-22,S06,P06,7,623
2026-08-22,S06,P07,2,170
2026-08-22,S06,P08,2,238
2026-08-22,S06,P09,2,198
2026-08-22,S06,P10,3,225
2026-08-22,S06,P11,4,220
2026-08-22,S06,P12,3,165
2026-08-22,S06,P13,3,207
2026-08-22,S06,P14,2,150
2026-08-22,S06,P15,1,45
2026-08-22,S06,P16,2,178
2026-08-22,S06,P17,1,129
2026-08-22,S06,P18,1,109
2026-08-23,S06,P01,13,1027
2026-08-23,S06,P02,9,585
2026-08-23,S06,P03,10,950
2026-08-23,S06,P04,6,654
2026-08-23,S06,P05,4,460
2026-08-23,S06,P06,6,534
2026-08-23,S06,P07,2,170
2026-08-23,S06,P08,2,238
2026-08-23,S06,P09,2,198
2026-08-23,S06,P10,3,225
2026-08-23,S06,P11,4,220
2026-08-23,S06,P12,3,165
2026-08-23,S06,P13,3,207
2026-08-23,S06,P14,2,150
2026-08-23,S06,P15,1,45
2026-08-23,S06,P16,1,89
2026-08-23,S06,P17,1,129
2026-08-23,S06,P18,1,109
2026-08-24,S06,P01,10,790
2026-08-24,S06,P02,6,390
2026-08-24,S06,P03,8,760
2026-08-24,S06,P04,5,545
2026-08-24,S06,P05,3,345
2026-08-24,S06,P06,4,356
2026-08-24,S06,P07,1,85
2026-08-24,S06,P08,1,119
2026-08-24,S06,P09,2,198
2026-08-24,S06,P10,2,150
2026-08-24,S06,P11,4,220
2026-08-24,S06,P12,2,110
2026-08-24,S06,P13,2,138
2026-08-24,S06,P14,2,150
2026-08-24,S06,P15,1,45
2026-08-24,S06,P16,1,89
2026-08-24,S06,P17,1,129
2026-08-25,S06,P01,11,869
2026-08-25,S06,P02,9,585
2026-08-25,S06,P03,8,760
2026-08-25,S06,P04,7,763
2026-08-25,S06,P05,5,575
2026-08-25,S06,P06,5,445
2026-08-25,S06,P07,2,170
2026-08-25,S06,P08,2,238
2026-08-25,S06,P09,2,198
2026-08-25,S06,P10,3,225
2026-08-25,S06,P11,4,220
2026-08-25,S06,P12,3,165
2026-08-25,S06,P13,2,138
2026-08-25,S06,P14,2,150
2026-08-25,S06,P15,1,45
2026-08-25,S06,P16,1,89
2026-08-25,S06,P17,1,129
2026-08-26,S06,P01,13,1027
2026-08-26,S06,P02,7,455
2026-08-26,S06,P03,8,760
2026-08-26,S06,P04,6,654
2026-08-26,S06,P05,4,460
2026-08-26,S06,P06,6,534
2026-08-26,S06,P07,1,85
2026-08-26,S06,P08,2,238
2026-08-26,S06,P09,2,198
2026-08-26,S06,P10,2,150
2026-08-26,S06,P11,3,165
2026-08-26,S06,P12,3,165
2026-08-26,S06,P13,2,138
2026-08-26,S06,P14,2,150
2026-08-26,S06,P15,1,45
2026-08-26,S06,P16,1,89
2026-08-26,S06,P17,1,129
2026-08-26,S06,P18,1,109
2026-08-27,S06,P01,10,790
2026-08-27,S06,P02,9,585
2026-08-27,S06,P03,7,665
2026-08-27,S06,P04,8,872
2026-08-27,S06,P05,5,575
2026-08-27,S06,P06,5,445
2026-08-27,S06,P07,2,170
2026-08-27,S06,P08,3,357
2026-08-27,S06,P09,2,198
2026-08-27,S06,P10,3,225
2026-08-27,S06,P11,4,220
2026-08-27,S06,P12,3,165
2026-08-27,S06,P13,2,138
2026-08-27,S06,P14,2,150
2026-08-27,S06,P15,1,45
2026-08-27,S06,P16,1,89
2026-08-27,S06,P17,1,129
2026-08-28,S06,P01,11,869
2026-08-28,S06,P02,9,585
2026-08-28,S06,P03,7,665
2026-08-28,S06,P04,12,1308
2026-08-28,S06,P05,7,805
2026-08-28,S06,P06,5,445
2026-08-28,S06,P07,2,170
2026-08-28,S06,P08,3,357
2026-08-28,S06,P09,2,198
2026-08-28,S06,P10,5,375
2026-08-28,S06,P11,4,220
2026-08-28,S06,P12,3,165
2026-08-28,S06,P13,3,207
2026-08-28,S06,P14,2,150
2026-08-28,S06,P15,2,90
2026-08-28,S06,P16,2,178
2026-08-28,S06,P17,1,129
2026-08-29,S06,P01,15,1185
2026-08-29,S06,P02,9,585
2026-08-29,S06,P03,10,950
2026-08-29,S06,P04,9,981
2026-08-29,S06,P05,6,690
2026-08-29,S06,P06,6,534
2026-08-29,S06,P07,2,170
2026-08-29,S06,P08,2,238
2026-08-29,S06,P09,2,198
2026-08-29,S06,P10,4,300
2026-08-29,S06,P11,5,275
2026-08-29,S06,P12,3,165
2026-08-29,S06,P13,3,207
2026-08-29,S06,P14,2,150
2026-08-29,S06,P15,1,45
2026-08-29,S06,P16,2,178
2026-08-29,S06,P17,1,129
2026-08-29,S06,P18,1,109
2026-08-30,S06,P01,11,869
2026-08-30,S06,P02,10,650
2026-08-30,S06,P03,8,760
2026-08-30,S06,P04,10,1090
2026-08-30,S06,P05,7,805
2026-08-30,S06,P06,5,445
2026-08-30,S06,P07,2,170
2026-08-30,S06,P08,3,357
2026-08-30,S06,P09,2,198
2026-08-30,S06,P10,4,300
2026-08-30,S06,P11,4,220
2026-08-30,S06,P12,3,165
2026-08-30,S06,P13,3,207
2026-08-30,S06,P14,3,225
2026-08-30,S06,P15,1,45
2026-08-30,S06,P16,2,178
2026-08-30,S06,P17,1,129
2026-08-31,S06,P01,11,869
2026-08-31,S06,P02,7,455
2026-08-31,S06,P03,7,665
2026-08-31,S06,P04,7,763
2026-08-31,S06,P05,4,460
2026-08-31,S06,P06,5,445
2026-08-31,S06,P07,1,85
2026-08-31,S06,P08,2,238
2026-08-31,S06,P09,2,198
2026-08-31,S06,P10,3,225
2026-08-31,S06,P11,4,220
2026-08-31,S06,P12,3,165
2026-08-31,S06,P13,2,138
2026-08-31,S06,P14,2,150
2026-08-31,S06,P15,1,45
2026-08-31,S06,P16,1,89
2026-08-31,S06,P17,1,129
