occurrence_id,aphia_id,latitude,longitude,depth_m,year,event_date
000061ef-5c1f-4e92-8f11-e62ee5d7225e,140605,26.7415,-82.789333,25.6,2011,2011-06-17
0008a3d3-9137-4028-b42f-abaebefd4b14,527142,-48.3209166666667,-60.6091666666667,335,2010,2010-10-27
000f04a5-2859-4a5a-a9b5-61bd51cf7710,342334,-35.0848,137.749,3.6,2015,2015-01-20
0012c5a7-cca8-46e7-84b1-9b1f0edbd7a5,140605,32.6410733333,-16.833245,,2025,2025-06-13
00160ae8-5f96-4d90-b53e-d8746878d6b7,140600,56.2107,0.5202,82,2006,2006-02-05
0019bbcb-0984-432d-ae29-5634fb8480ab,140600,50.352,-2.4599,27.5,2014,2014-02-16
001df726-d5d9-4c0d-8b08-88c0edc57f08,157019,43.5000987013,-50.2960446835,,2005,2005-06-25
00234e16-9989-4ee9-9542-b98e9e141a85,342381,-42.4667,170.2667,696,1979,1979-08-11
00338b8f-d0e1-4e9d-bb38-f929f447ec92,140605,-8.142703627,13.22880987,19.5,1991,1991-08-17
00375b6f-9748-44ba-ae16-cf9039221db4,342305,54.060102,-166.231837,102,2010,2010-03-16
003c0e22-9aa4-41ab-9f54-ffb90efec56f,325319,-54.19,-35.39,319.5,2006,2006-1-20
0041b752-5579-432a-90b6-671ecf12c4d1,535841,13.7280049024,120.8839216199,,2019,2019-05-06
0046e782-552a-44d3-b2d1-d0a665516774,140605,27.6718997955,-83.8906021118,,1977,1977-08-23
004a42ad-3e64-4d3d-a1f3-ff5f6ee24554,341985,27.3805,-83.59216667,45.9,2020,2020-10-15
004f9cbb-28eb-42e3-8322-626e9906367c,140605,31,-81,,1950,1950-07-02
0056519d-54e2-44c9-bc3a-bdd13143265e,342000,34.393367456,-119.7136718126,,2025,2025-09-23
00634011-0f27-441d-833a-be1ff02b0176,140600,41.21,2.33,410.8,2009,2009-05-04
0067f36a-14f2-494b-86b3-7b51d69839ac,342036,-34.3386485997,150.9266775,,2022,2022-01-02
006bfe77-f51a-4b34-aacf-aa958ae42fe1,157011,48.68083333,-62.92066667,398,2005,2005-08-28
00723aca-f8d9-458e-b5e2-33e9f1359f1b,325329,-60.98,-55.83,202.8,2006,2006-12-24
00778ada-df17-492a-9934-1aea2939d482,342036,-32.7136933745,152.1498970448,,2019,2019-10-15
007bcc07-1abb-4a7d-91a2-738ef5505973,1805274,12.0234888333,93.0064916667,,2026,2026-03-23
0081143e-1857-4680-8874-96497fc86800,140600,53.123,-12.67,187,2015,2015-09-21
00860c34-c0eb-43fc-8f5c-1eabf95d426e,210788,-7.9489203719,39.7907960817,,2020,2020-09-04
008e9715-5595-4818-b838-bfc176e0bd39,341781,38.69467,-28.68527,0,2023,2023-07-14
0098e5b4-705d-4095-afb4-91ed4886987a,140600,36.2249984741,11.9919996262,,2003,2003-06-04
009d4443-883d-44bf-b26b-7b2a8c0169e2,342036,-33.0474149594,151.612222018,,2023,2023-03-10
00a939fb-ec6b-49dd-b682-aca306143182,140600,58.41077,-5.111122,15.5,1991,1991-05-16
00b06614-6c91-48c9-8942-65e383be5041,342036,-33.9256859,151.2593896,,2025,2025-09-01
00b715ec-1175-48dc-b0c7-a4016c91d1fc,341952,32.7667066313,-117.2447976206,,2023,2023-09-19
00bd5aa5-0960-405f-af5f-99d20790de52,342305,54.074589,-166.20816,102,2010,2010-07-09
00c24225-9a3c-4f3a-a3a4-10bdf1294b61,210788,27.2843999759,33.83100003,,2024,2024-10-11
00c8b61f-b14a-4f97-b134-61dba4bd4af3,157011,49.31133333,-66.38233333,298,2022,2022-08-27
00cd61fe-548a-4482-95da-bda1fd2984c0,342305,54.154233,-132.85695,34.5,2019,2019-05-27
00d22b42-4e66-4085-ba50-94f0da2d46c6,341963,39.44546,142.24334,388.9,2013,2013-10-07
00d53d18-7aac-49bd-abb8-429df42b1c56,342036,-33.7998266828,151.2953024415,,2025,2025-02-06
00da4ff3-a634-4217-b763-011eb079eb93,140600,51.2665,-11.469,354,2012,2012-12-08
00de8d03-bf74-4a8d-b71c-56417d40474c,342036,-33.8399689531,151.2535222117,,2021,2021-01-24
00e20f67-d047-41d1-b801-e9fc2fb367cc,342305,34.6076812744,-120.791610718,201,2000,2000-05-24
00e654b4-5115-48a8-8b7e-89417ae2f839,140600,49.7116,-7.3803,60.5,2016,2016-11-29
00e9a2fa-1b62-42d7-959d-ab246bca7a1e,342036,-34.0687228866,151.1305614475,,2024,2024-03-30
00f4a101-b519-4c0b-8f6d-b5d2d3eea946,140605,39.64,2.18,137.9,2008,2008-06-08
00fc7a23-c885-44ac-aecb-848c924e3fbf,342212,73.04,-73.075,912,2012,2012-10-01
0100ef79-fa33-4613-b0f6-bfb0b513d7ce,341952,33.1300666667,-117.3362666667,,2025,2025-11-05
010844eb-b98a-424a-bf18-32d947022d49,140600,52.391,-4.828,24.5,2022,2022-09-07
010ff1f1-f558-4750-aff9-464a77f95f43,342036,-33.447238973,151.4495835949,,2025,2025-07-19
0118ba41-6af7-4018-8909-dfcc2b1cc99d,341948,-38.07433,144.92867,20,1990,1990-03-26
0120a0a9-1977-431e-997b-2baab2b0b1ec,140605,-34.1882679676,18.4278522828,,2020,2020-01-02
01252d6e-6ae1-4624-804e-bbf0216f4b3e,342305,57.8511879479,-135.0235900073,,2014,2014-06-29
0130210a-dd2c-4a6b-8568-88856f73cbde,140605,43.3286247214,5.079130521,,2022,2022-11-12
01367d59-91e5-413d-ab33-3c8e79f9d9b7,140605,43.4579719513,6.9205418229,,2024,2024-07-27
013aa6b2-f2b8-486d-9f5f-8580689156dd,342023,36.9488638889,-122.0618666667,,2024,2024-11-17
013ec9e6-a8a4-42eb-8ade-11c9d549e484,342023,37.247245,-122.4194033333,,2026,2026-01-04
014186cd-a61d-4b8a-b6b5-7ca5ac659a9e,140605,43.22,-69.07417,185,2002,2002-04-17
0146d55e-09ab-4405-82f6-9e13f1d2fea1,140600,41.1,1.55,69,2006,2006-06-02
014ac5a3-9d64-43ed-ba42-c72f02863e97,239392,-61.24,-55.82,139,2006,2006-12-29
0152b8c1-b922-44a3-8e43-6e7191bed7ae,342305,47.4503766,-122.382348,,2024,2024-11-04
01576594-23a1-4582-9f02-ce501d28fefd,210788,7.42932,98.8955411,,2016,2016-03-18
015bc58a-d05a-4c74-9243-d911f63faf2f,342334,-35.0388108233,138.5120809147,,2023,2023-12-30
01600245-1afa-4551-b424-bb093dda6088,239392,-61.2,-55.7,91.8,2006,2006-3-13
0166f647-8618-4303-b44c-b9031b8defa9,138849,31.7583293915,-29.548330307,167.5,1981,1981-09-22
016d1e46-47ef-4577-9559-75fad6c3e538,140600,54.273867,-4.76595,,1998,1998-05-20
0173e0cd-fc5a-4056-b6cc-04868db533a7,140600,58.25817,-5.088345,11.8,1988,1988-10-10
0178b906-2cff-4f90-924e-826f4638538d,342212,70.582,-66.09,1214,2010,2010-10-25
017facbe-82b2-40ea-8acc-dc25353eb86c,140600,53.2487,-5.2238,52.5,2023,2023-09-20
0183e06f-7f7e-4e3b-b8ad-273b9c557eef,535784,-31.0100002289,16.2700004578,290,2003,2003-01-30
018d5bbc-26b0-4c68-94ca-c2490b82194f,534443,34.4886672,136.8907119,,2022,2022-07-27
0193900f-5bd0-4473-a6eb-278a3ea111ce,341983,22.8787603322,-109.8990635786,,2019,2019-01-06
019c12f6-ab4c-42d5-bff8-6c87fe1c4542,527142,-49.12975,-60.3644166666667,263,2010,2010-10-30
01a24828-8ae4-47eb-b06d-c1b5bd899ea3,140600,51.62437,-4.881507,12.3,2011,2011-05-14
01a8bd44-9eb9-40e4-bf9b-ff55f9caca39,140600,52.8835,-14.3823,171,2008,2008-09-19
01ae575c-d15e-43f0-ae27-4e97384650a4,1561957,-34.251055,115.0285861667,,2020,2020-12-21
01b6945f-e4a4-49b5-b097-9a3078b76491,210788,-22.4764966386,166.4669813741,,2024,2024-11-02
01ba4553-3b5f-4691-b1d5-e5f573007dc6,140605,28.0879817434,-16.7930884338,,2024,2024-10-24
01bfefae-be31-46e4-8ba7-0d4b41d34a9f,239392,-63,-58.12,243.9,2007,2007-1-6
01c927f1-c89f-4b2c-8418-4f2244a5a1a5,342023,47.544798,-122.3957435,,2022,2022-06-15
01cf4d64-4412-4d90-8949-028f153c54dd,140605,41.1100006103516,1.58000004291534,,1967,1967
01d81006-d0e0-4ccd-a52c-667f8e76f8c9,1805270,42.289755,3.286085,,2018,2018-08-02
01dbbb8f-c82a-46da-8c19-d1d5ef6bb6a0,140600,49.8452,-4.5554,39.5,2009,2009-03-22
01e09bae-6cd1-46c1-ad0e-7aa2bf7853c9,140600,52.7105,-14.156,154,2015,2015-09-13
01e38812-1fa5-422c-8bbd-70b58a59fc05,342381,-50.4583,167.6583,318.5,1981,1981-02-20
01e75389-9637-44a9-80b5-923f7d5d6106,140600,45.9727,-2.7042,53.5,2018,2018-11-03
01ed0fa0-9209-41df-b55c-8aedd2000e48,342023,32.8590639155,-117.26103532,,2026,2026-03-28
01f13b43-70ff-4a6c-871e-3add62b6c757,140605,43.2612686309,5.2875995644,,2025,2025-08-15
01f3e62b-c10a-4754-a8be-82bc2c347482,140600,40.18,0.73,78,2004,2004-05-21
01f73424-9a8f-4915-ab4e-ccc7a3d703c8,341951,25.8169994354,-111.217002869,,1951,1951-11-27
01fcf329-6c1e-4c6f-8151-eee9397c239d,1805270,43.2140591514,5.3283989203,,2022,2022-07-02
02043fc1-9c60-4e08-b559-ceb3e882494f,342023,32.8566846418,-117.2620974501,,2022,2022-10-23
02090304-6b60-4474-b6e8-2cff40c8feea,325319,-53.65,-37.22,171.5,1990,1990-1-13
0210d679-603f-49bb-8c85-32f3520950a0,342305,48.4035944444,-123.3502111111,,2024,2024-06-08
0214b140-be39-43e6-bbcf-cc8529463b43,140607,37.73,-0.51,111,2006,2006-05-17
02194e89-0fca-4a9d-bf06-c729c5830373,342036,-36.4532454186,174.8221512476,,2024,2024-01-14
021d7d3f-c6e5-4559-b1be-abc4d1b602fc,342036,-33.962061179,151.250203193,,2025,2025-05-05
0221397a-c135-4d31-b531-44cd712ca219,342385,-41.2171,170.4201,490,2018,2018-07-31
022684e6-11f7-48bc-883e-a047b5e6ca70,140600,51.9903,-13.913,195.5,2013,2013-09-07
022cdb35-73bf-44e8-b72f-76d109dad96a,140600,52.81,-14.0307,112,2012,2012-09-23
023294f3-a9b4-4303-9de9-1176d20efb68,140600,51.6085,-11.111,185.5,2017,2017-11-10
023ce150-17c0-41e3-a085-e7192c6fcd8d,210788,-16.4646637776,145.9803394019,,2025,2025-02-16
0241b36e-41a6-42aa-a66c-38c699059306,140605,42.3536308,10.901604,,2018,2018-10-11
0245c188-fdb2-4314-8bf0-6b5f9c85ce60,342023,32.8571857587,-117.2616623661,,2021,2021-12-19
024ada07-1efc-41a1-b89f-80b9a07e6156,341951,32.8499984741,-117.266998291,,1974,1974-10-19
02512f61-5c18-441f-92cf-832e840aa447,157011,49.754,-60.70416667,219,2021,2021-08-22
02559b4b-b199-436c-8231-075abf47755c,210788,19.951272386,-155.8616387901,,2023,2023-07-11
0258b505-10b9-4398-9e42-942d589f130f,535605,-46.5604614784,168.4194553165,,2021,2021-05-02
025d2485-3b12-4efa-9737-31b3aab96f04,341950,-38.3574121375,144.7722651257,,2022,2022-07-02
026190d3-b584-45ff-abae-0029113363fc,239392,-67.67,63,,1957,1957-01-16
0265a441-8579-4f6a-a17e-9f6f7fc2b0e3,457762,26.5494227904,-78.6198637641,,2024,2024-08-14
026a7b26-70c3-44bb-8ee7-b04e645753a2,140605,42.9967106511,10.5155283585,,2026,2026-07-16
0271bcfa-fb86-44cc-8b25-6b060d173a63,341952,32.8492033199,-117.2760699519,,2025,2025-12-21
0276f3f6-933f-4741-a426-7008572e0984,210788,-7.9035637212,156.9582443424,,2011,2011-07-21
027c5b8c-6037-4c15-ada3-0e4c751285c5,140605,35.363713391,-2.9312887362,,2025,2025-08-20
028430e6-584e-492f-884d-84ac82e04e9a,325319,-73.30166667,-21.16833333,458,1996,1996-2-13
028991c7-b3f6-4710-aae3-064e2060d344,534099,1.4741912881,125.2356920019,,2019,2019-09-15
028cd47d-9d7e-46e3-9bb1-89a04387c81b,239392,-54.11,-39.15,196,1994,1994-1-24
0296a7cb-f95e-432a-b847-80d857b68c21,534443,34.285,135.068,,2013,2013-03-31
0299b17b-d7a4-4bd1-b80a-ef2245d2550c,1561957,-32.2719191387,115.6865120256,,2023,2023-11-24
02a28eac-939b-4e2a-b900-b563e2c28acf,342023,36.8117840758,-122.038655642,,2024,2024-10-18
02a9ba8a-8fa2-4ecc-854c-af25fc335647,140605,39.6911,3.5846,69.5,2004,2004-03-10
02b0cf1e-bdd6-481a-89a6-91d612d3499b,140605,31.4449996948,-81.0950012207,10,2001,2001-07-25
02b7fcf8-9d24-4140-ba88-256591db7149,534733,35.04033333,128.7416667,,2011,2011-08-11
02baba0a-67af-4e91-b9f5-ad8183cbb5d3,140604,40.0739,3.433,444,2002,2002-05-14
02bde48d-789e-47b1-9561-6b3141d5c982,210788,-7.2591067543,72.3757501034,,2023,2023-06-03
02c5bc4c-72ff-4ce3-a4bb-b1ab9f15b65b,140605,38.3649469825,26.2913837505,,2018,2018-07-10
02ce399e-a95b-4499-893b-f31c5542d9fd,341952,32.7667227209,-117.2447595724,,2023,2023-09-20
02d44e73-54aa-4ec8-be15-4a2d5e4c2834,325336,-61.975,-60.31166667,867,2000,2000-5-2
02d8f948-e40a-4dea-a963-0705e648a5dc,341952,32.8712883333,-117.25328,,2023,2023-10-28
02df7ab9-d9b1-4ede-87bd-9b61b1e9c00a,342307,-51.1433333333333,-57.445,103,2017,2017-03-09
02ea9445-ddd2-4e81-9f87-6d4c4ee82922,342305,54.046019,-166.22911,92,2009,2009-10-27
02f6f55d-a0de-421e-a07d-a423f5aa3eca,1561957,-33.6427658939,115.3436779151,,2026,2026-02-06
02fad166-9153-4c11-8524-73dd731df73e,342333,-8.80703,115.2337633333,,2023,2023-02-22
02fca410-e9e9-4f52-907d-d2126ae58635,140605,43.3285890388,5.1012733516,,2025,2025-05-18
030328aa-e989-452c-9960-c5385a39580c,210788,-27.7447616667,153.4539583333,,2024,2024-03-03
030dbf46-172c-41f0-9650-d0e96e9d6b5f,535784,-34.9500007629,23.0832996368,,1993,1993-04-30
03124d50-e81b-4820-88b4-289f08e609ea,342023,37.5200783333,-122.5149533333,,2025,2025-05-28
0318d53f-25e3-42b7-b5cb-480791fcab9f,342305,48.4028748175,-123.3498890048,,2024,2024-02-04
031e814e-7b1a-4bfe-86eb-6bdea2cfa320,140610,-34.65333,153.24639,59.5,2017,2017-09-10
0327323f-2176-413f-bcb3-75e7998d8763,342272,-2.25,98.925,100,1929,1929-09-11
032f721b-9f8f-4cbf-976f-a04615e1174d,534443,35.3883436791,139.6524119005,,2024,2024-08-19
0335054d-0f7d-4ec1-ac23-f9fdebc7e03d,457762,18.5166815092,-67.1005849521,,2026,2026-05-31
033ab7e1-7d69-4ca2-a86f-c9fff7b37352,140596,57.7467,8.2083,0,1987,1987-01-28
033d961a-cbcb-4866-afb4-40858bb1abd2,342305,54.056789,-166.28848,101,2011,2011-02-20
0340eac5-2256-4114-9d13-673d3e6a4c80,140600,55.27508,-6.17483,,2016,2016-05-30
03463a4e-700a-485c-91b4-f9e2980aa064,535605,-41.344565,174.774559,,2017,2017-04-09
0355abc9-45d0-4763-8ff6-fd81f197da06,535605,-35.3401786835,138.4432861123,,2023,2023-02-05
035873ef-c0c4-4f42-bee9-a08e4f6f214f,140598,39.0923,2.704,251,2005,2005-06-22
035e02f1-4cbd-42e0-bb23-f8600a27e80f,140600,53.7852,-13.6127,184,2015,2015-09-14
0361ec50-bf3c-479d-9cb0-81f15a6916d8,325324,-61.22,-55.88,153.9,2002,2002-2-10
0369690d-169b-45ff-96db-9bb501366e24,342305,57.0092367127,-135.3626046625,,2024,2024-06-21
036f4cdc-40f1-41b1-b394-61b705d98c71,210788,4.5958254,118.8643398,,2024,2024-06-23
0370d900-6902-4855-8969-c9e8f0bd1d7a,342307,-52.8333333333333,-58.8,151,2005,2005-05-29
03791001-5be6-4082-b520-621758c7f1aa,140605,37.6285039151,-0.6989237685,,2026,2026-05-07
0382cb53-5134-448d-b2a3-e1db2ad2a0f2,342023,35.5333833333,-121.0858388333,,2026,2026-04-18
038a8169-76d9-4c4e-9220-e1a4e412fb1d,341987,-44.73833,171.9357,110,2000,2000-01-08
03903e14-3e68-48ff-ab30-517b3c6a6fda,342036,-33.800374,151.295332,,2021,2021-04-24
0393b940-bf66-42b2-a773-187a412f311f,1765489,-42.67,148.38,496,1984,1984-06-14
0398031e-e015-4942-bec2-210347a3c45a,140605,42.285101487,3.2964302208,,2024,2024-06-07
039b0c45-019c-4ca6-a99a-b03832a29ec6,341952,33.7377140054,-118.3730895505,,2023,2023-07-10
03a34b9e-4836-46ec-a69c-bf7d4b8e0b8e,1805274,-14.68227,145.46964,0,2009,2009-02-27
03a7da92-2a9c-422d-a790-ee91bce7ba7e,140605,42.3300018310547,1.1599999666214,,1961,1961
03aa98a9-ee77-4384-bfb5-9fb5ead1d80b,342036,-34.0697172088,151.1295401595,,2025,2025-10-27
03b3065b-820f-4fba-8bc1-42fe4dbf82ae,342036,-32.7160593283,152.1399408465,,2011,2011-02-12
03bc316d-fc05-4017-9c65-b491f90ee44d,342305,54.077471,-166.205912,106,2011,2011-12-09
03c1ed9c-3bc0-46a8-87f4-f0610cf784a5,140600,44.0781,-2.0697,112,2022,2022-11-03
03c9ba1b-e2c5-4d1c-8299-45078c993aec,140605,42.7126196289,9.4674913914,,2012,2012-05-05
03cf8fe3-88d4-482a-9c52-17b559fc5202,409949,13.83943,120.0853,0.3,2014,2014-05-21
03d386b6-f541-46b9-a354-5b97a359858c,342305,48.50907,-125.1236,,2000,2000-05-05
03df448f-c5b9-41e4-8f0c-17a2a5ab5d51,140600,55.457,-8.9015,93.5,2019,2019-11-02
03e6a2d9-4440-4208-8629-809c5a61053e,534099,-23.48,152.143,,2005,2005-11-18
03ecaf98-46fb-45ba-b701-3c37c58030db,1561957,-33.5689096408,115.0879427231,,2021,2021-12-20
03f40206-7522-4692-a219-fe7aa71de2c0,140600,51.68018033587448,-5.171840407473586,,1960,1960-06-06
03f7e97f-946a-4619-bbbc-6a3aa431ab69,342023,35.6019875886,-121.1383461221,,2022,2022-05-24
03fa9f74-69d0-42dd-b03b-974be45f0d6f,342305,60.963,-148.0276,102.4,2012,2012-10-21
0402d2ad-b730-4e7e-865a-87940bda7990,325336,-60.89,-55.38,370.4,2002,2002-2-4
0407c99c-38e9-4451-b348-55ae05d45870,140600,55.864,-7.066,50,2011,2011-10-01
04099e4c-e9b7-438b-ab64-b3686c23a3b3,140600,52.26442,-4.476709,,2012,2012-06-05
0410f635-fd3a-4e53-831b-dc8cede93289,342381,-39.9172,177.246,374,1993,1993-01-11
04160106-1e92-48ce-a8a5-0671d3b0e9da,341952,32.7621366278,-117.2459738001,,2024,2024-06-14
041b8d24-19e0-43a9-b6c0-7be1a43c64d0,420653,28.9189770943,-13.6635594042,,2024,2024-08-07
041e4393-618c-446a-a78c-9712f581f482,527142,-52.7916666666667,-57.4883333166667,525,2009,2009-02-17
0427e2cc-dd63-4719-bb7e-ded5b31669a2,140605,35.9023550645,14.5005540177,,2023,2023-05-05
042b8829-b53e-4df5-8790-480f870d5d34,140605,39.4645,2.6672,38,2004,2004-05-04
042fe7fd-94fd-477a-9a48-a5d84156b9f2,140605,-34.1876905409,18.4278903902,,2021,2021-04-11
04375cb9-69b0-4fb6-8156-a6c8722c274a,138803,24.1792559726,-110.434117216,,2024,2024-02-10
0441be08-2f89-4511-960b-67eadb334c53,342381,-48.195,178.7817,547.5,1983,1983-11-15
04496f65-7598-4682-8663-4eed750aff63,342023,36.9491166667,-122.0615472222,,2024,2024-10-18
045328b5-c66a-41b5-b8c8-4e7ff6f0ed2c,140600,52.2025,-12.2175,342.5,2016,2016-10-06
045c8b7f-f2fd-46b9-84e0-7ff675d8dbd8,239393,-70.8099975585937,-11.2600002288818,1488,2003,2003-12-10
04618eb8-9d00-4729-8128-10298fae0ba0,341948,-35,-138,,1922,1922-04-25
046b4f7a-28ab-4b11-a05c-50528e39b036,140605,-6.758631822,11.87624222,141.5,1994,1994-09-05
0470ba42-d7cf-4efc-8168-956c6422cb7b,342381,-45.5,170.92,39,2013,2013-02-18
04762819-38b4-4cd4-b5f3-7a13c5df3531,140600,57.681,-13.647,65,2020,2020-09-14
047ca252-766e-4f50-9e77-9717386e20e4,341952,33.5888883111,-117.8680506974,,2025,2025-11-05
0484cc3f-3354-40cb-820f-1d42c030ba11,341954,12.1710969475,-68.2887020331,,2025,2025-03-05
04881231-6316-498f-863c-b5f5c420d709,342384,-36.5922764048,-72.9782922193,,2025,2025-12-06
048d80f5-b209-454e-b066-e42a25c81359,341952,33.542275,-117.7891616667,,2024,2024-02-16
0497a11a-6180-42f1-9ea2-1aa1e8388791,140600,49.6485,-6.5767,50.5,2021,2021-03-20
049b2c4d-d3d6-431c-a509-06fe20a92f11,210788,21.645743641,-158.0663296458,,2024,2024-07-13
04a3bfce-7b5c-4234-bb66-ea7145b03786,342023,36.9609916667,-121.9626916667,,2025,2025-01-12
04a9f527-2d2b-47d3-a1cc-e1f8d24c6a59,210788,5.2562501,73.1637253,,2026,2026-02-26
04afef7f-606a-4e2c-a557-1bf64c535686,341951,28,-114.5,,1951,1951-11-29
04b4e12a-867e-419e-914f-5ddd09d70876,457762,12.2794341196,-68.414604934,,2025,2025-12-14
04bb3c08-155c-429c-9155-e02f0fbe55a1,342305,54.044169,-166.22587,84,2011,2011-09-16
04c26043-6f32-4971-b314-27f806e52072,342023,37.5113447104,-122.5106058642,,2023,2023-07-04
04c71ed9-754e-49d4-96f4-9b93a99a5365,140605,42.3300018310547,1.1599999666214,,1950,1950
04cbb41f-01bd-4949-a8e6-8258898061a7,140605,42.387827863,3.1636613762,,2025,2025-10-21
04cd0f4f-31ca-4787-820a-6b7ed3bb607f,342036,-35.8412644062,174.5071363449,,2018,2018-04-20
04d1331d-7f2b-4f98-a9b5-d3d43f6f3523,140605,43.3185858917,3.5584747211,,2026,2026-01-11
04d9703a-d480-439a-a91c-f5788bddcfe1,140600,37.51,-1.14,186,1997,1997-05-19
04e02a82-d694-419d-ac0d-e043c1d2c5ff,341952,34.046385593,-118.9227945536,,2022,2022-06-15
04e744a3-fdde-419b-9203-f3d40afb6929,342334,-35.072033708,137.7430343907,,2025,2025-02-16
04ed666e-37ec-4625-890c-741de1031c0a,140600,50.352,-2.4599,27.5,2014,2014-02-16
04f3777a-42f8-4650-8eda-d6b045c1fe82,341952,32.8793336011,-117.2516694201,,2025,2025-05-29
04fbc8e8-2a46-40f1-af11-2a7c815fbca4,140605,41.6847240806,-8.9133798469,,2024,2024-09-12
04feb37c-8916-48c4-8f0d-7ba2e772f8be,140652,11.11533333,-75.1375,490,1998,1998-12-07
05072a60-a2d0-4b77-a1be-22398045130b,140600,38.63,1.08,153,2007,2007-06-07
050dcd4d-5969-4e5d-8330-8f3878bf79b6,140600,39.56,-0.02,79,1997,1997-06-02
0516debc-3676-45ad-afb9-f55ea56204b2,342036,-35.3147133333,150.4717716667,,2022,2022-12-23
051d0806-99d1-43b4-b6a9-c761835caffb,1813559,53.181333,-132.805333,,2008,2008-08-29
05242d54-b7e1-4ccf-91f0-08b3c6f0a217,140600,52.19703,-4.778906,,2012,2012-10-07
052b4fd4-d041-47f7-a304-a847ccbce206,342305,59.4764913719,-151.598297171,,2017,2017-06-25
05331a33-21a9-49b6-8be3-8d883ca076f6,341988,-42.7836664657,147.5152080517,,2024,2024-04-29
053632cf-ad6b-4354-afb4-444d50260940,140600,43.9927841736,-7.9615818745,,2004,2004-05-04
053ead16-5faa-47a4-8e2f-e5baf5523548,140600,54.2543,0.3746,30,2020,2020-08-25
0543e1f0-3891-4c70-a9a3-91a775e5110d,342332,-32.17499,152.46971,,1988,1988-01-10
054b44a0-c37e-4b3a-9452-6ada373e50e3,749548,35.2014883333,-75.7211216667,,2025,2025-07-27
0552f5e0-82f4-4b1a-a13f-275fbe035075,140600,53.7497,-11.8315,151,2008,2008-09-23
0559a89d-64a8-418a-bc21-25258e66f458,140600,53.6697,-13.5378,128,2018,2018-09-28
0561c090-2515-4fc2-9fe5-c2f5790af3e6,341954,28.663333,-80.310333,28.3,1983,1983-04-23
056c19de-256c-48bd-870b-d0d5e29658c1,140600,56.6005,-9.0242,125,2012,2012-11-21
0575a660-dc96-4348-8f7e-4ad99d882d40,341952,32.7609838914,-117.2465771685,,2022,2022-08-22
057b7fbe-6cc8-4c1f-aacf-1a74625dd0a3,342334,-38.4693452944,144.1033253171,,2022,2022-11-28
057edb5a-d954-43ec-9f92-a6c294683861,140605,42.25,3.50999999046326,,1969,1969
0586a4e3-1d92-4d96-a1b5-f30c64427247,342305,54.0537,-166.205224,88,2011,2011-12-09
058acbda-1d3d-4584-866e-61d61fdde04e,342305,54.067486,-166.236463,164,2009,2009-10-30
058da84a-7b93-4645-8dd5-3e0e93e0baff,140600,57.45527,-6.745128,7,1987,1987-05-31
0592e04c-8e23-449e-ba83-b4a7512b4b15,1530663,-35.1683333333,150.6255555556,,2018,2018-10-24
0597a8b9-8183-4036-ace5-7c2a6dd3b761,325319,-62.59,-54.77,260.2,2007,2007-1-4
05a0d8f9-9a74-464e-a2de-d8e1e731492b,210788,3.5601552847,72.9237046592,,2025,2025-11-14
05a9bb95-5d84-4477-a433-4e6cde748e2e,342381,-36.9177,176.2738,350,1996,1996-04-09
05ae9a4b-56ec-4c19-ba15-4efe0ffac3fa,210788,-8.2402916248,115.5660538967,,2025,2025-01-04
05b61242-8ed0-450a-987b-b06f991bbfd8,140605,41.2099990844727,2.05999994277954,,1966,1966
05bf609a-8a23-4c0d-8770-334801d802b4,341942,8.4764632744,-83.2710114336,,2018,2018-01-03
05c36fe1-ef55-4c73-9215-0f875b362f3d,342101,-28.0544,154.083,1006,2017,2017-06-09
05c695e1-d916-473e-b8e0-5941cc69adb7,140600,57.696,-8.937,75,2014,2014-11-19
05cc1f64-d981-4d4a-9d96-fa1caa16a04c,325325,-60.86,-55.52,285.2,2002,2002-2-3
05d1d006-721f-411a-ab34-486f7503148c,140601,45.218665254,12.3287260249,,2018,2018-06-07
05d5fe20-fd68-4c96-8ce4-dcd34386386d,420654,31.75,-63.5670013428,290,1970,1970-03-19
05dce5a9-3202-4e5d-a9fd-d6378bb68140,140600,39.93,4.41,159.1,2007,2007-06-21
05ebe117-2cb0-4024-94e0-06fdb1805693,342305,34.6107749939,-120.790786743,186.3,2000,2000-05-24
05f2cf05-12b9-4241-98cf-c71845040225,140600,54.560011666667,-0.671576666667,,2013,2013-10-08
05f787c9-f51c-4275-83ee-4631fd2654ec,140600,53.5533,-11.8523,135,2018,2018-10-01
05fefbaf-def8-413b-994a-1495a30f6243,140600,43.46,15.66,198,1969,1969-09-20
06035d75-6a65-4052-9ec3-bcd7f7c2fc49,140605,-8.591166667,13.17416667,77,2010,2010-03-21
0607db86-c63e-43b3-9fbc-a2d05cf58b89,140601,37.98,-0.49,,2007,2007-06-01
060e6c28-2e37-4765-a5ab-d17c2dfb8aef,140600,50.0268,-5.8447,35,2024,2024-03-06
061518a3-bcad-47b6-98fc-7d24d8f5b5ce,342305,54.053279,-166.257234,95,2010,2010-09-14
061b7890-e3ba-4bf6-b36f-a6d58f0aa27a,342023,37.0792166667,-122.2682472222,,2024,2024-12-15
062118d0-26ad-4a97-8c01-8822157fc56d,342305,54.053445,-166.259195,80,2010,2010-08-09
062584bb-650a-498b-a035-af7d2e860e0e,342305,48.61861,-123.53444,,1981,1981-01-09
062dce8a-5fcb-434b-bc82-76dc57df7478,342381,-45.93,170.59,48,2010,2010-04-22
06332e05-3f33-4042-999f-6130c1d0697a,140600,52.93761350236094,-4.62001770257639,,2010,2010-05-17
0639445d-9c02-41de-8cb2-95edc8379164,140605,41.8400001525879,3.46000003814697,,1967,1967
063d9c7b-92b7-429d-a577-6825fb07e3a5,534099,1.4890156577,125.255772144,,2022,2022-09-24
06405183-e949-4382-8b1a-0e62b5ac005f,535605,-42.5467,148.142,20.5,1984,1984-08-20
06449663-36b1-4e54-a875-75f4feded5b6,342305,35.01666667,128.95,,2012,2012-04-30
0646dc9d-3372-426d-abdd-8e250993aa44,140606,39.9,0.9,147,2001,2001-06-02
0649eb35-f5ae-4b85-a808-15021baee149,342305,47.6948738056,-122.4053573333,,2017,2017-04-02
064d2ab6-929a-4533-be0b-cc8d39ed5115,210788,-22.298412,166.43510325,,2025,2025-10-31
0652a1b7-6982-4040-9079-5110372c4015,341952,34.4337765803,-119.9502996446,,2019,2019-03-04
06553a77-4de7-4b12-9390-bc024b0bf924,140605,39.5218,2.4012,59.7,2002,2002-02-28
0658c7a4-8a1e-45e2-94db-077a1d32a93c,140605,39.519,3.4344,59.7,2005,2005-03-10
06608c91-6f6a-4967-a395-4f8db7371f2a,457762,16.2495448517,-61.1807490064,,2024,2024-07-25
0666f17c-38f2-4000-8b8f-8797dce8a128,342023,36.95998,-121.96402,,2023,2023-02-19
066ad397-fa69-4621-9e72-672333bd942c,342381,-44.0807,172.8598,75,1994,1994-06-07
06712e75-acbf-4ff1-9d35-8131edddb2ad,535623,-12.59,141.188,43,1993,1993-01-28
0676693e-11a4-4036-8669-0bf07e6e7081,342385,-41.6526667,170.5415,493,2012,2012-07-29
067c523e-1743-47ee-bc76-f5878624d33a,342334,-35.0846067892,137.7495875294,,2025,2025-04-05
06865a2e-2e56-476f-84f4-797dd4a2fe44,140600,52.9483,-4.8568,31.5,2019,2019-09-23
068b60a2-53c0-4d1a-8ae1-ceedcd76e216,140605,41.75,3.34999990463257,,1967,1967
068eead9-4266-48d4-93e1-e052af6d2a9b,210788,19.6394457767,-155.9958493595,,2025,2025-11-26
0691f03d-bfdf-48ef-aa8a-dd86a7716007,342023,48.8136431384,-123.6064410998,,2022,2022-11-01
069ccccc-2ef1-4135-837b-1a2b9f50146c,140600,54.13735,-4.47022,30,2009,2009-05-10
06a71fd6-c351-46d9-ac20-5b1382c6008c,239392,-61.29,-56.22,322.2,2002,2002-2-2
06ace9ac-f56b-4d88-b447-5e81108a2179,325319,-61.2,-54.69,289.2,2002,2002-1-31
06b0d04d-9ed4-42b8-bdaf-2e7b4519205c,140601,45.34306,14.40917,,1924,1924
06b417a1-acee-4eff-baad-467ff07dee09,341952,33.6122012093,-118.2241628166,,2026,2026-01-31
06b9befb-9176-45a6-9353-21549e1217d4,342032,-40.9523892719,-64.6994762978,,2020,2020-01-28
06c1360f-bf39-4793-8824-fc404b118eb1,342381,-43.33,172.93,32,2009,2009-05-06
06c9c331-ac16-4c8d-9f8d-77233d161d8c,325336,-61.10166667,-56.125,411,1996,1996-11-21
06ce1e64-f64e-44bd-812f-96f10682092d,140605,43.3272128129,5.0786663298,,2024,2024-07-14
06d13384-805e-4805-a905-bca2c455717a,534443,22.3156377,114.365341,,2025,2025-06-04
06d2a892-ed27-4925-86ac-f0e71a913206,140600,52.7577,-12.0148,111,2010,2010-09-15
06d6cf83-2d44-4f88-b266-12f6fdc3f975,140605,39.2441975775,26.4295530799,,2022,2022-09-17
06dc9370-456b-4b31-a24c-57928134d7d5,341958,48.9738,-125.1401,,2011,2011-04-28
06e5c518-6619-4bc5-a340-8c0eddde9eea,420653,7.15000009537,-56.033000946,82,1969,1969-04-29
06eb36b0-c57f-4c43-affa-e8075037ab2c,535605,-39.0555555556,174.06,,2020,2020-12-02
06f2c57f-cf8e-483e-af48-9b3438b7e831,341952,34.04465,-118.9330583333,,2026,2026-06-20
06f99018-50ad-4c3b-8454-659821df6fe1,1043781,51.3746,-128.61044,,2005,2005-05-14
06fc8557-5f9a-4ba5-a7f1-2f890482f36a,140605,-34.1720063889,22.1305847222,,2022,2022-12-26
0702c972-3280-42fd-ab01-9821225e60dc,140600,51.9568,-14.5085,177,2010,2010-10-03
0705bad2-2987-44ad-bbd0-ebcef68cfd24,140605,42.72938396,16.03558559,,1959,1959
070b7753-9888-49b8-9056-634169b557df,140598,44.0166,-2.1489,255,2018,2018-10-27
0713409f-62f6-49fe-9061-05e66a94324d,140598,39.5612,3.6877,643.1,2001,2001-07-12
0716f379-2d68-4751-9791-081d9c4e457c,342305,54.052105,-166.251161,95,2011,2011-02-20
0721e3d6-e0e0-4761-8926-0546c2e70a75,210788,-4.3195966451,55.8685053885,,2026,2026-05-20
072a48ea-47cd-4768-aeef-d594cb3ca714,140607,40.32,1.13,96,2000,2000-06-08
072d9e3c-d44d-4cb6-996c-d2da154d0414,140600,41.29,2.26,161,2001,2001-06-07
073392b3-0ac7-4151-9d76-77fe872e9372,325326,-62.24,-55.3,356.2,2007,2007-1-5
07382719-e9d5-4e5f-9426-1d2a4a79359e,210788,14.1464161998,145.1428447077,,2023,2023-01-01
073c3098-2cce-4aa6-b8b2-56b2e4913a68,342036,-33.8395907005,151.2541015938,,2026,2026-06-13
074305ea-f8a0-46f1-9166-4df47c83f34e,140605,-34.2013705404,18.4573936938,,2024,2024-05-11
074b046f-e730-4016-a6b3-16665de55257,341948,-34.00944,151.20611,,1974,1974-10-14
0751cd69-bdff-4481-b20e-06f8d7f2dd2d,342036,-32.7141627818,152.151399246,,2023,2023-12-01
075cc96e-d448-4f2d-9aeb-f52cd90b3295,325330,-67.46874,68.83624,,1991,1991-02-28
07609ed5-3472-4f04-a448-a3f2186c26d4,140605,43.1775597471,5.3724552545,,2023,2023-07-08
0768be32-de1d-4b9c-9977-b8748e02525b,157011,49.25516667,-63.439,211,2007,2007-08-30
076ef1c9-fb93-449f-9a0f-b8fcf90e38f1,140605,38.4152373624,-9.1888620928,,2023,2023-07-09
0773df64-c691-493d-81dc-f0c2c0cfacef,140605,43.4229845236,3.7548729908,,2025,2025-08-22
07783ced-1972-42d5-84d3-7c24a2710075,341952,32.7611776,-117.245933,,2023,2023-10-09
077b934c-5297-43e4-a487-6aede55f90e1,1043781,49.31685,-123.4653,,2016,2016-06-11
0784832c-8230-4b74-88c3-b6000f18917d,239392,-54.32,-39.29,330.5,2006,2006-1-15
078d7a9d-84b5-4171-8500-5a25b6b7ebf4,1043781,49.32532,-123.48833,,2015,2015-06-17
0795c03f-1531-4e37-b217-3ef875f703ea,342023,39.49075,-123.8039166667,,2024,2024-06-23
079e1c6c-477f-4214-b8e3-16e9162bfcb6,140605,-34.0448877779,23.3761217818,,2025,2025-01-18
07a568c5-ae31-400a-8736-ee76867c2c34,157011,47.035,-59.5633,456,1970,1970-04-24
07a8386f-ac19-424a-8399-6dd0e1ca4eb9,140605,42.72938396,16.03558559,,1988,1988
07ae756d-282c-4fc1-af0f-e006733a89fc,342381,-47.457,168.458,116.5,1995,1995-03-05
07b4e82c-e87a-4e69-a62a-3cd8fc437408,457762,18.4423160952,-77.1813131396,,2023,2023-01-05
07bca960-bbd9-4771-974f-7ac16c8eeb05,342381,-40.578,176.8348,211.5,1993,1993-01-09
07c28ef0-cd43-4dac-adef-73c1b607fbe8,341952,32.6998444444,-117.1699833333,,2017,2017-08-28
07c98e0c-69b0-4efd-9333-f59c39420ed4,342036,-35.629982738,174.5167797085,,2021,2021-02-04
07cd1147-2eaa-46ce-a720-b45a4d1cfa24,342333,-2.2486131292,130.5441641632,,2024,2024-02-23
07d13e53-0e39-4c14-84f6-bbc69c90f993,140604,36.57,-2.52,513,2003,2003-05-01
07d6809b-8be2-433d-bc23-4b9c19312bcc,140600,52.5363,-13.281,207,2016,2016-10-04
07dcc919-84a3-431b-9cc6-79dcb877a3e9,1530663,-35.1433555,136.4629533333,,2024,2024-08-02
07e31e38-c782-4c5f-a38c-d72f72781109,140605,42.4071199093,3.1624596892,,2025,2025-09-12
07e6d677-fbb7-44e5-a60f-1a661aaafb63,387695,-52.8233333666667,-57.1366666666667,997,2007,2007-11-08
07f03fae-b5b4-45e4-8715-c88663a23462,342307,-45.7669520784,-67.368141758,,2020,2020-06-11
07f50fd7-62aa-4e3f-bd55-576f6e26be3f,527167,44.7466697693,-125.991668701,2800,1965,1965-01-12
07fb310b-ed6c-4a3b-b8a4-5387de3e0cb1,342015,-38.3685906873,144.8213780661,,2023,2023-08-13
07ffa559-f7cf-44e0-af2d-cd551fa7e6a1,1813557,43.5833,-2.2667,495,1987,1987-06-30
0808c859-9509-4a45-a2fd-9655c663450f,140600,58.7952,-6.2178,57.5,2011,2011-03-14
081024e6-e778-4578-b29c-c7318b383a1e,210788,-4.6509388529,39.386583903,,2026,2026-03-04
081828b9-324d-4749-aaa2-03927d4f6cca,342305,54.054291,-166.264565,88,2009,2009-01-11
081c5171-20b4-4ac0-9391-4eaa01dda5dd,239392,-54.32,-39.29,330.5,2006,2006-1-15
0823a0de-6411-4e93-b88b-187797eead68,342023,33.8369115064,-118.3966008885,,2024,2024-05-02
082eb50d-0c28-4953-b35d-044c78eb288e,342023,49.4499196133,-123.2403743485,,2024,2024-10-23
083574bd-9f5b-49a5-b3b0-7cc6fa3fb171,341962,30,-116,,1952,1952-02-07
0841565b-e5aa-4100-8de3-9de329660f57,1765489,-33.52685,130.262,995.5,2015,2015-12-15
0844660b-d8c6-4f64-96f4-566f5c842e41,342381,-43.4615,173.2078,40,1997,1997-12-04
084b2ec8-a027-47fb-a725-82ac3f38d869,140605,42.72938396,16.03558559,,2000,2000
08516d58-3f33-4032-b2a6-e50559067bed,1805270,42.6908598798,9.4518408629,,2018,2018-09-21
0858b79f-47cb-4ea6-980f-9aaf3374017e,534126,26.7829602073,-80.0427231667,,2023,2023-04-16
085b2633-b2ff-47f7-b235-b0b27770eddb,1805270,38.1644268186,-0.4781457022,,2025,2025-08-13
0861ca26-b674-4b25-aa8f-3f9a44e2254f,140600,57.1578,-0.6026,0,2001,2001-08-27
086b7862-b031-4735-aeb0-08b513f35ff3,157011,48.2915,-59.81833333,316,2020,2020-08-31
0875ae8c-895c-4d8a-a3c1-280b6705ca43,215276,-32.6774533333,28.3829166667,,2024,2024-03-28
087b6007-048c-4ad2-9b41-3df4b816271f,534733,30.0114118114,122.092278762,,2024,2024-07-21
08811f60-7432-4ae5-bb9f-bbda5439a097,387695,-53.3983333333333,-59.4233333333333,1391,2007,2007-11-21
08880ab4-2fca-429d-a4d5-50fd49524d59,140601,45.64861,13.78,,1910,1910
0891358b-595d-4eea-91d1-daef16d6a45d,140605,25.602,-83.30166667,,2021,2021-10-25
0899710f-d32f-4c4e-8dce-1d95877291b0,535784,-35.25,21.9666996002,,2000,2000-06-06
08a3a36b-0ff8-4491-bd6a-4f1023e3309f,342381,-42.99,173.2,23,2012,2012-02-02
08a723ff-a3ea-4e21-aa84-0fc90db01de7,535623,-23.2603,151.167,,2004,2004-04-24
08aab0e4-b276-4774-ac7c-544536b5bdf1,140600,56.63434,-6.210486,11.4,1989,1989-08-06
08b055fd-3d10-42ac-a11e-172e5e81303d,534424,-43.330333,179.395666,410.5,2009,2009-01-17
08bb1768-ae88-4638-be9c-ae6fc16a2671,342381,-36.9833,176.25,361,1992,1992-02-14
08c1eb06-d078-4882-b01a-edcd39dc3e3f,140605,42.2936489754,3.2890900559,,2026,2026-06-13
08c82718-9ee5-4173-839b-0ed99bb7aac5,342098,-37.5,176.6,435,1999,1999-02-13
08d13aee-af1b-44be-b48a-dc04d51a0c50,140605,28.1930021739,-16.4215340093,,2024,2024-03-10
08d57363-f5ef-4dc8-9ec0-766329758aaa,342305,50.923333,-128.198333,,2009,2009-08-09
08de4f5e-fda3-4ab9-a56f-f9b7148f9c0a,140605,36.66,-2.65,46,2001,2001-05-18
08e2ae90-e9d2-46d8-b399-6f243eb56d52,342036,-36.4229532824,150.073759016,,2026,2026-05-01
08e6c144-79e4-4f54-989f-ee8258cd857d,210788,-9.7421666667,150.8226666667,,2004,2004-04-09
08ec8c81-e62a-4bd7-b7fc-6ff571474882,342036,-33.9922329866,151.2293041294,,2025,2025-11-29
08f8bf9f-c338-4ef9-b7ef-848051d1ba04,1561957,-32.0821551999,115.7505466521,,2024,2024-12-07
08fdf8c7-86ea-4818-8472-1968e797acf4,325333,-66.7811126709,72.6050033569,529,1991,1991-02-24
0903362e-2cb8-4c60-bc60-8327aebc507b,341983,24.3898083383,-110.30684058,,2006,2006-09-23
090a0e04-7a30-4317-8211-0ba23c5af07c,1561957,-35.02420334,117.234223634,,2023,2023-01-06
090eae9e-40a0-468b-9f85-08ba37c7d166,140605,37.8640261507,20.7387511139,,2022,2022-06-03
0912540f-65a9-4e6a-af9e-72ef5c1452c3,210788,-22.298005609,166.4372307861,,2020,2020-08-08
091633be-150c-4860-b5c1-271498f0010c,342305,54.053596,-166.257779,91,2010,2010-03-15
091a20e8-9614-4bdd-a0f9-9b68f591b0cb,342403,13.6885880533,120.9075935592,,2025,2025-04-14
09239f57-1b8b-45a1-a3c8-460811d1dce5,1805274,-12.5949991849,143.4120713798,,2023,2023-02-18
092bd7a0-3a62-47d5-aafe-4c131a240e97,220324,18.80635,85.3568,602,2011,2011-10-29
09322aec-6c36-4d62-8752-0906314d10eb,140605,-34.1872922244,18.4268326993,,2023,2023-06-17
09348169-65b7-4e38-8968-7ce2e6e44723,342015,-37.38166,149.99001,54,1996,1996-05-04
093ab588-c305-49ed-a424-ff16db4c170f,342010,-1.0094428,-90.8710884,,2013,2013-08-07
09423437-e053-4b36-830d-2e6139a5f7ea,140600,52.9725,-12.0705,115.5,2021,2021-09-23
09490783-eaac-4fed-a4af-e08e7f0b82f2,342305,49.3046595234,-124.2151221719,,2021,2021-01-10
09564600-bcdd-442e-9523-6d7d0467992b,457762,32.3055339471,-64.8806580375,,2023,2023-02-19
095fd54b-b86d-4298-aa86-43198edf1738,342305,34.5998001099,-120.805366516,276.9,2000,2000-05-23
09650e8a-0fdc-4df0-87d9-4e31fc0f2db7,140600,43.56,15.65,182,1968,1968-05-07
096bedd6-dea2-48b0-840c-7425d4919aa0,342023,35.2634577234,-120.9146884504,,2021,2021-02-09
09717994-0c3a-46d0-a008-c72a4e9f4497,140605,28.1380497074,-16.7913727462,,2025,2025-06-07
09791afc-8dda-4fc4-87e9-7267bdcc4c37,140605,28.0058606203,-16.7734700968,,2024,2024-11-17
09816b1b-f994-45e1-b44a-12d72e1108c5,341952,32.7611776,-117.245933,,2025,2025-06-30
098935e0-9387-4b9f-a498-9bcf1c9de73f,138849,38.9329986572,-72.3000030518,720,1974,1974-05-17
098f9ec8-7be1-4000-bd26-ebc8ccd4c98d,342036,-27.9363612525,153.4268731624,,2024,2024-08-10
09954ec1-a420-484a-a9e3-baf1c53290ce,342023,47.4544948586,-122.3791322962,,2021,2021-03-02
09999e51-68dd-4aa4-ae59-665207a6c7b3,157011,48.7065,-62.17883333,390,2017,2017-08-31
09a465a6-31d8-49a4-9b4b-78f00276ae82,342305,54.057111,-166.248503,188,2009,2009-10-11
09a8decc-e993-4c10-99a1-df9268f0581c,457573,1.4525883,125.2250546,,2012,2012-08-27
09b2872a-9948-44fb-80e8-91278741081f,527142,-53.0005,-59.2841666666667,219,2021,2021-07-19
09ba8d00-da9b-4321-8654-f08f055dd883,140605,39.4128949631,-9.5131228119,,2022,2022-06-26
09bf1300-06a4-41b0-a34f-5563cdabba0f,342023,44.8940118568,-124.0410088176,,2025,2025-12-04
09c537e3-4636-4133-a78e-7f3d4ec85501,138849,22.1,-84.9667,200,1922,1922-02-01
09cefdcf-3ff6-4280-a906-0b723426f34a,342403,1.452560035,125.2244854182,,2023,2023-03-23
09d2f3c7-af6d-4563-a288-fda8a2960ccf,341954,26.7834818425,-80.0424194042,,2022,2022-07-27
09dadbfe-1d42-4a7b-b95b-4c30dfdee9a8,341952,32.6969781114,-117.2543127062,,2024,2024-11-14
09e0a705-efc5-48c5-85e3-35a97e6648d7,342307,-51.25,-57.3166666666667,104,2016,2016-03-05
09e4f142-4d80-49ac-98eb-0600d99ae072,341952,32.8072668,-117.2680465,,2022,2022-03-01
09ed747c-2f2f-4957-8edf-f10fdf48016d,534130,28.8037131527,-111.9250355973,,2018,2018-10-07
09f72ba8-e864-436c-9932-3c0c9ea78901,341952,34.1446892169,-118.9540289971,,2023,2023-02-02
09fea994-b1b4-4ca4-99ef-985eb5fd06a7,342023,48.834121,-125.146265,,2008,2008-08-01
0a047198-20ff-4e1e-aaa2-64a3502ea2aa,140605,38.2609165613,26.2922327315,,2025,2025-08-25
0a07cc14-f329-4340-b726-5f4b8b1d8f46,535605,-35.519253696,138.1850929033,,2020,2020-12-31
0a0ea77f-7c4d-4a96-be16-6d572ad90e65,342023,36.603654332,-121.8888795376,,2020,2020-08-06
0a11e7a0-bdcc-400d-bec1-d6165f4c4ff0,239392,-61,-46.8,505.7,2006,2006-3-18
0a1ba282-5c2c-44f3-8f05-e59ae870dc1a,342381,-45.5125,171.1177,81,2000,2000-01-11
0a28245a-7f44-4368-84ea-0aeb7403f63a,210788,-24.9420939756,113.1308176717,,2023,2023-03-07
0a2eb2f2-3242-4e63-9be0-963b2048016b,140605,27.75,-84.166667,45.7,1966,1966-03-28
0a34cfa9-dff7-4c27-9fc3-4c77a29cdda7,342305,54.07387,-166.210217,104,2010,2010-03-17
0a3ddea2-48ed-450f-9340-6ee57ff9be00,140605,39.88,3.87,77.2,2007,2007-06-25
0a425fe8-0645-4d9a-84bd-b8d0f468f721,140605,26.6170005798,-80.0500030518,,1938,1938-09-07
0a451d0a-18d3-43ad-b28e-08d58989479d,342381,-42.7333,170.1167,229,1967,1967-10-16
0a4bde42-8baa-49b2-9c3c-a1a79c960318,157011,49.05833333,-64.25,314,2007,2007-08-29
0a4df286-5cbc-4b88-b271-d34f35b63913,140600,52.9107,-13.9895,97.5,2008,2008-09-20
0a51d8bd-e489-4d1e-92de-a30d1a4ba034,535605,-41.35,174.79,,2004,2004-04-01
0a58ce8d-ed1d-491f-a7bb-a0c7f3330eb1,140600,39.44,0.02,140,1996,1996-05-26
0a61b0b3-aeb9-4aea-a0a4-8d5b67b02be3,535605,-43.5648249875,172.7419359592,,2026,2026-06-12
0a69337a-b329-483d-9db5-8584190f7765,341781,38.2234,-28.099,0,2021,2021-08-25
0a706cfd-8f99-419a-816d-7e10dd08bb81,325326,-63.7099990844727,-56.0299987792969,292.8,2007,2007-01-24
0a75a557-e140-4ff4-b096-355525fa485d,140596,51.13,-50.1,801.5,1996,1996-11-14
0a76e873-44e7-4af2-9d43-752f305e598e,140605,28.4020513374,-16.3303469494,,2023,2023-11-03
0a7bc4e7-3fc0-44fa-b560-eb57f8d555a5,140596,61.691,-67.936,253,2011,2011-10-02
0a812e3a-dbb3-4059-9e2f-1cf08a8f5c63,140598,51.4687,-13.6133,360.5,2016,2016-10-08
0a874894-43ec-4570-81a2-9581fb300541,1043781,48.80962,-125.44448,,2022,2022-05-08
0a8c6aa1-b13d-4890-a0db-c6c55679792b,342334,-35.6232831911,137.1921816365,,1999,1999-01-29
0a8f3c8d-fc37-42dd-8080-f3ebee0c3f36,341984,16.8169994354,-85.0830001831,1,1973,1973-04-04
0a982fb8-cd56-47cd-8318-009e2139b7a6,140600,49.7715,-5.4887,44,2020,2020-06-20
0a9f1c0f-5b9a-4827-8294-0f64bec1e0c7,342332,-27.4597402501,153.2351848549,,2016,2016-04-09
0aa1d44a-3558-4c3f-8adb-afdb292adb16,140605,43.0486818275,5.8686348858,,2007,2007-07-04
0aa69ef2-c31a-4b03-bba6-beacd5f599f2,140605,-33.1900619894,18.123869183,,2025,2025-01-01
0ab176a8-9790-4f96-a66d-94b4104601cb,341950,-38.354367625,144.777435399,,2017,2017-02-18
0ab88f3e-a7ab-4646-8d3e-2f753962c632,325325,-61.33,-56,349.6,2006,2006-12-28
0abcfcbc-94d1-4ed6-b416-5eea8b9c1696,325319,-53.72,-37.97,155,1990,1990-1-13
0ac135f7-0d81-43c0-87ff-166be0231143,140596,43.014862,-70.29309,153.5,2001,2001-04-28
0ac85c69-04a4-4492-a12c-0535ca8bf0f3,342036,-33.6056116667,151.291795,,2024,2024-03-07
0acd8329-d66a-4a41-9076-4f34329f3eff,140600,37.98,-0.5,92,2009,2009-04-20
0ad087cf-3427-409e-bb11-016f5b615d37,325319,-61,-46.8,505.7,2006,2006-3-18
0ad90826-5143-42be-a0ad-e553e29ac47e,342023,36.6210327148,-121.9033432007,,2023,2023-02-16
0adef47d-3140-4f6a-8bc6-fb6c235157bc,140605,54.40856,-5.581232,16.8,2011,2011-04-10
0ae3c8e5-c9d0-451b-bfe9-1cfa9aaa73be,141694,31.9169998169,-64.3000030518,,1970,1970-06-03
0ae7e14a-c345-4c5a-bc1a-0532835359df,140596,43.285768,-67.947988,232,2008,2008-10-24
0af273ec-1f68-4605-a8e1-d0213c4e3559,342227,-51.9549999833333,-56.6950000166667,709,2009,2009-02-07
0af915cc-9f20-40da-b809-8a52b828e1e0,534524,8.5,79,,1926,1926-07-02
0afe7e37-5c8e-4a0c-aa94-aa6d4418e57b,342381,-40.62,173.12,44,2015,2015-03-29
0b03f2df-8722-4ecc-b3ec-592e279e7dfe,325329,-61.3400001525879,-55.4900016784668,151.3,2006,2006-12-19
0b0f4ff9-4ad9-466b-b6a0-a4f6114afd8b,342334,-35.0803784562,117.9218650214,,2026,2026-06-13
0b15407b-e731-4a30-9d5e-5aef1634be83,325334,-61.0200004577637,-55.7700004577637,153,2002,2002-02-09
0b1db086-6745-41e7-8108-9a352750f1ad,140600,41.14,1.8,56,2004,2004-05-26
0b2496f3-b47b-4f36-b749-edba9f855353,140605,43.2342823852,5.4393904963,,2019,2019-05-03
0b2b8c34-a5d5-4717-86ab-d5edd9ec4fc6,342305,54.054213,-166.261183,88,2011,2011-03-01
0b31b556-2604-4c12-ac2e-91cf9c246824,140600,43.25,15.9,126.4,1970,1970-07-22
0b35537d-eaec-4d69-99f9-4b1d14525103,140600,51.031,-10.234,132.4,2010,2010-12-10
0b3bcf12-a6c0-4e26-b117-8855ae05cafb,140600,47.2544,-4.0107,54.5,2015,2015-11-03
0b3f333c-8510-4a5d-bb97-185edb9b8667,140598,38.9584,2.6325,755,2006,2006-06-07
0b485028-2dd0-42e1-a236-962407f5fb62,140605,43.3542,4.1992,45.5,1992,1992-05-19
0b4e34d9-884d-4d56-b1d6-0b311e2c4f31,342305,54.06709,-166.204896,95,2011,2011-09-14
0b56e48e-2ba7-4479-a5eb-63eda22cfa99,342305,54.065351,-166.214026,97,2011,2011-02-19
0b5c3f7f-cfba-4b47-9d23-df4634d06d3e,140604,41.46,3.13,351,2003,2003-05-18
0b60b1d3-73ac-4aa8-9438-217bf2d3b9b3,1805270,43.3283808579,5.0995477039,,2025,2025-05-14
0b66b6c0-9077-4e7c-baa3-ae34739fae7c,341952,32.8097605908,-117.266871435,,2022,2022-03-31
0b6801d7-73eb-4192-a0c4-ef756d0f0f45,239392,-71.299167,170.5365,317.5,2004,2004-02-18
0b6f755a-3a86-43aa-842f-4b31046ffeaa,140605,42.2846871939,3.2761051488,,2025,2025-08-26
0b75ca57-b7e4-4833-b674-eb9e418ec81e,342036,-33.9922329866,151.2293041294,,2024,2024-07-06
0b785aee-7345-4b68-88ef-286e21bbfd2d,140605,39.4155,2.6245,57.5,2004,2004-02-17
0b7d3ed1-a4a2-4dee-8412-6693955c7b03,157011,49.04233333,-61.01166667,93,2016,2016-08-31
0b83add6-9b86-49e8-b361-8c36a5c38d01,140600,61.0467,-1.1965,130,2011,2011-02-13
0b89d4e5-4e33-4655-99db-779024d69d33,140605,38.3659863187,26.2907875969,,2025,2025-07-22
0b8f9d79-876f-48d3-af19-6e984ed0602c,341950,-42.9808426225,147.32648642,,2021,2021-03-22
0b921b5e-8cf7-4451-9abf-909e6d29f83f,342036,-34.068660602,151.1303888336,,2023,2023-01-13
0b9b03a7-8150-453e-bacb-860c7bdca3a3,140598,35.99,-2.81,320,2006,2006-05-10
0ba25e4a-e31a-4bbd-96c8-cf065d23cf51,342305,47.2479166667,-122.5532216667,,2022,2022-06-15
0ba591d5-ab3b-4470-a6fe-b925c945653c,535605,-43.0645,147.3511,0,2011,2011-01-29
0bab776e-ff79-4be2-9a0d-b5cc50107d74,1530663,-34.4083,154.755,,1981,1981-09-30
0bb627a6-f846-40e1-ab22-b8e34c945748,341781,39.9605,-67.330367,2204,2004,2004-06-04
0bbb3b61-65c0-4423-ad5a-62d3b9323738,342036,-35.440030387,174.4120902568,,2021,2021-08-26
0bbf44b3-30c6-4561-9191-b7d33f55abb8,239392,-62,-59.23,136.6,2002,2002-2-16
0bc55988-f637-4fe9-9ba9-941ff5704270,157011,48.22633333,-60.52366667,456,2005,2005-08-01
0bc704a5-dddc-45ff-bf72-dbae12120841,210788,-6.1134335,177.335375,,2004,2004-10-22
0bcc2083-3727-49bc-8d0f-c35df1b8dc78,342305,54.05261,-166.205437,88,2011,2011-12-09
0bd28a35-29d7-4be4-b3ea-0a6b7bbbaa2f,140596,42.140267,-68.61785,192,2001,2001-10-03
0bd982bd-9e5e-44e4-a7b0-ecb7a504af08,341952,33.4679235606,-118.526511474,,2025,2025-05-03
0be4c1cb-7646-4bba-8d51-d8edde3fb12f,342305,54.067319,-166.237887,212,2009,2009-09-11
0befaba4-6def-4be5-b530-e7755832194e,342381,-46.634167,168.243167,,2018,2018-02-20
0bf44d15-6c0b-4e7e-bcfb-e330d5890a3b,140605,42.38337,3.1597783333,,2019,2019-01-13
0bfdf8fe-4820-4d87-88af-b7747df081c2,325315,-71.8557,174.033,1972,2008,2008-02-25
0c039f83-15ee-47a9-a498-dc53148390ff,342227,-52.8299999833333,-57.32166665,778,2011,2011-05-31
0c08b7eb-f8c6-43ee-b232-2a4544d14b7c,341952,32.6683376511,-117.2449792604,,2022,2022-11-23
0c0e22b7-304c-4af8-bd29-9bbd42c718f7,341954,21.0308922287,-79.0125280997,,2022,2022-03-14
0c155d55-8765-4350-b3f6-68f1352a5655,140598,52.8473,-14.7927,321.5,2017,2017-09-01
0c181cd6-8674-4cc1-816a-6459d148095e,140600,56.76,4.8,29,2021,2021-09-06
0c1ead33-319f-4a53-bf24-99558c372d4e,1805270,28.918070657,-13.6627777666,,2026,2026-03-26
0c2286ed-0130-4aa5-8acc-a4d440e6bdae,342332,-33.7381466667,151.310455,,2024,2024-07-05
0c2f54f8-9a0e-4132-83ff-cfc84bcb0bdf,210788,27.1390707982,33.9537257627,,2021,2021-11-11
0c3872ad-50ab-498b-913a-103e8d2e69c9,342036,-33.839759,151.253477,,2020,2020-04-26
0c3b6ae6-f2cf-478a-83a1-3746ac85a25c,325336,-62.4,-61.4,338.5,2007,2007-1-2
0c3fe818-0b9a-4aaa-bbb4-5c394a312cfe,140600,39.2279,3.1406,94,2001,2001-04-10
0c46af48-7088-4c8f-a12e-7aa97c126d8c,342036,-33.0858624336,151.6400780519,,2026,2026-04-13
0c5292fe-d729-4c4c-a8e1-3ceba2203f09,140605,27.749019,-18.152761,,2023,2023-01-05
0c5aa606-734a-4748-85a5-bfb94a18e1d3,342272,39.28332901,-69.871673584,2540,1976,1976-05-03
0c6417c2-9006-4573-8c01-7f74a517a8c7,138849,13.7833,-61.4333,2250,1921,1921-11-24
0c6aecbd-94fe-4f5d-897b-ceb6b4fe05eb,457762,17.9950494432,-63.0723300247,,2026,2026-04-08
0c718593-b690-4d02-9ada-6d3390bd7ee5,342036,-35.5713383333,150.3678283333,,2026,2026-06-13
0c7a50e0-2dc7-4f6f-a307-487e3bd07b54,140605,42.3860358929,3.1636892696,,2026,2026-06-21
0c7fa4d1-841e-4723-a767-bee422138d9a,342305,54.051548,-166.247322,90,2010,2010-11-09
0c8561a6-eb6f-4408-9d5e-4ef2b733dbaf,239392,-67.835,74.0767,546.5,1987,1987-03-01
0c88c47b-cb24-4a19-97ff-bfb94283f6e7,210788,-26.8272580509,32.898567505,,2019,2019-05-28
0c8e6f03-dea8-4d41-bb0f-c32f7239b4ba,140600,41.42,2.52,92,2004,2004-05-27
0c9cf81d-3f7a-4182-917c-8c2717099795,342305,54.054096,-166.266968,86,2009,2009-10-28
0ca233d4-d985-42e3-a6ec-59789d71fb82,342305,54.066872,-166.213018,99,2011,2011-02-01
0ca8dfbf-bc13-4cc1-9d68-28bd4b744c0d,342023,36.9489862125,-122.0621179988,,2021,2021-12-31
0cae3ea8-79ac-4091-a92c-c62dea0c8c47,157011,49.62216667,-62.116,243,2018,2018-08-26
0cb06e2a-008f-4b26-bce9-1d589ba946d6,239393,-61.3330001831,-55.016998291,730,1966,1966-02-17
0cb42f14-f085-43cb-b340-2769982b2547,140598,36.48,-2.9,627,1997,1997-05-17
0cb8309c-a18a-4ebd-9476-cc697d42d759,341963,39.24429,142.1755,411.8,2013,2013-10-08
0cbc6cdc-16ff-4006-8251-9edaefc1fef0,534443,25.0183833333,121.9992833333,,2022,2022-12-03
0cc01a35-14ec-4eaf-a523-464bf25b4ac1,140600,49.1171,-6.5147,57,2010,2010-03-17
0cc5a88a-42ea-436e-be81-bb53f33570bc,325329,-61.3400001525879,-55.4900016784668,151.3,2006,2006-12-19
0ccdb2e4-6334-4815-bf26-81b6581d3eff,535605,-45.63922661,170.6712882,,2019,2019-09-28
0cd1fd3c-27ed-4a51-a5c1-396a34953716,140605,39.796633286,18.3316702853,,2008,2008-09-01
0cd5caa9-2c6f-48d2-99fa-ddb73fd896ad,140600,50.5705,-8.6065,120,2011,2011-11-20
0cdb1619-c1c0-41f5-8223-10f8c00e0025,140605,31.922000885,-80.5599975586,16,1995,1995-05-01
0cdf092e-94ff-4964-8cf0-013113585a0a,535784,-32.3333015442,16.6833000183,,1995,1995-01-14
0ce65cff-a131-4233-8b38-6cb344cd8f84,140605,38.6590051347,0.0848801807,,2026,2026-06-29
0cea2eaf-50a6-4664-8ce4-172030655b5a,342305,54.072353,-166.231189,128,2010,2010-11-09
0cf18b6c-33fd-462f-bfee-d2ea5694e6c4,1805270,42.3901525744,3.1598333269,,2023,2023-07-08
0cf79234-6a99-48f1-849b-a683c4ceaadc,1805270,41.9172222,3.2077778,,2016,2016-05-25
0cfdfa68-6583-4e11-b5f2-fbfea22997f2,140601,43.45,15.77,170,1968,1968-05-08
0d02fdba-f017-48fd-97fd-762cf9506015,534099,10.9955901803,122.7503666278,,2025,2025-11-27
0d090fa0-3f4d-456c-9969-83357423a5c1,342305,48.5252,-125.7141,85,2012,2012-05-28
0d14fdd0-da8d-4548-ab9d-57e75f1f124e,140600,39.46,-0.02,125,2006,2006-06-10
0d1a0b20-ef3e-452c-bcf9-46638e06b786,157011,44.851944,-53.4347,90,1985,1985-06-11
0d1e0fed-2262-452f-b279-b9617dd70937,140596,42.060813,-68.624702,182,2001,2001-04-12
0d22ea7b-9df0-4546-b858-8e2f6faf9b6a,342305,54.05253,-166.250042,97,2010,2010-09-20
0d2b8c00-8414-494a-95a3-bb690cd80d2a,140600,53.35,-12.0515,136,2013,2013-09-19
0d305709-265d-4387-81eb-ba3286abbda0,140600,51.452,-8.505,93,2018,2018-11-29
0d348bea-3765-44c8-8e62-b71d41b8559b,342036,-33.9256859,151.2593896,,2025,2025-12-07
0d38aada-70e6-4292-9b3f-6a401a86b6da,341781,36.800869985,-121.8967075906,,2012,2012-06-11
0d3db30a-cbab-4b06-9acc-a93fa4e5d6ad,341952,35.447936,-120.910203,,2013,2013-04-28
0d410416-8339-446f-b179-4fb57c0312d8,239392,-76.9329986572,167.067001343,146,1965,1965-01-12
0d4340ff-4a84-4bd5-9d0f-69ebd1d54a5c,210788,-22.312,166.435,,2024,2024-01-18
0d4c1e12-4109-408a-aebe-b83023caf544,140652,28.5499992371,-86.9000015259,907,1969,1969-06-21
0d52ab41-f733-4a62-a382-b0a96f418937,342332,-32.7177456858,152.1418486537,,2020,2020-12-05
0d5b37ac-d224-4932-b9e7-2c407b11e969,140605,44.3712144501,14.690360479,,2023,2023-08-05
0d610b05-4028-4788-bdba-1ac3db61007f,341952,32.74672485,-117.25476172,,2025,2025-07-03
0d62a7c4-c65c-4960-bfc2-6c9d729175fe,140600,55.76604,-4.893023,7.6,2018,2018-12-27
0d68a1d7-9c86-4d0f-b469-c3ee159e7c3f,342305,52.883333,-129.618333,,2008,2008-08-14
0d6c397b-f85f-44fe-8ece-8cf506d69064,140605,41.17,1.86,36,2006,2006-06-02
0d7628aa-17f8-4b42-af77-44faf948ef14,140600,48.4237,-7.5678,84.5,2019,2019-04-04
0d7eabad-dd3d-439b-aff0-69c2430c87de,534443,34.285,135.068,,1989,1989-06-04
0d88a7a1-aa64-4874-9746-df6c9952fce2,138849,38.0099983215,-35.4949989319,255,1980,1980-04-23
0d89bf20-3ab6-471f-abf7-117b5342de3c,140600,50.0713,-3.9032,35,2022,2022-03-08
0d8dd4e1-6ed0-495e-a994-c6a00dfd3ca1,341988,-38.3302530723,144.3282095975,,2024,2024-03-02
0d9088bf-06b4-4921-9075-40bfdfa7bdc9,342305,39.4003416667,-123.8142466667,,2022,2022-05-16
0d95f51d-d61d-461a-86b5-13266a55ce35,341951,32.8670005798,-117.25,,1947,1947-10-01
0d9b8de8-ffc4-4a4c-a4cc-2022735c9044,534733,34.64796944,128.5622389,,2015,2015-01-14
0dac5178-2312-4e3d-b329-3722ad386088,342212,67.897,-59.877,1465,2008,2008-10-10
0db34bcf-ebb7-4fe9-9972-64e346f94b00,342036,-34.9876033333,173.7110883333,,2025,2025-09-08
0db9a2c8-6c4a-4795-8a7e-e965d3b186cc,140605,45.0942206402,14.4388746098,,2025,2025-07-21
0dbfe08e-2dd5-4193-a74c-5ab1278ef82b,342212,62.737,-60.424,1013,2015,2015-09-21
0dc3ef1a-ace7-49b3-9be9-ff859760e3d2,140600,57.617,-14.109,87,2019,2019-09-18
0dcbd289-66d9-435a-8246-7627811dac5f,534097,10.629992311,103.4931867327,,2010,2010-04-07
0dd5f83b-ffb3-4720-954f-e17960b1ff7d,342305,48.40428,-123.3484583333,,2025,2025-01-21
0ddc3a85-71eb-4113-8e69-0d09cab827c1,534424,-44.0277,-179.1898,272.5,2005,2005-01-13
0ddfb68b-1f22-428d-88cb-06465961b1e9,342227,-52.245,-56.7816667,788,2007,2007-11-04
0dea3d77-28c1-4b69-a1c0-3f5066237c5e,342305,54.08049,-166.217293,144,2009,2009-08-11
0ded15ab-5a59-4e0f-8d7e-3ffc4da8aa8d,1805270,39.89,0.88,136,2006,2006-06-06
0df118f1-8fc1-48cb-89bc-479c4ef89313,140600,49.0829,-10.0461,66,2021,2021-11-16
0df75bc5-34d9-4389-94ca-0a9f6208fdc8,140600,55.4084,-0.4862,34.5,2006,2006-09-07
0e0245d5-2343-4196-a2ab-0ae1e0d0b861,341963,39.43146667,142.2433833,456.9,2013,2013-07-02
0e0668d2-258a-4aaf-9077-b301c114beb8,1530663,-42.68,148.43,127.5,1985,1985-02-19
0e0be4ee-7407-4e8b-a8c6-9d93ad3af596,342036,-34.7396774086,173.117744703,,2018,2018-07-12
0e119d09-22e1-4ab5-b682-2568a131dea6,140605,37.6978336383,20.8438680833,,2024,2024-07-12
0e18e2f5-db1b-4603-9f19-9330ab1ae641,210788,-8.4931982254,119.8783107621,,2025,2025-08-06
0e1ea74d-3678-40b3-8fd8-466186a079ef,140600,50.854,-5.591,41.5,2020,2020-11-27
0e238037-c57b-4e2e-a106-0b7fd007059b,140600,52.7577,-12.0148,111,2010,2010-09-15
0e2e3ea8-fefd-4c59-9d6f-82fc8bf4879c,534443,25.0156433333,122.000525,,2025,2025-12-01
0e30a999-2a89-4a7e-9db1-9283a13be4bc,342332,-34.0759725766,151.1270291358,,2019,2019-06-08
0e351db3-5bd3-4d5b-9e7d-80b94ff6fd84,341988,-39.0407916667,146.32345,,2022,2022-12-25
0e36eb45-b4fc-46e6-99ca-c46da9b02fd4,157011,48.36583333,-62.014,334,2019,2019-09-03
0e3f7db7-3c18-4c0a-86c2-be31d7b4cca5,140600,48.4237,-7.5678,84.5,2019,2019-04-04
0e47b506-f05f-4649-9358-4e76d0de4ca0,342036,-32.7143178214,152.1508579749,,2022,2022-09-19
0e4b9687-fe84-4ba0-9b61-4fdd0d462fea,341786,16,-107,,1972,1972-03-12
0e551931-9e91-4635-bb7d-41aa8131dd13,140605,42.3449195985,3.2020839861,,2025,2025-11-13
0e5cc36a-8488-4cb8-9444-c8db5d3b65e2,342036,-35.6137330959,174.5443245391,,2020,2020-05-05
0e654693-d886-466f-8dbe-f084cbf14f0f,140605,38.53,0.02,72.5,2008,2008-05-21
0e699546-0fd5-42f3-995d-8ce83e68eb21,140600,46.9736,-5.285,107,2021,2021-10-24
0e700281-fd58-464a-bbe6-e49bb5020aaf,457573,1.4582089433,125.2321243286,,2018,2018-03-02
0e736449-bd47-4b48-9b8f-5b6e5763dc03,140598,36.62,-3.61,421,2005,2005-05-12
0e788815-ba44-4ec5-90ba-c323489da419,342036,-36.892844,149.923425,,2018,2018-01-19
0e7cdb87-72ae-4e51-9e9e-8767bacb4c52,140605,43.2110336477,5.3526449018,,2025,2025-08-20
0e82087d-571e-4154-a0ca-a7c9cb620823,341988,-38.335615,144.7458484,,2024,2024-12-15
0e8631a9-83bf-4523-9959-0e76730c9d6f,215276,-9.83333,131.23333,,2006,2006-01-03
0e8b393d-6d4d-455a-a7eb-2f35f29393ef,342305,59.4838734212,-151.5808444468,,2021,2021-05-29
0e90ed46-2117-49b9-a7b7-921b91c1d6ed,140605,39.8339,2.6416,81,2006,2006-05-29
0e979edc-2b2c-4712-953a-3e447ee9dc46,1805270,28.1669998169,34.4169998169,,1968,1968-05-11
0e9ca823-0535-47f7-9d56-e387de891ad6,342036,-35.0786415684,150.6912107273,,1989,1989-12-25
0ea45589-9926-420b-983f-b20a563d7964,342305,49.3159029326,-124.2410380959,,2021,2021-10-19
0eac65c8-8809-41b7-bc62-b302fc730067,140605,42.4071199093,3.1624596892,,2025,2025-11-24
0eb2204d-3822-49c9-bfac-5afc55494d44,140598,41.2151,1.7274,,2014,2014-10-21
0eb5a3b9-3cae-4029-be98-38ab88bc0ee5,140600,58.0432,-2.6922,27,2000,2000-08-24
0ebdd913-5323-40ca-8c4c-17ecc0e82ff2,325319,-60.95833333,-55.85333333,225.5,1996,1996-11-23
0ec4f156-45f3-4198-bff5-fa3e57f766ab,342002,34.63883333,127.1686667,,2011,2011-08-30
0ec6542f-4274-4296-9adb-497ec762476c,341985,28.360666,-84.787833,64,2015,2015-06-10
0ecc5aec-f2a4-44f2-84c5-3246f5fcfda1,210788,-22.2977781417,166.4363222118,,2024,2024-02-10
0ed45df2-a218-4ea4-894d-29e8594bddd0,342015,-38.16917,144.75983,17,1990,1990-03-28
0edf71dd-3515-4fc2-b58d-a83fc7fd3e18,140605,43.4202,3.754,,2025,2025-08-22
0ee4925d-3401-442c-9e3c-70875ba347e2,325336,-61.86,-59.26,266.7,2007,2007-1-1
0ee90eea-3cd9-4e28-a8d2-69e35cba3528,140600,53.6505,-6.1203,8.5,2009,2009-09-24
0ef00d84-e778-474d-92a6-98eeb134aef5,342305,51.637083,-129.915483,309,2003,2003-08-04
0efb5755-1ad8-4910-b001-a979efe0f2ed,325325,-62.8250007629395,-60.8219985961914,202,2000,2000-05-01
0f004489-a01b-4b98-b669-b497499a4cc5,140610,-34.53806,153.5025,77.5,2017,2017-09-10
0f051af8-1f4c-4aed-b18f-b034f28b8b64,140605,42.3942979594,3.155311045,,2025,2025-11-08
0f0b83bf-cfea-4f61-8573-e80308a4b922,140605,43.2115158941,5.3325699418,,2022,2022-05-16
0f1460e6-e616-4dfa-8d29-0a7f584cb7e3,1561957,-33.897055,121.8217383333,,2025,2025-11-13
0f184341-8c27-43bd-81b0-62b582a0ec26,342305,48.99,-123.58,,2010,2010-03-21
0f1dc8f3-f370-463e-835f-ab54c461ef24,342036,-36.893801004,149.9183533341,,2026,2026-03-21
0f28945e-22ae-454f-b632-8746408e5967,325324,-61.795,-59.525,630.5,1996,1996-12-4
0f2bc054-18f1-4ef9-9b70-0e5b09b099d3,342023,36.6217166667,-121.9035716667,,2023,2023-07-06
0f2e9e9c-2fd0-4147-8a50-8a2f09b25c68,140596,61.722,-69.356,308,2013,2013-10-05
0f36bb1f-b0b4-4df3-abdd-0ed592a7587f,140605,37.6524833575,20.8105104812,,2025,2025-06-06
0f3e2d88-51be-43af-be0b-8ac96cfbe8d4,140605,42.237593054,3.2071591251,,2025,2025-10-03
0f4248a8-cf46-4d94-9c18-a8c32896d600,140600,50.04,-4.082,36,2023,2023-03-28
0f45a9cc-53b7-414c-bc1a-69553622df16,140596,72.1112,-162.9193,41,2017,2017-08-14
0f48703c-b0ca-423c-b238-21d770562829,140605,36.45,-4.64,89,1994,1994-05-29
0f4fa0a6-7a6f-4ce7-86fe-d553a49db2c0,457762,11.2684,-74.1922,9.5,2016,2016-02-25
0f524873-0cf2-4192-b094-4c0ca34ffb6a,342381,-43.5425,-178.3768,419,2000,2000-01-04
0f5c3093-a7e1-4b30-aaa2-64ce3bd53f5b,527127,-51.4375,-62.63,192,2011,2011-02-17
0f641c0c-0d35-4559-856a-ce296f1fc3f9,140605,39.7246,3.5029,51.1,2009,2009-03-01
0f6a70d9-1a0a-4f59-9464-0f103d50e141,210788,1.6713138194,73.2992433634,,2018,2018-11-29
0f7260de-5eb4-404c-8354-941ba472a720,342023,47.3073865205,-122.5170099735,,2025,2025-05-28
0f76228c-bb16-4a5c-9d70-457bf9aa5dc9,140600,52.6535,-12.1883,162.5,2013,2013-09-22
0f7cc575-d60c-4fc9-bb2c-cf1088010553,140605,38.0870923702,13.0715729669,,2025,2025-08-15
0f89547b-28e8-4373-9675-457df66f6924,140605,37.7055058261,20.9880472664,,2023,2023-07-15
0f8dde72-7a09-4a34-a7c4-b0bf7daa66eb,342036,-34.4932009722,150.910118,,2025,2025-02-01
0f95a6f8-5894-4943-87f5-288b9a8a928e,140600,37.5419998169,10.6999998093,298,2004,2004-09-05
0f99e85d-6610-4e77-a111-335af73ad1c0,342381,-47.7267,168.7122,133,1995,1995-02-16
0f9cea04-0d72-4fdb-bdca-2ac68c0fec95,342381,-48.9,171.3333,639,1982,1982-04-03
0fa10bbf-ec33-4339-8bae-1151355eda51,140600,49.1974,-4.1021,44.5,2011,2011-03-16
0fa56e0b-8426-40aa-9821-807c56530e66,325315,-76,-171,1009.5,2002,2002-02-13
0fab7611-b537-410a-9c09-0c7cdc7dcd86,342036,-32.4352549,152.5288309,,2017,2017-04-17
0fb23015-d320-43d0-8988-a2eab8468c3a,341954,19.8993938986,-75.1702209975,,2024,2024-02-15
0fb6eb0c-3d88-4a28-8337-7a872417540c,342305,48.3691366667,-123.5303033333,,2025,2025-10-26
0fbf1c63-46ec-4a33-8bb6-5c025cb56b98,342305,57.8454071429,-135.0318700063,,2024,2024-08-07
0fc89678-1baa-44b2-b855-041242e0629e,342036,-33.78045,151.2920833333,,2024,2024-03-27
0fcbc1e0-0b3b-4e2f-b7e6-a2cb894a9db4,140596,42.747948,-70.000175,181.5,2001,2001-10-19
0fd3ba2a-c004-483b-bfba-da4e0e799b99,140605,28.9172229316,-13.6634143056,,2023,2023-08-31
0fd93cbe-d6d0-44e3-8295-9d06a74ca227,140604,39.11,0.24,352,2007,2007-06-06
0fde2451-6d3c-40c7-ab9e-e87c5a3960e7,1805272,15.2575114805,145.7802515034,,2024,2024-09-08
0fe3ff0a-5d3e-4268-a663-78292f723897,342036,-33.9927133374,151.2276518897,,2025,2025-05-10
0fe8c5dd-5e32-436b-8a60-21b9dcc90c32,140600,49.8157,-3.5047,37,2022,2022-03-13
0feec18e-6bb8-4611-8ad4-4ed340d03b64,140605,39.288,3.1478,58.5,2004,2004-08-02
0ff27ada-7ca5-438e-bf80-80a6c67bb34c,140605,-34.8312366667,19.98557,,2025,2025-03-27
0ff9bede-e7c2-4086-ac6c-74e9a606903f,410340,32.1669998169,-62.8170013428,887.5,1971,1971-01-14
0fff9c52-5b68-4649-8c6f-4c66f3d01dfb,325327,-61.02,-55.77,168.6,2002,2002-2-9
100541b5-71f6-450a-bb39-98fb01871953,140605,28.7999992371,-82.7170028687,,1938,1938-03-11
1009be3d-9612-45a4-afb2-65d65a45b5d2,140605,41.75,3.34999990463257,,1964,1964
1012a724-e443-4a72-9800-d89e9a91c372,342023,41.0491448552,-124.127552485,,2025,2025-12-03
1015b9fc-f6a1-4cf3-9bb7-2f51706bd148,140605,41.81,3.15,78,2001,2001-06-09
101b9ba4-2a25-4626-b1e0-a837664bc3de,140600,52.2273,-13.7767,197.5,2013,2013-09-07
101ea431-a47c-4819-8f82-75bddad777db,341985,27.616667,-83.966667,55,1965,1965-11-20
1023b26d-a86f-4fc6-9c54-334cd379e657,140605,36.65,-2.67,49,2005,2005-05-14
102a5fad-f116-4408-9e5b-a95c96104498,341952,34.4066222222,-119.8773944444,,2025,2025-11-05
103744e1-abef-43a8-b302-b47851289f57,342023,33.69902,-118.3265,,2026,2026-03-06
103bc2f5-a383-4c12-978f-99e5dc88dd86,140596,42.233001709,-69.6669998169,238,1979,1979-11-30
1043a85b-aa28-4f4e-9247-fd14760faacf,140600,53.5533,-11.8523,135,2018,2018-10-01
104a0769-5297-448d-8840-e5cc9486634c,140605,42.72938396,16.03558559,,1976,1976
104ec674-656c-40fe-b2c2-7b788a5a6ad4,342381,-37.5435,177.0835,325,1998,1998-01-20
1057d793-f5b2-4c3a-a011-fe69d7e928c7,140600,53.5183,-4.194,21.5,2022,2022-09-14
105e5613-652c-4bbe-881f-802172e66fb8,342403,1.4605006134,125.2347948678,,2013,2013-06-18
10654831-c535-427e-96ce-d602d7cf3f6e,527142,-49.0836666666667,-60.1689166666667,316,2010,2010-10-30
106a44bf-c0f7-4aea-a12c-11b00ae892ce,342036,-36.429489,150.084182,,2014,2014-12-20
106fc993-8b42-483e-a986-7050f6fff4d4,341985,29.9333000183,-86.1082992554,,1977,1977-09-06
1076cbab-1fa2-441f-b8b3-b5c25850714d,140604,36.65,-3.79,344,1995,1995-04-25
10796b93-d7b4-432e-bf3b-67550d0f9c63,140598,40.0741,3.4372,433,2003,2003-07-07
107ce922-5315-4705-8a62-f86fea55dc96,1805275,-11.9786,143.328,,2004,2004-10-01
10809ad9-af0c-49c3-abfb-44a5b6a0d72c,140600,53.923,0.8528,24.5,2017,2017-09-14
108562ee-b23a-4615-961f-efecedb27541,140605,40.3178264575,23.9204943281,,2020,2020-08-02
108ac80c-322c-476f-ae1a-cc8abb94c199,140600,45.2602,-2.754,67.5,2021,2021-10-28
1090dda7-a57a-4814-88ed-74276e61f5fb,210788,-22.3124173556,166.4346774914,,2024,2024-04-14
10952acc-1595-4305-9ebe-3e822cfbafe2,342305,36.7863464355,-122.202201843,500.7,2000,2000-02-02
109999eb-eab8-45f6-9f32-33bf8fbf1066,342002,37.19798056,126.5361667,,2016,2016-01-13
10a0eed3-ed03-4bd8-9118-074d1690af69,342036,-28.3613833333,153.579755,,2018,2018-03-05
10a6c9db-0810-465b-8a91-d70a78c7fd20,342036,-33.3887296052,151.4858907388,,2025,2025-10-10
10a8f8ad-b209-4325-866f-d3999a4f8511,342023,47.3071921236,-122.5170257711,,2026,2026-05-19
10ad6dc3-ba5d-4453-99a3-df180ec4a319,140600,40.53,1.02,73,2006,2006-06-03
10b01bf0-ec52-497a-8b99-717177716717,342045,-41.3241,148.2538,,1950,1950-08-26
10b9fbdc-8ff6-4eb0-a011-4d69432c58bb,342305,49.3413711942,-124.3550869077,,2022,2022-04-22
10c038e0-c9b6-47cb-9ce1-f30b215fafd6,342036,-30.1091216865,153.211308258,,2026,2026-04-25
10c5c3bd-09a1-409d-b2a2-306617ce5590,342011,-27.64194,-144.3386,,2014,2014-10-04
10caf618-9f0e-4169-a487-705f632d3052,325327,-61.9900016784668,-59.9300003051758,286.3,2007,2007-01-01
10d62ad1-a9ef-4093-88a9-43d916b135d5,342384,-36.5885216667,-72.9818083333,,2025,2025-08-22
10de73ca-2deb-43e0-a3e7-e2f76cb1a8fa,342305,48.61861,-123.53444,,1981,1981-01-03
10e2466f-5e95-4502-a958-36a3ac6f4c27,342036,-33.3886905173,151.4846187667,,2025,2025-06-13
10eb7cd6-0c9c-4d59-8bdf-20dc9108d6be,140605,43.0811900904,5.7687952173,,2023,2023-09-19
10f0bb7c-8615-4333-a658-aab2dca3d7c4,342023,37.494336,-122.499236,,2014,2014-02-23
10f27d03-cd55-4170-83ef-2b40f7725de0,140605,42.2467799172,3.1804125204,,2024,2024-04-19
10f5e217-f4de-44ee-bb53-5f0ae222cf22,157011,54.7716667,-56.6533333333,,2026,2026-02-25
10fb8d52-733a-4644-9f48-c3367491cf0f,140605,43.106083,5.980089,,2021,2021-09-17
11025e5a-4ffe-4b32-bdf4-19bafea62aa2,138849,-7.5667,-8.8,200,1930,1930-03-01
11093b0d-aaf6-4e3c-a383-ee01c74271a4,210788,26.7237866667,36.1222028333,,2026,2026-03-10
110c026e-97df-4252-bb17-b7c2c5a112b3,140600,40.31,1.13,96,1994,1994-06-14
1112fd39-6e8e-403a-b95a-2fb8fb5eb52e,140605,42.72938396,16.03558559,,1997,1997
111851a8-87bd-4c53-8759-da4c38778f96,342212,68.342,-63.963,1115,2010,2010-10-28
111bf93b-b010-478f-ad7d-0aa453c9dce8,325336,-61.0200004577637,-55.939998626709,274.6,2006,2006-12-25
1122e848-04e0-4fec-9445-29f065ed9ce5,140600,53.31748,-4.635439,3.2,2010,2010-04-25
1127aac2-c5fb-490f-8351-d0fd8cfd15dc,140600,52.0316369717,-4.893908445,,2023,2023-06-14
112ebaef-ef3b-4c0d-aaf0-fdcad139e126,342023,33.8347991105,-118.3996562246,,2025,2025-01-22
11320ac2-9c00-4554-b519-411ed2af4e7e,140605,35.88783,-74.94317,67,2002,2002-09-08
1138355c-4e8a-483f-85f4-3f3933d37e1d,140605,27.6412,-17.9974,30,2004,2004
114051b5-e9b5-481c-9eae-ffc7fae73b34,342305,54.055166,-166.210515,88,2010,2010-10-09
1145c316-8749-4954-b413-4388e0f9f5b8,210788,-8.208166,117.490999,,2026,2026-04-14
1148adae-ed49-4abf-b38d-3c9ed1fb0c8e,341952,33.0345298107,-117.2937301877,,2022,2022-01-03
115051b1-0aae-42a0-9af2-741a1e92fb57,140596,42.568333,-70.318,139,2002,2002-10-24
1156f347-9e48-49af-b4e5-f3a530b58b34,140600,57.3591,1.6236,46.5,2020,2020-09-03
115cbefc-48a1-4122-848a-9c9b03c502df,140600,39.1278,2.7647,164,2004,2004-05-18
11602dfc-b41a-4529-ad2c-ad6d3052fcfb,342305,49.21487,-126.60938,,2023,2023-05-03
116387f0-f5e5-44f7-adf0-7c0c0d27ca28,342036,-32.7172878801,152.1413545703,,2023,2023-11-25
11734155-95a5-41fa-aad9-a02878140351,140605,39.410202,-9.510726,,2011,2011-06-23
117ab620-43ac-4478-9d78-1b049a5eafbf,342381,-46.2318,170.6637,131.5,1996,1996-02-25
117d1c2b-3496-498a-9bbc-d9cff7f1a38e,457762,18.3080999178,-64.7058451916,,2026,2026-01-05
11853355-d476-4ecf-a88b-156fc9dbbbd8,342023,33.8346909538,-118.3932743921,,2025,2025-12-17
118ade58-96ad-418d-aa56-e7d51e0e4285,342334,-38.3355579808,144.745791781,,2023,2023-07-11
1191fab0-8769-41e4-a849-18a462d21ddc,140600,50.0102,-6.3675,41.5,2016,2016-03-15
11967601-a281-4b93-8dde-406823aa1a5f,140601,42.72938396,16.03558559,,2010,2010
119a90bb-8b18-4187-8eba-96a851156ef2,1805270,40.3728647969,17.3032285253,,2020,2020-07-10
11a136cc-ccf7-4ccc-aa70-7bdfb747d7f4,342023,35.4941507225,-120.9591924609,,2025,2025-07-11
11a9e532-3760-483d-ae6f-40780606c3e8,140600,53.693,-11.3815,217,2014,2014-11-17
11afe0a6-ff1f-4f4f-804b-0364bf926a18,140600,53.97852,-4.885997,,1999,1999-05-07
11b34c6c-7db0-44c8-8030-8b199e3ecacb,342305,41.0569528333,-124.1454555,,2026,2026-05-19
11b8e4a8-3628-434f-809f-ac159908b92e,1805270,25.7314061497,-80.159496931,,2004,2004-10-10
11bfeb1e-81ef-46fe-a1f5-0b01f322f7fe,342010,-0.27079,-91.437,,2010,2010-02-28
11c6b46e-3f1c-4dc4-8854-1ff6e5610367,140604,47.5032,-6.6406,147,2021,2021-11-12
11ca02bd-3cfd-4caa-ba9f-ea5a7290aac5,140605,42.387827863,3.1636613762,,2025,2025-11-02
11cf2fde-cc27-4c76-a814-336475f87824,210788,-8.7442320362,115.8915701926,,2026,2026-03-13
11d2ebc2-bec0-4fbb-be89-e1a370f9e747,210788,-8.3496192691,116.0748248923,,2019,2019-11-20
11db88d1-e65d-4b17-8e64-15e3720ba689,341987,-36.391,176.2175,511,1994,1994-01-07
11dea41c-708c-40fb-848a-ac033f0924a1,342332,-27.23117,153.1192028333,,2021,2021-06-24
11e3f6d1-535c-4530-984a-1581f6db8a51,341952,32.7609437792,-117.2466322213,,2022,2022-09-18
11ebee09-1c7a-4bf9-b81f-201e6c0f0b05,341952,34.0168189373,-119.3637917933,,2024,2024-08-28
11f2ddaf-90f0-45ea-938a-6a0545f685ed,342010,-0.3713,-91.3813,,2020,2020-11-14
11f810cd-1db1-4aca-89f4-bc33833a88da,210788,21.2910517513,-157.8767444706,,2003,2003-02-23
11fb73f4-46db-4e2d-9829-1fe4a4c45a04,325335,-61.16,-54.56,310.4,2002,2002-1-30
120450d5-c1d0-4a8c-88de-911f1e2090b2,140600,52.3048,-14.1588,164.5,2015,2015-09-11
120bd8eb-1740-42d9-95bf-ca66d45648a3,140605,37.99,-0.47,91,2004,2004-06-01
120eb46e-554b-4e6a-a75f-5119c618a697,341985,24.7852802277,-83.2180633545,58.6,1981,1981-08-04
12132087-f0fb-42ef-8930-d27deaef47c5,342036,-34.759102,173.131828,,2016,2016-06-05
1219bd0c-8dfd-484b-8cda-2d466c10d671,342023,35.5505487649,-121.1028534082,,2016,2016-02-16
121d305f-c461-44d0-94bb-b124a687900d,534126,26.7636108398,-83.5352783203,55.2,1981,1981-07-18
1223d949-8b21-4db7-ae32-cae2ef6c829e,342332,-33.85305,151.17132,,2011,2011-02-19
12288462-06ba-4742-ae1e-ada91907c90a,140605,43.2288395247,5.3482848174,,2024,2024-03-17
122ff0c8-c2e8-46c7-8764-13e40aaa4a5d,210788,26.796205497,33.9916526464,,2026,2026-05-17
1237349f-1df3-4892-9eba-c2369c277ddf,342305,59.579825,-151.2960366667,,2022,2022-06-16
12400237-fef2-4ac8-a719-4940f7964a0d,341910,-26.7332992554,13.6000003815,,1989,1989-01-21
1248fe6b-5f65-4b3b-8015-14dcda0b45a1,140600,58.03183,-5.423539,,2018,2018-08-03
1251b9ac-993f-4740-8f0c-0716595aca72,342305,54.067646,-166.23511,124,2010,2010-11-09
1254b357-ae6b-4f4c-ac4b-56547a41ca8c,341952,32.7609502553,-117.2466584336,,2026,2026-02-14
125a4fda-f7a9-4e23-945a-1cc7115e0522,342227,-47.3308333333333,-60.2258333333333,,2007,2007-06-05
125de9c7-c155-4d3f-a787-e369e6e8c99f,534733,34.76666667,127.5118333,,2011,2011-09-16
1264c32b-5ef2-498f-bcfd-9e52f0b0d7d5,140600,55.011,-5.372,40,1997,1996-02-27
126c0d9c-8024-4c76-8b19-08bfc3226f20,342023,33.7240682906,-118.2421163668,,2016,2016-11-01
127741bd-8c7b-4871-af45-cdda203a133a,140605,42.4809468995,3.1459814177,,2025,2025-07-13
1282f875-bac0-4f85-a93d-1a898059a5a9,342023,35.541215,-121.093377,,2022,2022-04-13
1285c893-f3b3-47d9-8749-72c7c711f509,210788,21.2885282583,-157.8640928002,,2022,2022-04-07
12922331-bd79-4138-9a8f-5eaa8e63c462,140600,49.3836,-3.2481,40,2012,2012-03-28
1295cdb5-e634-4aa2-89d0-06f8c58bc585,535605,-38.1517,149.9,442,1985,1985-02-03
1299ecc8-23b3-46ed-931c-0b975115b4f7,535784,-34.0800018311,23.0799999237,72,2006,2006-05-07
129f14e1-a708-4ab4-9d01-a2bd422be09d,140600,45.1634,-2.2071,57,2021,2021-10-28
12a31ab7-5ac1-40f0-844c-0987a2438518,342036,-33.9916021354,151.2303737235,,2026,2026-05-02
12a665dc-b1aa-4f43-9cad-bac0d3916775,342305,54.070497,-166.232277,124,2011,2011-02-01
12ad5f24-a40e-4d2d-b9e0-661b743d9551,535623,13.6842286789,120.8739238187,,2026,2026-02-13
12b428a8-e344-4dfe-98fc-6ce07d56f95c,535605,-44.81221023,167.3911511,,2016,2016-02-13
12bcefb2-c900-421b-a8b4-295ce2ad1aba,535784,-33.9000015259,17.9500007629,,1994,1994-01-10
12c7089d-1332-4b62-855b-72fc011c24af,1805275,-20.3027544718,118.6184012191,,2023,2023-03-23
12d29f47-db64-4320-97e6-1f5da132b273,342036,-33.3882796558,151.4852662505,,2025,2025-09-07
12d8ec47-0c98-4364-aa76-3f4815c4ae5c,342032,-42.5948806778,-64.8091045371,,2019,2019-05-19
12dd69a9-688f-4837-9c45-42f53e459d9d,140600,53.0823,-14.3667,119.5,2012,2012-09-21
12dff471-832c-466d-ba25-9b92de50f982,535623,13.6864888,120.8921976,,2023,2023-02-21
12e6e967-a7a1-4fc5-b959-d77d4f7c1b80,342002,32.34366667,126.6306667,,2012,2012-03-29
12ed09de-b459-4760-b191-839462fd5b1f,342036,-33.9169687382,151.2642788883,,2018,2018-04-04
12f0f39f-34fb-456b-a605-1e23f07fc1e5,239392,-61.2,-54.84,78.4,2002,2002-1-31
12f63d0e-a5fd-4ba1-a64a-168eea9ef187,342305,49.2906986346,-124.1409791895,,2020,2020-06-07
12fb800d-9e86-4361-8518-6e63f8a12c4d,457762,24.1232063078,-74.4585245848,,2023,2023-06-16
1301e7ac-fbe3-428b-9961-c995815f7989,341952,34.406498,-119.878124,,2015,2015-02-16
1308c15f-0f29-4d85-87ec-abcfca9d08b1,342036,-33.9256858226,151.2593894452,,2026,2026-02-28
130cb80e-3d25-4f71-8b7c-bb5d3957bba9,342023,47.264273612,-122.7425661934,,2025,2025-04-28
130fca9c-1281-4e5a-984d-7efe64a92bab,342381,-40.9592,174.087,24,1995,1995-09-10
131c3476-aff4-41bc-afe6-783bd37a5a1e,342036,-33.4201249981,151.4594283333,,2023,2023-01-12
13213988-619f-4d20-879a-c987df69ee9b,239392,-61.21666667,-54.53333333,578.5,1996,1996-11-19
13269431-251a-41b2-a4e2-bc1fb41b6c17,341952,33.1296002782,-117.3354719923,,2025,2025-05-17
132e3625-e2bf-4537-a797-e1e17ba83d16,341985,29.339,-85.674666,52.5,2017,2017-06-08
13348da6-28e8-4129-9e1f-0f76e79fa4ff,140605,41.9604505045,3.2322754437,,2025,2025-12-10
1337a3d2-aa6f-4c45-8ed2-ba5d7d149f67,140605,41.8400001525879,3.46000003814697,,1968,1968
13415b7a-b452-4a5a-b655-0a5a3e264e8d,342381,-37.5927,176.9482,226.5,1995,1995-01-14
1349d338-f620-463d-b227-ccd27b1f8945,140600,39.317,2.503,370.9,2006,2006-02-06
1350d3db-a64d-4241-995e-d8c7d5fcb7c2,215276,34.9139089396,139.9344026019,,2014,2014-03-27
135545be-9f54-4453-bf93-cbe0a5acb2f2,535623,-21.2222,151.058,,2005,2005-11-27
135a40d3-ca0d-4f8c-abc9-eba5dfb8b65f,140600,40.61,1.1,84,2009,2009-05-01
13621738-f2a9-4c76-b10f-db694bcc54cd,387695,-53.3983333333333,-59.4233333333333,1391,2007,2007-11-21
1366434a-feca-4771-bca8-05641fae7807,140600,58.49495844740089,-6.3692046386223335,,2010,2010-07-29
136dc472-b8cb-4bbf-b00d-f8b74f20b04f,140600,51.4855,-7.53,79,2012,2012-12-02
137122dc-103d-419e-936f-3019a6032cfa,140605,38.1167261236,22.9901828952,,2024,2024-07-04
1374c72c-e247-4bb2-8cf3-9e1b02307fc0,140605,42.3536308,10.901604,,2018,2018-10-05
137aba56-4722-4d8a-b23c-954e9dd69fa7,140605,-34.1166992188,17.6000003815,,1987,1987-06-21
137fabaf-551c-4d96-8049-08f75242b69a,140605,-34.2078,18.4624,,2025,2025-04-28
138373e5-3484-464f-9bbf-2ee6bca192d2,140605,34.6679992676,-76.4779968262,10,2010,2010-11-09
138a0546-04ff-4309-a64f-62025434973a,342036,-33.799092307,151.2818829488,,2020,2020-05-20
138e5c4d-7688-435a-84e8-cd89f0ff8e81,341952,32.7611776,-117.245933,,2023,2023-10-09
1391ed7e-7fbb-4fc4-ae7f-c3b2ca7e6e62,342305,32.85333333,127.2227778,,2012,2012-04-06
13953449-c74c-4c36-bc95-736bed4f023a,140605,43.5451248013,3.9867188036,,2025,2025-08-16
139c8c74-d2c9-49f5-973f-74ec771734a3,341952,33.7358492567,-118.4984716204,,2024,2024-09-01
13a14f6b-1d47-4309-932e-d5912fa6e65f,342305,42.0439910889,-124.2900543213,,2026,2026-06-14
13aa5214-4ba2-4802-858d-6dde93f0e0c9,534126,26.7827590856,-80.0439462603,,2025,2025-04-01
13ad533c-5e12-4a00-b450-2d82c306a998,1043781,49.39647,-126.90037,,2019,2019-05-10
13b36d5a-db3c-4975-b745-8644d0cf1167,342023,37.8962533333,-122.7101216667,,2025,2025-01-12
13b62af7-8166-46b0-b16b-acda8a3e8463,140600,57.09,7.21,19.5,2020,2020-08-28
13b98731-5c3d-4825-98b7-d325789341c4,140605,42.3828873171,3.1591218036,,2024,2024-06-10
13bd545a-6daf-4677-bd19-29fdde2b6156,140605,28.9186087531,-13.6706453487,,2023,2023-11-24
13c60d20-db41-4577-81a9-08c9e8c6af5d,140601,39.4298,2.4993,74,2002,2002-05-03
13cb4bdb-e01d-4795-9593-286b658339c4,140605,26.4,-82.466667,18,1965,1965-10-12
13cface9-f625-4efc-9c63-66921c2bcf96,210788,-26.97715,153.4840333,,2012,2012-05-12
13d50d41-d3cd-47fa-932d-74923c395861,140601,45.64861,13.78,,1912,1912
13e6649f-e610-4e36-a2c3-d34cf46140b3,210788,-0.5079336977,130.7372054224,,2025,2025-03-07
13f1fcf8-1cab-4bdb-a8d5-5bbd6d67e705,342334,-38.5186906827,145.3683900922,,2023,2023-04-10
13f94ce9-0c9f-4667-8d59-ad7fa44b98f2,341952,33.7155452936,-118.320004284,,2024,2024-09-20
1401184b-3d62-400f-9b0e-cbe268db167b,342023,37.4940033163,-122.4992537498,,2010,2010-12-31
140a1dd0-c304-4158-b7f3-3c415273891e,140605,-34.2008830926,18.4564219778,,2023,2023-12-03
140d0cbf-120b-49ad-afe8-9f6af0ba6fa5,342305,54.08117,-166.228545,260,2009,2009-08-11
141212f7-4191-4828-9585-548c2ec4c834,140600,50.871,-8.8915,115.5,2019,2019-11-30
141aedc1-7e7d-425f-b03f-f8a489f5c46d,140600,56.8321,0.5226,44.5,2008,2008-09-04
1420c62a-53f9-401d-89ad-16c198a4bd00,138803,-37.5249749714,149.9704337358,,2022,2022-03-04
1426f7e6-3496-4b2e-8add-5250cfaff479,140605,39.1863,3.0333,64.7,2008,2008-04-25
142eb007-04a0-4050-94d2-528d8dad12ab,342036,-36.7006578708,174.9988441949,,2024,2024-01-12
14357d87-5c92-47e8-a899-0a598d691588,140605,42.3778214669,3.1579223932,,2025,2025-06-20
143acb7b-edd7-432e-98d3-c1e8aa96324e,341952,32.7611776,-117.245933,,2024,2024-09-10
1441501a-333c-4ac4-a212-27ffcb8d2632,342036,-32.70922,152.159233,,2010,2010-06-13
144855e6-f600-4aad-9e18-11943c537991,140605,28.9175761142,-13.6832700546,,2023,2023-09-05
144c1d8b-f230-49c9-ade5-f67a236260b4,342381,-36.8688,176.2795,383,1996,1996-04-17
1450b992-2f33-4492-a11a-3ef8640ce723,140605,42.4318627615,11.0962853762,,2016,2016-08-10
1458188d-d1a8-4cf0-9335-248283f3ddad,342023,36.7754020691,-122.085716248,964.1,2000,2000-06-29
145b1fa5-e892-4c99-8c2f-5090245cd20e,140601,38.19,-0.24,77,1995,1995-05-02
146318e1-9fbe-47af-becb-fc7936f3df0b,140605,42.289755,3.286085,,2009,2009-08-10
14672cc3-af4b-457a-a1ad-c5abef3d2d41,341985,26.2805595398,-83.3969421387,55.5,1981,1981-07-19
146e0730-1bd2-4325-ad11-c41b725b1232,534130,27.9169998169,-112.717002869,,1951,1951-01-18
1473e1b8-93ea-4cef-bcff-a9a0c3ff072b,534097,-25.0830001831,34.75,100,1988,1988-11-25
1478f77d-e59f-4d1e-a6c2-0f5023e86c09,140600,51.6115,-7.013,75,2016,2016-12-12
147d34a8-82b2-4f14-8912-e712ca66b352,457762,19.3830619131,-81.4170943531,,2026,2026-05-29
148347f9-7c62-4e56-92e6-11312a340bff,342023,36.78,-121.94,453.5,1976,1976-01-23
1488109e-5617-4ffc-a755-62562a516e4f,140600,39.9383,4.4133,160,2001,2001-09-24
1491bc35-b10d-4000-93c2-f367c52e61f3,342305,54.05826,-166.251108,232,2009,2009-10-11
14999f11-cdca-4bc7-99be-83ea0033d4eb,534099,1.4849706595,125.2556920068,,2023,2023-09-12
149e9392-5a2b-4cf3-aebd-a12622d8bb49,140600,49.1171,-6.5147,57,2010,2010-03-17
14a8625c-e18b-48bc-b8fa-09e443281959,140605,34.90599823,12.6870002747,92,2000,2000-05-16
14b0fe82-8d3c-4097-a8ef-2ff3f5abdb68,140605,25.696333,-82.8345,42,2010,2010-07-03
14b63e50-5617-4adc-9c51-7d6b5a0d9d7c,342023,36.6044096117,-121.8887621117,,2026,2026-01-18
14bf1edb-cf63-4613-bf7e-9db368954bad,534099,-8.1443081601,114.6603943761,,2024,2024-07-31
14c2ab06-098c-4bf4-a80d-1127cdf90b53,341952,33.0205879211,-117.2850952148,,2023,2023-12-23
14c7ebed-c447-489b-8552-13135454cc71,140605,43.5208,4.06,13,1992,1992-05-19
14cea3ae-6c09-40cf-948e-4cdba88bcdc2,342381,-45.3483,171.3523,116.5,1997,1997-12-11
14d4bbb4-422f-48ee-895e-1aeb159721bf,342036,-33.8398888883,151.2534166667,,2026,2026-06-11
14dafd1d-70db-42d1-b09b-b0b1c7264e78,342305,34.207,128.264,,2011,2011-04-19
14e1e9a2-ee4a-42d2-b7bb-f8ba822e6d18,342023,35.4451549507,-120.9409510785,,2024,2024-10-18
14e3852f-1497-47b0-a31e-263e109fa23f,342023,35.1590883333,-120.6859833333,,2024,2024-12-12
14eb4e4a-2264-4848-9f8f-c6debfcbb4e5,341952,32.7611776,-117.245933,,2024,2024-09-11
14f051ad-4712-4ed0-9611-86de2a750b05,325324,-62.18,-60.8,442.3,2002,2002-2-18
14fbb88a-bbca-48fd-b6f7-c704ca528b89,140600,51.7000108739367,-5.577142552917189,,2007,2007-08-09
150259fb-a837-458a-99cb-a84ed233e770,140605,36.55,-4.43,144.5,2009,2009-04-08
150988c9-af84-4bb7-9fd8-e0052088d990,140600,50.7151,-10.7622,86,2020,2020-11-23
150c8be3-1f4c-4598-adc5-69a1bc2d0ce9,140605,39.6751971801,19.7081322223,,2022,2022-08-26
15122d4a-0b10-4740-aeac-ce2857de6374,140605,-34.0837480343,22.1610572934,,2022,2022-04-17
15172591-4a1f-468d-86df-9c9a6840d697,341958,35.59582901,-121.383331299,446,1974,1974-04-04
151a4545-350b-4c65-976b-4091565a70d8,140605,42.2149546659,-8.8969120141,,2010,2010-03-28
1523c168-dd4b-4c5c-889d-65319c7c0750,341954,10.8361846406,-60.9154477339,,2026,2026-02-27
15296287-2bca-44c4-8f25-b03bdd024ab8,140596,38.2000007629,-73.6669998169,416,1974,1974-07-13
1533cb30-f647-42e1-8aa2-e42a7feaf398,534733,37.11979722,126.68115,,2011,2011-05-03
15384328-8e45-4089-8283-85df61f6eba2,342036,-33.916208,151.263801,,2018,2018-09-15
153c223e-4b1f-4357-ad44-75cbd5674b3a,342307,-51.1565,-63.2655,153,2005,2005-11-02
15402710-6e1d-4cf3-9339-f1fd6507687a,325334,-61.82,-58.59,360,2002,2002-2-13
154850b6-a660-46a1-b470-1617ecbf6608,210788,-22.1005790579,113.8814087296,,2017,2017-07-06
154e70f5-996f-4d89-bd4e-ac16afe079da,140596,42.633333,-69.166667,191,1998,1998-04-15
155274f0-46ef-4b32-b9fe-6ee8cbd865d1,342381,-42.8733,-176.81,812,1987,1987-07-24
1555d76b-2a31-4ac8-804f-93c29671225e,342305,54.054096,-166.266968,86,2009,2009-10-28
1559c94e-4ea2-4831-8937-a52a4bb06ca9,140600,53.193,-9.4165,41,2015,2015-11-16
1560f90c-8834-4a72-a4db-a348cc00daec,140610,-34.3667,154.532,,1981,1981-10-01
15658dc9-d22f-43c5-a3a1-fc3aad617778,342305,53.4500007629,-131.839996338,,1985,1985-12-04
156b4187-719d-46e1-8cff-9bdacf1ea3a3,140600,39.7125,2.202,332.8,2004,2004-07-05
15701fc7-b92a-4247-aaa2-1cfc7ce31912,140605,27.7484725485,-15.6188087764,,2025,2025-07-13
1576ec54-c3eb-4ef3-bc16-d1e5dfda0824,210788,22.091573,38.744299,,2017,2017-06-30
157af669-2a75-4552-abba-5f693eb0bbce,342036,-33.8500837318,151.2761182976,,2024,2024-03-09
157df547-bab9-472f-a3ac-ca1540cbd500,210788,5.8900542467,95.2479118173,,2011,2011-03-21
15831e34-4bff-4189-9352-6a88f69d3859,342036,-33.8686,121.904,,1998,1998-05-02
1588f8e9-5bb1-4bfa-942e-82f32641a52c,215276,-19.1,118.9,,1983,1983-08-28
15963bac-c89b-4b69-960c-ce8f3f613f98,325315,-61.6667,-58.2,417,1998,1998-03-19
159ab3b9-9663-4c49-b268-9bbf33cdd1b4,341952,34.4064516667,-119.8781666667,,2026,2026-01-03
159e7ccb-4c50-4b57-80ce-45093ad82e75,342036,-33.9256858226,151.2593894452,,2024,2024-07-12
15a27977-e53e-44ae-8e72-1a2a7ea12734,140600,39.9695,3.5207,140,2003,2003-07-02
15a99cbb-9088-4259-9fb3-d32cd623df6e,140596,42.106687,-68.44405,188,2008,2008-10-15
15af6445-2682-4e85-af3b-a5e23d59b5b6,140605,43.2556528566,16.6333480057,,2013,2013-08-04
15b5c208-24df-4e63-8968-95f1c6901330,210788,14.1719965468,145.1757890543,,2026,2026-06-21
15bb816d-c091-4686-8d53-f51d92643d13,342098,-52.031,168.2011667,650,2019,2019-11-26
15c7d521-57da-4a58-b1e6-775fdaf643ef,325325,-62.23967,-55.29867,360,2007,2007-01-05
15cbc702-2634-4409-b68d-4a1d292280cd,341952,33.589701719,-117.8687350952,,2024,2024-06-08
15cf9de9-8a49-4d22-a1a5-f69a88b9da6f,342307,-51.1306666666667,-61.7555,,2022,2022-07-13
15d3b620-22c0-4f5b-9988-c1856e44ffa6,342212,72.14,-72.189,774,2012,2012-09-29
15d98cbf-8b82-4c32-a775-811b92aa119b,210788,8.8273961371,97.7959224475,,2021,2021-12-10
15e0ce89-20ef-4075-a75a-350969b1e027,140600,49.856,-5.5688,39.5,2023,2023-03-22
15e9476b-4b63-4330-8e2b-f0c71f1de4d7,140600,55.796,-8.9925,132,2019,2019-11-02
15f174b2-2598-4f1b-a0ec-1cbd54138cc5,140605,37.9739404826,-0.6751061022,,2023,2023-06-11
15f8eb95-2d5c-4735-9120-727d36fbedf4,140601,42.72938396,16.03558559,,2005,2005
1600a652-bef1-462f-a0db-c8b15e996fcd,325325,-65.7070007324219,140.59700012207,424,2008,2008-01-18
1603198b-8c41-45d1-966f-893088e3feed,210788,29.4996111097,34.917086781,,2020,2020-11-04
160af482-e8f9-4edb-8f88-b35dd7532923,140605,42.3300018310547,1.1599999666214,,1945,1945
1610f475-b9ff-4656-81cf-d8836047d0ec,140605,41.5299987792969,2.76999998092651,,1966,1966
1615325d-49b1-44bf-a842-6bdac028adf7,140605,38.4497388889,20.6899277778,,2025,2025-11-10
161a5d5a-4109-4bf3-9152-15596eb61dcb,140601,39.433,3.4972,98.1,2009,2009-01-15
16208510-0ddf-41ad-be4e-ef16b6603fa3,341952,32.760934828,-117.2467113359,,2023,2023-09-24
162e05ac-4d23-4779-a1d1-476e6db5a927,140605,-34.4342771462,19.2252704152,,2026,2026-05-04
16351256-5581-42d1-804a-14a14ea4d65e,140600,48.5052,-8.6105,92,2019,2019-04-04
163a1755-c86a-4133-8692-89cc11249c37,140600,51.6237,-5.5297,32,2012,2012-09-19
163d9763-216c-44e6-9859-0e95f1d88eae,140605,40.17,0.74,81,1999,1999-05-21
1644face-c24a-46c1-a65f-38fbd24e5de4,140600,52.38,-11.638,179,2012,2012-12-09
164a0f57-076f-444c-80d2-6ad8dcde1cee,342305,57.0611411167,-135.3977874144,,2024,2024-09-07
164e8101-0637-42c6-a057-f8dcf9924a41,342385,-40.668,171.5078333,270,2013,2013-08-17
1656c565-853b-4515-85e2-d1a002eeed51,342036,-34.0689283441,151.1298928537,,2023,2023-08-18
165e89f8-0bfb-4999-ba5a-05d51a0e8133,342036,-34.0692028054,151.129971373,,2021,2021-10-23
16681dbf-3605-45af-87c0-94d3e050bbf8,527142,-48.5249995,-57.2249995,,2006,2006-04-02
166c9443-fa6a-4b9b-ac0f-d75b68bda1a4,342381,-36.265,174.798333,,1992,1992-01-01
16729717-c0d6-4674-96b2-e36b0e66b77d,140605,42.2343015935,-8.7412879693,,2026,2026-03-03
1678359e-b6b3-45b1-80f3-5f7eccc39193,1561957,-33.9211083333,120.5617583333,,2024,2024-10-31
167f7fcf-5cc3-4496-b3ed-840067859a55,342023,38.8436055556,-123.6423777778,,2021,2021-04-15
1685a76b-bdf7-4b89-bc08-0f52a448b88d,457762,18.4616651055,-66.0827206113,,2013,2013-01-20
168ec10a-cffa-4492-86e8-4b731558efba,341952,32.7611776,-117.245933,,2024,2024-09-16
1697c657-3718-4458-846e-1180f2cff3c3,157011,50.1000583342413,-63.0797083293233,84.8,2019,2019-05-18
169b4f2a-19f5-46bd-a758-04f4c92efa4a,342036,-32.7128386928,152.1561960685,,2020,2020-11-14
16a1006b-1da6-4046-b62f-3b0fd267377f,140605,39.8160656524,4.2426719242,,2026,2026-05-28
16a50703-9a07-45da-a8b0-f942aa951e8c,342305,44.4921303991,-124.0844416798,,2023,2023-07-24
16acae8a-3d9c-403a-b692-071937e99265,140607,39.31,3.26,92.1,2008,2008-06-17
16b04237-fca9-4f17-a8d7-e12c99814d44,341985,27.616667,-83.466667,37,1967,1967-11-21
16b71b0c-864a-4246-9752-cc72fdef34d7,342023,37.8938722222,-122.7075416667,,2023,2023-06-07
16beb069-ec9f-417d-b3f4-b1740fe16b2d,140601,44.37,14.11,59,1975,1975-10/19
16c577eb-78ec-4983-b92c-91930b5a7654,140605,47.7936621806,-4.1979267506,,2023,2023-08-18
16cd03c6-9726-4ae1-8bcf-882588d3219f,342305,54.050376,-166.24918,92,2009,2009-10-27
16d13509-e4b8-47a6-85b9-b5264fa4bab2,342381,-51.5683,172.7967,,1979,1979-10-21
16d6512d-c0b2-4f06-97b8-978e6c7c3878,157011,49.9115,-59.267,261,2014,2014-08-05
16d9925a-1c7c-41c6-8c9c-1fa7cc4aa669,342381,-41.83,170.5367,,1981,1981-08-13
16dea641-1792-48d0-aa5e-66485f6519b7,341952,32.842780885,-117.2815524046,,2025,2025-07-25
16e47fcf-d955-4653-abf6-b514d9ccc031,342036,-31.6408868937,152.8399729729,,2018,2018-01-09
16eb99c8-8531-4aea-8972-206ac021fdf9,140601,39.2561,2.8926,78.2,2004,2004-02-11
16f1ea98-2045-48ba-872e-e02050631c8d,140600,46.317,-3.237,62,2018,2018-11-03
16fa5627-98c9-4fe0-be3c-94458e1a8ff4,325315,-71.9035,-178.2046667,818,2015,2015-02-17
17026917-96ed-46bd-b03e-f98ee9b7a700,139174,39.877833,-67.617333,3008,2006,2006-06-14
1709a906-1d62-4d89-9267-47ea1454252f,1561957,-32.0567831137,115.7369401566,,2023,2023-06-02
170d8d92-e0b0-414f-acbd-af55c9eed3c2,210788,-20.282509825,57.3588968126,,2026,2026-02-07
171152d1-adaf-4a05-a63e-40636e191a8d,1043781,52.6571,-130.292183,234.8,2015,2015-07-15
1715e85a-3b23-46b0-a29b-e4299bc497d2,210788,11.3830003738,167.367004395,,1946,1946-06-27
171efb17-de17-4572-9bdb-470b268bdb92,140600,56.533,-8.467,85,2016,2016-02-26
17230be2-971c-4983-89dc-9d9762d31555,140600,37.35,-1.55,147,2002,2002-05-21
1727b201-97b2-48dd-9e73-81677ecb5985,325319,-54.96,-35.36,127,1994,1994-1-16
172fae7a-9525-4d09-b273-415d6a6af28e,342305,54.049066,-166.238562,96,2009,2009-10-28
17348954-35f2-4cee-9333-39e393495e0f,342023,48.81852,-125.5108,,2004,2004-05-06
173d3f92-17b3-4ee2-a3cc-db427bb37bae,140600,53.5177,-12.4557,159,2016,2016-09-27
174228a7-492d-478e-a7d8-d7100d7bea21,140600,51.1145,-4.3352,16,2012,2012-09-15
1748d2f4-9f5e-4faf-ae66-2390c2d96c62,140600,58.818,-0.1145615,145.4,2014,2014-03-29
174eeb86-5beb-4caa-98b6-1d1a2e7ab38f,342381,-42.14072,148.4873,97,2016,2016-10-14
1759c970-073b-4c2f-8f10-fa8616a718d2,140600,54.391492,-5.575189,,2024,2024-05-26
175e3fa6-502a-4d75-8bf2-b96ea50495e6,140600,38.46,0.47,328,2006,2006-05-21
176a597a-4910-4980-869c-af25e98c3463,210788,-21.676,166.419433,,2004,2004-02-06
176f45b7-a6ca-40de-a63d-19312bb0bf18,140600,57.905,-13.604,87.5,2019,2019-09-17
17756a1a-cbc4-45d4-b477-7d6f03eec563,527142,-52.715,-58.6383333333333,229,2015,2015-02-14
17798c9a-e7d9-4de7-8de3-853597305e3e,140600,53.3570900252,-4.2281036863,,2026,2026-02-01
1781df3a-7d24-4a3f-b505-c679afa6762c,342036,-34.0693570605,151.1110297523,,2021,2021-08-30
17883318-f538-4a4d-a26f-a80c4d0f2be2,140605,28.0091369219,-16.63757084,,2022,2022-04-30
178ca136-95ab-402b-9ea1-5726aca22fa9,1805272,-32.714003,152.151555,,2007,2007-11-24
178e2e5d-f790-4307-a5bf-6b48ae863f9f,1805275,-11.8155,143.676,,2004,2004-10-01
17929fdb-7266-4fe0-b651-1b47cdc1ab0c,325325,-61.65,-57.81,361.5,2002,2002-2-13
1797de24-b7f5-4a9f-b90d-d02addd4b8a5,342010,1.3836146,-91.8159882,,2002,2002-01-02
179e316d-cffd-4a6b-8e34-85190c053d17,342023,35.1635219409,-120.7865319113,,2022,2022-09-23
17a5fcd0-d913-4939-be8a-3142952e158f,342332,-33.446887682,151.449849325,,2021,2021-09-12
17b18da4-b294-488d-8498-02e3e2bf2869,140598,36.61,-4.05,353.3,2009,2009-04-16
17b73d91-c66a-4b6e-96e9-15e1030522f3,140605,15.2750989924,-23.7586776927,,2015,2015-10-23
17bbf5c6-729d-42e0-8181-fe14f90b69f9,210788,19.813821359,-156.012992975,,2025,2025-09-06
17c101e2-e95e-415d-9ba1-f74d6ebca502,140600,53.9695,-3.3442,10,2017,2017-09-20
17c5b039-5f4d-45e6-9e53-87403aef6927,140600,52.1572,-6.1135,39.5,2015,2015-09-28
17c9d61b-0ca9-4bc6-98bc-9677f9acdb49,341950,-38.3565781735,144.7684811414,,2016,2016-03-04
17cf539f-65e3-456b-a494-345dd16499eb,140600,53.542,-3.6938,20.5,2017,2017-09-16
17d67cd5-3244-4cef-98af-fba2f2057c46,140607,40.3,1.26,133,1994,1994-06-14
17daa8cb-c6d0-4778-aba2-5de0fa7feb26,535841,-8.2390979104,115.5646265993,,2025,2025-11-02
17df45bf-b510-47f7-8af0-7be06acd4cde,342023,35.2899283333,-120.883445,,2024,2024-12-31
17e373fa-948a-4941-aa0d-c095a3a4cfba,140600,49.1017,-3.1215,34,2023,2023-04-03
17eb4591-7601-42c7-be3e-5dc06e3b1092,140605,-34.2068472222,22.0752222222,,2026,2026-06-21
17f4aafa-4b0e-4f4d-b75b-511bd2f594c1,140600,51.2484,-5.498,38.5,2019,2019-12-03
17fa92b1-1a2f-4ef0-83ae-ab614ef84eaa,140605,38.0195416667,14.173695,,2023,2023-07-20
17fd50a3-04a1-444c-afb3-110badfdb46a,140596,42.922,-70.2095,153.5,2002,2002-10-25
180659ec-9a8c-45ab-856f-ea8c41c0f4b1,210788,-20.436050415,57.3194389343,,2025,2025-06-03
180b45b1-9cdf-4455-b90d-0154e55b1771,210788,-23.4395239075,151.9092280964,,2022,2022-11-02
1812d746-6cdb-4708-abfb-5fa892f57b53,342381,-44.9883,171.3417,38,1981,1981-02-11
181b3a7e-89b9-44e0-bc5f-a70ae18a2d36,1805272,-30.1713089811,153.1911154607,,2025,2025-11-05
18214403-ffa8-4bd0-b978-077ed99e31c5,140600,41.08,1.35,71,2005,2005-05-27
1827df4c-3750-4571-924a-3eeeca26cc4a,342305,51.489,-129.164866,48.6,2017,2017-07-19
183155ca-8998-412a-9f11-3626211f54ae,342270,-17.983,122.166,,1972,1972-10-25
18387ae1-7e45-46a9-9960-a8d2842c7ffc,342223,-37.8,179.4,1050,1995,1995-03-18
183c2509-770f-4a3b-ada2-41bb4ed0d03c,140605,42.72938396,16.03558559,,2007,2007
1840d312-2a1c-4eab-a79c-0e1a18bb6ee3,210788,-19.1257286815,-169.9137090386,,2019,2019-04-22
1846960a-a1fb-44a8-b027-6241056ce1d7,342023,36.45227,-121.929855,,2023,2023-07-04
1850e7d7-fa43-4d6c-aa4d-5d30c56c6a8e,215276,6.425949,99.6696382,,2026,2026-03-25
18565f49-de36-4b5b-8c19-059bebe1ed36,342036,-33.9256858226,151.2593894452,,2025,2025-03-03
185ce4b7-7b98-410c-bd21-6f452dd73259,342305,54.054106,-166.233938,93,2011,2011-03-01
1863719b-b420-476c-970c-38ce19097585,140596,43.6833,-68.1945,181,2019,2019-05-08
186969ec-155d-4dc5-beed-a094c7fef1f1,342036,-33.4818991076,151.4429298465,,2021,2021-11-14
186f5710-4acf-436c-8cfd-5998b5c2fb8b,140600,53.1372,-14.359,116,2016,2016-10-01
18744a23-d5a6-46d9-a6b2-a917101baaf9,140605,42.3943833333,3.1537722217,,2024,2024-08-26
1879eb60-f40f-4a22-a49f-3e33a1791eff,534443,25.0159071919,122.0003290102,,2019,2019-10-27
188008bc-fe75-4a47-ab54-bb36a7629418,140605,42.2474721461,3.2316688734,,2025,2025-10-22
1884d3a6-0728-413e-ad8a-b7e1b31920f4,342036,-34.0712183797,151.140682931,,2020,2020-12-28
188972f7-3494-4367-a190-8eb7336dca05,140605,42.2503335469,3.1801419129,,2025,2025-07-07
18908209-8391-40c7-978b-88c67842d3c4,157011,49.8525,-65.41683333,174,2016,2016-08-25
1894d049-aa59-45d4-98b0-d8ed195d1945,140600,49.7157,-5.7492,47,2020,2020-06-20
189bfdef-d717-4fb9-85a3-6e1d09e29af3,140605,37.8792723387,-0.7530198713,,2022,2022-05-20
18a1ccbc-ca73-4025-ba50-58e10a8d0bc4,342036,-32.7101777645,152.1586704254,,2018,2018-03-27
18ab4095-ff3e-4194-a121-87fc0a5e1ef4,342023,36.9234459636,-122.0111247861,,2026,2026-05-17
18b2bb69-ff37-4bd3-815b-098918e7e71a,341950,-38.3571219111,144.7731515787,,2023,2023-03-24
18b9e435-7b75-48a8-8195-cf028fccbbc5,140605,43.1886070719,5.385390888,,2026,2026-05-31
18bd390f-818c-4c78-ab81-59b52495b360,342036,-34.9769438806,173.9453827588,,2024,2024-01-01
18bfaaa9-a2b0-4ccc-baa2-6363cb5abb8a,140600,53.5998,-11.4298,101,2018,2018-09-21
18ca27c4-1434-49fd-8dd0-fbfa6a7dd530,325319,-60.97,-55.78,200.2,2006,2006-12-22
18d11acf-6afd-4c33-bfb0-f94ff5801bd6,140600,55.996,-7.671,74.5,2020,2020-02-28
18da5bbe-c0a0-41fd-95b9-f78406c93ff6,140596,43.04,-51.04,646.5,1995,1995-10-19
18df4e47-619d-4a55-acd2-0fbf72a256f5,342036,-36.35,150.05,6,1996,1996-07-16
18e399de-c6fe-4f8b-a86c-f94b84a776d9,342036,-33.3633753981,151.5023426974,,2025,2025-03-02
18e8e0ee-234d-4b1f-a4ae-ce0e1d532765,342036,-36.35,150.05,,1996,1996-07-16
18ee7a7a-8275-4047-b582-3e9a026b353b,342381,-39.4465,177.3252,71.5,1995,1995-02-15
18f21089-974d-453a-8571-39847819872e,210788,25.4025688184,34.7162546498,,2013,2013-07-04
18f62d3d-fce0-438c-be21-13c5e562da66,342332,-33.8398869845,151.2536590293,,2022,2022-07-28
18fc2208-42c0-41aa-a817-dafe3fcb531c,140605,25.6955,-82.824666,42,2010,2010-07-03
1901f487-86a2-433b-824e-6115a2da5854,342000,33.6986648371,-118.4616632764,,2026,2026-06-16
19069d24-d599-4ed9-9e3f-1a7e13f0b197,140600,49.1974,-4.1021,44.5,2011,2011-03-16
190acfc9-9a62-4c5f-b66a-15a0429d6240,341951,18.345274,-114.728887,,1923,1923-03-22
190f71db-fa9d-44f1-a393-0b35a16fc278,140600,50.0443,-6.6,49.5,2024,2024-03-05
19188a8b-f920-4c4e-892d-7369e6958b62,210788,29,34.6669998169,,1969,1969-07-29
1920c0fe-a2b7-424b-8c73-b41ff76ead93,341985,26.2802791595,-82.7336120605,30.4,1981,1981-07-19
1925c57d-5c3e-499e-a121-2d94137f94b5,140605,27.737833,-80.094167,34.7,1983,1983-04-21
1928d219-7341-4d23-876c-d34c3237f107,342023,47.3121914041,-122.5250075264,,2026,2026-07-12
192ee128-7baa-4ec4-bc7d-abf43c3be8dc,140600,49.1974,-4.1021,44.5,2011,2011-03-16
19375fd5-0e41-40b7-8592-e1f9992c885d,140600,41.28,2.31,223,2004,2004-05-24
193acb74-4501-4249-8f05-6ce527ba92f4,140605,39.3408,2.738,53.8,2010,2010-01-14
19404c86-09ad-4d14-be37-7202910dc4e0,457973,-17.9933,147.02,220,1986,1986-01-15
194846f8-0ec6-4d5a-b258-fdd5b69474c3,342226,-44.207833,179.547333,883,2016,2016-01-16
194c9542-29af-4ae5-be34-98040ad7fb71,140605,42.387827863,3.1636613762,,2025,2025-08-10
195db1de-10b6-4a2d-b942-72b85cbb3f11,140600,48.0413,-8.1094,164.5,2015,2015-11-10
19613748-9ceb-4bd3-9d92-e6bc41fbf5aa,140600,50.06,-4.576,35.5,2016,2016-03-10
19680420-a926-498f-862b-bbf91942a837,341985,26.5170001984,-82.1829986572,,1900,1900-07-02
196fd36c-235e-4631-9718-b95415a3c928,534099,1.4525883,125.2250546,,2023,2023-01-07
1979b213-04f9-441a-9f14-585b7fd9973c,140600,48.4423,-6.0121,62.5,2018,2018-12-02
197e2ec4-d5b7-4f22-9698-8240ef20804b,342032,-42.460769,-63.611578,,2023,2023-07-11
198551b5-26fc-4008-93d6-7246cc17fc0f,140605,44.66365,-1.1629,,2023,2023-02-24
198a8d6f-6822-47a2-975c-b976d80c4f87,140605,43.2287418082,5.3480326903,,2024,2024-10-01
198f466f-6df6-4143-ab8a-30911bd430b7,342332,-33.7385180039,151.3087920472,,2015,2015-02-02
199afd2f-68bf-4b4a-8707-ed00f1ddce7e,140605,49.3853,-6.558,59.5,2007,2007-03-23
19a2d72b-d9d8-4e45-8c1f-8182b9064f03,140600,53.6058,-11.4207,100,2008,2008-09-23
19a8b306-0a1f-439d-9297-65a32d697e5f,342036,-32.9382338545,151.7749673501,,2026,2026-05-17
19aeb896-9b57-4265-9f1e-fe7ba200eedd,527142,-52.95916665,-59.7515,236,2011,2011-07-10
19b67658-584e-4d1c-bef1-b161c2de19fc,138849,24.8549995422,-28.5849990845,257.5,1983,1983-05-29
19baf2d2-f72c-4d6b-99c5-dd1e287326a1,210788,13.6761916667,120.84369,,2018,2018-05-16
19bdc9af-fe2d-43a1-bb19-d01fbf68b05a,140606,39.9,0.89,146,1995,1995-05-09
19c5a1b6-11c3-4369-85a5-6795b37967ba,140600,48.5052,-8.6105,92,2019,2019-04-04
19caa28e-0978-4fbb-bc20-3fe02808543e,342381,-52.3733,170.2617,389.5,1983,1983-11-04
19d27438-dd69-4307-9dcd-4ef9b241c73e,239392,-67.3033370972,71.4150009155,,1987,1987-02-22
19da3386-fa0e-42fd-844b-6d017fd367d4,342036,-35.858075168,150.1826452757,,2026,2026-01-31
19e00cbb-566c-4908-9f71-88e47cf7b4bc,342023,47.3070865225,-122.5171872305,,2026,2026-05-17
19ec9c71-ba2e-481f-913b-c0379e47bb3d,139174,39.883667,-67.4185,1260,2006,2006-06-16
19f224c8-6186-46fc-9223-a261fde3b89b,1805270,42.8147102403,10.4311051592,,2019,2019-06-24
19fa9ba1-6bdb-47c8-bb85-496b7d67376d,342036,-34.0717174007,151.1572637743,,2019,2019-07-20
1a01d6b5-980f-43d3-8fde-974d228eb844,140605,38.412458,-9.18899,,2013,2013-06-26
1a0a7f93-0aee-45c3-87ca-6dd692d9660c,140600,42.25,3.3,89.5,2009,2009-05-06
1a140bc7-06e9-474d-9dbe-af3dc4ac84c6,140605,26.4,-83.716667,73,1966,1966-04-12
1a1cb961-9f48-424b-b1f9-9227cc0cb08b,342023,37.19353,-122.4011783333,,2017,2017-02-28
1a295896-e10f-43ae-a494-bd7a80a0bfe8,140604,40.64,1.39,402,1995,1995-05-11
1a309324-b74f-4002-809b-4d9789f9fe22,342036,-36.3024959493,174.7981765712,,2025,2025-11-30
1a3cc087-e608-4fa0-af44-9cd3ba13f838,342036,-36.2696766667,174.79351,,2024,2024-09-21
1a41df11-063f-4d66-9dd5-ea9ef3f08673,210788,5.1854756859,73.168776572,,2026,2026-02-25
1a461efd-0302-4b60-a51d-9f3817d2b2cf,457573,12.5494250228,122.2539978167,,2026,2026-03-09
1a578400-7af4-4385-8d8d-b33d885846d3,534100,9.04166984558,123.020828247,2,1979,1979-04-24
1a5e0be7-e781-4bc7-9a68-9805fc25317d,140605,39.8596,2.7632,58,2002,2002-05-06
1a637865-3546-461f-9207-33a9ab50d97c,341952,32.7666357913,-117.2448253736,,2023,2023-10-01
1a6a974c-e0a9-42ef-b68a-ef3e2236cf6c,210788,-8.9059342225,-140.0335982098,,2017,2017-03-11
1a6de35d-162a-43c5-9f75-b07cee2d8299,140600,43.35,15.9,133.4,1968,1968-05-13
1a729063-ead8-43e4-a238-95d64e60d7cc,140605,26.4167003632,-83.8332977295,,1975,1975-07-28
1a785c77-e6a6-4b92-a027-f1523d7fd527,140606,41.49,2.72,140,2002,2002-06-07
1a7e0b5c-1292-47dd-afe3-e8a3ec82b1de,140605,43.329115,5.099967,,2024,2024-09-03
1a82fbda-1a45-43e0-a131-3b1b98f988ce,140600,52.9903,-14.0707,98,2021,2021-09-12
1a8b8981-1235-4a0e-806e-af4d4eb33f99,140600,50.6185,-5.1565,30.5,2009,2009-09-11
1a8f32dc-4b5f-4a10-bd53-de4cfa73fe7e,210788,-8.9332380273,149.4209288784,,2025,2025-10-26
1a93c573-a8d2-4914-bdeb-e946a99f2afd,140596,41.515667,-66.109,102.5,2002,2002-10-06
1a98dc45-56dc-49de-bf8a-8dbf3e381727,140600,53.6262,-13.9787,168.5,2010,2010-09-19
1a9f91c9-a58f-4680-a3eb-a18ddbdd6f51,140605,37,12,,1973,1973-06-02
1aa799f3-450e-4a08-ba16-3ed0d37ed3f5,210788,-24.0364220977,35.7134776983,,2011,2011-05-13
1ab30a6c-2ec1-42ee-8fe0-d8000a0418e8,140601,43.95,14.85,66,1948,1948-08-17
1ab66ece-c2a0-4baa-b61f-725ec006ead7,140601,39.12,0.09,123,2002,2002-06-01
1ab867d7-a947-4fe3-8a43-426a973e13fc,140605,39.36,0.16,69,2002,2002-05-30
1ac0a2ce-4a92-4fcc-bff0-c964de1da6c3,341948,-37.99583,144.71833,7,1990,1990-03-29
1ac3a08c-727f-430f-a03c-096b08f9d1b9,342023,36.795,-121.9733333333,396,1975,1975-02-11
1ac806ad-c775-4aad-be5b-96e445a541ad,325324,-60.89,-55.38,370.4,2002,2002-2-4
1accaf1d-2f59-43b9-ac15-0ba2ecc90c61,342385,-43.4132,176.4079,447.5,2018,2018-01-29
1ad16f4d-0144-4483-ace0-6f867fadd53f,140605,42.387827863,3.1636613762,,2025,2025-07-19
1ade156d-1964-4d7d-9a47-d6565222a36c,535784,-29.7833003998,15.1667003632,,1995,1995-01-31
1ae3ae63-bc3a-4e67-b556-538d6712cb90,1438204,-44.03567,-177.4698333,397,1999,1999-01-12
1aea2101-077e-45db-b5a0-f874ac0f0a19,140605,-8.270530833,13.15225743,63.5,2006,2006-03-18
1af055f3-1ffd-4aab-9c52-5d35c86f6290,138849,10.5216999054,-19.7166996002,245,1968,1968-02-22
1af3ace5-a4c9-4cf6-82a4-eda663cc16bd,140600,52.8745,-11.0505,129,2020,2020-11-24
1afbe89e-5dfe-473a-8659-fd2d36c033ee,342305,54.054094,-166.259625,90,2010,2010-03-18
1afeb0c4-e79d-460b-8d22-f443c964bfe0,535623,-21.2427,151.245,,2005,2005-11-27
1b042a73-a039-4a22-bbfa-10bdab48e059,342305,52.08723,-128.61441,,2005,2005-05-16
1b0d81be-9967-4f67-9e2b-63db1505cb8a,342307,-52.9963333333333,-59.29,207,2020,2020-07-24
1b14e44d-efd5-4ded-95b9-5a212045a0bd,342305,49.3130687382,-124.2421482538,,2020,2020-09-13
1b1abb4b-cdc3-4701-820e-ac7a6dfb9c3e,341952,33.7070538823,-118.2855338565,,2023,2023-08-05
1b1f2f49-7bde-42f6-a0cc-a7b22952b26b,342036,-33.4460277947,151.4492650959,,2025,2025-07-19
1b2853b7-e48a-4dcc-b4ee-93349fb3c520,140600,50.0102,-6.3675,41.5,2016,2016-03-15
1b2e0743-68cb-4691-86e9-53f69a1869b3,140605,28.918701655,-13.6644474271,,2021,2021-11-15
1b381c1d-3144-482e-ba9c-e487b7e71a35,140600,51.502,-5.7985,87,2014,2014-11-29
1b3c372d-d567-4eaf-a586-42bb44cb548c,342015,-43.1536,147.8683,,1967,1967-01-01
1b452363-bbf8-42b3-9efa-721a9122f050,140600,52.8822,-12.5963,209,2016,2016-09-20
1b482dbe-91f7-4f40-a2f9-80ed669f41c7,239392,-54.55,-35.27,195.5,1991,1991-1-31
1b4c4d46-1ee8-4799-97ae-0b72cb9207f5,140600,57.817,-13.704,74,2020,2020-09-14
1b56f4b9-6563-48b5-a232-cef9e20984a8,210788,-8.292487777,115.6094326274,,2025,2025-10-02
1b5b8857-3c0b-44d8-b30f-7f1837d8aadd,140600,53.42453,-4.603448,9.5,2019,2019-05-12
1b661dd6-c568-4f9b-bc6e-0d31548e8cd4,342036,-33.0847640168,151.6392794446,,2024,2024-10-26
1b67c508-1e0c-4707-8060-29266fe9d254,342381,-45.4312,171.2887,112.5,2008,2008-05-30
1b6d9107-fe08-49db-90cf-a857e4fd6028,140605,43.2287418082,5.3480326903,,2023,2023-09-16
1b71c305-ec0b-4b01-91cf-74d3897383a5,140600,48.4237,-7.5678,84.5,2019,2019-04-04
1b73f8e9-e694-4014-a59c-1a7a5fb8d717,138849,1.4667,96.5333,67,1929,1929-09-19
1b7aa59e-7436-4e3d-ae97-bd98c7c128b4,141694,27.87400082,-15.38189521,5,2014,2014-08
1b7f666f-8110-4efa-8165-50ee3da4c02a,341781,37.62726,-25.20182,0,2024,2024-08-26
1b8834ce-4202-4434-b182-2c435651761b,534733,37.42,126.8,,1915,1915-07-30
1b9116d9-fa04-4328-a64e-126fb8cb6030,342010,-1.2829674252,-90.4917139832,,2023,2023-01-08
1b9c8242-688b-4400-8c29-8ed3f5aa5073,239392,-59.5,-27.3,1045.2,2006,2006-3-28
1ba55a52-fd32-4862-9c7c-4e22708e3dd0,341952,32.7611776,-117.245933,,2021,2021-07-06
1ba9b315-fe64-40d0-a0f5-29fcee6ed49c,341951,34.01539,-119.4356,,2026,2026-02-08
1bae224d-2b6f-4e80-8453-5d8f74e5767f,140596,41.55833,-68.769935,153.5,2001,2001-04-12
1bb2af4f-13a0-46f3-8fe7-f601d5b5ea14,210788,-16.9199788323,177.37313067,,2025,2025-11-24
1bb9f55c-3a94-4f12-bbcb-05942f8040c7,342381,-40.9178333,173.4371667,48,2023,2023-03-27
1bbf3d47-7a63-4998-bea3-54fc1fd12984,410335,-40.1,168,873.5,2012,2012-07-08
1bc7c2aa-560c-4e6a-aea1-4ebc635c240e,140605,42.2427454217,3.1317642027,,2025,2025-08-27
1bcb685f-05c6-463f-94b9-b5c994b3c2e1,140600,57.763,1.3098,42,2011,2011-08-25
1bd0f5fa-ed14-4cc4-878c-403a39aeb3a6,140605,40.7900009155273,0.439999997615814,,1967,1967
1bdc1919-4304-4a77-a914-4e03804d33e4,140600,51.5697,-14.1773,207.5,2021,2021-09-28
1be2ec0e-f51f-4cc6-9f7b-86bb3ac89f00,140605,42.72938396,16.03558559,,2007,2007
1be55126-dcd0-4682-90b5-32fbfae20f91,342023,36.717830658,-122.05531311,25.4,2000,2000-09-26
1bee8109-9423-45c8-a914-3e048e3aaa34,342023,33.48373,-118.2698966667,,2018,2018-04-14
1bf2d710-cc1c-4102-bc20-e62433369fb6,1805270,25.6732489938,-80.1017336168,,2004,2004-09-24
1bf90cc7-9bee-43aa-b6cf-cd7c972bd14d,342403,-22.1343665655,35.4394433286,,2022,2022-05-31
1c004481-8315-4990-96b9-85c797b5e304,342023,47.4600288499,-122.3715452107,,2020,2020-09-08
1c0645cb-f863-48ac-9e49-3efe253c865d,1530663,-39.291133,177.86449,,2018,2018-02-10
1c0b4aee-2e21-4317-af86-bcfbdce28966,1805272,11.9787369557,92.9587175748,,2012,2012-04-01
1c14f341-2678-447e-a0ae-b0635e26ca39,140600,56.9,-14.431,93.5,2019,2019-09-19
1c194a62-2faa-4029-b047-c01820b9e470,140605,42.3942979594,3.155311045,,2025,2025-09-10
1c20aa27-8ae2-48d2-bfd8-b801e38a8133,342036,-33.734663561,151.3056164556,,2023,2023-02-05
1c2a9a0a-e18c-40df-92f2-41bee88d56c6,325325,-77,172,693,2015,2015-02-01
1c32e382-fd38-45b8-8dcf-9cd169f6287c,140600,56.311,-7.052,90,2014,2014-09-30
1c373c81-5502-4bed-9abf-3595588687a4,527142,-50.11125,-57.8306666666667,297,2010,2010-11-03
1c3d19b1-42cd-4f1c-a7a5-4f89c2ce3464,341952,32.7609124914,-117.2466731171,,2022,2022-08-12
1c42f7e6-5faa-464a-bed8-b4d9b9050a4b,140601,45.23,13.11,34,1948,1948-08-21
1c47c1b3-030f-47e2-aa3e-3695abba4a44,341952,32.7610254607,-117.246538303,,2022,2022-08-05
1c4a5562-f760-46e0-86ae-d8543e7670f7,535605,-43.8304666667,172.9091633333,,2025,2025-11-30
1c53fc15-c4ca-4c65-a4b9-7a4e74c6289d,342023,32.8580905799,-117.2615181028,,2024,2024-10-20
1c59b5d8-6bfd-4e1b-b343-f299a31bf7b5,342332,-33.8400118546,151.2528999642,,2020,2020-08-27
1c5dc615-78e6-4cf7-b707-f159fa274570,140605,39.7053,3.6803,88,2010,2010-01-22
1c6334a1-7eee-4cff-bb5d-2c1f35f778da,341952,32.7610027361,-117.2465577485,,2022,2022-07-23
1c6bd111-28c1-44e9-904f-95149334bdc6,140600,41.08,1.35,71,1994,1994-06-15
1c75e8d7-75b7-4701-9b56-bd13cc9dc4ac,342023,37.1932416667,-122.40097,,2017,2017-01-29
1c7f1d34-04f6-4dcb-b826-fd934cdd38b9,140600,55.2954716667,-6.168295,,2024,2024-05-22
1c842039-038b-4b0a-b9ba-3672d8d2dbd4,140604,40.88,1.51,599,2002,2002-06-04
1c8aeae3-bf20-4177-b388-2178fb1c3e9e,342270,-12.45,130.8,,1981,1981-12-11
1c92dc58-b763-49f3-bcf6-10b55c2ccdbe,140605,42.02,3.25,86,2002,2002-06-09
1c9961a1-607a-4fdd-85c1-ed959b7ee2b7,140600,53.6413,-11.4135,105,2015,2015-09-16
1c9caa79-677e-4183-a802-ab63c7f9f80a,140605,41.547983354,2.5152951946,,2025,2025-06-03
1ca13d26-1b71-41b7-935f-34476bbe3200,140605,38.4398173538,-9.0582640513,,2024,2024-11-10
1ca3c5fc-67cd-48c8-8b98-e6d257b91464,342305,54.045981,-166.2256,86,2011,2011-09-16
1cacbd34-0bb6-45f6-9a7c-4c4d9d3ef3aa,342023,32.8570333171,-117.2618768671,,2021,2021-06-29
1cb18ce1-124c-4a08-a4d0-b6a53fdb6201,138803,-12,160,,1933,1933-06-22
1cb82506-5bc1-4061-b247-8348ee4d439c,140605,26.710333,-83.709,68.5,2011,2011-06-12
1cbe543b-8e21-4f36-a0b7-0840dfe02a64,140600,49.5495,-2.5168,28.5,2013,2013-02-24
1cc0cd81-2c95-4bf7-9c71-e91cd542e1f1,341954,19.8971785966,-75.1681471079,,2023,2023-07-06
1cc5f9bf-d2ba-4a1a-9831-713fd2e570b7,140600,49.9237,-5.0602,41.5,2020,2020-06-20
1ccaa63e-2f17-4ef7-b67c-ccbde8846544,342023,49.4498783957,-123.2402602572,,2024,2024-10-12
1cd57999-89bb-4128-b7eb-af7187ac4799,341954,25.7432929397,-80.1906109818,,2004,2004-09-24
1cdeaad6-2164-403e-a8d1-8b327cf96b4d,140605,42.289755,3.286085,,2012,2012-08-21
1ce64a3f-e6d7-40e6-a67d-4bf512940f3d,1805270,42.0834364419,8.704770557,,2026,2026-07-07
1cf02446-b9d1-4363-b2d8-8d5e35b4aa6e,341952,32.814125,-117.2742616667,,2022,2022-12-23
1cf584e8-d691-4f29-ab5a-09d8fba27ff9,157011,48.53166667,-62.62983333,393,2004,2004-08-31
1cfb7ef8-4e21-401a-ac1e-b1c3278c8301,1530663,-41.2262407993,174.7158182412,,2022,2022-03-05
1cff2e9c-b4cf-4d69-a4a5-279e758c2eca,325319,-61,-46.8,505.7,2006,2006-3-18
1d0452cf-9a1c-40d2-a85c-14bc500f0880,140600,56.7143,-0.4653,37,2022,2022-09-08
1d0dd86b-3d78-40a7-9c0a-4c649751c8eb,140607,39.9624,3.424,127.9,2006,2006-06-20
1d150dae-3771-4055-8f4a-38da0a84f1fc,1805270,28.1669998169,34.4169998169,,1968,1968-05-09
1d1855fa-b4c9-478f-8f87-5ade19cd28f3,342015,-38.3685349094,144.8213267333,,2021,2021-12-15
1d218c84-0998-4c01-ba15-a3699ad2d1b1,140605,38.4396954401,-9.0565229246,,2023,2023-12-08
1d248231-2c8f-476d-bff0-0304ec23d56b,325322,-71.8557,174.033,1972,2008,2008-02-25
1d2e1bf4-91be-462e-b699-965a99b450f7,342331,-34.47,137.45,5,1997,1997-05-31
1d3550a4-414f-49c5-8493-ea75972868de,140601,45.64861,13.78,,1958,1958
1d3b51a3-878f-4802-9ce2-425542448b5e,140604,38.35,0.48,559,2004,2004-05-17
1d440d0d-dc02-46ac-82fb-bd1f6c67f1c5,325329,-60.95833333,-55.85333333,225.5,1996,1996-11-23
1d4a65d2-83a9-45ac-97e9-aa29fe741f36,342266,-42.18,179.4,2613,2012,2012-06-16
1d4ee045-a921-4984-a869-74330bae011f,342036,-33.8394449624,151.2545012429,,2025,2025-06-28
1d52d25e-200f-45ff-bd47-4cdaa3b9885b,210788,7.1262448149,134.2768966387,,2015,2015-08-30
1d5bda96-e778-446c-8ea4-a7b813faad8d,210788,5.064634624,73.0319708389,,2026,2026-01-07
1d6102e8-bcd7-420a-a191-547de9b854bb,210788,11.21,72.79,,1988,1988/1989
1d637f3f-0a8b-4c79-b98a-f4c107622bff,140600,51.6188,-14.5142,214.5,2015,2015-09-07
1d66b806-6f88-42e4-a791-37821143ad1f,140600,58.61002,-3.036265,3.5,2009,2009-09-27
1d6be492-7eb1-4744-9376-f057db8bcbc7,342036,-33.0899591145,151.6698919756,,2020,2020-09-05
1d71478c-d4c1-4231-91ac-14226146e2ca,140605,-34.7332992554,24.6166992188,,2000,2000-05-27
1d77dc41-3326-47a7-8c1e-8a568e2c0f00,342023,39.4907116667,-123.8040466667,,2024,2024-06-23
1d7a7c75-a29d-42f2-8c6d-cb2332f79fb3,140601,36.68,-3.26,373,2004,2004-06-03
1d7cfca7-deda-47df-afc1-bfac01cc0e18,140600,50.6452,-5.0987,27.5,2021,2021-09-12
1d807b36-8420-44cf-9957-e40c81797b7a,341990,-0.3775580814,122.3688152553,,2006,2006-04-06
1d8305bd-7b28-4f73-835c-859b9fc8e0ca,749548,33.6954218,-78.8802094,,2024,2024-11-12
1d8986f9-aae0-4105-bc01-efcb87f404ba,341954,16.8967161895,-88.0626336971,,2023,2023-02-03
1d8ed5fb-d4c7-4b2e-9ace-79b407461492,140600,49.919,-10.952,261.5,2017,2017-11-21
1d92e9d9-66bb-499a-ad36-a7c5f26d3b9a,140605,-33.687275,26.6606333333,,2025,2025-10-18
1d9c9fa2-c5e7-4605-ad94-71df7cd0df01,457762,19.3751824702,-81.4198953286,,2023,2023-01-06
1d9f7d35-73f6-4095-9501-70cc0ace8b16,342036,-33.8399219488,151.2537218869,,2025,2025-08-30
1da46df2-8a77-4758-835f-afe347a8f803,342334,-38.05,140.7,,1963,1963-01-28
1da95576-9f8c-4a38-b537-f2b69807d787,342015,-38.0209888333,144.8674,,2025,2025-03-03
1daf1d2f-3a67-477f-b87e-0947551efac2,140600,50.0102,-6.3675,41.5,2016,2016-03-15
1db2f6cf-e002-461e-a13f-c74919c54fcb,140600,51.745,3.3883,15,2003,2003-08-12
1db60d6b-c875-488e-926a-68aa548388fd,342381,-45.1868,171.4153,101.5,1996,1996-05-11
1dbcc99e-4bab-4641-8240-80916b1b95b0,140600,50.8858,-5.2323,37.5,2014,2014-09-25
1dc0cd4d-6839-4c5c-ab4c-124fefd4fbd0,341952,32.7610027361,-117.2465577485,,2022,2022-07-23
1dc33867-2217-454d-b1d8-936fb1623c19,535623,-23.101,151.871,,2004,2004-04-22
1dc67d79-2fca-4c77-b57b-fa5c1cbdf73e,140605,43.1770161639,5.3702652454,,2023,2023-04-08
1dcb9575-395b-4196-b5cb-cb97e2d162d0,140605,28.1707208283,-16.5801827501,,2024,2024-10-09
1dd3de3e-75f3-42c6-9f13-72f44f0274f2,342305,48.61694,-123.50194,,1981,1981-01-09
1dd94f92-3877-437d-952a-a70c202dc445,210788,28.0051681021,34.4672547229,,2025,2025-07-29
1ddec8d6-db77-4ae9-9dc5-3658cee5a90d,1530663,-36.082082157,173.8573514298,,2022,2022-07-08
1de49e37-4fbd-4986-9b4f-f22eb3a3dde6,140600,52.9335,-14.021,99,2018,2018-09-29
1defb990-53c8-4188-8994-8b9318d2d4f5,342023,49.22612,-126.84935,,2022,2022-04-30
1df7fd4a-2e6f-4515-86ac-9226e519f0be,341948,-35.2,150.70833,,1993,1993-02-23
1e017aaa-fe7a-49ed-a46b-7f8705346d80,341973,31.3450073595,-113.6415685182,,2019,2019-12-09
1e07a9d2-ac18-4381-aae7-93461dabbca3,140605,38.619367981,-0.0224420428,,2025,2025-08-23
1e0eed2d-c7aa-4c3b-9218-55f339ff8012,1043781,49.22952,-123.32177,,2024,2024-06-07
1e170699-73db-4275-89a8-e0d57993a09c,140600,49.5495,-2.5168,28.5,2013,2013-02-24
1e1db2b0-8ced-44d9-b619-20726dfe5884,535784,-31.6333007812,16.3500003815,,1985,1985-07-10
1e228bf6-7d21-4f93-b09d-83071659d795,140605,38.439544,-9.060144,,2009,2009-01-11
1e2c0628-39ff-4d3d-a787-3ce0725c2845,342305,48.61694,-123.50194,,1981,1981-01-03
1e332198-7295-4a36-817e-b4cc988c2497,342305,55.96611719,-132.081173,496.7,2023,2023-09-02
1e37d03d-84f8-4bc2-a7ed-58f870a9a541,342010,-0.76092,-90.3308033333,,2026,2026-07-14
1e3bedeb-d4ec-4e3e-b8db-f116f54b3d96,1805270,41.9640187603,3.2292210388,,2019,2019-07-21
1e414438-7691-46ac-bbe8-12f63f62bbea,239392,-61.05,-55.88,149.3,2002,2002-2-7
1e489e11-5c63-452d-ab26-c898e5461447,140600,49.1635,-7.0943,62,2020,2020-12-02
1e4a3295-5d6d-4c86-b79d-231dc956ba04,140605,42.39243,-8.822245,,2019,2019-07-18
1e4ff00d-d2ab-4820-898a-2d0e47482d2c,342227,-51.9866666833333,-56.683,800,2006,2006-03-12
1e578d21-1965-4fed-ae54-7a6c5ba965bd,140600,55.308,-0.8026,42.5,2018,2018-09-08
1e5aee2d-c7de-4f36-b686-0954ca5c7b5e,140605,26.518833,-83.692833,65.8,2009,2009-10-14
1e5fa3b2-3e92-45ed-b0b5-1c22aa31b23a,140601,42.72938396,16.03558559,,2007,2007
1e692757-b394-4ff5-9bd1-b48a0467fb09,342036,-32.7143178214,152.1508579749,,2024,2024-02-01
1e6ea0dc-a058-4f7d-b9ea-8f1318c58116,342305,34.6116447449,-120.795036316,151.9,2000,2000-05-23
1e72a054-e543-436c-87bd-6e04bc1a52fc,341952,32.8431166667,-117.2817533333,,2025,2025-10-08
1e76414f-572d-4718-9a6a-38f4dc94af51,342305,39.4906085275,-123.8023878037,,2022,2022-10-14
1e792a81-b89f-4d88-a947-5ea2731a5995,210788,9.9800618062,123.3691871591,,2026,2026-07-09
1e7c66b1-c934-453b-9cc0-963cddecdf4a,140600,60.7373,2.5677,124,2008,2008-02-05
1e80c56d-11e8-4fe8-a55b-15316b7dbcc8,534126,42.995,3.7975,92,1987,1987-06-07
1e85356d-bacd-4fb7-bcb2-5a8db1489077,140605,44.0621218607,9.9251655658,,2024,2024-08-17
1e89a2bd-0322-4d0f-9c28-2417e8f3714c,527149,11.49216667,-73.45183333,476,1998,1998-11-25
1e8f7744-b706-4cef-b6c4-b8f69056aef6,342381,-49.4082,171.4465,343,1995,1995-08-31
1e95ae7a-f657-4ab0-9fa0-cde83c946c12,342036,-34.0715701115,151.1569881638,,2020,2020-08-19
1e9aa75f-4f67-44d1-b12f-4fcdf3cd71b0,140605,40.819210038,14.0766888651,,2018,2018-10-18
1e9f76ff-6f49-4e0c-adb0-a3ad05bc67f8,141694,40.466999054,12.9829998016,30,1972,1972-02-29
1ea27358-c353-4181-8c92-4d68f63cfc1d,535605,-45.7983166667,170.64467,,2025,2025-03-21
1ea987bb-152c-47fe-9fc1-0ac61711f3a6,157011,49.32883333,-63.83116667,324,2019,2019-09-02
1eaf821d-5be4-477b-9274-a81154cb9f33,239392,-61.28,-55.71,161,2006,2006-12-29
1eb5b83c-6e64-44c6-82fb-e371d75e21cb,342036,-33.3867889875,151.4848192199,,2026,2026-02-20
1eb9ed63-d0b6-4009-9ba1-8906d5ac5ec5,140601,39.82,4.17,59.2,2007,2007-06-23
1ec5fb17-ccfe-4fbc-a231-9af9492b70b1,535605,-37.80833,149.065,28,1993,1993-07-31
1ece878a-f9e2-4807-9cd8-91e6bf0a20a1,140605,28.9183631105,-13.6648348898,,2023,2023-12-27
1ed6015f-80d0-4ed3-9ec9-5aaba755bd09,140605,38.1737879342,-0.4700614993,,2025,2025-09-16
1edf118d-aebc-43f3-a3d4-e92ce817174e,342036,-35.2219383333,150.5376133333,,2026,2026-07-12
1ee8a9cd-ec64-4c20-a142-25a20eb1197e,342332,-33.8398127433,151.2534754633,,2025,2025-02-19
1eec0263-d822-4d1c-b365-3318707a9763,140605,39.2101094276,23.3334767154,,2018,2018-08-26
1ef2944c-91ac-488f-be53-5c816b3d2073,210788,-8.693657,119.563999,,2016,2016-12-20
1efcbd5a-22f0-44e3-9470-9a67ecd780a3,342010,-0.04116,-91.52752,,2008,2008-04-21
1eff58b0-f033-44ac-a5da-43aefab6fc2c,140605,29.827,-86.148333,43,2012,2012-06-08
1f030409-ada2-4522-a5ae-44fa429d9e21,534099,1.4413884371,125.1997439707,,2008,2008-04-06
1f04ef7f-b74d-4e32-822c-11d83794b17b,140605,39.2028,3.0852,60,2009,2009-11-23
1f1041e7-c906-4f8a-b66a-f6854251d076,410340,26.1499996185,-58.4500007629,,1979,1979-04-21
1f19134e-fd56-4f7d-a9af-1db4d1b9ad9d,140600,60.85415,-0.8888118,15,2009,2009-08-10
1f1cde69-3b77-431f-a704-d5e8b22a8e4a,341954,16.0888097098,-86.9105667658,,2015,2015-01-05
1f1fd3d6-a263-4f66-abd6-4d91d07e16b3,342305,54.062892,-166.289134,126,2010,2010-12-09
1f26298a-4ed4-4001-ab86-6d75907347c2,140605,42.3300018310547,1.1599999666214,,1951,1951
1f2d11ac-516e-4c1a-9e93-c6c6258227fe,341952,32.715405,-117.232405,,2019,2019-05-24
1f2f8345-a947-476e-9b12-8ee899a9855b,341973,31.043933,-114.811726,,1953,1953-04-03
1f33579f-bc3b-4023-9b98-41cdeee66dd5,342036,-33.3906945017,151.4870218086,,2025,2025-10-10
1f390dd7-795d-48d0-b766-ded1e998f3c7,140605,36.72,-3.29,68,2005,2005-05-13
1f3e6a6a-df2f-42d5-9f69-62456a3d4a0b,342332,-33.8397716133,151.2535048067,,2025,2025-11-05
1f42897a-db67-4898-911f-6100afc851a1,342381,-40.76,173.69,62.5,2013,2013-03-27
1f46c2ff-ae5f-4690-963f-3c05736a0359,140600,38.68,1.08,125,1999,1999-05-20
1f4bd640-cea4-4fa0-b3f6-2d6a15fb0c23,341954,20.3679419277,-87.0360581846,,2008,2008-01-17
1f4feb61-87af-416c-aa8a-083b7e5d1423,342023,47.5228931699,-122.3957245259,,2025,2025-12-03
1f588325-5f8c-40d3-bd69-6c6cccbc291a,342305,48.4069751556,-123.3608443656,,2025,2025-11-22
1f5ee6a7-ed1d-46fb-9e37-54e322a77d3c,140600,39.55,0.16,152,2006,2006-06-09
1f63a39c-f382-430e-8694-15ab4c6a13a9,140598,36.47,-4.32,428,1995,1995-04-23
1f68a5be-314f-45ea-825f-a8a528071c75,140606,39.94,3.48,137.7,2009,2009-05-14
1f6dd394-0219-46da-8f74-7643a7876b7e,140605,38.68936295,-9.36359874,,2025,2025-04-12
1f76a4d0-ca63-4dc0-9f18-cb322f05b788,342036,-33.8397598042,151.2539733238,,2019,2019-08-07
1f80a492-ab30-4ab4-be05-f9f0a7a8aae4,342036,-33.2811722299,151.5783275664,,2022,2022-10-17
1f846738-a3a1-4e3a-896c-378fedbc571f,534099,1.478794,125.235109,,2018,2018-03-12
1f8e3ba6-d042-4107-aeab-586243faa72a,138803,-23.8672783333,35.5305633333,,2024,2024-08-16
1f94036b-1816-4d44-99aa-f19fb7eb9012,342305,34.6160163879,-120.790100098,134.7,2000,2000-05-24
1fa0ab4c-b975-4b0d-a616-3f14c4e09150,140600,50.7422,-4.9592,30,2017,2017-03-08
1fa1d583-5364-4f7c-8035-165eda22d9aa,342036,-35.4119233503,173.4551686049,,2024,2024-01-08
1fa7f946-893c-43ea-aa61-62af17f6570a,342334,-35.0848,137.749,3.6,2015,2015-01-20
1fad7be2-f202-4d27-962d-14f1594e0c72,535845,15.3330001831,119.967002869,,1922,1922-01-16
1fb2a2c8-e9ba-41ca-9566-a50b952f5bc3,140605,43.4338368852,3.8043157124,,2021,2021-09-18
1fbb66ba-c7cc-4d9e-a96c-50f7d6a1fdec,140600,50.1615,-4.2075,28.5,2021,2021-03-23
1fc0abf5-1a13-450c-8739-2cefd1546102,140600,48.5052,-8.6105,92,2019,2019-04-04
1fc7cd59-c4b1-4d37-9012-0fd12429d984,342036,-36.2156953037,150.1319192122,,2021,2021-02-23
1fd05144-17d6-4798-a62e-a0e981378de6,140605,39.6015,3.6017,88,2006,2006-06-20
1fd63f11-58a1-45ba-8928-f690c4047fc3,140600,38.8,0.19,116.8,2009,2009-04-24
1fe04ef1-c79b-487f-903a-74b6fa414aa9,342036,-33.9947456107,151.2212830001,,2017,2017-11-14
1fe74a28-288b-4de6-b23f-e1f7d40bc0a3,1043781,49.17095,-123.33258,,2012,2012-06-12
1feedc60-24a2-4473-97f9-0aecb4643a6b,210788,-26.616738,153.145671,,2025,2025-10-18
1ff4cd07-d031-4710-8837-6da3ed0d5163,140607,39.401,3.3987,76,2001,2001-04-10
1ff7de2a-bfb7-4dfb-9b76-1d8b7ded8956,140605,43.1884716865,5.3851325158,,2025,2025-04-27
1ffbe419-c9e9-4a06-97cf-60d2323f375e,342403,1.492173,125.23654,,2026,2026-05-07
1fffecf0-9989-4c68-b2e6-450a09b0553e,534099,-24.0125,152.6,,2004,2004-04-15
20053553-2196-4b49-8948-8f87e429328c,157011,49.557,-60.99616667,281,2018,2018-08-25
200a6eca-9c25-42e3-aaf8-574fc9f132c4,140600,53.193,-9.4245,39.5,2011,2011-12-12
200e81bc-5342-4768-915a-cea5e0251bf8,210788,-17.4909005268,-149.8264658825,,2022,2022-09-19
20113fd6-49da-4ba5-92ff-70ea66810bf0,138803,40.283000946,12.8500003815,,1970,1970-09-08
2013cbbc-3b8c-49c9-a5f2-9c7279fc8c85,342381,-44.1555,172.0178,42,1993,1993-05-11
201fce12-8f07-4a02-98ec-e9d962954302,342305,54.060591,-166.200642,93,2011,2011-09-29
20229146-b4e8-4003-af44-46239f8b24bc,140600,49.1171,-6.5147,57,2010,2010-03-17
202c3a9f-a5e7-4377-91bc-8e3487f51021,220324,11.4624996185,123.395828247,,1978,1978-06-04
202d47e2-0a05-4df3-a5d3-4cce65096739,342023,47.2496466877,-122.5529356607,,2023,2023-01-23
2036209c-5aff-4ee2-ace8-65ed0912929e,140605,37.1000289917,-8.3766889572,,2018,2018-08-15
203c8c5c-f9c0-4986-9a16-da33ab588d95,341952,33.6766274614,-117.9396792266,,2023,2023-06-21
20442bb8-7a02-49dd-aa64-b2d354036f1d,140605,45.34306,14.40917,,1921,1921
2047c07c-4444-4978-89ed-0ba33f562343,341781,37.6261,-25.3784,0,2021,2021-08-17
2051b012-8e37-4034-83c6-b99a39356e70,140605,42.6888091043,9.4488337541,,2022,2022-05-27
2056c1a6-afd6-4142-ab43-9d5eb0b5468b,140600,53.6283,-13.7277,136,2011,2011-09-26
20605990-dd96-4406-b3dc-c6834f7bc6cd,140600,51.3075,-7.482,43.5,2018,2018-11-26
2064d2cd-bfe0-4aee-ac90-7b31113057b3,341983,15.6638114082,-96.4951230213,,2022,2022-04-25
206aa6f7-34a4-4575-bbae-f03cfc780775,140600,52.9335,-14.021,99,2018,2018-09-29
206cd393-c581-4cb3-815c-bed7f7e58bc3,140605,43.3283391973,5.220253134,,2025,2025-08-28
2072141e-add4-44e8-a6e5-188225291d7c,140605,46.5012430661,-1.6404639251,,2025,2025-06-27
207bb052-2995-4c39-8ed3-285ef2527ba5,1043781,48.46447,-125.36951,,2018,2018-05-16
2080bd05-77f1-4518-929d-133d2f0a83a7,140598,37.87,-0.16,467,1998,1998-05-15
208703ec-a588-419e-84b9-7714deefea79,342305,53.318,-133.096,309,2007,2007-09-14
208bc75b-16e4-4683-9b17-096899ab3cb2,140605,27.447666,-83.0255,19.8,2010,2010-10-19
2092ef52-e0c7-4207-8626-aab1dc13dee9,141962,5.9833,92.4833,200,1929,1929-11-06
209748a5-bdc2-40ce-8a84-baad986e256f,140600,50.2873,-3.2028,29.5,2023,2023-04-02
209d5f44-b8da-41e6-a0b9-82d3ab31ae9f,140605,36.5670013428,11.1420001984,68,1999,1999-07-23
20a483a1-3450-46ff-a9b1-d1ab535650ab,749548,26.7829144305,-80.0419735073,,2019,2019-05-09
20ab69ec-fb20-4eeb-86d8-486b12d5a591,342101,-38.2855,140.351,1030,1988,1988-02-04
20ae604c-ee5c-4b4c-878a-ea07adad9390,342036,-33.3626224704,151.5035038032,,2024,2024-12-14
20b4b634-17ec-4321-91d9-0ade1540f001,342212,71.3830032349,-156.5,1,1948,1948-09-27
20bba7d9-3453-41a1-8ce1-536125f84e7e,535784,-34.2900009155,25.3700008392,450,1988,1988-05-22
20c2c4f9-1cba-48e7-909b-5af310fc1c84,140605,38.6928347936,-9.4426135035,,2025,2025-09-13
20cddeba-35b3-4315-b1a2-8d46a0f791f1,342305,54.079276,-166.217759,128,2010,2010-03-17
20d631e6-3bd5-4e5e-bb43-fda374128659,140605,42.4075829166,3.1581848332,,2026,2026-04-11
20dfa15d-7452-4c64-828e-62dabf06bb97,239392,-54.14,-38.7,236.5,1994,1994-1-24
20e2c559-6744-4ca4-8181-7bdfbeff9d4b,210788,19.6910232684,-156.0413401308,,2024,2024-12-22
20e5a0c8-70cd-4bf4-bc08-8bf279f7d2d0,341786,7,-78,,1952,1952-04-21
20e93378-2587-42d5-a743-123b01611567,342332,-34.0711691387,151.1468480716,,2026,2026-03-23
20f20ae7-8732-47ec-8d36-c90725d7169b,140605,40.9462123933,9.7399588501,,2017,2017-06-29
20f5a1cb-8562-4121-955d-05042cd5f4a8,140605,40.1966522123,23.6816661827,,2020,2020-09-08
20feb76b-a0bc-4856-a564-269dac777263,140596,57.721,-60.594,234,2009,2009-07-21
210b5c56-0eab-4570-b2e2-ae8013f137b9,1813559,40.831792,-124.428606,343.8,1948,1948-04-25
210fe6b3-31b9-48ac-a3dd-c1ba0660e89b,342305,54.05324,-166.267399,92,2009,2009-10-11
211393f2-df65-4377-97ba-f5e938539948,140600,52.4365,-13.668,174.5,2013,2013-09-09
2119b902-000a-4c0f-89f3-68ceaf1c00b5,239392,-61.15,-55.68,73.8,2002,2002-2-1
211e36c8-1c8d-4aaf-b005-7f75f53adf5c,342036,-36.2915007057,174.8091333422,,2024,2024-12-02
2124664f-a63f-4718-b254-3a1ad4e62a7f,342036,-33.799453355,151.2960198386,,2020,2020-06-05
212bd68b-3317-444f-9832-462e3f6518ef,325325,-61.29,-56.22,322.2,2002,2002-2-2
212fd012-a95e-48e9-be4b-089fa1467389,140607,39.9,0.9,145,1996,1996-05-15
21339579-b834-4c5d-bb2f-0241b8d1a9fa,534443,34.9529665326,128.7839849306,,2024,2024-09-18
213ee062-5f1c-4850-8fc9-79ee546cafc2,341950,-34.9334,137.353,2.7,2015,2015-01-22
21459d01-d483-46d8-88eb-17c472485332,342047,-8.8185725438,119.6553442076,,2012,2012-03-01
214ae7c6-4baf-40be-9d18-fa73715cef09,342305,54.079437,-166.229989,246,2009,2009-08-11
214fb1ae-2b1e-4325-bce1-0fd3055a6d22,342036,-33.3865747912,151.4847419413,,2023,2023-07-06
2156f5a7-ff5e-4e43-87f1-5335b7f9c8e4,140596,44.85,-54.38,485.5,1995,1995-10-15
215ec750-699c-41b7-87a3-36e746464038,325325,-60.87,-55.5,252.4,2006,2006-12-21
21676d3d-95dc-4edb-ac4f-8bc4fca261ed,140600,54.933,-9.013,39,2017,2017-11-28
216e1d8b-895e-4ca8-88a3-251644c3535c,342032,-42.4133666,-64.3144833,,2021,2021-05-01
21732868-80da-446d-91a6-b7a861eccb8d,535605,-41.348584,174.761982,,2018,2018-09-14
217c9b01-71d0-4d98-9026-37801503b810,140600,48.7843,-9.6498,87.5,2019,2019-11-16
21816a40-eb89-438f-9240-ae0ba2b5872c,534425,8.78333282471,78.1333312988,,1926,1926-07-02
2189852e-2478-4778-88b6-593f3ffcb908,140605,39.96,0.08,30,2003,2003-05-10
218d0a03-e0b3-4b9b-ac2c-09a25e4d879f,140605,28.9172229316,-13.6634143056,,2023,2023-09-18
218d9caa-f232-4171-a2b4-d7a0d60ceeac,210788,5.887053285,95.3012876902,,2025,2025-09-08
21950abb-c579-4d9f-a300-d6a6075d0ee7,140605,42.3645299681,3.1638395062,,2024,2024-11-18
219dff8c-b478-4d21-80e2-74f35fef8aa3,342023,48.93473,-125.14215,,2009,2009-05-08
21a338c4-7ed1-4fb9-8a65-da0caa9e3b79,342381,-45.968167,170.689167,,2018,2018-04-14
21aa19f4-e13a-44b0-b726-b46c4fb8a32d,140600,53.1873,-12.7183,176,2016,2016-09-29
21b3167f-238f-4dd0-92ea-13b1bc4ab0df,140605,40.23954,-68.30115,288,2004,2004-10-06
21bbc4f5-09d1-44a6-879c-64333a14dccd,457762,13.0038198716,-61.2409523984,,2026,2026-05-29
21c22284-1eab-461a-aabc-c6485c6a494c,140605,43.3285484773,5.2307026921,,2026,2026-06-29
21cc23e3-0cbc-42c1-b987-ccadec0a0dc6,157011,48.66233333,-62.387,391,2018,2018-08-16
21d04cb8-83c8-4eb3-8360-fcdc6e047998,138849,10.9600000381,-19.7974996567,855,1968,1968-02-17
21d8043b-2dad-4560-91ef-a4363daad234,140605,43.3871946198,-1.8148661032,,2026,2026-05-28
21ddc0b9-e91a-46b5-922b-a1aad9a12b07,1530663,-41.09371435,174.78514735,,2026,2026-06-21
21e27aed-81aa-4a76-9445-efa5ef1e70d1,1438202,-47.6933,179.095,48,1962,1962-11-04
21e7afa1-79d5-4712-af09-02d305466929,140606,41.5427,2.9761,111,1991,1991-09-05
21ef03fc-a374-4594-a596-6781ac9dfaa3,210788,21.2753167686,-157.6845814346,,2022,2022-11-13
21f451c7-b33a-4f92-895b-c23f32b13934,342015,-32.916,152.3,,1993,1993-04-01
21f67a3a-aebf-4ffa-a80f-c09924146ed2,325327,-60.96,-55.91,209,2002,2002-2-5
21fc81f9-6174-4821-af2b-78e04ee96d05,140596,40.63275,-66.918092,274,2006,2006-10-01
22015fe7-0897-4848-8805-0a7c47c7c1c8,140600,49.4869,-8.0627,67.5,2020,2020-12-01
2206b072-cf86-412d-b722-f774ff261b85,527142,-48.9324166666667,-60.4133333333333,285,2010,2010-10-29
2214ecba-9df4-4b71-968a-b6f68868b7b3,342222,36.6311645508,-122.332489014,2203,2000,2000-11-04
2219fdac-9d9e-4203-95b1-ddbc0b3ac15b,342036,-33.9256858226,151.2593894452,,2026,2026-01-24
2222168a-9fc4-49ee-a104-bdde247a81c2,140605,42.3300018310547,1.1599999666214,,1947,1947
22299153-ab7b-4d6c-970c-d73022161705,140605,38.409591,-9.203538,,2011,2011-06-25
222c8f22-f627-4eab-8bd2-653e275bd0bd,140605,34.980957167,24.7482599634,,2005,2005-10-09
2230ac9f-e630-4db8-bba4-18d299663a30,140600,51.3395,-6.8985,110.5,2010,2010-11-28
22390293-8d69-4bd4-9e1e-16b0be9afa8e,342305,54.05555,-166.223584,91,2011,2011-09-17
223d71aa-722b-4348-bdd9-b5f616c7097b,140596,44.06242,-67.335495,149.5,2001,2001-04-17
2241713f-0c85-4f08-b281-963fa5dbecac,140605,40.7422702785,9.7193193184,,2017,2017-07-03
22449c6e-9214-4fba-9bcb-16e521e58053,140596,44.241062,-66.981073,167.5,2008,2008-04-21
224b8764-d849-46df-a715-4e31b46944de,239393,-62.45467,-55.30383,224,2007,2007-01-04
22545a9b-5207-46de-a8fd-d8421ed64964,341988,-42.173844251,148.2826273117,,2024,2024-01-23
225bcaad-d3e3-46e1-92f4-57ed02021d14,534099,13.7017633333,120.8809283333,,2018,2018-05-12
226149ba-1cc6-4d5a-8471-3b00c146afa6,140596,42.319465,-69.710663,253,2001,2001-04-25
226c841f-9143-47cb-a226-fefec776e3da,1805272,21.2885282583,-157.8640928002,,2023,2023-02-28
2276cafd-5e31-4b2e-b2e6-188adffb4d47,140600,52.32977,-10.04264,21.5,1996,1996-05-19
227bd3e5-0331-4d3e-9857-1cd8409fd497,140605,28.9196176609,-13.6721909779,,2023,2023-12-27
22871aba-3f2f-4906-abf8-f5b2d571c69a,140605,27.616667,-83.966667,55,1967,1967-02-06
22916e6a-f058-4d7a-a9ca-a9490c8dc41b,140600,53.509,-13.9138,127,2017,2017-09-03
22948a9d-e47b-463a-8033-20ac056d7687,210788,21.2885282583,-157.8640928002,,2022,2022-02-27
22985f23-8616-4643-a08a-df5a2c85874a,140598,41.93,3.51,417,1996,1996-05-19
229d76a3-c79d-4c1e-9e46-3aab71536051,342036,-34.0694180075,151.1298417887,,2020,2020-11-09
22a3787d-310e-4cb7-857e-9926cc3e9880,420653,28.9185228949,-13.6648786067,,2023,2023-12-02
22a86298-5b51-4879-8526-0a8ad9b873aa,341952,32.7466119652,-117.2550392523,,2022,2022-07-15
22afa855-c59c-4652-bd1b-1f24bcf6ac66,140605,-44.38683,171.2658,10,1998,1998-04-12
22b610eb-1147-48b2-ab9a-0443a4282414,140605,39.8364164,15.7695705,,2019,2019-10-29
22bd08a0-4084-4f36-bd63-72bfa3f87b9f,341951,33.8499984741,-117.866996765,,1948,1948-12-26
22c7ba50-7da6-4390-acf1-a587d9b94b29,140605,42.3300018310547,1.1599999666214,,1941,1941
22ce9ae1-b6e1-4cdf-970a-e8222a91869a,140600,51.649,-10.823,153,2014,2014-11-20
22d8551c-1ab9-47ba-ba45-b953dc40e635,140605,37.97,-0.5,94,1996,1996-05-11
22dbb0b3-08ea-4156-b7fb-7c7829e6ec0f,138849,-20.3,57.33,,2014,2014-10-09
22ddfded-68ca-4c90-9e8a-2e1b643d9b02,1043781,48.7955,-125.33078,,2010,2010-05-08
22e22874-ca3f-4511-9fb1-391110f93094,140605,39.1649,2.9415,47.6,2004,2004-03-19
22e63e38-014d-46f9-8ec5-942dbf3dd8ce,535605,-45.8726808129,170.5857826971,,2025,2025-10-15
22ea5ee0-d642-4280-8b61-cff5d65a0e4f,140605,24.69,-81.19,,1930,1930-03-09
22f3d4c4-efd4-4d67-89d7-8eb805b23620,140605,41.6729953231,2.8022667664,,2026,2026-06-25
22f90f9c-699d-4b1e-b1d4-3ebf09613a40,140605,42.3906349591,3.1616293074,,2024,2024-02-26
22fe1995-1201-4bd4-9550-707633a606b2,140605,42.389725,3.160717,,2022,2022-10-30
230404d1-d150-402e-be7c-f1b2be46b089,140605,38.6400583482,0.0598937273,,2025,2025-08-02
2308f364-b27f-468f-97c7-1b9af61af950,341952,32.9494385665,-117.3885937302,,2026,2026-07-17
23120b9e-a82c-4f87-bd2b-f269186bb343,341950,-34.719395693,135.858053416,,2024,2024-10-13
23154ce9-2360-4816-9b1b-572ae1c5c557,342023,33.6690611111,-118.2255638889,,2026,2026-04-25
231a090f-a772-4457-a854-afe675c8c1a4,342036,-34.6683137981,150.8571604052,,2026,2026-01-28
231eb53f-6cdc-4d26-a847-5181477e7bbc,342023,47.5990021629,-122.4967851731,,2024,2024-09-08
2323d8c1-e377-4468-9706-a85001df0ff8,599403,-41.20803568,174.2829441,,2019,2019-01-18
232a12db-0992-49af-b8b9-a1514bba8601,535605,-35.839855,174.580972,,2018,2018-01-25
232dcb98-bb2f-4cc9-bb09-2b216fcf39b3,140596,63.67,-68.398,,1968,1968-08-03
233231a4-b384-4eb5-a049-717b62f9ce4a,140596,43.5495704591946,-69.5692884418377,153.8,2019,2019-10-02
2337d52a-fdd7-4f86-970e-25edccf2393a,342023,38.3075633333,-123.0557166667,,2025,2025-12-05
233cf77e-22bc-4378-831f-d0b38fc3cff8,457762,21.4670217815,-97.2356634834,,2019,2019-11-22
23435f24-5147-4809-90b3-e936414ad0a0,1438204,-43.398,178.2716667,339.5,2016,2016-01-28
234a36d6-fd54-4d1e-be89-a3621267fbca,140600,54.90796892,-5.76024374,,2021,2021-08-29
23538555-aad6-470d-a772-db6262b40f0a,210788,13.6902973223,120.8891202056,,2026,2026-07-05
2359dbd2-6199-48b5-944c-7fe565bde2c5,140605,43.3448741042,-8.3551132693,,2026,2026-03-20
23602eb0-0dd7-425e-b31b-be4d96ea1a8b,140605,41.7229080879,12.2911359742,,2024,2024-06-28
23642764-34dd-4d4b-b723-e9e406df6aff,342036,-29.940135119,153.2613124183,,2025,2025-09-04
2367c49a-fee9-4b30-bc35-b67328e7fa57,341954,12.0498592434,-68.8603346941,,2024,2024-12-11
236af58c-e20b-4b32-91c8-3bd655b8e9f4,342036,-33.3626301623,151.5038743355,,2024,2024-12-14
237080b1-034c-4287-9c1e-67d32c02b16d,342023,32.8577912676,-117.2606270384,,2020,2020-07-18
237a5a3b-f900-465c-a2fa-5041f04a85ed,140600,55.7596,4.3435,19,2014,2014-09-03
237f05e0-0b3f-4623-893d-b524c001be74,239393,-61.0699996948242,-54.6100006103516,189.6,2002,2002-01-30
2383c0c3-fbd5-4e47-b7f3-626f92b9a7d8,140600,45.2815,-3.279,251,2018,2018-10-23
2389c384-dd24-4c60-8d9f-74e8691a41c5,239392,-60.97,-55.88,177.3,2002,2002-2-9
23909dc2-7ec6-45d9-81c5-1faa1e72c7e6,342023,33.8367220086,-118.3962183933,,2024,2024-03-27
23948276-328c-4a4d-ac4c-38e41fb34c7a,210788,-8.7152565446,115.4571253095,,2016,2016-03-28
239edbd0-a9a5-4187-b5fa-14e3a8bc6b07,140605,36.62,-4.41,77,2000,2000-05-22
23a59361-df5a-4e2a-ba8e-0ed0ba0b4431,140605,31.5245777778,-9.7574583333,,2025,2025-10-26
23ac64f7-273b-473d-8c5d-8d68c2f87cd9,341952,32.7611655545,-117.2452284761,,2023,2023-08-11
23b31fbe-6982-4715-9960-db5fbe752d03,1043781,51.86413,-128.70378,,2008,2008-05-16
23b98693-7441-4223-9204-7ac9b8581c31,342381,-44.209,179.1097,944.5,1993,1993-10-14
23bde976-c4ac-44e9-bcf8-84ab6d723161,341952,33.7713660937,-118.1344988071,,2021,2021-10-12
23c2e0ce-782c-4395-89a7-60dfce7c1d6d,140600,59.2163,-4.2355,52,2013,2013-02-20
23c6f98f-131e-465a-8fe2-5394466f49b1,341952,34.0317633114,-118.6797774189,,2025,2025-12-04
23ca5d7f-493c-46bc-ac1d-d40eb0f504b0,140605,43.0274409253,6.0978806223,,2019,2019-06-16
23d30141-b7c9-4b42-8f7f-55429f28bee9,534100,1.01415,127.470817,,2025,2025-03-14
23dca517-7122-4975-b4ed-7adfb8c1bcc2,140605,40.0157,4.3089,74,2004,2004-05-10
23e0c2c6-2c33-4bd2-a3fd-337381d62b0b,341952,34.3728866667,-119.4770666667,,2024,2024-04-30
23e583e8-63e6-44eb-8c8a-248d05e3ce1e,342305,54.06499,-166.223141,101,2011,2011-09-28
23eb37da-5a63-4923-83b9-85740e65803c,140600,55.88875,-5.403061,12.3,2017,2017-12-10
23f225ab-00eb-4997-b1b6-57ee3631ffc9,140601,39.4257,3.3372,55.1,2007,2007-11-06
23fa75b3-ce83-413f-932f-82d16a86001e,342381,-37.0792,176.2462,397,1996,1996-04-13
23fe382f-8d87-4bb2-b0cb-7fe3db503f7b,140605,38.4368106285,-9.0831764099,,2025,2025-04-21
24043a64-e344-41e4-83bf-112217b40681,140598,36.34,-4.22,717,2000,2000-05-25
2407937a-027e-401c-ae29-b61387d93e15,342332,-33.79946,151.27875,,2016,2016-05-10
240d9d8e-be4d-4ef5-b330-1559c1e58c13,535780,-21.82918624,114.06873276,,2023,2023-05-18
241145b4-936e-4efd-a4bd-9b0c3abf919a,342334,-19.4733,118.92,,1983,1983-08-31
24149944-dac1-4ce2-a5eb-2e1dbb1cf3db,239392,-71.7727966308594,171.149002075195,236,2004,2004-10-02
241b0abe-7930-48a0-83f3-ad957d70188c,535784,-34.3166999817,23.2833003998,,2001,2001-09-21
24234383-0aab-46a1-b1c6-f3ef17b4191a,342036,-30.066,153.2,,1988,1988-03-16
2428316d-cdca-403b-a570-65b27e013c03,140605,42.289755,3.286085,,2024,2024-08-21
242edc8e-00bb-4b35-a806-bf8bba039d05,341950,-33.1,130.22,,1981,1981-12-04
2432d186-f37f-48af-b9fd-8a18d9a0fb11,342036,-36.3672203704,174.8331481218,,2017,2017-04-19
243bc50a-9346-4e2e-9f05-601e2e0eba8e,140600,57.6765,0.111,59.5,2024,2024-08-23
2444253b-0847-435e-9f35-afa13ecf33db,341985,19.3751967032,-81.4201152697,,2023,2023-05-24
244addef-3780-4056-9cee-6397815f53f8,342023,37.5213657936,-122.5163637601,,2026,2026-02-14
24510b61-ae94-44e4-a4f2-f57ea4f8caa8,140598,36.48,-4.18,555,2003,2003-04-26
24543f6c-e586-477f-b4ae-9ae5e6a639c6,140610,-36.38,151.8,114.5,1980,1980-02-11
2458e81e-38f1-4381-aac4-b4b739810571,140605,43.2290161695,5.348199181,,2024,2024-04-26
2462b8ca-1938-44a6-8eba-cb979222fc0a,140605,41.3600006103516,2.50999999046326,,1963,1963
24688257-b3aa-4543-a6b0-2955ce9491e0,341952,33.673022797,-118.3941065635,,2021,2021-06-30
2473e3d4-2507-4148-ae95-fc43093bca8f,342305,54.043391,-166.229916,80,2010,2010-08-09
247a2faa-3a72-490b-90e5-bdf7f73f2dda,140605,-10.90525,13.72383333,52,2009,2009-03-20
247f3d8b-a8cc-466f-9b42-6cd36f157a90,342015,-38.11067,144.564,10,1990,1990-03-30
24893452-39ac-4811-97fe-3ea4c75bef9a,457616,-21.0195007324,-175.227828979,13.5,1993,1993-07-02
248d1e70-78b1-46df-8534-0340e90b1a12,140605,39.5565,2.3453,60.4,2008,2008-07-07
24923daa-4d07-4fde-bfa0-1b12ef3c6262,140600,52.8998,-14.0712,107,2013,2013-09-12
24975f0e-955c-46ad-827c-fe8a9e835e7e,535623,-18.1228,146.936,,2005,2005-12-12
249b21ab-5a66-4819-a13d-6bd8fe1b4833,140600,47.2516,-4.0121,53.5,2021,2021-11-07
24a4971e-3d04-4a95-8674-0b48dd7dc6f7,342305,54.073988,-166.216786,112,2011,2011-01-13
24ace86e-a5f1-4ca1-bcb3-07bfb7680cdb,342305,54.059719,-166.241976,121,2010,2010-09-15
24b1e4c7-f03e-4648-871d-ceb334eb776f,341790,40.4329986572,-145.867004395,,1955,1955-07-25
24b6993c-1323-4360-a9ba-7ce1c6e6bba5,342305,54.054483,-166.226512,91,2010,2010-08-09
24bc034c-063d-41ee-9838-090ad1bfc4ac,210788,21.2839660638,-157.8477144273,,2021,2021-02-18
24c636e7-b598-44db-90f3-8770600b27c4,1561957,-32.1242597,115.7592984,,2023,2023-04-15
24cdd54b-59bd-411b-8093-0ffef1fa5de4,140601,39.2532,2.9813,52,2002,2002-05-25
24d6276d-bbc9-45d5-9c93-be3c1af8ba27,342036,-35.005655,173.9304116667,,2021,2021-01-16
24dbf9d4-7ed3-49b4-8888-a19a5f31a62d,325319,-53.76,-39.05,262,2005,2005-1-15
24e60482-bf89-409c-97e9-41629d0f5ec6,342305,54.061119,-166.21156,93,2011,2011-09-28
24ebd9d8-6679-4cf0-bd8f-821b35b6c5dc,342023,49.3020593819,-124.169442163,,2025,2025-08-12
24edc205-ceff-4346-8936-b7d99ce9ec80,140604,36.65,-3.76,325,1997,1997-05-14
24f129e0-78dd-4d40-996d-658c3a66d0b5,140600,57.8303,-2.4468,46,2016,2016-08-28
24f4fac4-62ee-491d-bfa9-53e3108778b4,140600,40.18,4.13,250.4,2008,2008-06-12
24f88a0a-2769-48d7-9131-411a90498b2a,341985,29.833333,-80.566666,29.2,1982,1982-06-24
24fc0acb-e4ae-49dd-8b68-a4376ce8d4a5,342023,47.9982075488,-122.2941863194,,2026,2026-04-18
24ff8943-2989-4bb8-a752-9d91d742e842,325338,-68.5645,-178.3291667,3206.5,2008,2008-03-01
25031b86-f3af-435f-9aaa-f2490f09d45e,138803,35.8581799722,-75.570182,,2022,2022-11-28
25082885-e958-4e1c-9151-49eb065125ec,140600,39.0737,2.6393,453,2004,2004-10-05
251082de-4e6e-4b9a-9fcb-1f2c4ce8b7b1,341952,32.674522,-117.239504,,2015,2015-03-17
25186ecf-1b1c-446a-b2d5-44093835a59c,342036,-33.9922329866,151.2293041294,,2026,2026-05-16
251cbf7e-6fd2-4eaf-9c35-512c5c493a49,342036,-34.0563618583,151.1554923447,,2021,2021-01-06
2520f2bf-d0c7-4ebb-ad9c-1324bf4d1ee2,534126,26.7831061,-80.0447607,,2021,2021-06-14
25264d60-38a7-425f-8e79-37eb9a9a8544,140605,26.4,-83.366667,55,1965,1965-10-13
25329718-df2f-4933-8930-72ccee9820e5,140600,50.352,-2.4599,27.5,2014,2014-02-16
253d05c7-9a0d-4592-b7d9-e93c6bff9ad1,325334,-60.89666667,-55.61666667,132,1996,1996-12-9
25450515-295e-4973-b320-69c09c902e40,140600,57.8308,-0.3351,51.5,2021,2021-08-26
254a79c8-8a4f-4697-9c4e-c76fd423a96a,457762,-9.042556936,-35.1967387071,,2008,2008-12-27
2555f302-e940-4e3c-aed1-ff03c32018c1,342015,-38.3230908073,144.8388469219,,2021,2021-02-04
255aab65-5d2f-46ab-90e7-699729b95ff0,140605,36.001439,-5.61285,,2011,2011-09-26
25643d37-702c-41c0-ae82-d4f1bf57d422,342023,36.949078876,-122.0616372046,,2024,2024-11-15
2568b472-a229-43c6-82be-37faf4235923,457762,19.5974298853,-96.3747055449,,2018,2018-02-15
257062de-1c33-41eb-a58f-615300cd06c4,342332,-27.2318958828,153.1184124202,,2025,2025-01-05
257521c4-cc59-4cfe-8b5c-8c932a440c85,410340,31.466999054,-50,69,1963,1963-07-10
257db8ec-07fe-4f7a-9b8b-aa7cfd3263f0,534099,9.1867254667,123.2750220502,,2015,2015-01-17
25875066-2979-4da2-b85e-a215e7b24bb3,210788,21.581488936,-158.1810318485,,2024,2024-12-29
258a5782-9130-4cf5-b2aa-8d6363d479dd,342036,-33.3935130617,151.4867561259,,2023,2023-07-17
2590d6c4-c214-429e-a12e-ed216caadf6c,342036,-36.688993691,174.7548316001,,2026,2026-05-17
25980f98-fe3a-4b1b-9343-bc4129e7d65f,342036,-33.0872107,151.6400743,,2013,2013-05-14
259e23cf-959b-430d-88e7-0112be55c7cc,342023,48.8378731412,-125.1439614473,,2020,2020-09-22
25a6e835-c10c-4130-bb68-3eeb25193447,341954,19.3831767758,-81.4171326533,,2026,2026-01-24
25ad7273-e659-48f4-8ae1-db6adaa42645,140605,39.6751971801,19.7081322223,,2022,2022-08-26
25b40417-c3b1-46f0-a576-8c0ca386158c,457762,11.2684,-74.1922,9.5,2016,2016-02-25
25ba774e-ad12-4dc1-9229-450d17364d04,140605,41.18,1.8,27,1999,1999-05-30
25c1d735-3d2d-4cd2-a56e-6bd2ce77f36c,341950,-39.636,145.085,,1981,1981-02-03
25c89cc1-2e9a-4cb2-bc52-d8aed05bb700,210788,8.2365662825,171.1428545786,,2023,2023-07-30
25cbc032-7cc9-402a-a2ca-10a1e17e69e9,342305,48.61694,-123.50194,,1981,1981-01-08
25d0716e-03ae-4d7d-b460-d71f02a73276,140600,52.9837,-12.7038,201.5,2017,2017-09-04
25d8de78-9a61-4ff7-9784-c86b0f70c162,342036,-36.605475,174.883575,,2025,2025-12-07
25de5ce2-663c-41a7-8006-e9f822871fdb,210788,14.1352860966,145.1329852029,,2023,2023-01-01
25e2cb92-67d7-4b90-9125-322795e98f74,140600,53.0308,-14.1525,99,2010,2010-09-10
25e7efb6-48c6-4cd9-8fc2-e314091bd1b9,140604,40.221,3.8593,392,2003,2003-07-01
25ec993b-8665-4cf2-9214-9e4c4e0942e0,140600,53.4557,-14.0387,118.5,2021,2021-09-08
25ef89af-7ecc-449b-9264-8e31217a5ca9,210788,3.6087644323,72.8146832181,,2024,2024-08-10
25f57ae9-ed66-47d4-b139-3f330da45173,140605,42.72938396,16.03558559,,1958,1958
25fe6fb5-4239-41de-8f67-f9955e34d213,341954,27.6957,-82.7383,,2019,2019-01-01
26060535-eaaf-43b0-9dd4-041f6bb18ad6,140605,42.387827863,3.1636613762,,2025,2025-11-12
260a2cc4-4df1-4011-b711-1993acd6011b,140605,34.1749992371,10.8800001144,37,2004,2004-09-22
260d4c57-33cb-4d4d-af5c-7f00a806c2e6,342305,48.4107966667,-123.3080216667,,2023,2023-11-29
261566a2-a26b-4078-9c24-97876df7d9f5,410340,31.7999992371,-62.8499984741,140,1971,1971-01-15
261d593f-ee5a-4153-b39c-bde7e03bb46d,341952,32.7595888684,-117.2420562817,,2024,2024-07-24
2621123c-c45a-4d0e-98de-2c734d6f4471,342023,49.55712,-124.01887,,2019,2019-06-17
26253f73-11ba-49bd-ad38-4af2daa27770,342305,54.053532,-166.256554,121,2010,2010-09-20
262cebbe-5b2a-41c0-8456-7c809102e399,210788,-14.1686897278,-169.608032227,14.5,2004,2004-02-06
26309c94-7bf3-4419-bf97-bbd43b535efb,140600,52.94798,-4.685506,40.5,2010,2010-06-01
26357716-b097-48a7-959a-de1cf478b13c,342010,-0.4987,-90.5162,,2000,2000-11-18
2638b4e1-0326-40b2-9f0e-3a842a6f959b,140600,56.2051,-0.8677,35,2003,2003-08-27
263de088-0486-4a36-a4b4-91125aea7437,342305,54.057135,-166.286865,95,2011,2011-12-01
264250fd-c70c-4d99-9f7b-83641d88ab5b,140600,48.4237,-7.5678,84.5,2019,2019-04-04
26467152-c5f1-4d6e-9dda-27460142fab0,140601,39.4153,3.3167,54.2,2008,2008-12-03
264c3e33-01b4-40b6-98e6-b1b4c003cc0e,140600,51.39162,-5.577356,75,2002,2002-01-01
265257a9-e36b-41eb-acc3-cda586bc3c02,140607,39.9131,3.3689,111,2005,2005-06-28
265a9b81-c28f-4798-bd59-d417b7e5c810,140605,42.1063874,3.1723449,,2022,2022-08-25
265f76e5-3cff-4dbb-aa05-f174ef09f680,342385,-44.60633,167.833,11,1998,1998-03-31
26618649-b3ca-4cde-bd48-3e053e04fd03,325331,-67.9550018311,78.0033340454,,1987,1987-02-26
2666fb72-7f1e-4e32-9d27-a20d1e4fc24d,342212,70.656,-66.675,907,2008,2008-10-25
266c244f-2f8e-4037-8d59-5371f50519e9,140600,52.7815,-12.3473,187,2016,2016-10-05
2674d3bf-48bd-42c4-aef9-bf92a200b0fb,325324,-61.28,-55.71,153.6,2002,2002-2-1
267b5289-4187-49b6-9bc1-b8edbaf99c71,140600,54.4136,1.1428,30,2020,2020-08-25
2680e00f-0778-4418-bfa4-2eb5e6ac8430,140600,54.17795,-4.384186,26.5,2010,2010-10-24
2683c09a-c8fa-4b7c-910b-bdf567b2c2ef,1813557,-18.6170005798,11.3669996262,522,1981,1981-04-17
268a4d86-59e2-462f-8161-82fb6b981749,342333,9.9414833637,123.3680007435,,2025,2025-04-09
26905598-a180-41f4-83e3-1cbeeb41d441,210788,4.225195,73.52007,,2015,2015-10-23
2694d220-cfa3-407a-ab1f-426a318bc9d1,140605,38.52063333,-28.63821667,,2015,2015-09-21
269f69f9-66a5-42f6-a531-af53178e2c55,140600,38.86,0.97,460,2005,2005-05-22
26a4948b-8f83-4d78-b6b4-4a3637443fc5,341985,27.616667,-83.116667,18,1966,1966-06-06
26b0ed48-f8d8-4329-b0d7-35ee6fdc2c1c,140605,-30.9884133333,30.277255,,2025,2025-07-01
26b67c68-9301-4184-bdfb-30ef0bb572ba,342036,-34.8142634297,173.1191990665,,2021,2021-01-29
26bbd1e6-8350-49be-860d-d885c9d7699f,140600,41.68,3.37,228,2002,2002-06-08
26c52b34-3cf3-4c9c-a9af-14bd7c9cbb2c,749548,34.1819496155,-77.8117980957,,2020,2020-11-15
26c8e46f-1dc0-49cb-bc4a-672d67acdc96,140605,27.16483333,-83.731,53.2,2020,2020-10-15
26cfa36c-7d31-4444-a057-530d8783d4b5,210788,-22.2983607875,166.4350922108,,2025,2025-09-26
26d6148b-37f7-4ef0-b6b2-3386153300d0,342332,33.47348611,126.3512306,,2021,2021-04-22
26dd7f41-f5f0-4b3b-a55c-d2f771f7ff49,140600,52.8202,-14.4043,184,2010,2010-09-20
26e01069-aa01-40f8-9c1d-18c40f69e0d6,239392,-60.93,-55.46,148.2,2002,2002-2-4
26e6f0a7-5e29-4084-a19a-841ea2afb249,140605,41.8483835361,8.7613507056,,2025,2025-08-15
26ef49f2-7b01-439c-aef9-4ee870cb2813,342036,-33.9929436554,151.2303640364,,2020,2020-12-21
26fc0356-9738-4665-8c93-ef97b4f092e1,534099,1.4525883,125.2250546,,2024,2024-04-01
2701a12c-9257-49af-beec-94fa8a457fac,341952,33.711437,-118.283627,,2014,2014-11-20
2705ad65-3a25-45d2-97e2-29a68c9ad6e8,342036,-33.3628452211,151.5028443672,,2025,2025-03-02
270d1d6d-b7d5-4da2-a742-7d00ed87de1d,140600,42.39,3.42,137,2000,2000-06-16
27117e43-215f-4660-9e18-794b9ee75766,341985,27.87016667,-84.11983333,,2021,2021-06-24
271c6edc-3650-4283-bca1-8ebf28ed5f92,140600,52.9873,-13.3488,124.5,2010,2010-09-28
2720501c-5ca0-4699-92c8-2229b92cbcb7,534733,34.60366667,127.0711667,,2011,2011-11-24
2725d071-3186-4a4a-ae8e-10de182cac32,457762,24.630484108,-82.8737463731,,2026,2026-06-18
272d5ca2-97cf-49d7-9bbe-1fa8d057d2aa,342307,-45.8593838401,-67.4686975182,,2023,2023-02-04
273207f9-f070-49f1-84d9-7753fbd75686,342010,-0.694639578,-90.2208024636,,2021,2021-05-29
2735c5d8-6e01-4adf-beec-446671a9c7ac,140600,53.5335,-4.0142,21.5,2021,2021-09-18
27385175-1851-4106-bbb7-c1a2a719501d,215276,-33.7584610135,26.5141091904,,2015,2015-11-08
273ed72b-f4fd-417a-a6a8-3d527e483f29,140605,28.8566302765,-13.8431691793,,2018,2018-03-30
2745e68c-7ee2-46a8-91a8-45354fb738eb,140600,53.2388,-5.95,15.5,2011,2011-09-30
274b4b35-d8a3-4273-bad0-fc1738964c0c,342036,-36.3664789485,174.8338399445,,2022,2022-07-16
274d78a6-e60c-435a-9c57-2ed48e7ecb9a,342023,49.57393,-127.15107,,2022,2022-04-26
275c1ee2-d155-4c68-a944-067a7564214d,140605,26.916667,-84.05,82.2,1965,1965-05-31
2760be53-a9e6-41a6-8340-969013a04a8c,342259,-37,176.7,976,1997,1997-08-01
276c87e9-35e0-48ec-9697-42d8c6807338,535605,-41.3501765872,174.7906076451,,2017,2017-12-09
27702e25-5399-4486-a6f3-f382f18fff29,140600,55.2685,-6.1741,,2026,2026-05-08
27770292-84b2-4ebb-946d-2146b4256d07,1765489,-34.6743,132.479,1016.2,2015,2015-11-25
277b8835-568d-4ed5-a8a5-ca07bd2a065d,535784,-34.1100006104,17.4099998474,352,2004,2004-09-17
277fa425-eea5-446a-afeb-4b13beb6f4f7,140605,45.1064685058,14.6659984663,,2006,2006-07-07
2786401c-b921-4b5a-8b4d-17f49263bcf3,140606,40.0665,3.3922,465,2005,2005-06-29
278e74c8-7989-4389-8bee-8ee6755d1268,210788,28.4525032043,-178.314697266,2,2002,2002-09-23
27969b4c-cb1a-4ea0-a2a1-4a588f6d1ce0,140600,56.0472,-3.185475,12.6,2018,2018-06-02
279cd1bd-66d9-4816-bd0e-072fad724e53,535605,-43.8760999794,172.9913347897,,2026,2026-01-08
27a4b452-0423-4582-856d-3f440d3347a1,140605,-10.90677193,13.55830267,125.5,2000,2000-03-21
27ad006b-1c4d-4c96-8c0f-1f1b647d8bbd,342403,13.7235514,120.907304,,2022,2022-10-20
27b42c05-39e4-4083-9df7-a975b58ade47,342334,-35.3384022168,138.4443336883,,2021,2021-01-19
27c0fcc1-555f-41dd-8761-a169209b9e5d,342261,-62.0866699219,-40.733001709,3267.5,1964,1964-03-24
27cbdd74-9d2e-42a9-8533-56844645f597,457762,9.3882,-76.1791,9.5,2016,2016-06-01
27d53f24-2a6a-4729-99d9-77acd6b05503,1561957,-32.1240177915,115.7582227883,,2022,2022-11-05
27d92a76-445b-474b-9824-61f3ded4571b,342036,-33.0859055296,151.6398371403,,2025,2025-01-15
27dedaf6-3f08-44f8-96e2-44047eb0afb8,527142,-49.6238333333333,-59.7549166666667,222,2010,2010-11-01
27e343be-5351-4192-92e8-b3f564fd7601,239393,-60.8605,-55.49617,301,2006,2006-12-22
27e684e0-4e2d-442e-8c2d-be81359277d6,341937,-14.816,121.916,,1984,1984-02-17
27e9502f-4915-4bbf-ac46-3776dba7b217,325336,-62.314998626709,-58.6949996948242,491,1996,1996-12-24
27ef483c-d2de-470c-9b97-4dbc8fc44c58,342036,-33.0659799329,151.6407457873,,2015,2015-09-01
27f565a4-312e-434b-a2b6-ce8795b38c0c,140596,43.725417,-67.802183,214,2005,2005-10-22
28003565-b36b-4097-8567-52327f0dbec9,342036,-33.6785083333,151.3159777778,,2015,2015-06-07
2804cc96-022e-484e-86f7-7407cb3de78d,342305,54.063423,-166.215887,95,2010,2010-09-15
280ae6c7-e424-4f8e-82a4-8fb59693f4fc,140600,45.8482,-2.3983,50.5,2020,2020-11-06
28102f9e-cb68-42eb-95fe-70c7d9d4ea2c,140605,39.1028564635,8.2612849027,,2013,2013-08-13
2814af42-f829-48fe-aa19-7f78de626739,140600,52.6137,-12.2902,200.5,2016,2016-10-05
281e7572-83c0-4e00-817f-901dd14e5db9,140600,52.5507,-5.8238,34.5,2021,2021-09-24
28239287-96bb-4b46-b7e7-d279dc65f0bf,342023,48.768,-125.29485,,2003,2003-04-28
2824eec2-4c01-4f00-ab1d-aa7e2d4704bb,342381,-43.6907,169.1322,116.5,1995,1995-04-09
28275b4a-a127-4af4-af0e-025ef3525ed6,140605,39.3600414227,3.2252719435,,2022,2022-10-21
283095ce-ed4b-4c63-a090-705150b123e4,140600,53.1103,-13.3157,118,2012,2012-09-22
28360d80-f29f-4709-8c89-7d9922c77399,1805270,28.15322795,-15.69886073,5,2015,2015-08
283b2610-b3ab-457f-bfab-0ed48eb1b747,342036,-30.1567747788,153.2062502092,,2025,2025-01-31
2840e262-3f2b-4b01-8a95-5a7b907aad90,138803,-34.4525375164,19.3340260908,,2026,2026-05-09
28463df2-30d4-42f9-9b29-139d147ea10e,342023,32.8411111,-117.2816667,,2022,2022-07-29
284b891a-c824-42db-80cf-a4df2c006353,140605,42.72938396,16.03558559,,1974,1974
28531ffd-a79e-4e48-9d9f-35a2ec99f728,140605,28.9203787259,-13.6716982327,,2024,2024-09-03
2857d141-e558-4f94-89fb-69156a93f0ba,342036,-28.0982752468,153.4563967759,,2023,2023-09-16
285cf106-a4cb-437a-8858-7a9dadfd44a4,342023,32.8560511699,-117.2635548708,,2025,2025-06-08
2860a98c-30b6-4641-afad-8e4ee25f0797,342036,-37.46705,175.9849333333,,2022,2022-02-25
28673471-12c6-497a-a32e-68e518f37d0d,140600,53.7497,-11.8315,151,2008,2008-09-23
286e5160-18a2-4ac3-90bf-0b0904ba9f69,140596,42.366667,-68.85,207.5,1998,1998-04-16
2876b93d-e22a-4465-8fe5-e5ee08d53114,140600,56.691,4.3571,24,2017,2017-09-09
287ef728-b645-4ae8-b7ea-f8f1e6bd90d4,527142,-49.4330833333333,-59.9886666666667,240,2010,2010-11-01
2887944b-f333-4d71-9b60-693c7f79ad5c,534443,35.6029661041,133.0969099198,,2014,2014-08-06
289151be-fa20-43f7-b5bd-b239e441b26d,341952,33.8368749435,-118.3948041337,,2025,2025-10-01
28973514-e3c7-4411-bebc-2451c70785cf,342305,47.5067133333,-123.0573,,2021,2021-05-25
289ce48b-4593-47cd-bb8c-6bab235b1f2e,342305,34.371509552,-119.962936401,364.7,2000,2000-05-27
28a38a71-07a1-4f7c-9d95-a62e49a8055a,342023,38.3176620553,-123.0730935355,,2025,2025-12-03
28a751aa-f0ed-4920-ab01-11eaa615600b,342036,-33.7038286533,151.3104094743,,2026,2026-02-10
28aea5e0-9831-4c16-bc76-4fa50cf29221,325336,-61.0200004577637,-55.939998626709,274.6,2006,2006-12-25
28b6f1d4-c991-4a94-9407-48214f46658f,325319,-54.01,-38.53,157,2005,2005-1-15
28c07b85-ad14-45f4-9500-a990a96241a2,140600,51.70054,-5.578836,68,2007,2007-08-09
28c22b3d-15f6-472e-9200-e97c33e7f05c,342036,-29.7779710894,153.302432057,,2025,2025-01-29
28c6b3ef-207d-4e45-8dd7-5da6bffced81,325325,-60.97,-55.91,211.7,2006,2006-12-23
28cadef5-94bd-4cdd-aef1-dee6bb34cf5e,342011,19.0731365791,-155.8237995984,,2025,2025-12-03
28d2c1c5-566f-4823-a6db-c47ba86895f1,140605,43.2291770785,5.3486037325,,2024,2024-11-10
28d95f47-c253-4b63-96f6-82224bb95e3b,457762,12.1626758846,-68.2862704722,,2025,2025-02-11
28dc4c53-b819-4934-9574-05f916bd95b3,342036,-35.5570212247,174.4996560729,,2020,2020-12-28
28e02fca-5e03-45c1-afbc-9d35c55a179e,140598,41.21,2.32,396,2003,2003-05-14
28e78c41-b837-4782-8347-59f90aad8163,140605,25.167833,-82.647166,38.8,2013,2013-06-15
28ef68e3-fce5-4bfb-91bc-f925aff39660,342010,-0.964218013,-90.9564790875,,2023,2023-06-19
28f48231-28fa-40fb-bdc3-4f90d3b6a0cb,140604,42.39,3.41,140,1996,1996-05-18
28f9790b-9532-41a7-a3ee-1f89b2896f68,140601,45.64861,13.78,,1935,1935
29000f54-cda3-40f6-8769-3eb1b2e88d0a,140607,38.98,0.5,707,2007,2007-06-06
2909c309-dc0c-4974-aa29-d9ba7ce0c6b1,140605,43.3888466225,-1.7888931324,,2025,2025-07-08
290d8f70-53d2-4f82-beeb-119543c8c8cf,140600,50.0455,-4.8288,38.5,2017,2017-03-10
2910396a-1f5d-4c95-8ea4-74f8cce6993b,140605,33.7820014954,-77.9670028687,9,1993,1993-05-04
29192010-cb2f-4b65-b6f7-0fd00d80a76d,342036,-34.0727738401,151.1474990698,,2021,2021-01-09
291baf9d-32d4-4c39-b026-a0febb1b03f4,342222,36.5934028625,-122.235137939,1984.7,2000,2000-12-03
291fcdc5-10ff-4a7f-807b-39577f6ecbdf,535784,-34.3499984741,18.2999992371,172,2006,2006-01-12
292747ec-a569-49dc-86b4-e1a765f9949a,140601,43.52,15.75,161.4,1968,1968-08-08
292e4d3b-b9cc-43a7-aa01-1fd38765fda8,341952,32.8059372985,-117.2653694561,,2022,2022-01-16
2932732e-1259-4c76-9759-8c12ab1327b5,342305,54.054421,-166.204699,88,2011,2011-09-13
2935dac4-2d77-492f-967d-9cedfabef324,140600,50.7422,-4.9592,30,2017,2017-03-08
293a86ca-f29b-4028-b91a-75407e5682c8,140596,44.1872789399412,-67.7112428112082,193.9,2019,2019-10-22
2940ecb2-e0ab-44a3-a074-235f9b1431af,140605,42.3300018310547,1.1599999666214,,1947,1947
2945c182-b59c-4fe3-8c58-26d662766612,342305,54.059073,-166.206247,90,2010,2010-09-17
294884c6-de28-4ce8-ad66-744546b33d9d,342332,-35.51405,150.40007,,2024,2024-03-09
294f622b-29cd-4dc7-b5b2-9b7dbf848dbd,1043781,49.23485,-126.80362,,2022,2022-04-30
29574a4b-7537-4ddf-8476-93b1ecf93547,140600,53.7213,-11.3623,110.5,2013,2013-09-18
295d119e-e960-414a-882e-e1adc788fa21,325319,-60.93,-55.46,148.2,2002,2002-2-4
29620bed-219d-4002-988a-7dabfe2b31f9,342305,48.9557796963,-125.4333594069,,2025,2025-01-05
29685eed-a4be-4e5d-8538-0d1798b2d333,140600,54.09122,-4.79902,,1994,1994-08-01
296cd26b-9fc9-4883-b4a3-fd47d72a587b,1805270,43.2290307994,5.3475285058,,2021,2021-10-18
2970b8a4-6b95-40fe-b2ee-5d85e99064f1,534424,-43.3707,179.185,412.5,2003,2003-12-29
2974f714-0969-4621-9545-c9b71f119189,342305,45.8976638032,-123.8729062844,,2025,2025-05-25
297a7ab6-5f23-4a48-8d85-c5464cf584f7,140596,43.920265,-68.77903,97,2001,2001-04-27
297e104e-707f-4c7c-8a1d-4eb629d730cd,535784,-30.4500007629,16.1100006104,244,1995,1995-01-25
29849e50-f94b-417a-a2c9-6da8d54bb478,341952,32.7609838914,-117.2465771685,,2022,2022-08-22
2989b99d-054c-4425-b918-dc5611fd6e44,140605,43.4280774271,4.9388420398,,2025,2025-12-29
29978e09-1e70-4466-af14-5eafa98aa79e,342036,-29.0605594,167.9620866,,2025,2025-01-05
299c9066-1f92-4a77-a2ae-ac9531de38a4,140605,27.772833,-83.240666,25.5,2014,2014-06-19
29a37b1d-c1e5-449f-9e07-089e219ed70f,210788,-8.2736378779,115.5933383443,,2026,2026-07-15
29a944b6-43a6-482a-a7b5-989bfcec07b5,140605,42.7377572855,9.4706745325,,2024,2024-03-07
29ad8e77-0b4a-4ae2-bc58-42849a5a6558,535784,-31.3899993896,16.1499996185,400,2003,2003-01-25
29b1b410-2c44-4921-bc9e-63395602e212,140605,43.2852709298,5.3058010047,,2025,2025-03-23
29b4486b-61ed-4891-939b-a654c1e14020,140605,41.7715169993,-8.9011732524,,2024,2024-05-11
29be5c93-4e51-498a-9697-35d04d012e85,325325,-60.98,-55.83,202.8,2006,2006-12-24
29c4d2ef-8bbf-4ae8-b941-37ad5c8644fd,341948,-38.11167,144.56417,10,1990,1990-03-30
29c7f9d9-0181-43d2-9d1c-ff34d6299fcf,140600,57.31,-13.776,78.5,2015,2015-09-01
29ceba1f-60f0-4dde-8d3a-c5a798a0c101,342305,56.9884017336,-135.3292632704,,2025,2025-10-07
29d89b3c-80c3-4320-82cc-44a0b05023b8,140605,40.5999984741211,1.13999998569489,,1969,1969
29e07763-9cde-4827-a773-9e0cdafa19ed,140596,42.6669998169,-68.3170013428,206,1977,1977-11-29
29e551e6-cad4-44ad-893b-914820d6f612,140600,50.6475,-7.311,103,2020,2020-11-19
29e7ddd3-6649-45a6-b500-8c2419a162b5,341952,32.7605612514,-117.2455559064,,2023,2023-09-29
29f27a13-5606-451e-b270-ccc051d1c7dd,342333,-12.81,130.68333,,1978,1978-07-12
29fafd91-037e-49e8-aec8-c3960ade2951,534099,1.4730185834,125.2357057991,,2012,2012-08-24
2a00991d-9ff5-4ec9-b959-25fb429cfed9,210788,-17.1777697313,177.1838086919,,2025,2025-09-01
2a0633f8-ec59-45ea-bea2-037df4613de0,140600,49.9073,-5.6523,39.5,2018,2018-03-18
2a0ce3f8-8a60-4e68-acbe-73498021baea,342023,49.4572447094,-123.8345307561,,2020,2020-04-10
2a12e407-259d-4850-ada9-8f075f4cd847,535784,-34.5499992371,23.25,227,1988,1988-05-24
2a1e3358-c73f-48b6-ba1c-5f8a0fb12a01,342036,-34.9319883333,150.7758033333,,2023,2023-12-27
2a214d5d-e9be-4584-b866-ec0b4ebd3c86,342212,62.286,-59.919,1431,2011,2011-09-27
2a2c1f0c-3540-483e-851f-6458e05ec697,140600,53.3515,-13.008,135.5,2018,2018-09-30
2a30a928-ea5b-4bec-9534-fee4364df433,342334,-35.8319865,137.7484162,,2013,2013-04-27
2a378cf2-1a80-4a53-a5bd-49aee13f41e3,140605,-34.1836111,18.4252778,,2019,2019-04-28
2a3daaad-b045-485f-ae24-f7801977adb1,1805270,41.9578967887,3.2328556965,,2013,2013-07-21
2a46d712-a8c2-4e97-8dcc-e0f9e3032b8c,153060,-22.4829998016,6.117000103,900,1981,1981-05-21
2a4ac92c-c2e7-4de5-8ae5-43e047e11efb,140605,-34.2011465938,18.4579088453,,2023,2023-11-18
2a506d2c-35f6-4f22-a407-76e35ce7f35b,140605,41.7721337462,3.0266774656,,2025,2025-07-26
2a540e61-7360-4c23-85d7-ee1d3feb5be6,342023,34.000278,-118.806667,170.1,1953,1953-06-22
2a5f27f0-0bdd-40da-ba8b-55869085f029,140605,42.3300018310547,1.1599999666214,,1961,1961
2a6329e3-e89b-48b3-8e89-65820aac40e6,140600,55.823,-8.281,74,2019,2019-11-17
2a66e115-baa7-4c2d-a98c-b1178a7be74c,342036,-33.9256859,151.2593896,,2023,2023-06-23
2a6fdba6-f979-4de0-a918-922dce3f593a,141962,11.1424999237,-19.829199791,947.5,1968,1968-02-15
2a76002c-7575-46d5-9b0a-e5128ad87d1a,140605,43.8802828291,8.0326505449,,2015,2015-08-04
2a7c23d8-6d21-461d-a0de-0be8999aa218,140600,56.651,-0.2803,40,2016,2016-09-08
2a81f1b0-51b7-4953-972b-cafdd85e01f5,1561957,-31.993873493,115.7495355518,,2026,2026-01-29
2a89d9c7-85dc-4d90-a1bb-d066c1a8a1e3,140605,40.0345302888,4.1689946159,,2024,2024-07-16
2a8e3f06-3e43-47d8-b48b-4d5c10f9c181,866595,11.3,75.73333333,,2011,2011-03-16
2a93e91e-9913-472d-9ce1-7283edbafa86,140600,51.892,-11.527,251.5,2013,2013-11-22
2a9c2704-2c3e-4cfa-8a04-5dad61df1504,534099,-11.1699,143.968,,2004,2004-09-27
2aa0c4c3-35ba-4aab-a526-879628ba0801,140605,41.1714928395,-8.6894934892,,2023,2023-02-04
2aa7fa66-ddce-4f36-a406-2249ada79ae4,342023,35.5386498267,-121.0913413865,,2026,2026-04-18
2aaf4afe-21ca-463a-9505-8fe227921328,342334,-35,117.88,,1988,1988-01-22
2ab36825-bed5-4644-bd56-78cd42a23bf0,527142,-50.4166666666667,-57.8833333333333,154,2012,2012-04-17
2ab86f83-b0d8-4e43-8654-e9c5b73cbf26,325315,-76.775,167.836,731,2008,2008-02-15
2abf960f-4b4a-43d0-b630-ba1f89b062eb,140610,-29.512550354,1.20030003786,150,2009,2009-11-12
2ac38d62-e3d2-4796-9307-ad6f55bb41aa,342305,54.056661,-166.29781,95,2011,2011-12-01
2ac721ed-bff5-4d67-9770-c3d7cacfc2e0,534126,26.7714,-79.9358,,2021,2021-08-06
2aceba3d-29c5-42c1-8e91-32acffbbeaab,342023,47.5231857141,-122.3947206885,,2026,2026-01-02
2ad4da87-b657-4b59-8056-1aa6b93de805,457762,12.2012190657,-68.3914715555,,2008,2008-10-23
2ad6e3ec-8203-4a13-a1db-d0c4dbf9f53a,140605,43.3344446208,5.0291820668,,2023,2023-05-06
2add1518-2239-4ff4-8b34-eab5fccc73ed,210788,21.5565355605,-158.2467097779,,2022,2022-09-03
2ae1aa9b-4d37-4699-a641-2e7b7fa1851e,140605,39.9326,3.4408,120.7,2004,2004-03-31
2ae6a133-7812-49e7-bb90-14a60e54ed26,457762,18.44232773,-77.1813975756,,2022,2022-09-04
2aeadd27-22d9-4cdd-a021-ff8c5bf468c9,140600,51.7037,-14.1943,197.5,2013,2013-09-08
2af535fc-3959-4744-9eba-7300ee5ec48c,535623,-19.9374,149.628,,2005,2005-12-07
2af7d048-b0bf-4b33-8494-0c1393cfc335,342333,13.5144828422,120.9609819941,,2017,2017-01-03
2b01a3f6-c459-466d-9667-ee4ce84bcf66,140598,41.3,2.72,761,2007,2007-06-12
2b05bff6-a36d-4817-b628-4b1f49d65002,140605,38.91539,17.038,,2010,2010-08-04
2b10239d-18e2-49af-85e5-1609d244bc50,140605,42.2498519,3.2438716,,2025,2025-05-07
2b17176f-11ee-45bf-b66b-554a5424678d,342305,54.05591,-166.247127,130,2009,2009-08-11
2b214eed-493e-416a-bac8-348db3451a12,341952,33.5889416184,-117.8688707688,,2023,2023-12-29
2b25f8c6-9e02-4f87-a5be-f755d8127797,342264,-44.716,176.679833,1204,2016,2016-01-18
2b29a2b7-4f16-42f0-824b-bc5224765168,342010,-0.302094,-91.652915,,2022,2022-04-10
2b318238-468e-4c98-9d1e-5a6a16d1df5e,535605,-41.3331676077,174.8292925279,,2023,2023-12-21
2b39fb96-d837-4922-ab14-eec68b92f533,140596,42.393825,-68.818173,199,2008,2008-04-24
2b41dd9c-2813-4a81-bc1d-7f9b0020aa65,140606,40.0722,3.4222,428,2001,2001-04-19
2b4ae06e-e1b4-4bde-8741-aeee5c48998a,535784,-34.7832984924,22.7000007629,,1993,1993-04-30
2b4fd4ef-ae8c-4a50-816f-b90774175d1d,140605,42.1459529899,-8.8293864725,,2019,2019-08-10
2b5234c1-9d2c-4ad8-ac1e-9873d956104d,341985,26.4500007629,-82.0999984741,,1928,1928-02-21
2b597474-c043-4a70-9d22-2b4633b3412e,140607,10.7766499519,-20.1491508484,80,1972,1972-03-13
2b5d4222-aa7c-4f9b-86d3-c61a61661dfd,138849,31.7183303833,-29.7099990845,757.5,1981,1981-09-21
2b6057b0-93ff-4b27-a5ba-46f0f25591a4,341952,33.899717,-120.108744,25,1985,1985-12-03
2b650806-cfa6-4aa8-ab73-3c1e0b4f09cb,342334,-35.5598304173,138.615480079,,2025,2025-03-17
2b68c2ff-0123-4fff-ab4d-1a4a7742df17,341952,34.0307195,-118.6828,,2024,2024-09-17
2b6c9650-f14b-4348-8f4c-1c94d78d5823,535784,-31.6166992188,16.3833007812,,2002,2002-01-20
2b76184c-41c1-47f6-b10a-23379139023a,138849,1.8667,124.4667,500,1929,1929-07-02
2b7cc8e7-d069-4ae9-bbd4-05af400e964a,140600,57.8191,-2.5136,44.5,2004,2004-08-26
2b80c94a-67cb-4ab3-bf49-11096005ead8,140605,28.0661717744,-16.7708835372,,2024,2024-10-28
2b84f8ef-ca8d-4e91-a0ea-15400abc9ceb,342332,-27.23,153.12,,1994,1994-04-25
2b8a1142-b631-4d90-b09c-f5b44003ecbb,342381,-36.9918,176.2695,390.5,1996,1996-04-19
2b942341-d152-47d7-bf5e-6499521767d7,140600,36.71,-2.54,139,2004,2004-05-10
2b997d7b-05b5-47e2-a246-a1b67f5fc468,342010,-0.266999989748,-90.5670013428,,1953,1953-01-04
2b9d4f14-2f0d-46ef-b23d-e913b38cf901,535605,-38.4679067598,144.1072901004,,2023,2023-01-24
2ba95c9d-1980-4486-9a49-0d0d9847e9e1,342305,54.057583,-166.224878,93,2010,2010-09-20
2bb32b98-7012-46f9-a51b-61db0ac12a99,535605,-39.1414792255,173.868841194,,2019,2019-09-01
2bb9d442-deec-40fb-919c-4e3824295ebd,140600,52.8198,-13.768,104.5,2016,2016-10-03
2bbd11bd-6817-4b12-ba86-483568bfd1af,341954,16.8983329,-88.0616731,,2023,2023-07-26
2bc6370e-178a-41c2-abe7-a3ee83d0719a,140605,43.2289876271,5.3485656957,,2024,2024-04-28
2bcb7d9f-1a15-4ff4-8408-1dc8226197b5,140600,52.7005,-4.5642,21,2012,2012-09-20
2bcfe3b8-bdff-4449-91d3-cfdd3783ae5c,535784,-31.5100002289,16.2800006866,368,2006,2006-01-29
2bd729eb-ddb4-442a-9a82-faa557d1b834,157011,61.694,-63.843,501,2011,2011-10-09
2bdf28db-33a1-4811-a291-c1ebee1a8785,535784,-34.1800003052,23.1700000763,97,1994,1994-10-08
2be662b8-114b-4eb6-89b1-b727980edf85,140600,49.3853,-6.558,59.5,2007,2007-03-23
2bebf1a4-92d3-46c0-983f-d6aff02a958b,1805274,-9.400901,46.206047,,2023,2023-04-02
2bf24385-dd53-4f90-b4a7-852a472fe7b6,140596,59.326,-67.044,182,2011,2011-10-07
2bf648e5-af81-4474-ba1b-19f071192a32,342015,-38.3685738638,144.8213673373,,2023,2023-10-08
2bfb63bf-32eb-47a7-9b93-384244318fe5,342333,-8.1234097878,114.5380709685,,2012,2012-10-24
2c01e4b3-2674-4800-bac0-289f2a35883a,342307,-42.8503168607,-64.7744933414,,2019,2019-07-12
2c048e4b-ef22-4e81-bea1-908396b65bbc,342015,-43.0821188002,147.3388801064,,2025,2025-11-21
2c0d6c8f-eb76-4052-96ea-d0114950d0b9,342384,-36.7027957,-72.9770996,,2025,2025-11-29
2c121f9a-9bb0-4982-80b0-aa15fb7bc1bc,140605,41.7400694444,-8.8773194444,,2025,2025-04-01
2c18e6a5-5aaf-4776-9f8d-7da566b8f5e2,210788,21.276056,-157.685238,,2015,2015-01-02
2c20178e-bffa-49e1-a21c-b98d3f00c666,535605,-42.6883,148.267,31,1984,1984-08-20
2c2332a0-840f-43d3-8880-f5b0e0a4ee22,527142,-49.0191666666667,-60.6608333333333,,2007,2007-02-10
2c2952ea-33c9-4446-b751-3edfe28453a3,140596,41.85989,-68.040375,84,2001,2001-04-12
2c2d4045-d155-4417-be4f-c51d1a1a1b46,140600,48.3358,-8.3147,89.5,2021,2021-11-14
2c324f61-a260-4fdf-af1d-60915494b1ac,534130,31.3466666667,-113.66,12.2,1968,1968-10-11
2c3767d3-1cd8-4a4e-8ab4-7f5bd79cdb85,342305,48.61694,-123.50194,,1981,1981-01-10
2c422115-ccef-4fa8-927b-36f76f987d5c,140598,51.3048,-13.7418,342.5,2016,2016-10-08
2c57a6b4-88c5-4b93-8f92-b4aa9d172ca8,138803,-34.815595279,19.9564954615,,2026,2026-05-16
2c5b5d4c-bd7c-45dc-9225-3588166d05d7,140605,28.1182107809,-16.5242868888,,2024,2024-11-01
2c606501-7c4e-4173-a6be-1b3a2b6dc950,342023,37.5254158623,-122.5152129349,,2020,2020-02-19
2c655956-bea6-4bc9-abb4-680e46058645,325333,-67.1288,171.0905,743,2008,2008-03-13
2c69090f-8ca8-4b3b-acb0-8bf9054d3ae3,140605,42.3908106463,3.1621378808,,2024,2024-10-30
2c6bab93-de37-4d2d-8bc1-b21380b2ea8c,535784,-29.5799999237,15.0600004196,339,1994,1994-01-18
2c71a3bd-0c1e-4c50-9a9c-3455b3ebad95,342036,-34.0693129877,151.1300057121,,2025,2025-06-15
2c78c229-cc0f-4725-a63a-e4c6a6bc8463,140607,39.8545,3.5128,69,2004,2004-05-14
2c8364e8-3a73-4c9e-b56f-581613877e43,457762,17.9189728251,-76.8214814383,,2025,2025-01-06
2c86ac22-4a81-4857-a014-459bf0ca2f94,210788,-21.8168626895,114.1916395846,,2024,2024-03-17
2c8e8b77-1905-46a3-8231-2e45fcc57265,342305,54.050894,-166.230388,90,2010,2010-09-14
2c9990f6-490c-4264-8511-9b106db8231d,1805270,-12.44308333,13.38833333,93,2009,2009-03-17
2ca02138-069f-4048-a95a-cd41b276bd1a,341954,9.3407804,-82.2408032,,2026,2026-04-28
2ca73769-60b0-42ad-9bd4-fe466b158157,342036,-33.8002582373,151.2751473341,,2026,2026-01-08
2cb096bb-874f-408b-9528-2675ab0ed401,140600,49.8452,-4.5554,39.5,2009,2009-03-22
2cb9cc6b-902b-4213-8b54-eb8964cfb7e4,140605,42.390869,3.156003,,2022,2022-08-10
2cbd9077-a09b-418d-bff7-8a5d9cc5f623,140600,41.17,2.02,91,1999,1999-05-30
2cc1ed1b-f60a-4bcf-95e2-2e733f2620fa,325326,-61.02333333,-54.81333333,476.5,1996,1996-11-26
2cc5f0c2-5dfa-47c2-aa1f-180f1681dd76,341786,24.3358245029,-110.3275729006,,2026,2026-04-25
2cca1932-db89-4641-a44d-ed844b9343c9,342023,36.9616966667,-121.962425,,2022,2022-12-21
2cce2e25-0673-4309-a3fd-02388d058f56,342023,33.8320391019,-118.3953593586,,2025,2025-01-14
2cd44298-4655-44b4-916e-0ca0b9c9a530,342036,-33.8389628065,151.2789965487,,2018,2018-05-18
2cdd55c3-f190-4b28-b3d4-899cca7888bb,342305,54.061302,-166.230928,101,2010,2010-03-16
2ce4aad5-7918-480f-9f4e-ff479e0aa04a,140600,50.352,-2.4599,27.5,2014,2014-02-16
2ce7a4a3-904e-454a-9c51-e632193288a1,140600,49.8392,-6.517,46,2020,2020-06-19
2cedf1f2-a4f2-4163-8259-c7cd039ce52e,342023,36.9492138889,-122.0610055556,,2024,2024-10-18
2cf5e447-c397-4f2f-8faa-33cf32d325cc,535623,-10.65,143.28,,2004,2004-01-09
2cf97f4f-3e94-496c-835b-f3a5d9ded218,342381,-42.1333,170.3,644,1979,1979-08-16
2d00f32e-b6af-430e-8318-78134c70f233,342222,54.13745108,-137.38053621,1376.5,2023,2023-08-31
2d0973d2-5756-4f19-bcf4-7c3ec502fa75,342305,48.61694,-123.50194,,1981,1981-01-03
2d12e664-addf-4b40-8f49-5cf87faef53b,341954,17.9070383333,-87.9628966667,,2024,2024-01-07
2d15fb4f-a350-48bf-8abf-60e1d98f348c,341950,-38.22,145.03,,1957,1957-10-13
2d1a797b-ccb7-42ac-92ed-618bb574f4d2,457762,18.3307222195,-64.8081706437,,2006,2006-07-23
2d201a00-3c9d-4896-956b-16567b4c984e,140600,52.1995,-11.3595,158.9,2010,2010-12-12
2d252bf1-fc96-4e6d-9ed4-d35d254a208d,325319,-53.86,-37.27,293,1994,1994-1-19
2d2e4e57-aa2b-468c-9141-6bd20c2f337e,1805272,-23.5,152.08,,1990,1990-09-03
2d31d395-79ce-4cdd-b891-88c45a41681f,341952,32.8670412441,-117.2539003193,,2024,2024-11-04
2d36a789-61f9-48e1-8c83-b2ba694bfe77,341952,33.5432089997,-117.7915058543,,2025,2025-11-08
2d3b3bdb-fdd4-46ad-ad99-ceaec33c4b62,342036,-33.9795657367,151.252285615,,2026,2026-04-11
2d40748f-6b41-40ca-b46a-95054dc7083f,457762,11.1907582,-60.8013419,,2019,2019-10-19
2d4a96f4-e554-42df-99ee-2e1419f85ad5,140605,33.46576111,126.9443833,,2011,2011-08-03
2d534f55-91cd-4c77-ab66-ff8f69a8b94a,342036,-28.842719,153.607793,,2013,2013-08-10
2d570afa-0655-469f-b7f0-10d266124f75,157019,54.07614,-4.78259,,1955,1955
2d5cceba-487a-44ef-bc46-e098163bf7f5,140600,39.11,0.23,353.5,2008,2008-05-24
2d64570c-85af-4994-86b8-8ca9414b91ea,341945,3.4833333,73.48333,,1904,1904
2d69d9db-c43d-456c-82e8-862083f3ecd7,342381,-40.882667,174.1385,,2017,2017-10-12
2d6d9626-8678-4784-98f7-c94636ea2240,239393,-74,-117,1273,2009,2009-01-01
2d709674-fa9f-46a0-82b1-0e5b7795c528,140600,50.4339,-7.1894,55.5,2018,2018-11-30
2d733cf9-f8d6-4a6b-8fc3-abc8daf00855,140598,48.0434,-8.1125,162.5,2021,2021-11-14
2d7a5415-1461-4738-b7ad-6d7e7491d36f,342381,-39.4572,177.6223,112,1996,1996-03-14
2d839350-ebbe-4bb4-b926-d800ccd07bc2,140600,55.2505,-7.5815,17.5,2017,2017-10-10
2d880a64-2dae-4e5d-a30a-b23627f3f70e,239392,-61.3400001525879,-55.4900016784668,151.3,2006,2006-12-19
2d8ee5d9-c915-47cf-9c70-ceb8f882a7f5,140600,49.8037,-3.123,32.5,2021,2021-03-17
2d92af8b-d681-4ef1-ac90-4a42d8f56a76,140605,43.4432108619,3.8185699089,,2022,2022-01-09
2d97f73d-d351-41c4-b38e-63b11c743a8e,140605,39.4711657696,2.4908441318,,2024,2024-04-29
2d9d0ff6-49ad-41f7-a87b-318f79a518b2,140605,38.45,-0.22,61,2004,2004-06-01
2da1f4d4-cc39-4046-8dc4-4b7c00552bd8,140600,53.288505,-6.112834,,2019,2019-10-26
2da5a74b-f2bf-4bba-82fc-84df6427d317,210788,-17.0712147933,179.1078400417,,2022,2022-12-05
2dac0b52-ebfb-49b0-814a-6fcf0afb2c35,535784,-34.4000015259,23.2999992371,,1997,1997-04-30
2dae6e58-a244-4e9b-be3b-ad8c9b2645ee,342403,1.4452627656,125.2270934535,,2026,2026-05-03
2db479e0-ddc1-4bb3-ac4f-ed49fc58b733,140605,42.374593849,3.1587225824,,2026,2026-06-20
2db7e23e-1c6e-40d0-935c-9e1125606183,342036,-32.7143178214,152.1508579749,,2024,2024-01-25
2dbfe28a-31f1-4c01-a01b-883b2abf42d2,140606,39.9,0.89,152,1998,1998-05-29
2dc38ff5-6341-4cff-963e-761d82a9753c,140600,53.7668,-4.7787,36.5,2017,2017-09-21
2dcab213-7bef-422f-8014-fc3c2926e02f,527162,-60.83,-55.61,485.3,2006,2006-12-22
2dd29f2a-8d5d-4e1e-8757-e5f450c34579,140605,37.93,-0.57,70,2002,2002-05-24
2dda8904-24b8-4d0a-be6a-52e4196b971a,140601,45.64861,13.78,,1908,1908
2de2816e-5a0e-47ad-ad61-a7fd6395772f,342212,67.58,-58.994,1239,2008,2008-10-10
2dec9603-4ca1-4ede-913d-746dcb6c9379,342332,-34.0070919847,151.1909897625,,2023,2023-05-18
2df186d5-60b5-4a19-bc09-07814cabc480,342036,-33.99154801,151.230034705,,2023,2023-06-02
2df453a8-2220-4a5f-b852-0cd6e49e46c4,140605,39.3013,2.7021,60.6,2010,2010-01-04
2dfa9622-399a-471c-85fd-480f68aeb1b0,140600,53.6413,-11.4135,105,2015,2015-09-16
2dfbea02-f840-477d-a5c2-81306523e081,140600,53.0505,-10.904,129,2020,2020-11-25
2e061e1c-3717-4d29-9896-a27952caa659,341987,-36.8775,176.2467,200,1998,1998-01-24
2e11ace8-3ebc-4666-9cb0-2859d20dfd7b,140600,40.92,1.41,337,2003,2003-05-13
2e1b93ea-4a95-468a-8d60-e5352b2aae4a,342403,9.19031,123.2635285,,2026,2026-06-29
2e220d2b-e386-489e-9d3e-29bbdbf5da2e,342036,-26.803965982,153.1464604635,,2009,2009-11-04
2e2d8335-4692-4cbe-9e46-640b213d085d,140601,36.3330001831,11.2329998016,114,1999,1999-07-25
2e339e00-5d5a-4c88-932e-0d01d3c13f34,210788,29.5193592331,34.9576396929,,2023,2023-07-23
2e37d5fd-a945-4afb-9579-95735ea03784,140605,42.72938396,16.03558559,,1955,1955
2e3e3ae5-5dfa-442f-a23a-8582340725b3,210788,-22.3242988217,166.3237202086,,2025,2025-11-10
2e41e7a8-e887-4cf7-8faa-f003ac0df7d0,409949,10.0636559959,99.8311276423,,2025,2025-06-29
2e47d967-486f-41fe-905b-9a761ebc5284,535623,-8.3142225735,115.6244709897,,2019,2019-10-27
2e4d4686-fb98-4ca3-9a1f-ef60357bdffb,341937,-33.79166,151.74166,,1972,1972-09-26
2e53dba4-a730-44aa-a05e-042c5a3863e5,342036,-33.6627833333,151.32547,,2026,2026-07-04
2e59b917-d06e-4fe6-a94a-7fde6243a313,527142,-49.7236666666667,-59.457,262,2010,2010-10-26
2e5d3cd5-b596-4bed-b0de-612dbd5d7e79,210788,-16.4806610196,-151.7762386239,,2023,2023-04-03
2e618471-36cf-45cb-8222-fd6dd5f7eca1,342334,-38.3577184794,144.7724756224,,2022,2022-04-03
2e68b3d9-9af1-4f4d-914a-09f8b569ba99,140605,39.4652,3.4547,74.1,2005,2005-09-15
2e6d8d28-7534-4912-b8e7-9318340c3e7e,342023,47.3503281304,-122.3271218042,,2021,2021-07-15
2e701ef7-4c1f-4124-bd18-75775d708538,342023,39.3397995224,-123.867786614,,2026,2026-06-15
2e7d3da8-ea36-4618-91ff-94dcd476f954,342015,-38.3683251736,144.8224664903,,2025,2025-12-18
2e860e29-cf7f-45e2-9bb5-c8d1d8a99709,140600,53.246,-13.0478,137.5,2021,2021-09-11
2e8ed084-c1d6-4508-871f-36d077647a90,157011,49.30033333,-65.95416667,211,2016,2016-08-20
2e97508c-3891-46c8-b96d-a2ba2691c45d,138803,-34.4036778659,21.4039250091,,2025,2025-09-24
2e9e53a7-47a3-4d5a-a1df-d439bdde32d4,342036,-33.0865327659,151.6407145599,,2024,2024-01-02
2ea62898-9a64-48c0-8916-82f0ab79fb54,140600,56.578,-8.668,68,2020,2020-03-05
2eab50d9-44cf-4464-9c51-7e512eef0b2e,140600,57.7724,-0.4584,0,1999,1999-08-26
2eb89c3b-2fa3-4280-9f6c-a06a6ef5d5ac,341954,27.077,-83.0855,35.5,2015,2015-06-17
2ec0586a-3eb5-4f55-9ba7-4b884b5c9abf,140600,48.7913,-5.804,58.5,2015,2015-03-14
2ec7beaa-e869-4d47-b71c-3d885c0a6cbe,342036,-33.7989114482,151.2991566256,,2019,2019-05-25
2ece409e-e9fc-41bf-b370-0d90c3b30081,342381,-41.001167,174.2,,2017,2017-10-06
2ed67fa0-5822-4668-bd8a-2d288993f212,140607,41.25,-66,113,1974,1974-10-09
2edb61a2-4090-427c-b02d-864176304d8e,157011,47.67683333,-59.73033333,521,2022,2022-08-13
2ee05ae5-31d6-4f5d-8422-9b0aa4508bb0,140605,37.8333332423,-8.7972221151,,2020,2020-08-05
2ee4e7c2-6900-4dd9-98b5-8b9598da70f8,527149,52.0547,-13.8307,209,2021,2021-09-25
2ee612b7-33f2-47f3-a086-c5dcb8f94286,534443,22.3156377,114.365341,,2022,2022-09-20
2eed5540-e96f-417a-b70b-d0a37249015d,1805274,12.9104035,92.9014907,,2020,2020-03-14
2ef56ff3-fd79-48bc-9808-270e287edd89,140600,37.11,-1.78,269,1995,1995-04-28
2efb61a7-0471-4f28-9997-f2f47c83f542,342036,-33.8396553529,151.2537299453,,2025,2025-01-23
2f00f6f9-250a-4581-a19b-b9526976743d,210788,21.652352,-158.063849,,2015,2015-07-12
2f074ffa-37ab-49b9-b9f6-80f0d2dabb97,1805270,28.0549074942,-16.5482574452,,2024,2024-10-12
2f0b34ce-63ef-450c-85e6-601d3ad3ab97,140600,36.56,-4.51,75,1998,1998-05-04
2f10bbf1-a310-4c0c-9773-891b38b99ad0,1561957,-32.0249609975,115.523881875,,2019,2019-12-27
2f16a005-b786-45b7-a03c-e03fd334882d,210788,-0.376399993896,-160.014404297,13,2004,2004-03-27
2f1ab6c1-0e73-4733-9fe6-dad5cd241542,342305,54.065836,-166.236881,126,2011,2011-12-01
2f214bb1-1adb-4f5d-aa73-45de5eefd065,341952,32.7611776,-117.245933,,2024,2024-07-27
2f276fb9-9b8c-435d-9743-1d0472b9e53e,342381,-43.1483,170.129,39,2003,2003-04-11
2f2d60b6-8032-4e81-9e75-5f6284d46b3a,341983,18.3475,-114.679444,,2023,2023-04-22
2f30fd75-8938-4ef1-a73d-bda9152cf469,342305,54.057029,-166.235334,99,2011,2011-09-24
2f37fe09-8d5d-40b8-81c9-adc874be84bb,140600,40.1,0.91,91,2000,2000-06-07
2f3f073a-b7dc-4941-9b35-9e0c9954e80d,140605,39.52,3.51,76,2009,2009-05-13
2f447bb1-1497-4103-beec-1aea0ba6657c,140600,40.07,3.46,449.8,2009,2009-05-16
2f4aad80-dc73-481c-b51a-c55daf3604bd,342307,-52.9733333333333,-59.0016666666667,169,2016,2016-04-20
2f4c7479-bec8-4954-9a13-a157a109764f,239392,-73.605,-22.31666667,630,1996,1996-2-14
2f514f9c-b99c-4543-8002-c193cac68079,341952,34.0169879414,-119.3619686196,,2024,2024-09-06
2f597d50-fa40-4fa0-a7fd-e3a1d6d191c2,140600,52.8448,-13.9888,106.5,2015,2015-09-26
2f616474-44b2-46d3-882f-ad031e70bb8d,140600,50.2095,-4.0757,28.5,2020,2020-06-18
2f6738bd-5236-45f5-b62a-d02205677175,1530663,-35.1562388333,136.48555,,2025,2025-07-20
2f6cbe65-de3c-4d61-a3ce-9b0eb768f0a3,534443,34.3315,135.1535,,2005,2005-05-07
2f72ae84-5479-412a-8844-87a5fc2b34b9,342036,-35.2711425431,150.515768924,,2025,2025-06-20
2f7633da-649a-4f4c-b034-3ec02e48fe72,138803,-37.5441930056,149.8286441684,,2026,2026-06-15
2f7d76de-536b-4abe-a581-82968a48ddfd,1805274,-21.2692,-159.739,,2025,2025-01-24
2f83d38b-0714-4f37-8cdb-87c779962315,342036,-32.7884126794,152.0904199407,,2025,2025-12-09
2f88ba5b-3d5f-4787-a36c-2396b3d72cf0,140600,55.3858,-0.3717,0,2004,2004-08-25
2f8f7725-1183-4d1e-ba6f-ad17affefaa1,342023,37.0871621895,-122.365325946,,2025,2025-02-26
2f94786e-449d-453a-b209-e88f20da021c,140605,-6.728773065,12.21252923,59,1995,1995-03-02
2f999608-2650-464c-8bc1-02ade1a153ba,342305,48.61694,-123.50194,,1981,1981-01-01
2fa08fde-c0e6-465a-bbe0-b918d92f49ae,239392,-60.88,-55.49,246.2,2002,2002-2-3
2fa6ce26-5651-4094-af80-688c0c1bdd6d,342305,48.88137,-125.53195,,2016,2016-05-08
2fb0ae01-2c77-46f4-9932-66ab6f2ed31d,342036,-33.9256859,151.2593896,,2025,2025-06-28
2fb79959-1e46-4208-8746-e997eef26cdd,239392,-61.585,-58.75,795,1996,1996-11-28
2fc1ef16-2db8-4d73-92cc-85e77dfe59ba,342334,-38.3560471545,144.7725514231,,2019,2019-01-01
2fc66c1c-3a9b-4948-9478-bd3d24480df0,140596,41.899633,-68.485917,175.5,2001,2001-04-12
2fc99560-db3a-4aae-8a90-19c11f770081,140605,36.72,-2.57,94,2003,2003-05-24
2fd2c386-6ecb-4839-9e7c-1d95333fc3e7,1561957,-34.879672269,118.4077012606,,2022,2022-01-21
2fd76eb9-cbbc-4bd4-b64a-de3493c853d9,140607,41.14,1.8,56,2004,2004-05-26
2fe132b3-f8d6-4612-bcfe-7a0cbe72a4b3,341988,-34.8512868892,138.4756249269,,2020,2020-04-06
2fe7d2df-7308-4d55-8cc2-91485004d36e,140605,27.6945,-83.950666,53.5,2014,2014-06-12
2ff0764d-1f95-4248-aaac-64e628112303,457762,19.3900261502,-81.4048843458,,2023,2023-07-17
2ff895ce-2c2d-4dc9-b90e-8a2fb7eae725,1043781,48.4365,-122.9659,,2009,2009-07-13
2ffed0f8-e20e-41f3-a002-cd5cad6301cc,342036,-33.4468131914,151.4502449698,,2025,2025-06-15
3003467c-7d5e-42c7-ad9c-0066bad91250,140600,56.872,-7.117,70,2017,2017-11-17
30084922-2ee3-4961-a745-1238129efd89,342036,-34.0702635494,151.1552177659,,2025,2025-10-02
300cd0d4-a216-46b9-84e8-e6f5ecb8dc23,341952,33.4447276145,-118.4834718704,,2009,2009-07-28
3013df95-ff19-4005-b349-b4d62de88538,342305,54.05757,-166.226154,95,2010,2010-03-15
30191b73-57b9-4fe5-b964-d4a3c87bde38,140600,49.3836,-3.2481,40,2012,2012-03-28
301e06bc-7c98-4e31-9104-ad293dc66817,138803,33.7161874975,-118.2839239016,,2021,2021-07-06
30210497-fe61-4535-89b8-263bf8f0305d,140605,42.387827863,3.1636613762,,2025,2025-11-02
302710a4-e8ca-4a15-b7a5-5283c46beba5,534099,1.4780393159,125.2356883138,,2019,2019-10-29
302d9d3d-8b7a-4e9a-aca1-65a83b46dcf1,342036,-33.9256858226,151.2593894452,,2025,2025-05-13
3034bfe2-e895-43e6-992b-aa74f8a8beaf,342023,39.2796783008,-123.8031849021,,2025,2025-07-31
30381fdc-5e6c-42f6-aceb-24306c2865d2,140600,51.815,-6.076,108,2011,2011-11-13
303f7811-8302-43fc-90ce-704e52b21399,153060,-32.725,16.577167,768,2008,2008-02-06
30447c3b-2cee-44c9-a56c-2ca45caf8862,140600,57.8338,-0.3036,47,2016,2016-08-26
304baf61-5cb3-4ac2-baa9-3deff41045e4,341952,33.686941753,-118.5304286507,,2024,2024-07-02
3053cfb2-2976-49a6-92de-1683ee2ac84b,140600,42.25,3.3,88.8,2008,2008-06-03
305d2daf-b05d-4039-839d-5c0345051ef7,140600,52.9823,-12.7853,198,2021,2021-09-19
306830ac-e31a-4d6a-8b9c-61be76c02a1f,140600,51.5488,-13.9362,228.5,2008,2008-10-04
306cdf09-4208-4e2d-8b68-1b46e2dcd8bd,341954,24.3368333,-82.9343333,,1995,1995-04-25
3074f71c-0fab-471e-bae3-535f3d48c325,140605,38.547058409,-28.1129446619,,2025,2025-05-01
307c7fa6-26dd-4809-932e-a76b7d798dd7,341985,25.908666,-83.658666,68.5,2012,2012-06-12
3083b364-9b12-4882-8ff0-38e7aac8d81a,1805275,-16.541295907,145.5766855812,,2025,2025-01-31
30856b36-31bc-4698-b630-3bc8404b8d35,1043781,48.96453,-125.15298,,2015,2015-05-04
308c08fa-0b63-4d83-b909-53597a6eaf59,342036,-28.6357052758,153.634318186,,2026,2026-04-13
308f9a20-3f0e-4e65-807a-8e4568b574a4,341952,32.760934828,-117.2467113359,,2023,2023-09-24
309536ea-ba79-4f68-8ee2-fd6f8983d50e,342023,32.8612344291,-117.2595246712,,2020,2020-07-30
309ba023-9922-4c38-9a8e-28df9750d79e,534097,8.0833,98.6583,,1989,1989-05-18
30a23b7e-3c0c-464e-ba58-f4b74ad3e8eb,215276,25.7184466667,55.8412866667,,2025,2025-12-10
30a68f3f-9125-46dc-9ce8-706bae956146,140600,53.943333333333,-4.09345,49,2015,2015-06-29
30aa38fb-37cf-4a60-834e-8c504d374b65,342305,52.438921,-128.448651,,2021,2021-05-07
30ae05e7-d549-4c95-9015-cd2712474735,342332,-33.8397598042,151.2539733238,,2020,2020-09-30
30b72694-f281-4fb9-80a6-89c7ffb3ed65,157011,49.01616667,-67.98816667,271,2020,2020-08-17
30bb38a0-88e2-46b4-89d6-f5dd52ff2bbf,140600,57.8303,-2.4468,46,2016,2016-08-28
30c08b8b-8abb-4f8a-9cd6-94b96c6bb5e3,341952,32.9140067119,-117.2582588775,,2024,2024-01-22
30c6c22f-5210-474e-8d21-e68fbf5d4d5b,342227,-51.9549999833333,-56.6950000166667,709,2009,2009-02-07
30cd1e06-facc-4ba5-bb67-2ded4ab0c8f0,342023,37.5499992371,-122.516998291,,1939,1939-06-05
30d16256-75c1-4314-a4ac-dafd6aa83836,410340,36.8667,-39.9167,,1905,1905-03-24
30d7bdc2-e0b5-4071-a4ae-d989f602c16f,140605,36.6953699,-3.4317503,,2024,2024-08-17
30ddde04-a101-46bb-9c11-b85c47012032,341781,37.6529,-25.3101,0,2023,2023-07-20
30e2979f-4a44-4307-9a53-090edd9f5e0f,342222,36.699344635,-122.344993591,1502.3,2000,2000-09-20
30e64595-fb0f-4338-875d-41368d851cae,342305,54.065579,-166.23504,136,2009,2009-10-27
30ecdcb1-06bf-41be-8c57-02fea0efceff,325336,-61.0200004577637,-55.939998626709,274.6,2006,2006-12-25
30f51797-2ad2-4c8f-ab9a-eca26ad8a8f2,140596,43.507668,-67.618623,228,2004,2004-10-22
30fbfcff-1d27-4886-b3b0-dce044734054,140605,41.8400001525879,3.46000003814697,,1966,1966
3105cfdc-4b51-4043-98c6-d022e1c19119,341952,32.7805494,-117.2426259,,2025,2025-10-10
3109952f-9d28-4c2c-a750-bb1352a6520c,140600,55.4804,-5.080302,17,2017,2017-09-19
310d8133-329f-4638-8b81-f7952f724aa4,342036,-35.2238966667,150.5354916667,,2026,2026-01-05
3115744e-a2c8-4eb9-b699-03626f5e3ca1,140600,54.09108,-4.79736,,1994,1994-10-01
311e3c16-488f-41c0-9b2c-415051bcfd7c,140600,54.8685,-8.7,67,2017,2017-10-13
3128de42-424b-459c-8c14-747de70c7574,534126,26.7830850527,-80.0423526778,,2022,2022-07-15
312fdc30-0ff9-4913-ab5d-1553f2fa48b1,342305,54.062761,-166.239618,128,2011,2011-02-01
31346347-2a7c-45a6-abbd-952bad40fb96,140600,50.4675,-9.357,128.5,2013,2013-11-01
3137cf8d-3c87-42d6-baf5-b6a3af262a6f,140600,53.3093,-12.4313,183,2016,2016-09-28
313cec39-20e9-4593-b625-0681be1933a0,210788,-22.1007561172,113.8835412318,,2023,2023-07-14
313f91bf-5eb1-428c-a050-ca3dbdf936ee,157011,48.41033333,-61.86833333,402,2020,2020-09-04
314be93c-0b91-4487-acb5-9735e5e05dab,341950,-38.83,147.68,,1971,1971-01-28
31528039-8c3d-483b-a40d-08d0d9835aa7,140605,41.54,2.92,106.5,2009,2009-05-05
3158971b-969e-459e-966d-65f7f2e5916f,534130,30.639778599,-114.6983862476,,2015,2015-02-28
3162d9d8-4e73-44d2-8674-25f199039bf2,342036,-32.6877457,152.2252813,,2013,2013-09-08
3167e2eb-1443-4992-acdc-278a563d9878,342002,35.01666667,128.9536111,,2011,2011-01-02
317386a7-66e9-4ce1-9e89-5a9317bd7f4e,342015,-38.3651232139,144.82318862,,2021,2021-12-15
317b2c72-3cb4-4ec4-8280-1366f5de3dce,342403,1.486897044,125.255708376,,2017,2017-06-30
31813f90-ae36-47d9-986a-3497e7a157d6,140600,50.8905,-8.479,115,2018,2018-12-01
31879f1b-ca73-4b48-b82c-b96b1b715f08,140600,48.7913,-5.804,58.5,2015,2015-03-14
3193027b-c6ee-47e8-ae3d-958a302c3f28,341937,-18.66666,146.55,,1983,1983-11-20
319af454-66ef-4d9b-b3b5-1664eb15ba79,342049,9.683333333,-75.76666667,29,1995,1995-08-06
319f6061-e5f3-4b97-a840-e1f692450361,210788,-22.3094920929,166.4358275498,,2022,2022-10-02
31a59894-834c-41d0-8dc1-f5007846359c,210788,-22.4963037912,166.4380519354,,2026,2026-07-04
31aef381-edfb-49a6-aa13-38ed9fe75cce,342036,-33.9256859,151.2593896,,2025,2025-06-16
31b3ebb6-9d7b-4693-9d4d-45464afa6bb5,210788,27.9334085571,34.9195243955,,2023,2023-05-04
31b9ee3b-42b5-4e62-b311-921308c52bc8,210788,4.0880823452,72.8527515682,,2010,2010-11-19
31bdc4d0-3e1a-404f-ab24-7ceb5ef0be08,342381,-46.5305,170.7183,901.5,1996,1996-03-28
31c25835-7b73-4031-909a-e35ca790e0aa,138803,21.3500003815,-158.199996948,26,1967,1967-07-19
31c60189-0d75-493f-8168-e564a67f4ce6,325327,-62,-59.23,136.6,2002,2002-2-16
31cbb9cc-9474-4247-91e4-1c8980714c14,342305,54.066451,-166.201741,93,2011,2011-09-24
31d0fb76-5a37-4f85-8bbb-5cb61771fc65,342023,48.4165083333,-122.6630866667,,2025,2025-06-24
31d8dfff-43c1-4baf-a42f-a0faae92d541,157019,40.274467,-67.706033,858,2004,2004-05-25
31dbeb61-b626-4c5b-83b3-03754ada1302,140600,52.9335,-14.021,99,2018,2018-09-29
31ec7b62-0b0d-4c58-81b3-0437b56c3278,341948,-38.02317,144.74517,12,1990,1990-03-29
31f3ec64-18c5-4ac3-8eb0-b8aa35bd5dfd,1805270,41.9169490276,3.2083196025,,2018,2018-06-27
31fc6d30-5486-4056-8b5e-efb4970969a2,140605,43.3283150033,5.1012792263,,2025,2025-10-02
3205e911-04b5-485c-9db7-653ed3e445e9,140600,53.7322,-12.1713,163,2018,2018-09-21
320dfc46-696a-4440-ad1e-81e226aaed15,342023,47.5889026628,-122.3794060439,,2017,2017-07-08
3215c63f-c6cd-4eb2-92bc-67b481a7b6c7,140600,57.486,-13.702,75,2013,2013-09-12
321dd527-b8ff-4089-8ba9-b94434274341,140600,38.67,1.08,124,1995,1995-05-06
322a0120-6eca-46d5-98fa-fb2a44fa2fe1,341950,-35.1498380935,138.4655939472,,2024,2024-03-02
32321d07-4c09-48ad-aa64-bb31a5e86894,140596,42.128833,-67.749667,186.5,2000,2000-04-22
323ae8e9-14b5-4932-8954-448274c1e484,140605,42.3398333726,3.2436408544,,2023,2023-08-26
323eb9fa-09f6-4e0d-9275-e53ca4ba6418,534524,8.88333320618,79.8499984741,,1926,1926-07-02
32433187-1ea5-4c11-b55b-bb9a6f9af769,342305,53.42246,-129.24751,,2024,2024-11-23
324d39be-e053-4df6-be57-f6da0986125d,210788,9.1896534572,123.2735488398,,2023,2023-04-17
32503708-3ed8-4be6-ab45-eb601bc72c7e,140600,55.4256,-5.113788,12.5,2004,2004-07-11
32554c13-9d18-40d3-8d5f-06cbeee28b9f,342036,-36.624946,174.763788,,2019,2019-07-20
3259259b-b2a6-46a1-9fc9-cec52c2b87c9,342381,-41.483833,171.843333,41,2017,2017-04-05
325e0d73-ebe5-4ab6-9e4b-113f33c7eb76,342036,-38.6508016829,178.1442117646,,2026,2026-03-23
326ac55e-32a8-4d86-8b94-ed37e1f6eaed,140605,36.0543555556,14.1885805556,,2024,2024-04-09
32753cee-476f-420b-8bde-7c93fed0527c,210788,-23.4422976,151.9148004,,2019,2019-04-27
327af5c8-abb4-47de-9af3-1137c21fd54b,341983,25.9328859753,-111.3092324508,,2011,2011-08-14
327fcdc3-92a7-4e0b-a34d-1db79594443a,1561957,-32.1240446557,115.7584114261,,2023,2023-04-22
32873cda-6030-421c-8e45-86ddccc46f5d,210788,13.5,144.766998291,,1945,1945-05-31
328b3290-cba7-42da-9490-aaf4bc0dc4c2,342000,33.7954995218,-118.5280157259,,2023,2023-08-02
3294d80b-05b2-4237-83b7-25bee8f26583,140598,39.5938,4.3929,671,2003,2003-07-05
32966db3-f773-4675-ad7d-97bf2b24e8c3,140605,30.216999054,-86.1669998169,27,1939,1939-03-09
32a24a60-7d05-431b-96d6-794a4feb4d1a,140605,28.246833,-84.553666,63.1,2009,2009-07-26
32aa7309-4f6f-4234-9dc2-8d8975f68e1f,341985,26.4,-82.466667,18,1965,1965-11-12
32ae61f2-d55d-4322-bcd1-e8f7b2222152,140600,45.7307,-1.9631,35.5,2022,2022-10-30
32b55397-2d57-41bf-82f7-d5e68e7b3c5d,342023,48.8854,-125.53412,,2022,2022-05-08
32ba1647-40f1-42c7-bb74-bd9f8d97ba82,140601,36.71,-3.6,66,2003,2003-04-29
32c83221-a593-40ea-9c05-0e949c4733ce,140600,50.628,-8.233,122.5,2014,2014-12-03
32cf792f-fc40-4d07-9f0f-26fdc4953298,534099,1.4878729541,125.2469898526,,2026,2026-04-06
32d3e549-80b7-485d-9df6-1a446c5a68db,157011,49.338,-66.28983333,318,2008,2008-08-23
32db96e6-baf9-42c1-846a-c8fb01fbc9cb,341952,32.7611776,-117.245933,,2024,2024-08-25
32e3f5c2-168d-4001-9cab-ee2dd968cc40,140600,56.4293,-15.0938,110,2012,2012-09-11
32ee18fb-f1b4-4e3a-a5a1-8b6c08e19956,140605,36.00538,-5.606998,,2019,2019-12-01
32f5eaab-8522-426e-b2d2-f12551a9919a,535784,-33.5299987793,17.2800006866,490,2006,2006-02-03
32fe6449-9e61-4e58-ab24-ac8bc9c86961,341954,16.7420183888,-87.811422527,,2014,2014-02-28
33019ae1-0928-494e-9d41-b86974601fe0,140600,51.60979,-5.03788,13,2014,2014-05-17
3305e4ae-7a20-46e8-88c3-92769cd717c1,140605,41.14,1.8,57.3,2008,2008-05-31
330be63a-ee14-4b96-9b7c-068fa72ca247,341950,-38.3565539593,144.7735955391,,2022,2022-03-04
330faab7-5faf-4ac4-9dcb-e219e74c2c16,157019,56.700056410772426,-5.7500540040285255,,1995,1995-09-28
3317603e-6abd-4764-a345-d11c6f52f7e7,457573,1.4525883,125.2250546,,2010,2010-02-05
331cb4de-9d93-4da1-91e9-8e74b960f662,342334,-34,137,,1922,1922-03-24
332239bd-6a38-441f-b045-dd3b341939d1,1561957,-32.0892807309,115.7546836136,,2018,2018-01-28
33266c0c-7608-48c7-a1e6-3ae60eecf3a4,342305,48.5451321542,-123.0123264199,,1980,1980-01-01
332b06e9-a373-47e1-8872-f9e345dede1b,342305,48.4175,-123.41778,,1981,1981-01-08
33351a0f-10f0-4198-ab56-bfcb4ae2d9a0,140605,42.3908677662,3.1620504803,,2024,2024-06-06
333c35f3-3fa3-4107-a87e-4ccbd7566571,140600,38.65,0.39,117,2004,2004-05-17
33452406-1b44-4fd8-8d3a-61f4c14dc7e3,140605,40.3090965417,23.0660482681,,2023,2023-10-28
334acf39-415e-4f9a-8680-c6a933ce0ce9,140605,42.5052624912,3.1241874018,,2023,2023-08-28
33514494-4348-4ce6-be23-51e66abcbd99,140605,54.8927,-0.276,70,2008,2008-08-15
3358b876-94c3-4794-b4df-28c86463811c,1530663,-41.3041562,174.1129635,,2021,2021-03-27
335d25dd-6803-4654-b68b-6b39036212ef,341988,-38.3698945,144.822172,,2022,2022-01-22
3361592d-d370-4c14-b6ff-cc93c60a9e6a,342332,-34.0765069178,151.1662194012,,2013,2013-01-01
33680889-102a-43a1-9001-5974aea82d88,342036,-33.4463856472,151.4504426517,,2021,2021-11-20
336af00b-354f-4edd-b329-ea46f6718a37,342305,60.75875802,-147.3737685,357.6,2023,2023-09-12
336fb75e-1b15-4cb2-91ab-e1800f2bc3ec,140596,43.5085,-67.178,221,2003,2003-10-29
33750094-56ed-4882-aff9-325237dfa0ef,341985,27.8582992554,-84.5167007446,,1976,1976-02-27
337a20e2-c381-4894-9b1b-787449c5b811,1805270,43.3408635409,5.2629447043,,2024,2024-02-29
338200cb-948f-4ef1-8563-b2cfb13c0b36,457762,12.1989888659,-69.0791385555,,2023,2023-06-30
338bb239-402e-4623-a13f-0ba172a0504b,140605,39.7846,3.4395,36.7,2004,2004-03-12
33946989-09ef-475a-b902-cc95de3e40d1,140605,39.1997,3.0442,56.5,2004,2004-08-02
339ce4e1-ed9f-4841-abdc-ef3ed47a19ac,342334,-37.9949345781,145.0396141673,,2026,2026-01-20
33a5b231-cf82-4360-8fef-33b95f29fe93,342036,-34.001337293,151.2244973861,,2021,2021-01-01
33a9c9ab-7397-46be-8a32-6daff22b0f9b,140604,39.0411,2.664,545.8,2000,2000-02-15
33af8e24-3a03-4e08-ba3c-b1e8205fc2b4,325336,-61.0200004577637,-55.939998626709,274.6,2006,2006-12-25
33b6235c-6ba8-456f-b57e-9866bc90718d,535605,-41.3493896819,174.7630581922,,2023,2023-04-18
33bf31ca-287c-40d2-84ae-9889e7204baf,140605,42.24958,3.2435833333,,2022,2022-01-06
33c3182c-36c5-4313-9404-dfecfd31824d,342381,-46.687167,168.451333,,2018,2018-02-20
33c999f1-6442-4872-9163-4134edd32927,138849,9.5,-42.6833,100,1922,1921-11-12
33cdb135-5b0b-43cf-a7e3-f6221669e11e,341952,32.7609541269,-117.2466227926,,2022,2022-09-01
33d36084-d3a1-41c2-a586-7f3fc850d227,342305,34.6125068665,-120.783950806,142.8,2000,2000-05-24
33daf598-76b6-4b3a-a1f9-221f9bff91d1,342023,49.0334,-123.2773,,2007,2007-06-30
33dd27ed-3b51-432d-a010-f7b6275d3d1a,457762,11.3259399,-74.07659,,2019,2019-08-16
33e0718e-d151-4223-99c0-babef80e704e,140605,42.3300018310547,1.1599999666214,,1945,1945
33e85038-1dbb-45d2-b74c-f37f1c37495f,342305,50.902333,-128.711166,79.6,2020,2020-08-03
33ed49d7-b328-4522-a975-e918fe80b04a,140605,33.9314271092,-6.9538317248,,2024,2024-07-18
33f37cf9-e575-4bab-86af-86f19b546414,140605,28.286333,-84.023833,36.6,2011,2011-06-11
33f92e68-bb28-4181-8f08-6f67c12b8f27,140605,41.75,3.34999990463257,,1968,1968
33fe913e-9c83-4c2b-b610-98bf191cb440,342332,-36.8936940173,149.9096331373,,2019,2019-01-05
340504b8-a4ad-48d6-8425-51b0aeac54a4,140605,43.4895321422,10.3164643148,,2020,2020-08-25
34081f11-2aed-4b8e-912b-98c5068d5364,138849,17.975,-64.6833,500,1921,1921-12-08
340e56b9-4a5e-447b-ac14-4088955c2e29,210788,-0.5660302973,130.5158175673,,2026,2026-02-19
341167f4-5990-4651-b5e3-dd60c3b94301,140606,37.38,-1.4,411,2000,2000-06-01
34151a71-1027-4574-ada8-5b6cde554759,140600,53.2823,-12.8875,154.5,2010,2010-09-16
341e45a7-414c-4070-86b7-f21e3b36eff7,342212,72.69,-71.211,1348,2010,2010-10-19
34255886-de45-4d6c-b67e-e28e455b1bbb,342305,54.062941,-166.239361,140,2009,2009-10-30
342bb23e-ba2c-4824-975f-c9d529d4cb6a,210788,-23.4418430431,151.9154334013,,2024,2024-11-19
3433c5ea-82cb-4568-8ea3-f880bc0dc29c,140600,50.06,-4.576,35.5,2016,2016-03-10
343b26e1-f295-4129-a7fc-e425d1c47b4a,140605,43.4119534537,6.8503210177,,2024,2024-09-09
3445c948-b12e-4e2c-b05a-823264e74c3f,342305,47.5899582,-122.3813425,,2025,2025-11-11
3451b619-e242-442a-81c5-ddbeeb4ca662,140605,42.4105981383,3.1644446159,,2025,2025-08-26
345a9750-f87d-4fa6-827b-ea2e3242c54c,342305,54.067675,-166.233958,123,2010,2010-12-09
346435e9-3122-45ce-a6f9-8ced8b9ccc0d,325325,-60.97,-55.77,160.6,2006,2006-12-22
34678ae2-e69b-4723-b974-1424fb8d4ede,140605,37.0212278333,-8.9219466667,,2025,2025-11-21
346d7b95-9aeb-4720-82a7-b60ede89f4a0,140607,39.586,3.5945,85,2004,2004-05-07
347174d2-c52a-4018-9133-4aeb48f3d768,210788,12.8113002777,144.423873901,13,2003,2003-09-28
3475957d-78be-4172-b4d6-251ce813517c,210788,11.2554908219,119.1828398723,,2026,2026-06-18
347b5fdf-7ffc-47c3-af16-a436a7b2b0e0,342305,54.049063,-166.239901,88,2010,2010-12-09
347fe3d2-9dc9-4e08-a0a5-73f86a598f91,140605,43.2119277778,5.4350333333,,2023,2023-09-14
34857343-3a43-404c-a830-7fd34a8129d5,342334,-38.356433,144.772862,,2020,2020-11-20
348bb65b-7ca1-4468-9852-1b52714af2ad,140605,43.2324690076,5.3502433818,,2026,2026-04-08
348e69b0-09c9-4f3a-b318-769945965fd6,140600,41.01,1.36,140.5,2009,2009-05-02
3499203b-57d9-4c27-8e7e-21d9953fa420,140596,42.401833,-70.072333,83.5,2000,2000-10-20
34a1ddf2-f19d-46c4-8b11-394a50c07505,535784,-32.1100006104,16.2299995422,428,2002,2002-01-27
34a89c06-129c-44f9-9b06-26ccb7c99216,140605,39.3967,3.3223,60,2005,2005-09-27
34af21d2-3a73-443f-ad9c-689fd0f83000,140600,36.72,-2.58,82,2009,2009-04-11
34b5697d-1f6f-430f-bad1-22eca2342efe,457762,19.2840392866,-81.3946967297,,2016,2016-08-07
34b7fd42-72f5-4575-94cb-13d6791a129b,140600,44.9425,-2.2221,71,2021,2021-10-29
34bcdf57-4271-468a-a9e1-3a1061994238,140601,39.36,-0.09,87.8,2008,2008-05-23
34c528d4-e84a-4728-9563-2c5e8bcd8acc,534424,-52.497,160.4891667,122,2008,2008-04-09
34c8869b-9177-4a4a-a8a1-473bb6e7404b,1765490,30.5669994354,129.324996948,805,1906,1906-08-13
34d08ed3-bdec-47be-aa5a-5ea049348ccf,140601,39.72,3.67,81,2008,2008-06-11
34d81b3c-cdcb-4992-9c39-45faf8d6ee7f,140600,52.5263,-13.0852,255.5,2012,2012-09-12
34db02ee-dbe7-4cf4-a3e0-2671992bb676,140596,42.552495,-69.283038,224.5,2008,2008-10-24
34e4d1d9-3493-41f6-845d-c85976495e13,342212,67.112778,-57.2864,0,2009,2009-06-23
34e98122-860d-450a-8c06-97d8a015fb82,140596,43.679787,-68.00956,174.5,2008,2008-04-22
34f0169d-d0d0-4632-bad6-ea05eb36ff20,1043781,49.48352,-126.99963,,2024,2024-05-02
34fa2a4e-6b41-4413-8bd7-302ebe24179a,140600,53.98385,-4.333832,,1995,1995-05-30
35018acd-10bd-46a4-90e9-d566bac52a1a,342036,-33.8401289271,151.2531842783,,2024,2024-01-31
3506d4c5-ae23-4786-96aa-f31b0dcc4f0e,325326,-73.1245,174.3205,321,2008,2008-02-09
350df37c-8a96-4e26-a62d-ddc33c0766ad,140600,57.807,-13.525,77.5,2015,2015-08-26
3515bf4e-9145-45be-82a0-63049200e673,341781,37.5721,-25.3871,0,2024,2024-08-06
351ada7e-cf55-4791-bd95-56242a2e497e,1805272,21.2855712411,-157.8659746601,,2021,2021-11-21
3523ca1a-fde8-4d12-9e8e-653482dc0d3d,342305,48.3558976264,-123.7433255063,,2020,2020-01-26
3527ede4-64a2-494c-8a11-2a596c693f95,341988,-34.9780833333,138.508805,,2025,2025-03-27
352c979c-97fb-466e-bafa-9a7a7c7bd038,342305,54.04861,-166.236861,86,2011,2011-09-24
35323d31-09d2-4ec0-be98-7cc82084f142,140600,39.2299,2.9865,59,2004,2004-05-04
353840d2-9765-42c2-991e-2291aa27d0ca,341984,24.8330001831,-80.75,4,1903,1903-01-27
353cec1d-7a5b-4fe7-a228-2660ff40adb1,140605,36.6897924041,-4.4405977031,,2023,2023-08-22
354425a8-203f-48a5-993b-06e739d5052d,140605,36.33,-5.14,121,2003,2003-04-27
3547e0d0-6034-49c8-97ee-ecf1cf620525,140600,58.40585,-5.105722,13,2018,2018-07-22
35527dce-a6ca-4134-8db3-46d3d7653cf0,342023,32.8657592709,-117.2702569046,,2025,2025-06-29
355b6c43-538a-4a12-8ce3-ce29fa14a1b0,140600,52.6305,-12.94,258.5,2013,2013-09-14
35617cfa-c6c1-486e-b3e1-b3994b4fa426,140600,53.853,-12.5908,189.5,2016,2016-09-26
3564c8ea-973c-4cc5-a1ed-3343b780b029,342305,48.4175,-123.41778,,1981,1981-01-08
3568d0bc-1daf-42f7-a327-2f074c634031,534534,25.5499992371,-80.0500030518,75,1914,1914-03-20
3571c3f7-fa47-4400-a4d1-08b59d473280,457762,-7.8930591209,-14.3881255685,,2021,2021-06-14
3579c5f9-dfdc-47ed-9a86-5f93c6fdf6ef,1561957,-32.1242597,115.7592984,,2023,2023-02-24
357ff3aa-b578-4bbe-90f6-00a3e84252e5,342036,-34.3282630143,150.925333159,,2024,2024-06-22
3585c201-0c01-4cba-b2ad-4911a4785dcb,140605,43.5419691522,3.9776096397,,2018,2018-08-06
358f6969-04ae-4b2e-ba51-7f258340778a,140596,42.769833,-68.738667,200,2003,2003-10-28
3595dfc6-b073-4855-a8c7-e3ed08b53d10,140601,39.5221,3.5156,77,2006,2006-06-20
3599e186-46e3-4689-a6fa-366724f571b4,342381,-37.0833,176.25,410,1992,1992-02-14
35a26648-9ce9-4c9f-87f3-b19bc9aa9bd9,140605,36.67,-4.28,64,1997,1997-05-09
35a6e1b7-b35c-4902-8a30-ec3db3a8a811,140601,39.484,3.3996,54.4,2007,2007-02-28
35aebebb-8601-4f64-bbae-5c5a169e7d02,535784,-34.1899986267,23.1900005341,98,1992,1992-04-09
35b932e9-ee39-4cd1-ac13-bc8654bb12bb,140600,52.1268,-13.8427,204,2015,2015-09-10
35bc7172-ee68-405c-9f1b-7b031f9963eb,140600,52.9508,-13.2898,133.5,2013,2013-09-10
35c066ef-5233-48ad-b4e5-3bc09a342a66,153084,40,-40,4832,1998,1998-03-23
35c53376-eaaa-4323-b1ad-fba1714a591f,140604,37.73,-0.23,402,2004,2004-05-14
35c9aaba-2a8c-43d1-af78-ef518a27e122,140605,42.2980722079,3.2905800083,,2026,2026-07-18
35cc2399-9745-4573-8613-b607736f7a43,140600,53.3902,-12.6948,157,2013,2013-09-19
35d35a51-1d56-4031-8c72-bf25f1d15a83,342042,26.4169998169,-111.483001709,91,1952,1952-08-31
35d8e6e4-22d1-4030-b29f-a648b715bc2a,341948,-32.10833,152.50833,,1991,1991-04-17
35dde91c-6548-4ce1-a676-1cb00808b162,457573,9.1629568975,123.2804068728,,2017,2017-06-04
35e2a163-8100-42fd-bec8-154c4ad02f48,342332,-32.7160110208,152.1411546411,,2015,2015-02-10
35e85fdd-8b4b-4bed-8a85-3a8da1a92f4b,140605,38.3615881147,26.284027379,,2023,2023-06-02
35f0705b-6c19-4079-ba16-6ce5ea16882e,140600,51.375,-4.8507,31,2019,2019-12-03
35f6c5a8-ad69-47f1-ae2f-bb0e3fd4c149,342036,-31.4587571053,152.9348209967,,2023,2023-05-13
35fc6862-1ed8-458a-b9d4-6f0ca8c2aace,325329,-61.2,-54.69,289.2,2002,2002-1-31
35ffff5a-aa0d-4cc9-bd7a-52b5cefd0371,210788,-22.3002299864,166.4360057111,,2024,2024-06-29
3603190f-78fc-445e-93bf-f0aff4099985,527142,-51.5066666666667,-56.2866666833333,697,2011,2011-05-26
360873e0-2413-4b17-a47a-45fdbfc2f9db,342381,-49.75,168.0333,574.5,1979,1979-12-14
360f44ef-a572-4af6-b1d4-8e35f2ab8399,153122,55.334,-36.298,1225,2004,2004-06-15
361c740b-a742-4bd9-b33b-a647e1652a7c,341952,32.8434836619,-117.2810400867,,2021,2021-06-29
361f973d-7608-4f96-b449-f7b1938becfb,140600,50.09393,-4.082809,70,2003,2003-01-01
3624e584-79d6-4a94-a6a7-d9aa06be95b2,342226,-43.7855,174.1513333,835,2020,2020-01-25
362da143-314f-445a-852f-0f15eda6c4d0,140600,51.245,-7.64,93,2019,2019-11-29
363b3b15-fb10-40c8-9fa3-4f292b50d770,140600,49.9528,-5.7585,32.5,2021,2021-03-22
363eb9d3-b302-47fe-9258-31d34c388e08,140605,43.4411628459,3.8127008849,,2022,2022-08-07
3647a6a4-788e-4e64-a3a8-ee18edf37ae5,140600,50.352,-2.4599,27.5,2014,2014-02-16
364bdf5a-78f7-4daf-b8ba-55dbb84d5756,140600,49.9073,-5.6523,39.5,2018,2018-03-18
364de817-3407-4f68-bdf2-8770beba6f76,140600,49.857,-4.1942,37.5,2023,2023-03-28
3650577c-cbdd-44ad-bac5-4c444d6f90c7,342036,-33.8498329594,151.2767823391,,2024,2024-02-22
3654a924-241b-4d48-990a-753e7e97cfc2,342023,34.0441453615,-118.9333276919,,2024,2024-08-05
365a0b5a-b3c4-4995-8ba2-284a3969f45d,342307,-52.8083333333333,-58.7683333333333,145,2016,2016-02-27
365ea608-73d9-4e52-93a0-89dd09df2c16,342305,49.5884148642,-123.2236595838,,2024,2024-11-09
3668240f-700e-4124-862d-19f671ebd1a4,140605,27.87354677,-15.38142398,5,2016,2016-05
3674038d-a5cd-4ca6-88c3-0cf664562fbf,140600,67.2069899494,14.7856483572,,2025,2025-11-05
36796e5f-c0ab-4df3-b72f-9c671ce182e3,342212,49.945,-65.11166667,168,1995,1995-08-31
367d9df7-8e55-4274-bb07-d29c4d5cf64b,342305,34.6112213135,-120.78188324,155.3,2000,2000-05-24
3684424d-43c1-4975-b4e1-cc14e359c7ab,342381,-45.386,171.2965,105.5,2016,2016-05-08
3688f717-7526-440c-a5b6-0c09f408926f,457573,-8.2897887016,115.606941498,,2014,2014-06-16
368e4a11-c8a9-43f0-94d2-c2350c7f2ea1,140600,53.509,-13.9138,127,2017,2017-09-03
36951b59-faed-4564-8817-e8c7d84f1641,325319,-53.98,-36.21,246.5,1994,1994-1-13
369db592-d2fd-4cac-8106-ba8fb27007f7,140600,53.0432,-4.4693,9,2014,2014-09-23
36a21659-68bf-4259-bc0f-0dc764b8e454,342036,-33.8399178841,151.2533999926,,2022,2022-02-04
36a456f6-f92a-46dd-b81b-1d8de39869c5,140600,51.6285,-7.4245,77.5,2014,2014-11-26
36a93895-4b6f-4f39-9540-812881e5e569,140605,39.9565720752,4.2720233705,,2025,2025-09-08
36af175a-017e-4e32-b454-c979b2218bdc,140605,33.0009994507,-79.2730026245,9,2004,2004-07-14
36b7f407-e6dc-4aea-99c1-2d890cc486c7,342333,-8.7865314286,115.2286507264,,2018,2018-08-27
36bf85a4-b5d0-4f56-b1bb-6b1f5911bad3,342305,48.88142,-125.52865,,2019,2019-05-06
36c6ccaa-8b12-4af3-84a9-25adb74f0545,1043781,48.95972,-126.32793,,2009,2009-05-08
36cbff14-6b33-460e-bfde-fea9c3803f9b,534567,10,102,,1999,1999-07-02
36d372f0-1e5c-492f-bced-4281a01ff7b4,535784,-30.3332996368,15.1499996185,,1989,1989-08-13
36d9578b-fe07-43cb-b202-2a0f06408ae4,534733,34.763,128.5478333,,2012,2012-04-29
36e0ca9b-32d8-4b5e-9ba3-770ea710bf2a,342023,36.7088928223,-122.059196472,96.1,2000,2000-09-29
36e791ea-f4e4-4242-806f-9fa3349be226,342381,-49.8517,169.6867,193,1983,1983-10-22
36ef0ef8-3f38-464f-aa26-9b266cba832c,138849,3.2333,75.35,200,1929,1929-12-03
36f53ee4-b7a9-4868-bb23-518bada64d46,342036,-35.07227,150.69913,,2025,2025-05-17
36fa2d88-c1f1-4083-8ab1-0babb387411a,342305,54.060529,-166.204035,90,2010,2010-10-09
37000810-f34c-4b70-bae3-fe0b8e1572c6,140600,48.4237,-7.5678,84.5,2019,2019-04-04
3703cf77-2719-449e-98bc-0f5ed88a7896,140600,48.4237,-7.5678,84.5,2019,2019-04-04
370811e1-67ed-4f2d-a741-3493e5913901,1530663,-38.2729866667,144.6610116667,,2026,2026-01-05
3711bf59-c0d5-4569-939d-256deaa1ff1b,140605,40.7900009155273,0.439999997615814,,1966,1966
37174b6d-87d9-49c8-bbf9-5a970850d595,342036,-33.0863139816,151.640428516,,2022,2022-01-03
371fdafe-e3fa-4f1b-ab09-313b74455a23,140605,43.0128277494,6.3923276904,,2024,2024-07-09
37266d1e-f17d-466b-859a-8155ca5f0ee3,140600,49.5495,-2.5168,28.5,2013,2013-02-24
372c7504-7049-4096-bfed-9faa6f895c1d,140605,42.4295627884,3.1636107751,,2026,2026-02-18
372e81bc-8055-4c94-9d3c-da46cb8b1b46,342036,-35.4743211122,174.7416903119,,2023,2023-09-17
3732a7c9-7541-47d8-8ebc-2c7c4b94c3fd,1043781,49.070183,-126.885633,318.3,2014,2014-06-17
3737d3ec-05a6-446a-8217-d671be457ff0,140600,37.25,-1.69,179,2006,2006-05-15
373bf398-5c0e-401d-a813-1e56ebe228b5,342036,-34.9781135879,173.9665742396,,2020,2020-06-06
37403f1c-e230-4d5d-8a72-da2a5917cc88,342023,47.350022845,-122.3260274265,,2020,2020-09-02
3742fe1e-5d7d-4ec4-8e61-e5fbf689e6b7,210788,-17.3736003,178.1706047,,2024,2024-08-08
374854cf-3548-4a8b-9cd9-2c25d1828d77,749548,26.782735,-80.042562,,2017,2017-04-02
374c2fc7-ac15-44eb-a0ef-87658d135c8a,140600,37.11,-1.77,283,2002,2002-05-21
3750e31f-35a0-419c-8549-dd53aca73c2f,140600,55.6603,0.1985,32.5,2019,2019-09-06
3756badc-c5ee-40ba-9885-43eb439bebfb,140605,44.6301186654,-1.2432439177,,2022,2022-08-17
375cdf66-fa59-445d-bd89-4f311332a022,140605,39.82,0.7,95,2009,2009-04-29
3764e620-6021-4f8f-9e42-47783f532dcb,140605,42.390072,3.158181,,2022,2022-08-10
376ffd64-ba5b-4750-9ff8-4e91d15f2ec8,342036,-36.2091333333,150.1282195,,2026,2026-05-30
377424e5-9c5a-4957-a0f0-55efcb688316,342023,36.7088890076,-122.059112549,85.1,2000,2000-09-29
3778bd6e-4c1b-45bb-b29f-0841cad439b9,534099,1.493767,125.237124,,2018,2018-03-11
377ac579-9ccf-45f0-a298-2e8c064d3268,140598,38.44,0.4,173,2006,2006-06-13
3781b345-a286-4a91-adb5-2dbfbdd113de,342270,-12.4,130.82,0.1,1995,1995-04-29
37878310-69e8-43ab-af0b-f812bcd4e80e,342036,-33.9256858226,151.2593894452,,2025,2025-10-19
378f927f-10aa-435b-9805-bcbc9851aec8,140604,40.2228,3.8552,399,2002,2002-05-12
37945856-c02c-43a8-b3fa-e683727ec60e,457762,12.1584267802,-68.2810552066,,2026,2026-01-18
379aeb2d-f238-4218-95ca-917001009115,140600,56.4507,-7.4583,125,2009,2009-11-14
37a10273-b3ef-44f9-adf0-55b1237f0a32,342023,33.2128833333,-117.39512,,2023,2023-08-18
37a620b2-d85c-4d31-a71b-0adab9f76803,342381,-39.5203,178.2473,749,1990,1990-10-08
37ab1eae-0581-4dba-ad82-6e58c5cd6923,342381,-45.383,171.3958,218.5,1994,1994-05-14
37b28316-f9d1-40cf-ba4c-4ef131f3a7ca,140600,58.04549,-6.668913,,1988,1988-07-27
37b85f41-641f-413f-b1d7-a16c85a9b2f6,534527,13.7583359854,120.920300467,,2013,2013-12-31
37c313f5-3d1b-4f3d-92f8-28a552a4b1c8,1561957,-32.124069,115.758462,,2021,2021-02-07
37ced0c5-5c29-49d6-b1db-a3136b8d2104,140605,36.7346507,-3.7378029,,2023,2023-09-23
37d1fb1c-1267-412b-9427-6447af864c99,140600,51.0407,-5.44,39.5,2022,2022-09-06
37db29bc-f353-4d76-b884-186286d87ed6,140600,52.12515,-6.592897,15.3,1994,1994-06-25
37e411d9-c463-4b5a-8ec8-706f30d00c99,535605,-38.475533792,145.026232172,,2018,2018-03-29
37ea21da-fa0c-4af5-942d-684179774890,140600,47.5594,-3.2268,14.5,2018,2018-10-30
37efc019-c507-4868-b3c3-58191d4af31c,140605,43.2912577217,5.3543671214,,2024,2024-08-24
37f496a7-254b-4061-bace-1a5cf4086420,342023,48.60258,-125.26162,,2017,2017-05-16
37f7ab5e-d527-4e7e-8db1-0fa29bb15851,342023,35.075137,-120.856949,182.9,1970,1970-10-19
38021d60-3a80-4745-ad53-8ae9a74102ad,342305,41.0490305,-124.127875,,2025,2025-12-05
3808e465-37a8-44bd-aa87-b35d5b6a1b9d,140600,54.38917,-5.563649,5.1,2008,2008-07-26
38112f7c-f1dd-4f97-b71b-5158848a007e,342305,54.076079,-166.20583,104,2011,2011-09-13
3816f5c9-0c04-43d0-abb8-cdf88d70aa95,341954,24.9353033333,-80.6135333333,,2025,2025-12-11
381d966e-96d8-4dd8-a0b5-b3e3c4f82ae4,325319,-53.62,-37.84,152.5,2006,2006-1-24
3820ca28-7eb1-4145-9c4a-6fb15f613048,138803,23.6719152,119.5910784,,2024,2024-04-05
38258519-7d1c-4fd6-b719-95b29582aedb,140605,37.6569299695,-0.7159950939,,2023,2023-07-25
3832dc24-a2a8-4332-8da3-f648bf4b7b82,140605,42.3300018310547,3.52999997138977,,1966,1966
38356570-c52a-4b40-a3ab-af82c7affb73,1530663,-37.99347,145.0667888333,,2026,2026-01-03
38417849-6970-48ca-9ad0-60b923c0e26b,140600,52.3567,-14.5168,187.5,2013,2013-09-06
3847990b-429d-422e-afbe-ecf8921f78e7,140605,42.72938396,16.03558559,,1965,1965
3851515c-c837-4fc9-b0dd-04ddf97b0754,341985,28.182666,-83.974666,41,2014,2014-06-11
38575d6f-65cd-476c-ab49-837105842fe6,140605,39.1139872099,-9.3929918365,,2025,2025-08-24
3860eaf5-e39f-476f-b4ef-3338c49344bc,140605,39.9634,3.4138,129.3,2006,2006-04-04
38668433-2dd4-4717-891c-38c13950804d,1813559,51.2000007629,-130.089996338,718.5,2000,2000-07-02
386a48e9-aa75-4180-be7f-05436ea036b9,140600,38.02,-0.31,149,2003,2003-05-23
386dbe3c-96a2-4232-bd5d-5cb0af598146,535784,-31.3899993896,16.2099990845,373,2003,2003-02-02
38725884-6e05-465d-a604-d0069ec1b76f,140596,42.168675,-69.926385,176,2008,2008-10-23
387b62b2-e5e3-4454-a9cc-afc44cd1ae14,140601,34.2750015259,10.906999588,46,2004,2004-09-22
3884e518-3534-44ef-b28b-843551c659d8,535623,-27.38,153.25,,1979,1979-12-10
38891c7b-8ce5-447c-bcb0-1401dc6ee981,140605,-34.6833000183,24.7833003998,,1987,1987-09-27
388dd989-a60a-4756-bd83-31d5fb381921,527127,-52.8266666666667,-59.8066666666667,156,2016,2016-02-15
3892e546-906f-467d-a913-4a79ec3773a1,534733,34.2000007629,126.199996948,,2006,2006-11-16
389b23c4-661f-49d5-891b-da1149b2e35e,210788,-22.2998869694,166.4375076624,,2023,2023-01-27
38a1892f-7b57-40af-8baf-d302b4c06999,140600,50.0455,-4.8288,38.5,2017,2017-03-10
38aaf795-9b13-4414-9ad1-8eb15f8a666c,341952,33.7191933392,-118.326577591,,2025,2025-09-07
38afd8b8-e71c-45ea-8b08-a5d09300d6d2,325325,-76.775,167.836,731,2008,2008-02-15
38b7822e-dca1-4cd0-a4dd-d4df9fcdc648,342332,-37.0715433387,149.9079242349,,2022,2022-06-28
38bc2fdd-152a-42de-88fd-f41584857225,140605,43.3292207687,5.1004227201,,2024,2024-07-08
38c374a9-87fa-4089-9799-faf179efc484,342305,54.070211,-166.206068,99,2011,2011-10-09
38c89bf0-b21c-444e-8411-2f8de3df12f8,1805270,42.4523282519,3.1645957934,,2025,2025-09-27
38d0e394-7a39-4069-bc51-06aec1a827ac,342036,-33.3869092444,151.4843133783,,2024,2024-11-06
38ddd6dc-d2f6-415f-92f8-a3037ebbe7c1,140600,53.6413,-11.4135,105,2015,2015-09-16
38e4acfa-075a-4175-93bf-af0a2fc61e39,140605,24.95,-82.166667,23.5,1978,1978-08-03
38e6809a-3375-4d3c-a809-b9680b7404ed,535623,13.6935311691,120.9093639865,,2019,2019-05-26
38f02b6f-8b0f-4bf9-94a5-c405cada5420,341985,25.4762222,-81.5328889,,2001,2001-04-24
38f2fce9-1c97-4a64-8da5-ca87b3f7d206,140605,42.1829986572,-67.3000030518,179,1955,1955-12-12
38f934a6-b940-4f04-8116-8423f5813a5c,210788,-22.3007589238,166.4369391729,,2025,2025-09-23
38fdf48b-d816-48f3-87af-5db21fd1b96e,140596,43.183333,-68.55,177,1996,1996-10-26
39016e86-abca-4f26-a841-bf6d6671ae19,341781,38.85206,-28.64694,0,2024,2024-09-19
390b3c3f-4c9b-4b4f-ad45-2794105a99f2,342015,-38.3656294791,144.8230617637,,2022,2022-07-10
390eb6d0-9728-4d84-8bbd-2a8c7188fb4f,535605,-41.362253,174.715706,,2018,2018-01-28
391400a5-c121-4c17-afe9-6b84265bf4f7,341952,35.2806437682,-120.8770364469,,2014,2014-12-05
3918ed2d-31bb-4703-9d67-178a2828174a,140605,43.4202,3.754,,2025,2025-08-22
391df799-a06a-4f8c-b8ab-637a4a474c48,341954,18.4650417707,-77.4079209702,,2019,2019-01-15
392406d5-6f9f-42ac-801e-959ca9f428aa,535605,-45.3,166.935,,2014,2014-04-10
392787ac-5784-443b-81f8-5d1963119dd3,140605,39.5478538249,3.3692129941,,2026,2026-06-01
392c1bf4-06e9-420e-92c1-2a79f600afb1,342002,36.09294444,126.6075556,,2020,2020-06-24
392fe14b-a572-47ad-ab1f-04aaff45e50f,210788,19.9908098472,-155.830922529,,2016,2016-04-27
3936b38b-fdfb-41e0-9bfa-19b312fdbe15,140605,45.218665254,12.3287260249,,2018,2018-06-07
393b7ee8-d545-40da-8b61-dccddfd555b1,140605,-34.1872090132,18.4270314577,,2025,2025-01-18
3942cfa9-bb54-4af2-ad4c-6a66f725374f,140600,49.9073,-5.6523,39.5,2018,2018-03-18
394d45dd-fc2c-4d04-a1bc-e7e79982d479,342036,-30.1086497533,153.2074979411,,2020,2020-10-21
3950ba0d-d6e9-4037-b205-c82bc34495a3,342227,-52.6533333333333,-60.6466666666667,324,2012,2012-11-29
3955bfb4-a342-4cdd-94f9-5085e4a318f6,140605,40.7900009155273,0.439999997615814,,1962,1962
39595046-df24-49b8-9d93-e3bfc091f0ec,342381,-40.5033,172.3867,,1982,1982-01-30
395d24ce-07a9-44a9-9cd9-0b39d241bf5e,140605,40.7900009155273,0.439999997615814,,1963,1963
39630932-cc7a-44af-a5a4-2be6067a335d,325319,-61.01,-55.77,176.4,2006,2006-12-24
3967e735-cd71-4bdb-9845-ea7019357b74,1043781,49.35167,-123.50712,,2024,2024-06-09
3971e3ab-ae1f-4432-9729-1a988c792bfe,749548,-22.9867965811,-43.186991302,,2022,2022-01-05
397aecfe-33bf-4a5a-8056-ffe6a8bda9fd,140605,31.1870002747,-81.0790023804,13,1998,1998-04-29
3980e5d6-3724-4205-b08d-b04def45c540,140596,42.573757,-68.607522,207.5,2003,2003-04-18
39851aa4-c1cf-42cf-a78e-e79c6733e9ae,138849,6.6667,-80.7833,1500,1922,1922-01-14
398dbbb9-9442-4692-b288-15801adcb3d4,140605,39.56,-0.02,81,2004,2004-05-20
39925611-227c-40c6-b350-32f1593db6bd,210788,21.5056811128,-158.3741953406,,2022,2022-11-19
3997f355-c288-47f7-a32c-8df2b1cf5514,341952,32.843392,-117.28106,,2021,2021-05-03
399d0dbf-436d-4641-908b-631cfba1608a,342270,-20.2951,118.632,0.1,2015,2015-04-22
39a79968-43fa-4df9-aedf-22ee4572cf03,341952,33.5425598186,-117.7895569425,,2024,2024-06-10
39abaa40-5e97-43b9-bcf3-979720bf2854,140600,49.1114,-9.7828,81.5,2022,2022-11-22
39b2b2ad-c2ff-40b2-9af7-1b087d636b08,341952,32.7611776,-117.245933,,2023,2023-09-27
39b70d3e-ed63-4109-b759-350bdc97c6d5,325324,-61.34,-55.70833333,240.5,1996,1996-11-20
39be152a-f7e5-406d-809b-e73666121701,457573,1.4605006134,125.2347948678,,2010,2010-07-02
39c40564-f7db-47d6-b10c-09f5cdc3500d,1765489,-38.57,141.07,,1980,1980-03-04
39c822ab-3bc5-4210-9213-4fd00d3fb649,140607,39.03,2.83,143.6,2009,2009-05-21
39cf6629-1190-46b9-8f42-788a43ab11e8,342023,36.9748575,-121.951519,,2024,2024-12-14
39d4270b-9c86-498a-a9e1-cffd834bc6c3,341952,33.5878630869,-117.8671156381,,2021,2021-09-06
39da6907-0dfd-4697-8d57-20cb0071a669,341948,-37.323335,150.06833,,1994,1994-02-23
39e26b48-0ec2-4044-8ba7-77dc07ef4767,140600,52.93617,-4.62787,27.1,2010,2010-05-17
39e7ed76-8c77-4cfb-8b2e-bb287d534789,1805275,-20.4765471647,148.7594453242,,2017,2017-09-21
39ee077d-877a-4d03-92f4-8cb281063a61,457762,12.1589327851,-68.2967107915,,2010,2010-03-17
39f2c68d-d71a-46f4-b68c-d0abbf21ce5f,237820,24.052675,-109.8482133333,,2023,2023-06-04
39f7ef82-692d-4bce-95c2-f052925acf02,457762,32.3086783333,-64.8674083333,,2026,2026-06-19
39faed9e-0c41-454f-b2a5-8b08ec425461,140605,38.4342401625,-9.0640797159,,2024,2024-05-11
39fe3299-925f-46ad-b383-3b51fc7ab7fa,342381,-42.43,173.68,25,2015,2015-12-02
3a01ae37-f1b5-4627-9203-02c05c99cde5,342305,54.056529,-166.235452,97,2011,2011-09-28
3a03efca-d61e-42ef-b476-c735e1dde273,534100,-8.2762174773,115.6051831647,,2025,2025-06-29
3a0a4858-a8ee-4c96-8745-1f2a1f64b6e9,140605,42.251604196,3.1801419129,,2024,2024-12-21
3a0ecd06-bc7a-4de5-9612-8a1f36b46649,342307,-52.5116666666667,-59.6333333333333,,2006,2006-10-01
3a1a9f53-ba4e-49a6-b02e-cf654bb27ad1,341781,37.6529,-25.3101,0,2023,2023-08-19
3a1e07b6-835b-441d-89e6-c04c23f190c0,342332,-27.093984,153.161722,,2019,2019-08-14
3a21d1f5-2867-47d0-889d-1d865e41dfa7,457762,12.0319451457,-61.7814295784,,2022,2022-09-21
3a284289-2f08-45fd-b63f-4c17f7dae499,140605,42.93915,-68.87483,148,2001,2001-10-17
3a2f7ee1-9b1f-4f24-ac37-be9487fd7219,342002,34.256625,126.7060917,,2015,2015-03-27
3a3414aa-be5b-4c49-a706-981b5558b0e3,140605,37.36,-1.55,92,2004,2004-05-13
3a37af87-f734-4d07-aa50-ba835ae290a8,342002,36.09663889,126.61275,,2020,2020-06-24
3a41292d-189e-424b-9ab7-7278d8cb7da3,342036,-34.0698136876,151.1291449438,,2019,2019-04-26
3a4978fd-63b3-47b9-8e0f-d1c8ced9ee26,341952,32.7259966667,-117.2574383333,,2025,2025-01-01
3a4ea71b-fb8d-4002-aafe-78fdc2d23238,342305,54.056999,-166.236137,99,2011,2011-02-01
3a536247-58a6-431f-b1fa-2e5e3636cdb8,342023,36.9511133066,-122.0428423144,,2016,2016-01-26
3a58d5ad-aafc-439e-af9c-35885b2dfa67,341985,27.6476247613,-82.6580026019,,2026,2026-02-11
3a5d9956-51bf-4586-8f11-023b057602a1,140600,52.8373,-13.3668,138,2015,2015-09-25
3a61dbe5-ce63-4d0f-b370-f0b3d646d678,140605,40.7900009155273,0.439999997615814,,1962,1962
3a651eb5-0333-4667-831d-f24447e1c0f9,342305,54.082249,-166.21205,126,2011,2011-10-09
3a6bf6ad-8e42-4cbb-aaaf-7a304ab07c04,342036,-33.9256858226,151.2593894452,,2024,2024-06-28
3a6f909e-0daa-4a0c-bcc3-d010eddd92dc,342305,49.3146348948,-124.2413424741,,2022,2022-03-21
3a720615-f6cc-4de2-a71f-62ec67353642,342023,36.9489972222,-122.0617,,2024,2024-11-03
3a80998f-1952-4787-b9a1-a7762fb17d81,140605,37.55,-0.65,101,2001,2001-05-22
3a84bb98-3ef9-4351-bcbd-c374ae147c42,140600,49.1171,-6.5147,57,2010,2010-03-17
3a88e885-0a18-4f2c-b50c-0d42d7e751d7,140605,43.2288277988,5.3482365383,,2023,2023-08-21
3a9121d9-f726-47a6-a81f-9a248a480666,341952,32.7619910843,-117.2464417634,,2018,2018-07-22
3a963252-0e16-4548-820e-0a375fe3fc8c,210788,27.2578103627,33.811606653,,2025,2025-09-22
3a992065-b362-47c1-998a-cfea3fec8eb0,341781,38.20788,-28.19973,0,2024,2024-06-20
3aa8da29-2ca3-47ce-acc1-6262fcfbe5fc,342305,52.5699996948,-131.440002441,0,1986,1986-07-02
3aadc3f5-6169-4b89-a99c-26a943f34154,138803,24.1737847897,-110.3555339947,,2021,2021-06-26
3ab821d1-2e65-4f5f-bdc3-609bf8d921e6,140604,40.04,0.99,115,1995,1995-05-10
3abef68a-016c-481a-ae03-f3749fefb684,140600,50.8852,-5.2302,38.5,2019,2019-09-25
3aca9678-7441-4981-a660-1a366237cd92,239392,-54.33,-39.04,236.5,2005,2005-1-16
3ad1d1e2-f0c1-4faa-a261-ab2b42623367,325336,-62.02,-59.6,177.1,2007,2007-1-1
3ad84f48-c10b-4e93-973a-71152427175a,342305,49.003185,-125.644749,,2021,2021-04-04
3adfb65b-bcbb-4ca8-a727-39da3049c22e,157011,48.02483333,-59.936,471,2006,2006-08-05
3ae3ce23-404c-4754-93c3-d9ede776cf23,342305,57.0977116146,-135.4009300829,,2023,2023-10-06
3aebf7f0-3839-49fc-a32b-1727131ea205,140605,28.0059477186,-16.6489759273,,2022,2022-11-18
3aef39a2-e81a-454b-b0c2-d3fba9916018,527142,-52.8683333333333,-59.96,,2022,2022-02-13
3af408da-1ce8-434f-9b27-920afc10baea,534099,1.4332534079,125.1776987845,,2024,2024-12-10
3af8dc3d-55f8-415f-9235-4b4e429c49be,342305,36.58041667,129.4129583,,2014,2014-06-20
3afde3ac-a7f4-4302-b854-efe7032555bc,1530663,-43,147.32,,1973,1973-01-01
3b03ca8c-d8dd-4aff-87e8-2f2473dbcf7b,342305,49.301504201,-124.1678445786,,2024,2024-11-07
3b08878b-5315-441f-bf0f-905db84cd2f6,140605,34.07547222,125.087,,2025,2025-08-09
3b09d8f8-2059-430d-a95c-0eb4ae32b0d6,140600,48.0707,-8.4747,245,2015,2015-11-10
3b13baaa-d9b7-467c-a35d-10b4acaf0aa6,140598,36.46,-4.16,614,1996,1996-05-05
3b1da61c-9d5a-4d19-bf8a-12d292f08a2a,342023,37.4953166667,-122.4988866667,,2021,2021-05-01
3b2374f8-0fe3-40d9-9502-a1e6fc47a9d5,342305,54.051231,-166.237558,91,2011,2011-09-16
3b2b4450-673f-4f9f-ab1d-5c5caa96ab8b,140600,55.5477,-5.090049,11.2,2018,2018-10-02
3b2f115b-472d-44ca-a06b-8e6fe14389a6,341954,25.3578665313,-76.5052029385,,2022,2022-12-08
3b3aed6b-ff66-47a6-9467-704d4d4483c2,140600,50.86,-8.892,115,2014,2014-12-05
3b3e739d-1dbe-4224-86d9-74f1e0dab7d1,341953,13.6999998093,120.817001343,,1980,1980-04-23
3b4417c9-5b1e-4137-a183-2828d4096c82,342305,48.60652,-125.3098,,2022,2022-05-11
3b4c1b3a-cc23-4478-a808-9ee2a2b7c063,342010,-1.25141,-90.3742,,2022,2022-03-31
3b5185ca-cd50-41c6-ace7-de7011ca69a3,140605,-34.2004524875,18.4565621352,,2024,2024-03-01
3b5d5f10-553a-49f9-86ff-3fefd194a2df,457762,13.3813,-81.7129,9.5,2016,2016-09-16
3b62b7b2-314b-41a2-ae24-aaa91c04209a,342036,-34.0687818318,151.130624868,,2021,2021-05-17
3b66e155-33d7-43ad-8319-6ee0bf142347,457762,9.3882,-76.1791,9.5,2016,2016-06-01
3b6998df-9416-4ef2-87b3-7cf4c5e6394a,341952,32.669405,-117.245575,,2025,2025-04-05
3b6e6210-0220-40e1-ab58-a38ebf8ddb1e,140598,41.48,3.12,340,1994,1994-06-17
3b73bc49-a65d-4e8c-ac54-c1a4efd4ff36,341952,32.841945,-117.2810883333,,2026,2026-01-01
3b797bd9-6f38-4c76-8e41-e65136aaf2bf,342023,47.3503281304,-122.3271218042,,2021,2021-07-15
3b824b5d-294b-4892-b024-7ae55dc7b4e8,140596,43.77518,-67.543075,228,2001,2001-04-26
3b87514a-17be-40a8-aaa1-c66ca7f0bded,342305,54.062869,-166.237386,117,2011,2011-09-17
3b8bff66-5750-4f92-b9bd-267ab6d1147b,342015,-38.3685906873,144.8213780661,,2023,2023-08-13
3b90d5b2-5ba6-4eb6-8651-d0e318cb2690,210788,20.8087873965,-156.6225261566,,2009,2009-03-10
3b970b50-0b5f-4613-8c43-e4637203cd11,535605,-35.9991083333,137.6073916667,,2026,2026-02-15
3b9ce829-318c-4f0a-878a-a27118ea5e60,140600,52.7873,-13.6658,116.5,2015,2015-09-26
3ba512eb-f1a1-44e2-8f3d-8739638f0797,342023,37.492612,-122.49876,,2016,2016-01-23
3ba90001-a322-4ca2-a8fd-eeed300b7f4c,535605,-38.4860378477,145.0169690758,,2023,2023-11-01
3babe435-e119-4bdc-bce4-89f2d779caca,325319,-61.01,-55.11833333,146.5,1996,1996-11-25
3bb3bd7c-9d74-4e10-8206-2d89e304b2ca,342385,-42.3925,170.5393333,337,2012,2012-07-25
3bbec11c-e9d4-403e-8dc8-fc738f8f60d6,341781,38.38503,-28.1662,0,2023,2023-07-23
3bc50bf5-0249-400c-98e9-4dedafcb5217,140600,49.3836,-3.2481,40,2012,2012-03-28
3bcbf362-a6bc-4e70-93e4-28cabe4dae0c,140605,39.94,-69.34033,296,2002,2002-02-27
3bcea53f-bb95-4bb5-a1c1-8994a1b89867,341954,16.2724165288,-86.601009561,,2025,2025-12-28
3bd7391c-058e-4c70-9593-26f9698d5610,342023,36.6269616667,-121.9404,,2024,2024-12-03
3bdd4edd-9c58-43fe-8cad-71b92c6707ae,534099,-11.1933,143.798,,2004,2004-09-28
3be5f541-6541-4f1c-93d6-ad82385c3471,140600,51.7932,-14.3072,180.5,2010,2010-10-03
3bf03ff9-3257-4973-af37-c87b0af69699,535784,-35.3300018311,22.0200004578,168,1987,1987-10-03
3bf963e6-b323-45f3-8529-af867d07510e,140605,40.5999984741211,1.13999998569489,,1969,1969
3bfc8ef1-27b0-492a-b76a-63bd127bdb7d,1805270,34.8499984741,138.550003052,,1906,1906-10-14
3c020c85-61da-4acd-9528-0bc8521f797e,140605,37.7801787095,26.8931281194,,2025,2025-07-21
3c0b1f23-dca0-4fdd-aa00-6b17958590ef,140605,42.17728544,-8.816195928,,2026,2026-05-21
3c0d685d-fe1d-481c-92f8-2067940ca1df,535784,-34.4333000183,23.6333007812,,1988,1988-05-17
3c11bfaa-d296-4c7a-ac7e-7baacebb954c,342036,-41.350142,174.764522,,2017,2017-01-15
3c17a890-ada9-4110-9e82-d811cdfb405d,140605,44.2417728494,8.4459978593,,2024,2024-07-21
3c1e6cda-fa8c-4c72-bb04-fcc9073ba4d9,140605,43.334670758,5.0296381203,,2021,2021-12-31
3c26c62c-e091-43a1-bf9a-9343ec653a74,210788,-23.4404817514,151.9127469624,,2025,2025-10-28
3c2cf835-b026-40c8-952b-7ec242dd3aa3,1805270,43.2112631152,5.3518369028,,2018,2018-03-22
3c307156-a487-4bb0-9d47-c4599d26927f,140600,52.077,-14.4405,173,2015,2015-09-09
3c35845f-9fe2-4f8a-a31c-025ad6a4ea77,342023,36.6097199334,-121.892304739,,2020,2020-05-15
3c3f7904-4c8a-4d6f-90e7-5f5326284afd,342023,39.2795649868,-123.8038162711,,2025,2025-08-02
3c498af0-63e9-4b21-a9ad-538c1fd2d76d,140605,39.3243334953,3.1411545282,,2025,2025-10-09
3c50715a-f402-4111-b0cd-0606520fbdf5,342045,-42.5833,148.042,,1985,1985-04-23
3c59981f-c28f-457b-acc6-f58d347d2a6c,210788,9.92159,123.34341,,2024,2024-12-15
3c60e5bd-9caf-473f-b287-883f67e25c3b,210788,29.5099224128,34.9236910655,,2024,2024-06-01
3c67135e-d0e7-4758-8633-7dcbf42037f5,342332,-33.8399558384,151.2525075056,,2024,2024-04-16
3c6c81d1-ffa8-4afb-ba92-548002d31a84,140605,-11.21383333,13.63108333,115.5,2009,2009-03-20
3c6f297f-eacb-46c7-9192-d17e291e418d,210788,-22.3,166.436,,2023,2023-12-26
3c74e18d-c490-4c97-8c3b-7a60b43dd497,342305,54.077141,-166.222911,126,2011,2011-09-24
3c86a7cf-5620-4872-bf97-0d302291a94c,1805270,41.8469831633,3.138340105,,2021,2021-01-27
3c8d9b20-39f6-4d5c-83d5-0c91c2a7c3c7,140600,40.32,1.13,93,1995,1995-05-10
3c991c36-9672-4ddc-945e-56ca4a0b88d1,342381,-40.8942,173.9783,27,1995,1995-09-13
3c9de05c-9283-4f7a-9c63-68d8309a371c,342305,54.057093,-166.286124,95,2010,2010-03-15
3ca05ec4-14c9-4ae2-8214-41c1fd30c198,140607,40.106,3.6803,168,2005,2005-06-30
3ca57e8f-a1b2-4a34-9719-6aea60177274,140605,38.6314679452,0.079161711,,2024,2024-12-05
3caf2d33-5b27-4584-aa86-5554595ef67b,535605,-38.3655955041,144.8230947637,,2024,2024-12-12
3cb390e9-957e-46dc-9e9b-12ac61653177,342023,39.3082567023,-123.8105315092,,2019,2019-11-29
3cbbbe2a-a1f3-4342-8393-6942ba9c6006,341952,32.7612532036,-117.2451835288,,2023,2023-08-03
3cc20102-ec9d-4791-8846-39d64fce0c2e,140600,54.6925,-3.7405,10,2022,2022-09-15
3cc650dd-66c3-4065-b3dd-327d665db602,534733,36.322625,126.5037082997,,2024,2024-07-03
3cce3249-d17a-409c-a3ac-3c9a434f762b,342036,-35.5043052723,150.3968418221,,1984,1984-07-08
3cd1e6d2-c5e3-4bbf-991b-9ea639c9ac34,342036,-33.3899874041,151.4865283092,,2024,2024-04-18
3cd9da30-8660-4b31-88e7-a00546d7e90f,342023,37.4950944444,-122.4993444444,,2018,2018-07-13
3ce32866-d1bd-4ebe-b556-5f381ed08ab0,138849,15.5167,-18.0833,100,1930,1930-03-13
3ce6b430-ed55-431b-9175-e3f65b043d87,342023,33.8365659268,-118.3963782981,,2024,2024-08-08
3cec8b49-551e-4808-9e0d-deee486612e6,239393,-61.0699996948242,-54.6100006103516,189.6,2002,2002-01-30
3cefa8bc-9dbc-4b33-8589-64ee6292e812,140600,46.2856,-3.2176,62.5,2022,2022-11-08
3cf4be1e-5462-45f9-af6c-94b999eed035,140605,40.5999984741211,1.13999998569489,,1967,1967
3cfb3957-89ea-470d-87c6-dcc62b4485a0,140605,27.87354677,-15.38142398,5,2015,2015-09
3d013bac-997b-49bd-9e80-53d4035caf22,342015,-38.3683251736,144.8224664903,,2025,2025-12-18
3d055f19-ef01-4807-93b0-bb1115dfdc65,210788,4.1966035726,72.8235722994,,2013,2013-04-07
3d0c7da3-d5d9-4f6a-a457-37717455c442,342023,47.5715211645,-122.4132138278,,2026,2026-05-17
3d1278d7-6316-432c-9053-5a2543ee3a41,342023,49.870553184,-126.7432852445,,2022,2022-09-24
3d185a29-f65a-4366-97bb-abfe7652c35b,535623,-19.0817,118.97,82,1983,1983-10-23
3d1e9c41-6994-4ba5-8078-c60669511c93,341954,25.8263466667,-77.9136883333,,2024,2024-04-10
3d26baf1-1d46-4e0e-99da-3f00c80c9860,1043781,52.714733,-129.77865,215,2011,2011-05-26
3d32a067-e860-43e6-b61e-772f4646edcc,341952,32.8143285582,-117.2739549194,,2026,2026-02-28
3d373ff2-e85b-430f-b9e4-2d4cd3173f61,341781,39.845333,-67.4045,2391,2005,2005-04-18
3d3adc60-8e33-4996-93b8-b2cbe397a79c,140605,26.718833,-83.9215,88,2015,2015-10-13
3d46317a-e23c-4ea2-8ec5-0aaf3e5f22a4,140605,37.158000946,10.6420001984,134,2003,2003-07-12
3d494527-ac35-49df-80ba-12e9d5f2ea80,140610,-34.53806,153.5025,77.5,2017,2017-09-10
3d4f9fb4-b753-44fe-99f4-f3a838596f26,341950,-34.7184937127,135.8587303385,,2026,2026-03-07
3d550c03-81e1-4ef6-96b6-ffde5cad5fb7,239392,-61.2,-54.69,289.2,2002,2002-1-31
3d5b994e-6e79-4198-8e31-c421d6551670,342305,54.069263,-166.23204,123,2010,2010-09-14
3d612912-1e69-4ebb-b085-37c14e3ab8fe,457573,1.4634755466,125.2395952694,,2011,2011-09-10
3d695fad-1c5d-4c69-8517-3643dc690c84,341952,34.4064616667,-119.8776783333,,2021,2021-11-06
3d6e6d40-95ac-4b89-bcb6-203a318ccd51,210788,9.3641549821,98.0229919041,,2026,2026-03-17
3d73aa9f-3029-489f-a1aa-8f00023d8499,210788,8.9350870465,120.029563549,,2023,2023-03-23
3d751cd2-34dc-407d-8248-0f5b136396ad,140600,51.5065,-4.1733,19,2022,2022-09-05
3d7ad4d8-ea1b-4efd-ae5e-1ddfb6bf24ca,140598,51.7215,-13.1783,496.5,2021,2021-09-20
3d7de494-a309-4a68-b91d-4c3b7daa977d,342036,-33.0862812265,151.6403951946,,2021,2021-12-28
3d886429-7407-4784-b3c6-2e0f6184eff4,341952,33.5418688913,-117.7847899497,,2026,2026-02-01
3d8d8c2b-50e4-40ba-90ec-69126596ec55,342381,-48.5582,175.1163,816.5,1996,1996-04-17
3d9087c7-9306-4792-9b5d-15b42f8130d6,140600,53.609,-11.9205,147.5,2016,2016-09-27
3d94499c-d4f7-45f4-8747-392a8157baeb,140600,51.9248,-14.8402,246,2021,2021-09-06
3d9b9c95-33f7-478d-bddf-fa131aea8737,140605,43.0055751387,6.1926427681,,2023,2023-10-07
3da17f74-9d57-4851-ac6d-02c7a6654c41,140598,44.0195,-2.1491,252.5,2015,2015-10-23
3da64fcd-8915-4be1-a972-37abd8d78eec,140600,50.06,-4.576,35.5,2016,2016-03-10
3daa9ee1-55fe-4dc9-8b23-d02f0e771c64,140605,34.2449989319,11.0430002213,48,2004,2004-09-22
3dadf249-33ec-4074-8e63-0d81767cf9b7,342381,-43.2237,172.9177,36.5,1997,1997-12-04
3db0bd64-7e6c-4192-a0ac-07d6f20391a4,138849,8.3167,-44.5833,3000,1922,1921-11-13
3db89bf2-e574-480b-8c79-c742f83a62b2,140605,43.1385453583,6.2750932392,,2022,2022-08-08
3dbfe237-0a81-4e54-9d6c-7342fd6bddd4,140605,42.3945832266,3.1550752306,,2024,2024-06-30
3dc49215-4437-4825-b3ca-3059345acca5,215276,38.5565657826,-28.6096976931,,2024,2024-10-18
3dcb6e2b-99c5-4a52-8927-f7a35c3ed3c7,140600,55.545888,-5.090226,,2022,2022-09-27
3dd23e22-8ed6-4070-b70d-888327357312,534099,-8.3543429866,117.6484017799,,2024,2024-07-28
3dd64d71-d89b-4263-bc01-eb2f80a7b85d,342036,-33.0864382731,151.6406648254,,2015,2015-03-27
3dd8a8ec-fa05-4ef7-8d77-c73edbc27c2b,535605,-38.54667,148.414,200,1994,1994-08-26
3ddc4af4-06e7-4b71-8b5b-84cb51ef1b46,140600,53.2635,-11.913,224,2018,2018-11-13
3ddf4bfc-1b42-498c-b610-7b9408622214,140605,35.5662001,23.7781026,,2026,2026-05-15
3de790ca-5ef2-40fd-9a60-593592f0cd67,140605,39.3289624852,3.1471494069,,2023,2023-10-11
3df1c850-afca-47fa-b2cd-0947a8267d26,342023,32.8580905799,-117.2615181028,,2025,2025-11-28
3df77f90-49f0-4b87-b3df-4d91da0784b6,140605,42.72938396,16.03558559,,2005,2005
3dff2b00-4c10-4271-a24e-16677d478feb,140600,52.038,-7.3915,47,2011,2011-11-16
3e065aa1-4be3-4d78-98f8-1c420b923f3b,342332,-33.86717,151.1476888333,,2025,2025-03-26
3e0b78b0-a77f-4861-8085-d002766301c5,342036,-33.9256859,151.2593896,,2025,2025-06-29
3e144da2-2f99-4883-b038-aba860394b7b,140605,-34.8331667,20.0016389,,2015,2015-02-09
3e16d31f-e4ea-4851-84a8-0db7decdcd37,342305,54.05649,-166.211371,91,2011,2011-09-28
3e1aa9b7-6de5-4a4e-b540-b83816997e02,534099,1.4525883,125.2250546,,2023,2023-01-04
3e21bc0c-2015-499f-91b6-fe17888f2cbf,140601,36.62,-4.04,352,1998,1998-05-06
3e281807-91c3-4f83-92b0-0197872287b2,534099,1.4927015384,125.2375888824,,2022,2022-04-30
3e32fcd5-3030-4ade-90ec-ab47a3328180,341952,32.7611776,-117.245933,,2023,2023-09-28
3e371054-f1f5-4825-a7f3-14a87b2a31fd,157011,49.781,-59.139,214,2021,2021-08-07
3e3a37b1-8a55-44a8-b071-37bf85d6f22b,341910,-32.1199989319,16.1800003052,542,2002,2002-01-27
3e3f1721-49b9-4686-a39c-d79c2db72fa9,457762,16.1747401175,-61.1090511782,,2020,2020-12-16
3e472fc2-e580-47ac-9a7e-aefdb957c7cc,140600,52.5163,-5.8338,37,2009,2009-09-27
3e4bf291-b403-4024-b126-1c8cf458dda5,342036,-36.6913765973,174.757006723,,2026,2026-06-13
3e4e40d9-b6b8-4eaa-b8b2-70fbcf7b1936,342381,-40.853,174.0048,29,1996,1996-09-12
3e5b7887-a52d-4b7d-840c-0684bd3cc730,140605,28.9195277305,-13.6720991135,,2023,2023-09-15
3e613867-f032-4a55-9c38-7f0f4b3453dd,210788,26.2046557586,34.2188549115,,2025,2025-08-14
3e6a5cb4-4d3f-43df-98d8-97f775f11fde,341990,-3.7070014924,128.1120371819,,2017,2017-03-15
3e76e392-2229-4434-a546-b7d371c8fbd3,210788,20.7005848434,-156.4555329246,,2008,2008-09-13
3e7a1471-d617-4423-881d-d185ffb6a54c,210788,-22.23723118,113.83941818,,2023,2023-05-18
3e7d06cb-aa2d-4def-b56f-44c04f4e92d3,325326,-61.0699996948242,-54.6100006103516,189.6,2002,2002-01-30
3e81a0bd-1bb5-4420-926d-4f5d278dd1dc,527142,-48.64775,-60.3868333333333,320,2010,2010-10-28
3e8556e8-1685-4312-a874-09fe14610fc8,342036,-30.1568582629,153.2066061576,,2024,2024-02-26
3e8acef7-ceee-4b4b-a40a-1ea0bbe2b04e,342305,54.070111,-166.212107,101,2010,2010-03-17
3e8def3e-3f6b-4b0c-b04a-8e99fba6e95b,140605,41.1100006103516,1.58000004291534,,1962,1962
3e943112-a9c1-41b7-98bf-6018f7e3331c,325319,-54.13,-35.8,235,1994,1994-1-13
3e97e38b-ca4b-4b63-9010-96ccc8f0044d,342036,-34.6258666667,150.8560783333,,2026,2026-06-07
3e9b83e3-bdd2-4d13-9211-89bc6dbd391c,140600,53.1103,-13.3157,118,2012,2012-09-22
3ea198a8-d78e-42d5-a342-8bb1c931eeb5,342023,37.2454783727,-122.4192092321,,2025,2025-12-05
3ea91c0f-0714-4199-b1a6-366d3dca64c2,140596,42.3499984741,-68.9000015259,211,1978,1978-04-24
3eb0e856-708c-4cff-b833-8b5164711680,342307,-49.7458333333333,-60.3308333333333,167,2011,2011-11-21
3eb5f13e-3f3e-423f-9b0e-e893787c33ae,325319,-60.89,-55.38,370.4,2002,2002-2-4
3ebeaade-63a3-4d78-a07d-ba58e17ea25c,410340,31.6830005646,-63.8170013428,1250,1972,1972-06-07
3ec4cb9a-a9d9-418c-87c0-d5d74932d1da,153084,42.933,-29.536,1734.5,2004,2004-07-09
3eca4ec9-921e-4096-88d0-4f30d9e2b66d,342036,-33.086467331,151.6401565075,,2017,2017-02-25
3ece0746-52ea-4f3e-a2c0-219c858e9cca,342334,-38.3562343123,144.7721169676,,2024,2024-10-19
3ed16edb-45e4-4d19-82d1-d1f66cc3e662,140600,49.1974,-4.1021,44.5,2011,2011-03-16
3ed77420-0988-482c-bdf2-2f74f1caaa8b,210788,-4.7155064838,39.3789732018,,2022,2022-12-28
3ee289ae-0d5e-4c97-b186-825553716666,140600,49.5495,-2.5168,28.5,2013,2013-02-24
3ee6e5ed-df1a-4635-9548-d225cb2ef381,157011,49.40533333,-59.95466667,203,2017,2017-08-30
3eebb6eb-e006-407c-917e-46b3d57dc596,140600,53.7757,-13.3628,157.5,2010,2010-09-19
3eee1a97-c7d5-4196-8498-8937b7b38d25,342305,49.718133,-124.608483,84,2021,2021-09-19
3ef52d4e-6435-49ea-8e52-56eec78b71b5,342010,-0.05167,-91.5588,,2017,2017-06-05
3effced9-77a1-41b7-ae12-6393bde01044,210788,23.5125355887,58.7548755192,,2026,2026-03-06
3f073d36-69cb-4afd-9161-b44ea82e13c0,140605,38.02,-0.32,140,2005,2005-06-05
3f0baa81-c41b-41a4-b9c6-e65b22008831,527142,-52.97,-59.665,235,2016,2016-07-22
3f123e14-9e31-40d6-98dc-a0817a21bcea,342305,54.054817,-166.26692,80,2010,2010-07-09
3f156f11-bb57-4281-8e2a-338ad4103b66,140600,55.82,-7.637,121.5,2016,2016-10-04
3f18f5e0-b67e-48b2-9f72-2b300e11aeb1,341948,-38.05833,144.793,21,1990,1990-03-29
3f1c7eb7-278a-4b56-9a06-83e9af205ce4,527142,-49.3333333333333,-61.0083333333333,167,2012,2012-04-22
3f25cf85-8e8a-4ad0-98c6-d2eabc8efec0,457762,16.2754191413,-61.8042201421,,2025,2025-07-28
3f2cd48d-bbf8-4ede-8bfc-29e9fc6cd9a8,140600,36.51,-2.18,511,2006,2006-05-14
3f300f20-65b1-4516-8fe9-d2e2305b6b7b,140605,38.439544,-9.060144,,2013,2013-01-16
3f366ad3-7449-49ca-9316-c4280455fe1c,140601,39.6347,3.5748,74.5,2008,2008-03-28
3f3bc7d2-2ac0-4eb3-9adc-8baf1cf5064d,140600,53.3902,-12.6948,157,2013,2013-09-19
3f4066b3-019f-4f20-9f01-1392695de463,140600,51.742,-5.286555,13.5,2012,2012-06-02
3f46615b-f369-4bda-b1c9-3e485de1a738,342305,48.61694,-123.50194,,1981,1981-01-09
3f49ea87-f531-418a-a7a5-1e3a869d1628,140600,52.539,-10.326,97,2013,2013-10-29
3f4eb0ce-5fd1-4efc-bcc3-49bae971527f,535623,-13.916,143.715,,2004,2004-10-06
3f56c043-6a3b-4826-ba0b-2e7f521e4689,342305,54.080072,-166.218658,132,2010,2010-09-20
3f622e0d-3fd0-4a57-af61-37962558be45,325324,-61.3,-56.04,311.2,2002,2002-2-2
3f6fea99-adaf-4c63-ad9b-44cefd3a7353,140605,42.72938396,16.03558559,,2002,2002
3f72f94e-68e5-46b1-858a-d4457d511227,535623,1.8235277236,125.0824907004,,2017,2017-07-04
3f78e657-d8e8-43ec-aaf0-47cde7c35005,140605,37.6692343044,25.0372741347,,2013,2013-09-24
3f7c7b93-5404-4b6c-a80e-77af2937a483,341985,27.616667,-83.966667,55,1967,1967-02-28
3f7f6aed-2470-471c-b11b-c34b68d6c863,140605,39.2476349242,23.9684062044,,2023,2023-08-08
3f842fa6-0c75-484e-8071-4ae78838d791,140600,41.11,1.56,71,2001,2001-06-05
3f8963da-5d74-42bf-85cc-8a9655da6d1f,140600,52.926,-13.4827,114.5,2012,2012-09-21
3f8b94d3-4cd7-4cd7-9357-94e7354aaab4,342307,-49.3056144444,-67.6017379722,,2024,2024-02-12
3f914d73-0bfb-471b-afdb-b0372dbdca7c,342334,-38.32,144.72,,1984,1984-04-17
3f9a943c-e0cd-458c-a4c6-b1b07d487193,342334,-38.33,144.32,,1978,1978-01-01
3f9e52a3-977a-4865-8094-ae092539d2df,140605,42.72938396,16.03558559,,2000,2000
3fa58d0a-db81-4c0e-8750-65ddb54bffd2,140600,50.508,-10.053,139,2017,2017-11-19
3faad0bb-969a-4daf-9df8-0a5d9d46e65e,1530663,-40.2275,148.0296,,1970,1970-01-01
3fafa20f-5404-4fb6-a4b8-466338bd37db,140605,42.3548536938,3.1751492684,,2024,2024-08-09
3fb1ea07-72b8-49b1-9e9f-68d2bf72da32,140600,53.99618,-4.938163,,1999,1999-04-30
3fb55023-895d-4ed9-9bd5-ed6467906db4,140605,28.1405,-83.707,33.1,2013,2013-06-23
3fbe7041-24ab-456c-81db-a1bafcfb0e45,342002,37.5604104192,126.9622639983,,2026,2026-02-06
3fc22b24-b34a-4952-a10c-5e7e3c35bc5d,140605,-34.4814929711,20.5015323311,,2023,2023-02-22
3fc79afe-6901-4367-8b3d-444215357446,420653,30.643466,-80.166216,46.3,2016,2016-09-21
3fccd72f-ab11-48ae-bcbb-6b2d6bfa12e7,457762,14.5287837767,-61.0877146017,,2020,2020-01-05
3fd25c32-f01e-446f-8c7d-e23614556e05,140601,39.588,3.5967,89.2,2009,2009-03-24
3fdace75-4a67-4199-8357-8538fad4d02c,140600,47.2532,-3.4581,45.5,2018,2018-11-05
3fde488d-9fff-4c64-815b-5d89b5842fd3,140605,38.4153396533,-9.1889464793,,2023,2023-01-14
3fea1b5e-7ad8-4246-9b66-4224eb7a8924,1043781,48.46943,-125.43138,,2023,2023-05-13
3fef6577-812a-46cb-8cb7-b638ce4f1215,140600,53.155,-12.3078,157,2015,2015-09-20
3ff56312-405c-44a2-8e7b-70f3d5de71bc,342036,-33.826900159,151.2530873314,,2025,2025-07-13
3ff9fa05-8d8d-41f7-82e3-17280313227a,140605,39.4779871875,2.5403104921,,2022,2022-09-10
4000e213-b5c6-40cb-a2de-a9789ddaa15a,341950,-35.522854,138.185421,,2024,2024-05-24
40045049-5f5a-48a7-a815-5b1febd3b44e,534099,1.4895392082,125.257866881,,2018,2018-06-11
40097c8c-7130-4fa3-a348-6c782f896d6e,535784,-30.75,16.1833000183,,1995,1995-01-25
400ddbfd-f940-4cba-8b7f-045a946a8337,342258,-65.6169967651,-123.916999817,4718,1964,1964-06-18
40166178-54a8-4772-a5ed-4d9193777b28,140605,-9.479086583,12.92833452,90.5,1999,1999-03-11
401eb783-d6a0-416b-9dd1-461d0e8b45a1,138849,11.1424999237,-19.829199791,947.5,1968,1968-02-15
40242d6d-d13e-415a-8200-e77c880560bc,325319,-60.83017,-55.61267,486,2006,2006-12-22
40274f1a-decd-404c-a50a-915c341fea57,138849,8.5667,119.9167,500,1929,1929-04-06
402c41f3-4d0d-4182-bfc9-e22f18afb5e9,1805270,43.2324690076,5.3502433818,,2026,2026-04-08
4031e8bb-a4f8-4b84-8048-c5cd513b3dca,325325,-60.82,-55.66,454.6,2002,2002-2-3
4038c247-056d-4e54-9ede-4c1ce691aa59,342036,-32.7143178214,152.1508579749,,2023,2023-12-11
40417bac-7f00-4fb8-bb73-940f259f41cd,1043781,49.39543,-123.62247,,2012,2012-06-16
4048d6b2-bbeb-4a8f-a122-715f486daaea,1438204,-42.902,177.0205,388.5,2023,2023-10-05
404e2990-6270-4b4d-9de6-0d32cb972377,140600,54.2767,-3.494,11,2015,2015-09-21
40576c93-535c-440d-bdc7-4c815b3b8b29,140605,39.7034,3.5405,66.1,2004,2004-12-13
405b6c46-9d82-4f9b-bcd1-ca8decefa1a0,140605,42.4715389939,-9.003796801,,2024,2024-08-24
406212d5-77a4-4f16-b4c4-fa877a2bc802,140600,51.0458,-4.7385,27.5,2023,2023-09-23
406b431c-a48e-4c6a-80da-43f9e7fe98f9,140605,39.43,2.48,77,2007,2007-06-18
406e80c6-e88e-4d64-9752-4d282ee931e3,140600,52.7957,-6.095,9,2017,2017-09-10
4074e4d0-53ea-4936-9743-d5ce0340f124,140605,26.4,-83.366667,55,1966,1966-03-22
407abbbf-3bf4-43f2-80c7-1afc9a8d99da,535623,-19.7617,117.863,54,1983,1983-02-20
407f48eb-3eac-4b27-8a1e-dd7a40cb6665,457762,20.6017704205,-86.8903267693,,2006,2006-11-03
4083758a-0445-466c-af15-909e59cf6149,342305,49.52053,-127.1185,,2014,2014-05-14
408bb28f-149b-4f46-a271-d8400ce841f7,157011,47.64166667,-60.45133333,313,2005,2005-07-31
4090b9a0-94dc-422a-8f16-32eb99fd3ac7,140605,43.4150500519,6.7454101913,,2025,2025-09-30
40955d87-9f88-4b85-9a81-d9afae9a649d,457762,18.4657412664,-66.0866481805,,2024,2024-12-29
409bc2e7-5b80-47e9-b66a-6672682bdacb,140600,51.17,-7.427,104,2013,2013-11-04
409f5916-82ae-4479-9534-0c4397e92431,140600,36.29,-5.04,355,2005,2005-05-10
40a5df55-aac0-4a3f-9521-ea5d84aeb32e,342036,-35.6296783333,150.3284616667,,2026,2026-03-31
40ae2829-3dbe-46ad-ae56-2acd92dd985d,342398,10,93,,1932,1932
40b65394-6937-445f-b2f9-959a974c31a6,534443,33.5242616667,133.7509783333,,2023,2023-04-11
40b9574e-386f-4231-8244-f83ef38f2f92,140605,38.7678178333,20.8187567333,,2021,2021-08-21
40be1820-58a1-4a36-b5d7-33f09892b4bf,140600,47.053,-3.0514,29,2022,2022-11-12
40c18849-6a31-4e8d-891a-1e867626aec6,342036,-34.8761213293,173.2892868136,,2025,2025-07-21
40c91412-a22e-47de-8b8b-243d2afe5eba,341987,-37.01283,176.211,202,1998,1998-01-25
40ce6b7d-b00c-4e99-9fc6-546e3417f885,342023,32.8570333171,-117.2618768671,,2021,2021-06-29
40d1c675-2540-4363-a80d-662003c513f6,140600,48.9398,-3.5902,36.5,2018,2018-04-08
40da4055-ce62-4f95-b236-ce3bccdba4ed,210788,-2.2438833333,130.5562,,2019,2019-11-24
40de27b9-5364-4e9a-b3bf-9bd5cddb9881,341952,32.8071704927,-117.2670890116,,2025,2025-03-01
40e785b4-7e18-4888-a2a1-aa726b54efd0,140605,-26.64493,15.1005721667,,2025,2025-07-14
40eeff8e-98c7-48f4-b56f-585284ac8fe4,140600,57.46507,-6.623819,17.5,2005,2005-07-28
40f268cb-8b0a-45ef-9fc9-33697d715f29,138849,17.9,-64.9,1500,1921,1921-11-30
40f9727f-51b1-403e-9722-41bd636fc948,140600,45.7429,-3.3839,71.5,2022,2022-11-07
410016db-2eac-4468-bd77-800866de7dc7,342333,-5.780691676,123.9038940569,,2019,2019-04-19
4107768d-3adc-4d55-8c6f-61e13b3c5e4e,140600,56.6704,-0.2614,44,2007,2007-09-06
410c857b-ad4b-454b-8065-87786592cf53,535605,-41.3503301704,174.7637251527,,2018,2018-08-07
411070c8-22ed-422d-a57e-89f8738785e0,410335,-44.9865,174.6058,50,1992,1992-02-13
4116554a-f2a3-49de-949e-12d41b6a4a47,140605,29.2945223884,-13.5312021849,,2025,2025-08-18
4119fcc5-6f97-45cb-85dd-b80a7a39263f,534733,24.4238833333,118.2174533333,,2025,2025-11-07
411cc8a5-1e02-4fce-835a-62ac00d6162e,342036,-32.7178666667,152.1407666667,,2008,2008-05-06
4124f5d6-24e1-41fd-90e3-7d67935184b3,341952,32.7297063051,-117.2577042601,,2024,2024-08-21
4129ffde-1a57-4942-a7aa-5bac7f141149,239392,-61.1,-56.12,450.3,2002,2002-2-10
4133ea90-e29c-431f-ab5c-a5f20b15d98e,341958,32.850978,-117.27378,384,1904,1904-03-07
413a9bf0-1162-4bf9-9f1b-ff513435f608,140605,39.3579262143,3.2265761532,,2023,2023-04-26
4140d7ca-c191-4ed7-ae7f-251f7e1d8410,140605,39.1649,2.9415,35,2004,2004-06-09
41436036-b30e-4e6f-b541-79f960d5eb04,325319,-54.32,-35.93,235.5,1994,1994-1-14
414c3327-854f-450c-a448-3697d521ad05,140605,38.4150492299,-9.188953042,,2014,2014-10-05
414f404f-3cec-4b6c-b1df-de7bf7692b9c,342381,-39.8058,177.1718,121,1994,1994-02-11
4157fd60-2f2e-438d-a29d-5ca7928c6ec6,140600,57.6709,-0.7482,58,2004,2004-08-27
415f593b-6acb-40f6-b416-3ab12c24193a,342023,36.949979,-122.058753,,2013,2013-09-07
41646fc6-f37b-4245-a760-253b529b3fda,342023,47.3488452671,-122.3265209486,,2019,2019-10-04
416d385c-357c-4a59-ad60-4d5f4047ba64,140600,48.7913,-5.804,58.5,2015,2015-03-14
41723330-2e72-408b-bdd9-1f9209213a74,341952,33.1296361667,-117.3353883333,,2025,2025-04-07
4177bc93-d1b3-41ed-9c2b-272b563a05d2,210788,-26.6973125181,32.8988123685,,2026,2026-03-20
417c3376-4646-4d22-a67c-d40f726e52c2,210788,-23.5,152.083,,1966,1966-07-08
4182269b-8921-464b-b179-b2e0b31716c6,140605,32.6483071262,-16.8234557534,,2022,2022-11-27
4187d3c2-b948-401a-ad1e-8d2906bf45c0,342305,54.05226,-166.256879,84,2011,2011-02-01
41937e78-80e7-4b94-9a24-ef30b73db2b7,140600,52.6368,-13.115,231.5,2010,2010-09-29
41944693-d90d-468f-bd15-17e3b27dbfd9,141694,29.149889,-80.966176,,2017,2017-08-02
419793f2-a11a-4ce4-b6c2-1732a78c34d6,1043781,51.627,-128.41762,,2009,2009-05-15
41a0722f-5196-472e-a9bd-433450490b62,140605,39.7921205091,18.3428836226,,2006,2006-05-22
41a94279-7a4f-42b2-bbda-fcbaec3d672e,140605,42.3823647963,3.157943792,,2026,2026-05-19
41ae0ca2-1edd-4a03-93f0-daccdf7871b1,342023,36.9488944444,-122.0619194444,,2024,2024-11-17
41b51a07-c57d-4929-9da5-9412e2c4cb44,535623,5.9179349527,102.710282895,,2026,2026-04-23
41ba4a65-e06a-44b1-9acc-d13fb0544d5e,140606,40.31,1.26,134.3,2008,2008-05-28
41c54c28-21bb-4c0f-9368-a8cce7a339be,140600,54.128,-10.9945,241,2015,2015-12-14
41cef9c5-aadc-431b-ac74-efab717ce846,210788,-28.1948907338,153.5771023589,,2026,2026-02-07
41d5153c-ecad-4411-a3eb-8c7d43219de4,140605,37.8597128255,27.2434393732,,2025,2025-09-12
41dbd71b-78a6-4ce3-b1f6-c64b08b116d3,140605,28.9190522223,-13.6623577746,,2024,2024-07-18
41dedf94-1325-45d7-91f8-dd471bb569f7,342334,-14.6669998169,145.466995239,10.5,1975,1975-12-12
41e23e0e-ae31-47ca-8838-85cfcf38cb30,140605,39.9023,3.2379,56.9,2004,2004-01-15
41e6fea3-3a00-4dc4-a349-601d159a64af,140600,53.4345,-12.7532,146,2018,2018-09-30
41ef6603-e6d0-48d4-aa86-35a21b9fb7c7,140605,39.8547,3.5171,69,2002,2002-05-17
41f8f095-48da-4758-a452-d7c0d5f1591f,140600,53.5165,-4.0403,20.5,2023,2023-09-13
41fdeac3-89d6-431d-b683-5eea23704d07,140596,43.589017,-69.037492,135.5,2001,2001-04-28
4204a746-c3ea-466b-a881-0650dbe5e2b8,140605,50.0558606359,-5.2788232623,,2024,2024-01-25
420c289e-31f1-46bf-b679-36702dec2db8,140605,42.72938396,16.03558559,,1975,1975
42115469-9198-4b2c-9644-442fcccb4062,140598,39.5168,3.6253,385.9,2009,2009-01-15
4214a234-3885-4453-8a10-843d5e432eda,1043781,51.4836,-128.52269,,2010,2010-05-28
42188dd6-1846-4ced-b124-6237972d5b24,749548,26.7829602073,-80.0427231667,,2021,2021-05-29
421ba5d3-e62f-4ce4-aa9f-daeeb314ccfa,342334,-35.0847605,137.7498077,,2020,2020-02-23
421e7fa1-c89b-47d8-ae47-0136b6092ebc,1043781,50.05292,-125.0131,,2016,2016-07-13
4224a000-3cd3-4e3f-98bd-f03cf972d70e,138849,29.9650001526,-29.6133308411,252.5,1983,1983-06-02
422821dd-2459-4e3f-95d7-aab951db2846,140605,42.3451612271,3.2106766902,,2026,2026-06-02
422d3d00-3b58-4ff0-92a9-fbdc72ead71e,140596,42.1,-67.5195,157,2002,2002-04-17
422f0e04-38f5-4421-ac51-c00f012917ce,210788,21.3531611,-158.1302859,,2013,2013-03-03
4232f284-8bf3-44bc-92ea-af884164bd33,342036,-34.0730487871,151.1506802918,,2020,2020-06-11
42362c7e-1bb2-48a4-92e1-9897694b22b9,140596,40.3583297729,-67.5830001831,450,1979,1979-10-24
4239fba1-549f-4204-98bb-69c18276bba7,457762,12.5221,-81.3703,9.5,2016,2016-09-14
423d7ce9-3052-4920-85da-82ee7b8aacdc,140596,62.883,-61.292,407,2013,2013-09-27
42409c7a-a4ed-4410-b8e6-7ff53e38c90b,140605,41.4250103005,9.103116989,,2024,2024-06-18
4248d545-e711-41a8-a822-72e66d2579cc,342010,-0.70053,-91.33129,,2021,2021-03-28
424f8428-e709-4ac8-a24a-cd29179d42c0,341952,32.8727493329,-117.3933800595,,2025,2025-11-08
425862b4-ee0e-4975-81a3-5d426c6876f6,140605,37.3852374791,25.2399702522,,2023,2023-08-08
426145a4-d9da-4640-a6f6-442742d75c3b,140605,37.6286015169,-0.699668822,,2023,2023-07-23
4265262c-e5d6-4216-b605-4cbe7c523a9f,342381,-46.9233,169.8083,535.5,1983,1983-10-08
426c823b-7d14-4c22-9e8d-4cd269362c68,342305,54.068258,-166.236073,208,2009,2009-10-27
42714c9f-70ef-42e9-8de7-f71b3e4743b3,140596,42.978372,-67.608672,203.5,2008,2008-04-20
42792016-b620-42fe-ac08-874d8000fed0,342305,54.060041,-166.237568,123,2010,2010-09-17
428158e1-bfd2-4242-b874-98ea7caa38f0,140605,27.87354677,-15.38142398,5,2015,2015-09
428617b0-6ed1-4fc6-bccc-eb2fabd64bf5,342002,34.25656667,125.2143667,,2012,2012-11-22
42905423-a549-46bc-a104-86228d4c5cb1,140605,38.4712381784,20.6708058651,,2025,2025-09-26
429272c1-2194-4659-8632-6da3fbe23a3e,140600,51.95156,-11.10792,157,2000,2000-01-01
4297ebcb-7ac8-43fc-8057-ffa3db37c06f,138849,17.9333,-64.8333,1000,1922,1922-03-14
429b1be0-b5c6-4aab-bec5-879286e447bb,410340,31.4169998169,-64.9000015259,640,1970,1970-06-06
429fdbc4-674b-45ef-846e-a02fd0412e7f,341952,32.8572573558,-117.2654614273,,2024,2024-07-28
42a80752-200e-494e-9aef-2fb1e045766e,535605,-38.4693452944,144.1033253171,,2022,2022-10-03
42ad1186-b7b4-4f1a-a6ac-1be0d8294cd5,140600,53.392,-14.1065,113.5,2016,2016-09-30
42b64421-31bc-4400-a3ff-4bb2eb1e6c05,140600,52.4015,-12.0377,179.5,2015,2015-09-22
42ba61e5-b0cd-4cc1-8e91-58d7fb28b633,140605,39.09,-0.08,45,2005,2005-06-04
42bd46d8-6431-4ea3-8480-18a30befd6cc,341984,14.528276457,-61.0887049923,,2025,2025-04-28
42c4a372-9aa6-4a47-8451-d574f78b13fc,140600,54.144,-11.2645,303,2019,2019-11-15
42c7ac3a-62d3-48a2-baa5-b4d461e90a8a,140605,41.8481072142,3.1390433107,,2021,2021-07-19
42cd319b-bef5-4fa2-81c0-d5789b544d12,342381,-42.1833,170.325,655,1979,1979-08-20
42d3c5c0-fd6e-488a-a4f9-ddfad43c3945,535784,-32.1199989319,16.3500003815,357,1992,1992-02-15
42d6c6b2-8d0e-412a-b1c5-fca730733b8f,140600,41.42,3.26,477,2002,2002-06-10
42dc9c94-e99f-4322-ac01-b9e2a3d7de6a,341952,32.84037,-117.2823733333,,2025,2025-02-09
42e681e7-1788-427a-9926-1b7dfb001061,239392,-60.96,-55.91,209,2002,2002-2-5
42ea915f-c50b-48b2-b3e8-d58fe77fe9bb,138803,25.3985854092,121.4505662667,,2022,2022-03-30
42f33998-c06b-41fb-a6c4-3aabb04d066f,342036,-33.916208,151.263801,,2019,2019-02-09
42f7f264-049d-489a-ba11-234f21964f79,342036,-37.063153,149.910348,,2013,2013-03-10
42fe6709-0a61-4480-96a8-00a7b5026d61,140605,43.1125521248,5.7871964651,,2015,2015-09-18
43054ff9-6d1b-4097-8d50-981a63dbb846,1043781,49.37205,-124.3417,,2024,2024-06-13
4308ab66-70f9-4eaf-979b-5e41c3bfcf24,140600,53.5525,-13.8405,133,2012,2012-09-20
4311d8d3-fda7-4be5-98c1-351a2dcbe0b8,140600,51.6967,-13.889,218.5,2010,2010-09-24
43147f8a-f569-4422-9d06-18a29783cc09,140600,37.35,-1.56,158,2003,2003-05-03
431b3812-678c-4ce4-80e1-2ba8cb065395,342212,68.289,-63.414,1367,2010,2010-10-29
4324906e-e9da-4875-854f-a67c5e1f1dc0,157011,49.37216667,-60.809,257,2019,2019-08-23
43276b26-0a42-4172-87fa-ef2857330884,342305,54.084464,-166.225958,192,2009,2009-09-11
43338fe8-a220-4a6e-b281-cf2a6249afbc,534733,36.48707778,126.1945,,2012,2012-08-08
4336dc8e-b298-4111-ab01-01700bddbd6c,140600,53.7852,-13.6127,184,2015,2015-09-14
433ce60b-002b-4b8a-8f3c-118612a96910,140601,36.7,-3.25,150.8,2009,2009-04-15
433fe2bf-fc3c-4c8c-8991-a8507bada774,1043781,51.75983,-128.37677,,2010,2010-05-29
4345ad06-bb63-4622-a62f-b26aebd053b4,457762,-19.9732650806,-40.1375673423,,2025,2025-01-28
434a170e-01d1-4be2-bd01-6a696d7a1735,342023,48.8139926211,-123.6070474831,,2021,2021-12-22
434ff967-e6ba-4ef8-bed4-5781dd114065,140605,36.9487120405,-25.0187190003,,2026,2026-06-07
435958bc-88ad-4909-820e-47acc8e97deb,341977,29,34.6669998169,,1969,1969-07-29
435cfc62-09bb-4ef2-ae1d-7741d046bb45,140605,42.2360514091,-8.8993301243,,2025,2025-07-04
43629529-bef6-4bd5-bf5e-1ed8a3aebb5d,140605,41.9166433328,3.2086979558,,2019,2019-07-08
43657f84-26b7-42da-a410-4668deebfc7a,325326,-61.8300018310547,-58.689998626709,208.2,2006,2006-12-31
4369a868-cf06-4285-9984-bbb9ef2ad0b4,140605,42.2375726943,3.2065804576,,2024,2024-10-05
436cb3d4-bb8e-4231-8275-ca34f6a11c61,140600,56.1658,3.377,32.5,2011,2011-09-08
4373103b-62d9-41a3-930f-753564857f86,342305,54.057003,-166.274861,91,2010,2010-03-15
4379e376-eda3-414d-ae00-2a8abccdb93f,535784,-31.4599990845,17.0300006866,255,2004,2004-02-11
437e9389-ea60-4c05-8501-fd48f5e61136,138849,-5.0167,54.7667,200,1929,1929-12-14
43855597-d63b-435c-a77c-5a2f645ac4fa,342023,54.4302,-130.56558,,2005,2005-09-16
4389cb0e-abc8-41f0-a3c7-3bdaeb31484b,341951,2.96828,-78.184313,,1978,1978-05-30
438eaa83-6c0c-41ea-a8a8-7b613379d763,342305,48.8542248951,-125.1163014683,,2026,2026-04-14
43974d06-de8e-442f-98ef-8b75f9b7aaf5,325336,-61.28,-55.71,153.6,2002,2002-2-1
439afed7-0b39-48e6-918c-4058827de885,140605,42.72938396,16.03558559,,1997,1997
43a008b9-255b-4b66-bf01-0687249926e0,215276,-29.03865,113.7215,732.5,2005,2005-12-02
43ac2fa4-5530-4fed-8df1-94dff62faf74,140600,43.4,15.28,215.4,1968,1968-08-10
43b49b67-52a2-4a86-a314-910d5c098c23,534733,36.38588056,126.3783528,,2013,2013-08-21
43b89814-eaae-4fd7-97a7-f085d54a252d,210788,25.2458083,34.7956424,,2025,2025-04-26
43bd8b49-659e-4944-802a-e07157fdeef6,534099,-24.4825,153.101,,2004,2004-04-14
43ca6d1b-37a3-4528-83c4-5ccd26762f03,210788,25.338373,34.73944,,2024,2024-07-16
43d1f3fa-8f30-4585-b491-1ad8ae861e20,749548,26.7828956395,-80.0438409115,,2022,2022-05-06
43da2232-3bd6-4b6e-b307-df2e3c61ea2d,342023,49.22235,-123.32536,,2005,2005-06-16
43dee392-6ca7-438d-bca9-c44a6dd1206c,457762,23.1340338238,-81.2841093856,,2021,2021-07-15
43e0b2c2-7885-4e03-a067-b5b15b3d272d,140600,49.3836,-3.2481,40,2012,2012-03-28
43e5a90b-218e-4622-944a-b25e03c70958,157011,48.82366667,-61.08833333,215,2010,2010-08-04
43ec1b1f-1ee2-4e1d-9127-831c71b3f116,210788,-22.3,166.436,,2012,2012-03-14
43f7ac4b-7a2a-47bc-a8de-da3b5b6bbadb,140605,39.0892991997,9.5289186062,,2012,2012-02-21
43fcc7ea-beed-4749-8368-08efd6ff865c,140605,34.1230010986,11.3159999847,58,2004,2004-09-24
4404f2d5-ecf9-49fb-8d5f-2607269f9e13,342381,-46.7663,169.8988,116,1996,1996-02-25
440cbe0f-c24c-410b-901f-201dfdf4a17e,140600,56.0165,-0.515,35.5,2000,2000-09-06
440f66d7-a06b-41ce-a78e-dda18ed76b78,140605,42.72938396,16.03558559,,1969,1969
4415701f-ac88-49d3-8d7d-6babdc67befc,325319,-61.775,-57.50333333,322.5,1996,1996-12-22
441ca0a0-5369-49e9-ba5c-75730e6f95bc,140605,42.364839747,3.1636790727,,2025,2025-06-21
4420ce10-3778-4018-b2be-0509f4fc3d2a,527127,-52.685,-58.745,152,2020,2020-08-07
4424e771-9ccb-4125-8360-ade28a5fa103,342334,-35.1425,138.4664,,2020,2020-10-19
44293bbf-94e9-4f57-afcf-b6673bead114,1805270,41.4210004211,9.1062606981,,2021,2021-07-26
4434536f-f10a-46a5-a00f-2e545cbaf906,534443,33.3321802901,126.4103378258,,2023,2023-08-11
443c2695-8587-431d-b5e9-7fc92c6fcb0e,140605,40.5999984741211,1.13999998569489,,1963,1963
4440bba9-a875-4ca2-af08-3a1b0504ecbb,140600,51.138,-10.5385,153.5,2020,2020-11-16
4448032b-5684-49af-979e-13fc91ccb80d,140600,51.7373867604,-5.2451711269,,2026,2026-05-16
444d0a00-003a-47a2-8f23-9c7d5cec6f52,140605,38.439544,-9.060144,,2013,2013-01-30
4454bca6-ca59-4c65-a11f-bb18ed9e0c09,140605,39.2775,2.9258,62.8,2003,2003-08-01
445a5ea8-76df-45f1-accb-04d835437bf3,140600,55.91732,-2.136279,17,2000,2000-07-08
445f276b-4ed2-4d7a-ade5-935c95bdeafc,140600,55.88905,-6.118258,13,1999,1999-08-06
44626110-efef-421e-a729-74f5bc0ac32a,140600,53.0985,-10.1955,109.5,2017,2017-11-15
446a1418-428b-4491-8231-b2baa352c48f,140600,56.119,-8.204,57.5,2016,2016-02-26
446d7d35-393f-47b0-819f-cd9fd6f73751,527142,-48.8466666666667,-60.0633333333333,388,2017,2017-02-21
4472cb2d-7a28-4298-be8a-e7fd8603fc6e,325319,-53.67,-37.62,158,1994,1994-1-20
44795ec0-aa20-4ef2-b2c7-64aa5f563cd1,342305,54.048637,-166.232228,86,2010,2010-09-17
447df551-b977-4313-acd6-c8b908ee4da8,341985,26.2788906097,-83.7136077881,71.3,1981,1981-04-30
448490fe-8276-424f-b25f-52bce2d74e23,140605,41.75,3.34999990463257,,1968,1968
448eee64-6492-461c-baba-003f7a4e9db7,140605,42.3300018310547,1.1599999666214,,1950,1950
44947b44-5930-489e-bd08-246db2210acc,140600,49.1171,-6.5147,57,2010,2010-03-17
44999f58-9e11-4e2d-9169-199ab3f3467e,140610,-35.116,152.516,,1980,1980-02-08
449bdc8c-9078-4097-8940-ff13ec3074b3,342023,32.856536035,-117.2617578506,,2021,2021-08-17
44a78758-7a8e-4cf1-a685-480d57840056,325329,-60.93,-55.46,148.2,2002,2002-2-4
44b02336-8af4-49e4-ac28-5e507df46b7e,138849,6.8,-80.55,100,1922,1922-01-16
44b3db51-ddac-4d47-91b2-3951df153e2f,138849,5.35,80.6333,1250,1929,1929-11-22
44bca364-d1d9-487f-a51c-49d9575efcd8,140604,38.64,0.4,117,2001,2001-05-27
44c2fe6e-e79f-47df-815b-27afc72cd056,140605,42.4746654017,3.1584070271,,2010,2010-08-16
44c66524-8072-4051-a888-a91d6970a493,341952,34.4081473275,-119.8756668072,,2019,2019-06-22
44d1ebe2-d2e2-40c2-b46f-4cf8f85ea237,341948,-38.106,144.4,7,1990,1990-03-30
44da4f57-7185-435b-96a1-33e9ded6bf80,342015,-38.0365,144.755,15,1990,1990-03-29
44e0f4c0-2ee8-4060-afce-c77de1611e02,140600,53.4765,-12.117,314.5,2016,2016-12-01
44e78b72-2eeb-465d-8745-cf1e56f4ba6c,342305,54.04304,-166.225493,84,2011,2011-09-16
44ec4450-c006-4f11-9527-025a8d8508ae,341988,-35.0927123232,137.747074083,,2024,2024-01-02
44f341e1-d336-4707-8a1b-3212dcb3bd55,140605,26.97,-83.7772,,2018,2018-10-15
44fd87f3-2af3-485d-9b92-0d7dbdfb24af,341985,26.4,-82.466667,18,1967,1967-11-14
45048c63-43ef-42d3-ac4f-5ade970cb206,342226,-47.1925,170.1426667,975.5,2019,2019-11-15
45089229-e509-4741-890d-38209f64dd88,140600,53.3815,-3.9573,11,2010,2010-09-18
45105944-6831-40f2-a8c1-e575ed0570d2,140596,42.181062,-67.637728,199.5,2005,2005-04-13
45165871-42ab-4b6b-b2a7-fb45e97111fc,140605,36.6500015259,11.1169996262,63,2003,2003-06-06
451c4e72-0730-489d-a815-4225efdb6a7c,342036,-29.0586385759,167.9572855309,,2024,2024-11-29
451eaf40-2a47-492d-a13c-c6416bf5da48,140600,52.8198,-13.768,104.5,2016,2016-10-03
45244243-7503-415b-834a-5bc9030c2608,325324,-62.57,-55.44,155.7,2002,2002-2-21
4527e513-e69e-4396-a9d7-8c88eb533d88,157011,49.23666667,-64.4,357,2011,2011-08-25
452d93d2-51cb-420f-8b56-d84633a3f3b1,140600,56.9465,5.5208,28,2020,2020-08-21
453369c1-2308-4d9b-bebc-fe2decf31539,342023,37.4327002689,-122.460503045,,2025,2025-01-30
453974bd-c8f0-4fb3-8f29-f34395650e96,140605,39.9210816256,23.5998364538,,2024,2024-08-06
453ee9ee-a97a-4973-8b2c-8a73e43970ae,140600,42.39,3.41,139,2003,2003-05-17
45423d0e-531e-4b00-9c2d-ab0c38837a8c,341952,33.5644916667,-117.8307416667,,2024,2024-11-16
4547ccab-fd89-4ea6-b92a-dfa88969b30a,138803,32.266998291,-64.3000030518,167,1967,1967-10-27
454d1b5c-5f76-400e-aa2c-4079a664305b,342381,-51.9072,170.325,339,1998,1998-09-20
45529d3a-f821-402b-85d1-a61ec6f75be1,342023,47.4933800251,-122.3977075215,,2026,2026-05-16
4558cd07-289c-4ff2-a66b-768967f0b7b6,210788,29.5004534149,34.9162522279,,2022,2022-06-18
455b63a0-fb39-4255-a4b7-fb1ef432abc1,140605,40.7566953846,13.8914073198,,2023,2023-04-30
45624a23-fb17-416c-8efd-da3e47f8f982,210788,-22.280614422,166.4803986799,,2020,2020-03-14
45659112-af2b-457f-b1dd-26ced4ea0e6d,140605,43.3304270786,5.0855728975,,2025,2025-09-27
456e022d-9f2d-45f2-8f28-14e28358d895,535623,-19.0982,148.151,,2003,2003-12-13
45743c2d-f338-4a7c-bd9f-5254bab64cc0,342015,-38.3658163814,144.8229969746,,2021,2021-11-02
45796753-f878-4d09-8544-4be5a72ede90,342334,-34,138,,1922,1922-03-24
457d2520-79c4-40fa-a6f9-c3511a633e05,239392,-53.79,-38.22,186.5,2005,2005-1-14
4582e3c4-8f52-467e-aae2-b794bdcdeb9c,341954,20.8333328255,-78.9166667685,,2025,2025-04-07
4589b3a4-3a61-4be1-bfb2-a4b00ea758f8,140605,42.4074892748,3.1581962362,,2024,2024-06-28
4590501b-a7da-4721-a562-56019200a653,210788,21.2881621513,-157.8617124688,,2021,2021-01-02
45957d81-1c85-49ed-abcf-3dc5255f6cf9,140600,53.2895,-14.3107,131,2011,2011-09-27
459b545b-ff1c-4fa5-9e21-b14b0ff7e881,534099,1.4692603473,125.2372741723,,2009,2009-11-03
45a20548-6b66-41cf-8c68-df5f9bd7690d,341983,23.4355685819,-109.4148814189,,2025,2025-02-07
45a7a037-8d2b-4cf2-8cb0-3448f05cc9ca,341952,32.8145333333,-117.274605,,2024,2024-07-04
45ab4e92-a388-45a0-b3b0-e6a28a38fa93,749548,34.7208367181,-76.7327990684,,2024,2024-09-12
45afb6e7-cb67-47cd-8a69-57b4489eee23,140610,-40.92,177.488333,25,1987,1987-06-04
45b60672-2606-4b20-b7ba-d0fb60305c51,342036,-33.989595,151.2356716667,,2026,2026-03-05
45bd017f-55f4-49ec-85b8-8f2fa2f85ccd,140605,-33.9889391032,23.5463525357,,2025,2025-12-27
45c310f5-5ac0-4a4b-a686-25146f67000f,342015,-38.25417,145.00333,12,1990,1990-03-30
45c8df9f-e2cf-4024-b3d8-7de1e167782a,140605,42.5703705522,8.7629485115,,2014,2014-08-22
45cfa5fa-1db5-4321-9c80-59ac930fc0f7,140600,53.3913,-14.1058,114,2013,2013-09-25
45d8a988-bb65-452a-8a8a-58f5fcf166bc,341985,27.284333,-84.008833,71.6,2017,2017-10-14
45dd298c-08d4-4a11-ad74-efc70b1570e8,140600,49.9073,-5.6523,39.5,2018,2018-03-18
45e4e579-8da3-424b-a076-e89bb7371545,342381,-36.265,174.798333,,1992,1992-01-01
45ea827c-278c-4376-8b58-ff9e637e58d9,140600,38.68,0.27,64,1994,1994-06-11
45ee6e11-9893-4d0c-bed4-bbcdaa237928,341954,19.3081776367,-81.0773860017,,2012,2012-07-23
45f2541a-8331-40f8-9062-24071370df03,342381,-37.5,176.1667,46,1961,1961-05-19
45f8b93d-3833-4ced-8384-b65ec792814c,534099,1.4825016817,125.23958945,,2022,2022-09-27
45ffb5f1-70a3-4d20-a536-20e2f9ffaa25,534099,1.4794731924,125.2369689036,,2026,2026-02-21
460746f9-247e-425f-8ba0-a2b96b76d428,140600,49.9073,-5.6523,39.5,2018,2018-03-18
460c2a00-328e-4151-965b-e140357643a8,1043781,51.84877,-128.37038,,2008,2008-05-15
46123ed3-49c7-4055-bd8d-ee30de853aac,342305,54.051605,-166.246542,90,2010,2010-12-09
4619c779-8307-437f-ac0d-43038602305e,535784,-34.2999992371,24.8332996368,,1991,1991-06-25
461dc498-0be5-443a-837f-690e6880ebe4,140600,50.06,-4.576,35.5,2016,2016-03-10
4624e41a-e1e9-4859-a365-835f2253108e,342036,-33.0862286794,151.640076049,,2019,2019-03-31
462a241e-2b07-482d-a309-59c913bab49e,140605,42.3300018310547,1.1599999666214,,1954,1954
462f704d-2a5d-4a09-927e-4a1f9d39dfc6,325319,-54.34,-38.63,221.5,2005,2005-1-16
46326147-e1d5-43d1-8081-e3b470afd775,210788,21.663419,-158.052181,,2012,2012-06-23
4637f39d-8a85-4cc1-84bb-b28a944fafff,342305,48.88137,-126.31068,,2018,2018-05-14
463f75ad-b142-46f0-9c26-d763ee0e762a,341954,20.4234253545,-87.0283356735,,2023,2023-10-25
46486e3e-9fde-4299-991b-a398f48dc2ac,140600,51.4005,-4.7563,33,2019,2019-09-12
464d0349-61a4-476d-bfff-bad4249b86ff,140605,43.7502916667,7.485385,,2021,2021-07-23
464f2f68-a958-4fa0-a217-605f62b0bf30,140600,49.7995,-6.3268,47.5,2023,2023-04-10
46538b84-6ab7-4777-ae12-be4a0bc53a1d,342385,-34.9833,176,2041,1964,1964-11-10
46576d42-d68b-48d6-9b92-341a3815a9bd,140600,54.08921,-4.795277,,1994,1994-08-01
4660ad12-8e54-4486-871e-4a3e121f7251,534733,34.62383333,127.1556667,,2011,2011-08-25
4664cd3a-2ddd-4c24-9d4c-b31fa1fd6d95,342036,-33.0831779643,151.6500720605,,2023,2023-02-28
466ab489-479d-43eb-82f4-feede89635ea,342098,-36.1601667,176.2916667,543.5,1995,1995-01-06
46715307-31b2-4af6-977f-e1871f89b59c,342023,36.609351,-121.891057,,2010,2010-08-01
4677ee52-08ad-4cc5-ab91-a821b6ed4da8,420653,6.68300008774,-55.466999054,42,1957,1957-06-20
4681b9ac-1585-4030-8042-b274937c9db8,457762,12.1681262944,-68.2925892379,,2007,2007-10-04
4685b0ad-23f8-4186-af61-6f09a464a83c,140605,37.739297842,-25.6611078846,,2024,2024-03-23
46883697-8b4d-4dc8-adb7-d20f637be586,140600,50.1355,-9.6845,131.5,2014,2014-11-22
468beec6-6647-41e4-bdd1-41094ddaaaba,140605,43.5478004417,4.0032575713,,2025,2025-10-18
468fb03f-91f0-4c2f-be51-0f57c011a435,140605,43.2801656496,5.2865481375,,2025,2025-10-09
4691bef4-4d67-4d0f-949b-7250b3387f9e,210788,11.2921398434,124.2663086546,,2024,2024-12-08
469885a9-926f-4c7a-84a7-1a5b4ab5310d,342305,54.058813,-166.223819,95,2010,2010-10-09
46a5de25-dce0-489d-a94b-f2ce662fc99f,342305,54.054869,-166.268373,90,2009,2009-10-29
46aeacec-4a88-4767-b4ef-785e023e94a4,535841,-8.2981206979,115.6173146876,,2022,2022-08-18
46b42e9b-1b3e-4e61-9382-0ca4c018a1f9,140598,39.778,2.222,733,2006,2006-06-10
46bf7947-8f40-41af-83b6-abbe99fa3bff,325319,-54.3300018310547,-39.0400009155273,226,2005,2005-01-16
46c7ef44-e726-446b-b374-600177b3665a,140605,38.5581017718,14.5671451302,,2012,2012-02-04
46cea15c-365e-4411-b088-4180e2edcbc0,342010,-0.04701,-91.54444,,2013,2013-04-11
46d2be42-a2b9-4d74-a483-acb275d8e4e3,140600,50.762,-10.2785,139,2019,2019-12-01
46d810f8-45c7-498b-9683-2e6d994a4b2a,342036,-36.422972,150.069911,,2018,2018-04-24
46dfd22a-83a4-4090-b080-c7d359756179,1561957,-32.1087393083,115.7619023013,,2026,2026-02-13
46e7cc8d-3d46-4cc1-880e-bfc0950dcbd3,140600,53.8063,-11.5882,140.5,2021,2021-09-10
46ea9347-7c47-4135-be22-c9799ccdadde,140600,49.0263,-3.8675,43.5,2020,2020-06-22
46f59e2f-cdb5-4d6a-bfbe-7b1f45c0059b,140601,45.64861,13.78,,1951,1951
46fa365e-fb95-49ff-87f1-76c12f926b5e,342023,48.8378819682,-125.1439024387,,2020,2020-09-22
46fe6e35-2bfa-4cc0-ac4c-a3e9c0b4fd8b,534443,34.3075,135.0775,,2008,2008-06-08
470348a5-56d1-461e-b602-7dd78b3995bb,140596,43.602437,-66.980972,179.5,2005,2005-04-15
470cfd7a-2666-4f6c-b802-690e9c414e20,140600,53.246,-13.0478,137.5,2021,2021-09-11
4710d2bb-6654-4d8d-a5d7-04060351383b,138849,-11.0470499992,-12.764550209,112.5,2009,2009-11-12
4715961b-96e5-4896-affc-1a74a2ddfcd2,210788,28.4536495209,-178.328277588,1.5,2002,2002-09-23
471c2fca-ea39-4685-aca6-e686812dcf08,342036,-35.20305,150.56073,,2025,2025-02-14
4721cd47-30a7-45fd-9c89-b85d48c37def,1805275,-11.8155,143.676,,2004,2004-10-01
47277f01-9578-4beb-83a7-01e0a9d254a0,140600,49.595,-7.3243,62,2019,2019-11-24
472b6d2f-fcd8-4d9e-ac7a-2ab0fa90a2d6,210788,-3.3494356793,40.0305774776,,2007,2007-09-20
472f608f-828e-491a-9112-4a4c3636467e,342305,48.8142125609,-123.607256492,,2024,2024-10-05
4734dbaa-ed08-4460-bf05-cf44128486c3,342036,-36.2156360639,150.1317464356,,2025,2025-02-14
473b0040-4169-4b46-8b90-a57ca23123c7,342023,38.450656,-123.131006,52.1,1950,1950-07-28
4746f0b5-add3-400f-92ca-e3ccdc34a71d,342305,34.6059341431,-120.799293518,235.3,2000,2000-05-23
474ba3d4-3f79-4441-9431-f4eca02df0d6,140600,37.8,-0.41,159,1997,1997-05-20
47533102-9361-448a-9f2d-089af88dfa15,341948,-37.97,144.9,17,1990,1990-03-27
4759ba47-a852-4f48-a46f-87bfded15e9e,325319,-54.55,-35.75,173.5,1994,1994-1-14
475e15d5-0ec6-4c02-a782-d3328dfec0ac,140605,42.3300018310547,1.1599999666214,,1963,1963
476409b1-bb8a-439d-b7fb-4ff7591fbf40,140605,43.5464704636,3.9930070385,,2025,2025-12-01
47695d6e-fba9-42a1-ac9a-6d2ac0235055,1043781,48.81163,-123.39277,,2016,2016-06-16
4772885c-25b5-4faa-8de0-b64581bfe6e1,341952,32.760973078,-117.2466234498,,2022,2022-09-19
4777717f-606b-4c6e-9f54-e0cbbea6d78d,457573,1.47285,125.2350167,,2017,2017-11-16
477b04f4-d166-46a6-aa94-3673cdf73e53,342332,-34.05833,151.10333,,1970,1970-06-30
47869262-bf19-453c-9bef-7dc9eea31baa,140605,42.1137582,3.1663963,,2025,2025-10-04
478a0721-41b9-4f2a-94f5-5fe1cd2917a6,140605,42.25,3.50999999046326,,1968,1968
47939b39-d448-4b2f-9d0b-65e1a59910a1,325331,-67.8499984741,75.2883300781,,1987,1987-03-05
47987ec8-9fd0-461b-9cc4-93d718e96684,325325,-73.9899978637695,-107.400001525879,537,2008,2008-03-10
479e1c30-bc19-4648-abb0-60e0951a7f2f,140605,44.3790747872,14.6888616867,,2020,2020-09-08
47a311fa-9105-4c76-bc18-71ded85c73fc,210788,-28.6113931127,153.6292084654,,2023,2023-11-30
47ab94e7-b1d6-4196-81a8-4f9e88c10cf8,140596,43.7000007629,-68.516998291,161,1962,1962-10-12
47b4295a-a494-4037-8fa3-3c554b9518f0,140605,42.72938396,16.03558559,,1994,1994
47b80e3e-0f09-4abe-a16b-87f9476388f3,157011,48.61833333,-62.62333333,435,2008,2008-08-08
47be317a-bc3c-46c2-9fea-244d20c1d580,140607,42.39,3.42,137,2000,2000-06-16
47c0a0b6-4dc7-461f-8e9d-472bc04351bc,157011,49.2005,-66.58416667,241,2011,2011-08-26
47c46448-fd81-4deb-b55b-1ca4a79d07d8,342036,-36.208114,150.124935,,2013,2013-02-10
47c880b0-807e-4227-9781-721926d65020,210788,26.9896993936,33.911331445,,2026,2026-04-06
47cca390-62ee-4bf3-a6c7-92d7559d9604,140605,42.3115878407,3.3098609101,,2025,2025-08-22
47d1af49-d3d4-44ca-92e6-1e63fb17c5ea,527142,-49.49,-59.9666666666667,,2000,2000-07-29
47db3c14-6ece-4f6e-9916-addfb4821cb3,342305,54.047547,-166.228658,98,2009,2009-12-11
47e18afb-4416-47e0-a346-652c77999c1a,535605,-38.4757638562,145.0279866903,,2019,2019-12-31
47e66162-a536-4874-893f-09fb64d8e72d,535784,-32.7832984924,16.9500007629,,1994,1994-01-12
47eb3bb8-e420-4f2b-815b-c7d0b4a6d9bf,210788,-20.40503,164.72079,,2023,2023-03-01
47f13f31-da6b-49ff-b4f1-abb38815f333,138803,35.7783763334,-5.7958000526,,2025,2025-09-26
47fa8189-e08a-4a7e-a4b0-7edc1bef3c78,341952,33.5893135997,-117.8686570997,,2024,2024-01-12
47fe5317-457d-476a-abfa-411a3acfeb63,140605,42.3300018310547,1.1599999666214,,1950,1950
4804b747-a740-4e75-9c9a-efadbe612424,215276,-12.9131714928,48.5811769843,,2022,2022-12-02
480a20c8-51e9-4bc0-a442-ffa69f5b0e79,342036,-33.0861326415,151.6416947939,,2020,2020-05-06
4811ba9c-267b-4456-a2bb-e68140f92f81,140605,42.387827863,3.1636613762,,2025,2025-07-23
481632d6-b724-487c-a4c1-ef94c697db64,341948,-27.75,153.67,,1981,1981-11-06
481cc1cb-7c07-421e-a118-bd4d3102afe1,140600,50.52,-9.112,126,2011,2011-11-20
48222d6c-b4ed-457a-928b-36f147d175b6,342036,-34.4198880674,172.8585236024,,2025,2025-03-04
48282c04-5609-47f7-92dd-75130e642dc2,157011,48.94233333,-63.13666667,372,2019,2019-09-03
482bdf1a-8883-4244-8959-3b4187a9fab3,157011,47.9525,-60.87916667,256,2011,2011-08-13
48311192-3c92-4791-8ce3-aed4d8a62aa7,342305,54.07502,-166.215232,104,2011,2011-09-14
483444cc-1aeb-4196-bdbf-5b97628197e5,210788,-24.1128797,152.7140185,,2022,2022-07-18
483829b8-b442-4129-a438-2db262478478,342010,-0.9626588209,-90.9570621366,,2025,2025-09-20
483ae0f4-50d3-4455-8be0-4cd71c524b59,534099,-11.1699,143.968,,2004,2004-09-27
484249ea-ef1e-48d3-91f3-6b17dfb5036a,140605,58.99516,-0.1680633336,121,2013,2013-01-07
4848e8aa-6908-44af-acff-09db9aa38beb,1813559,51.2099990845,-130.059997559,622,2000,2000-07-02
484e208b-867b-47f7-b0f4-3c192546c24a,140605,35.8258714274,14.4231956351,,2023,2023-09-21
485588ab-7d36-4d3e-9fd8-0f6706a254ae,140605,43.2288935091,5.34849014,,2023,2023-08-21
48592448-f564-4f3f-984c-69621a0dd90d,341952,32.7610208124,-117.2465671186,,2023,2023-09-15
485e2b6d-d68d-449a-b518-1eb67dece16d,342000,32.8433102742,-117.2815473876,,2021,2021-09-18
48642e1e-47bc-4e11-a938-a7daa625dfa2,140600,53.6985,-4.0262,20.5,2013,2013-09-21
486c2fd2-3de6-4dbc-bf4e-51828a214c60,140605,-10.65383333,13.62833333,46,2009,2009-03-21
486f6c6d-5ad8-47d5-a153-9e5f06f5d846,535841,1.4479093829,125.224119919,,2026,2026-05-07
48736129-0a7b-4361-aec8-79eee926a749,342000,34.3942,-119.73318,,2025,2025-09-23
48782c47-12cc-4d9f-8c91-ba5e5a681ad4,527127,-50.8266666666667,-57.1033333333333,133,2015,2015-07-15
487df146-6561-48ee-8651-fd0a2c36b267,1805274,-23.33,152.08,,1996,1996-08-13
4887ab10-75f3-4469-a69a-5891136b12d5,342023,47.24765,-122.5536116667,,2026,2026-07-13
48934df3-0f8d-4e88-be61-9035ce9da27c,342305,54.06482,-166.215969,97,2011,2011-12-09
48954f3b-ff7a-4bfa-b801-71f2824737cb,140605,41.1270482217,1.358994171,,2025,2025-08-24
489b8240-cef7-4947-929a-59016326b42a,215276,-34.79879,20.05368,,2021,2021-03-02
48a26697-8234-49fc-8682-62f43e84f4f1,457573,13.6862779261,120.8916044801,,2015,2015-05-12
48a656e1-b082-414c-b60e-cac174cfa46c,140600,51.80432,-5.560715,18.1,1994,1994-09-02
48a8f88e-a1e5-4ce0-929d-1ce110e16ae0,140605,43.2292281949,5.3475070393,,2023,2023-08-20
48adf971-da55-4986-af1f-83a9c00869d5,210788,1.9399422636,-157.550202066,,2014,2014-08-30
48b03a0d-b946-44b6-9bb7-55d81f7d19e3,341954,20.4234253545,-87.0283356735,,2023,2023-10-25
48b4f313-aea3-4e29-a2a1-7008e213241d,342015,-38.3685906873,144.8213780661,,2023,2023-08-13
48bb40b9-3918-4806-9ba9-1e11d8f8465f,140600,50.763,-5.8405,44,2024,2024-03-05
48c51491-a1f2-4d96-a7b4-261852f88fac,1805270,42.579138513,8.7262807418,,2019,2019-06-26
48c84a85-db38-493e-9d5a-ac935c755def,140605,38.4093147009,-9.2027626363,,2023,2023-01-29
48cd48f6-16f4-4dd4-a9e7-a5827b310abb,140605,43.3404691978,5.2623127146,,2006,2006-09-08
48ce4f9e-f6d2-452e-86ae-db5385d9e4f3,140600,53.2655,-11.911,215.5,2014,2014-11-18
48d1a074-78fd-4b7e-85fc-d865fe86d808,140605,-34.1870747083,18.4285658598,,2019,2019-06-03
48d8c929-4482-40ca-a631-6fc1e6c3ebab,140600,36.66,-4.31,64,1995,1995-04-22
48e0938b-b959-42f2-9992-bd7c5713c736,325329,-66.9329986572266,65.9169998168945,185,2001,2001-01-26
48e856b4-d93a-49e9-b7f8-8266aed0ebd0,138803,40.7999992371,-66.5999984741,521,1974,1974-07-19
48f1203f-cc7b-4a51-b7f6-b0a400ec9d52,140605,28.918701655,-13.6644474271,,2021,2021-11-20
48fbbc77-c2b3-4d19-bae8-8b04ea70886c,342212,72.343,-72.439,942,2014,2014-09-28
49026b52-0071-4d8f-b6fd-dc7a56faa4e2,153122,47.746,-59.75416667,,2001,2001-08-06
490588a5-99b3-4876-acff-706e3e987330,140605,33.608001709,-78.922996521,8,1990,1990-11-13
490aacb3-cf60-4102-ba4e-352529ba3f00,140605,43.285627492,5.3078985603,,2025,2025-05-11
49105a2c-fd22-4ee0-b4cf-c346a364b064,341985,26.6026448618,-82.2937225047,,2016,2016-09-11
49163a0c-360f-47cc-9f9a-f047a61335bb,140605,38.5026583,-0.1301949,,2023,2023-07-02
491b2bfb-f401-4db2-bdbf-bea5ac7750d4,140600,51.0297,-6.0268,48.5,2011,2011-09-19
49214b39-f1d8-486f-b2c5-e8f9587c22d1,342036,-36.3672933333,174.8375666667,,2021,2021-03-14
4929cd68-5f66-4264-89d7-f5c66cc760b0,342334,-35.0837,137.749,2.1,2015,2015-01-22
492eea46-87c3-4a2e-b10c-2047dec7baef,140600,48.7913,-5.804,58.5,2015,2015-03-14
49334c94-03de-496a-8ee3-6a1a5e2209db,140605,41.7389637809,8.7792328745,,2018,2018-09-02
493cfbf1-f7c7-4df5-b081-454a0817fa52,140605,38.3678836499,26.2897118189,,2025,2025-08-11
4942f984-deea-4efb-92b8-a011ac02cc9f,140605,38.412458,-9.18899,,2013,2013-06-26
49491eb7-010b-49e9-99bd-6cb0d093e507,342023,48.7735,-125.44482,,2017,2017-05-11
49502225-4686-4b46-bd5e-4f8f9691ba31,342010,-1.21718,-90.42328,,2012,2012-05-04
49534f99-f010-4837-a5c9-1899c70e600d,140596,44.149667,-67.8915,102,2002,2002-04-21
495a6721-747e-4ff5-bbbc-ca3188046980,1805274,16.8443228019,112.3327486649,,2024,2024-03-28
49621a8b-66ac-42dc-aa27-8ad49471c0d9,140605,28.9172229316,-13.6634143056,,2023,2023-08-31
496bb2a3-37de-4e9b-8d2f-87b4697993de,342305,54.059261,-166.205308,88,2010,2010-12-09
49715dd3-d372-4622-ad0f-96c282da9d7e,342381,-36.375833,175.715167,77.5,2017,2017-07-31
49740156-33fc-4cc5-aebe-4c976c8a184c,342023,32.8571857587,-117.2616623661,,2022,2022-01-08
497c2804-003c-4331-8620-3abde7519885,138803,-42.4873,147.9952,,1990,1990-01-01
4981d73b-e024-4ecd-8b23-1dbdda2f55be,140605,36.8732989133,-2.0017131418,,2023,2023-08-03
49865a09-e0d2-4f33-a099-252885837b28,341973,31.024679,-114.830605,,1960,1960-05-01
498cc3ab-8f3d-4a9b-8265-4fc897348828,140598,51.7215,-13.1783,496.5,2021,2021-09-20
49941139-8984-48be-8f17-f08bc5e92d43,140600,53.5352,-11.6402,108,2015,2015-09-16
499eba95-55a9-4eea-b4ec-be2f15665d80,1813559,55.0083166667,-134.3999,309,1999,1999-07-20
49a21394-581c-48e3-998a-7ff5bf9a7b52,140596,43.46,-51.96,412,1995,1995-10-18
49a6b9c8-33b7-41f4-84ec-bf5bf808e4bb,457762,17.7139699754,-64.8853477701,,2016,2016-09-03
49ab9529-e999-4dd9-87b2-883090a4d0e2,140605,38.4337665912,-9.0666948622,,2022,2022-06-17
49b09f21-5ab7-466d-a809-e15b4785c6b1,341952,32.8081444444,-117.2683305556,,2020,2020-11-28
49b792a8-e6da-4639-a800-b60a59a199c3,140600,50.0102,-6.3675,41.5,2016,2016-03-15
49bd6960-0b80-402b-bb0b-024b1c2ef5aa,140600,52.972,-12.0805,240,2016,2016-11-30
49c69c00-a97d-4c3e-99b4-3e8d554e7eb8,140605,-11.5242588,13.65907454,42,2002,2002-03-06
49ca61e5-53e1-4a8e-80b1-02edcc2fa9e6,341952,33.7048051887,-118.2891536787,,2020,2020-12-27
49d3b580-31a4-41c8-bc27-5be1882e2e3b,342305,48.61861,-123.53444,,1981,1981-01-08
49dac209-752d-43e1-a3d4-4bd34c0f3bd1,342010,0.3075276593,-90.4046512361,,2026,2026-02-12
49de1fa7-9804-4cf0-b9da-d7cd2af00b5a,325325,-62.43,-55.58,266.8,2007,2007-1-5
49e4d91e-e277-4c63-a9c9-1c7e26976fce,457762,20.4320621294,-87.0199963823,,2026,2026-03-11
49ee5637-4fc7-4606-ae47-39378988f6be,342023,48.5987583333,-123.389145,,2024,2024-08-01
49f63416-1020-43f8-be72-9135c4c8e730,342226,-46.7,170.6,836,2015,2015-11-08
49fba381-d98f-47d5-a1fe-1fd466a17179,140598,38.36,0.49,586,1996,1996-05-13
49fd545f-bf8b-4bca-9ac2-bd96c5e4d107,527142,-49.0969166666667,-59.8700833333333,381,2010,2010-10-31
4a020f83-6c93-4f6c-ba7a-5f8d9a432691,457573,-8.2897887016,115.606941498,,2022,2022-10-29
4a083f77-86be-4293-ab39-cf3ba53bc59a,342334,-35.5212294703,138.1849837303,,2017,2017-03-03
4a10631a-1f54-4092-9b6b-8fd8659c97a5,140600,54.1381,2.518,62,2010,2010-08-12
4a124370-cf47-4cf4-a2e6-8faf789dc44b,140605,42.72938396,16.03558559,,2002,2002
4a1e3381-714e-42d3-ac16-5f72734cc21a,1765489,-33.75833,151.966,,1978,1978-12-07
4a211f7d-68b2-49ab-9ac2-5f0e7cc9d633,457762,21.8497312719,-72.3376050568,,2025,2025-07-27
4a2837e4-5af8-4faa-be08-3b501f48ba4b,157011,50.1680416650209,-63.6688000003565,61.9,2018,2018-06-07
4a2e1314-1192-4924-81b6-e29bd7dd26c6,342023,35.4477,-120.9103916667,,2024,2024-11-16
4a317b7a-7f9b-472d-a3a6-c2d93ee0fc13,140605,41.7399883333,-8.8771966667,,2025,2025-04-01
4a34171c-977b-45bd-a1e6-d080bf1c1b12,342385,-45.95517,166.6947,22,1997,1997-05-10
4a38d6ba-fd71-4a04-9c4d-3bd33378fadb,341952,32.7611776,-117.245933,,2024,2024-09-13
4a4171cb-42dd-4993-aa60-e119b95efec8,210788,4.3169600752,73.5910759835,,2025,2025-12-15
4a47d6fb-e655-483e-b286-340170611e43,341984,17.0170001984,-61.8330001831,6,1937,1937-04-19
4a4dae7d-28ba-4065-bd00-ebd586af6002,342023,37.89714,-122.711513,,2015,2015-06-07
4a58730e-41ef-480d-b8b4-3505fa685d5b,210788,24.149,37.936,,2025,2025-08-15
4a5f6fce-36db-4ea1-8075-c550ab57fdca,140605,41.5299987792969,2.76999998092651,,1967,1967
4a638e7d-1b11-418e-ac95-a29c1b6aa09f,210788,13.68707,120.89785,,2018,2018-05-15
4a6734bd-3782-43ee-bdde-2a1d3527f21c,1530663,-43.0645,147.3511,,1971,1971-04-09
4a6c3837-ae37-48b7-9b2d-482335f40342,140604,38.58,0.5,287,1994,1994-06-07
4a77a0c7-491b-4c39-a7a5-25f17ba2a35d,140605,39.1722183333,23.3439433333,,2019,2019-10-29
4a7b06bf-f1bd-441d-ac23-876ba93641f9,140605,36.38967,-75.41183,27.5,2002,2002-02-08
4a81b657-8c44-439a-aafd-341376346d9b,140605,42.3300018310547,1.1599999666214,,1948,1948
4a88d4b2-318f-4303-8a7e-4f5a4cbe63fa,342381,-39.9702,177.0782,118.5,1994,1994-02-11
4a9865be-91b7-4df5-acf9-733188bf8f83,457762,11.1951442192,-60.7972726448,,2023,2023-06-05
4aa396d6-40be-4258-9918-51bee7e9fd82,341954,25.0507831,-77.2777927,,2026,2026-07-11
4aafa1ef-f6d9-417b-9d17-9815722243b8,342036,-33.3885266726,151.4855454233,,2026,2026-02-20
4ab4e280-9ec6-4831-ae92-dee4de580582,341987,-36.99167,176.2752,395,1996,1996-10-18
4ab88717-a0ef-4e6d-979d-a7e44ee8d804,535784,-31.8999996185,16.8500003815,,1993,1993-01-30
4abda5b0-2249-475e-994a-746119d04c26,140605,37.8,-0.62,45,2003,2003-05-04
4acb357f-3066-40ac-b7c2-0679e6acf6fb,140600,50.0102,-6.3675,41.5,2016,2016-03-15
4acdfc78-ed88-4d10-866b-635e5b00a037,140596,66.917,-60.166,726,2012,2012-10-21
4ad2ba68-3d19-4ade-8bd7-3f6557fd4b5c,342023,47.6961823221,-122.403784208,,2025,2025-05-28
4ad83c0a-ea73-4cb5-b346-3e55e4dd2261,534424,-51.907167,170.325,339,1998,1998-09-20
4adf1140-db5e-48d1-bcb4-fda5d68d416a,342334,-38.11832,144.50534,,2021,2021-09-07
4ae65d3c-7e23-41b1-8f79-19924b2fd188,140605,35.330083287241,139.641665161591,,2000,2000-05-21
4aed7f91-ae8e-4c0d-8b72-43d2b971f0ed,140600,53.42823,-4.414013,17.6,2005,2005-09-24
4afdfa43-1308-42e5-95fd-1a11ccfc78cb,535784,-29.1299991608,14.470000267,224,1988,1988-02-20
4b054e78-5faf-4140-b2de-8fcdaae24e8f,140600,53.5435,-14.106,167,2013,2013-09-25
4b09ce9b-052b-4176-a31b-9b35e3d88fad,534424,-42.79,177.52,663,2011,2011-01-04
4b0f96d4-cad4-4466-8bfa-234b79bfed5a,140606,36.84,-1.88,277,2000,2000-05-31
4b147cd5-ce9e-4d3d-93a2-09cae5926ade,457762,18.2980181051,-64.8255196062,,2015,2015-09-30
4b1ab6d1-a12e-45b4-8548-1826ac6a6822,210788,8.77905,119.816383,,2023,2023-04-15
4b221b45-c376-41f5-bea1-14e8affcac5a,140605,38.435684,-9.060316,,2011,2011-12-14
4b298897-3e48-4da9-9b64-7da4cbcdf0cc,342036,-36.6901784195,174.756922703,,2025,2025-11-08
4b3172b1-7a6f-47ff-817d-901602cf1d06,342023,37.2945351756,-122.5244159391,,2026,2026-01-02
4b37e557-5563-4ae2-99d7-0e7abd014df4,325332,-61.1,-56.12,450.3,2002,2002-2-10
4b42f553-bf8e-4da2-a672-48d51faaf0ee,342023,48.78417,-125.50993,,2023,2023-04-28
4b4a5e7b-8344-4fb6-9113-32ed88f04e88,535784,-31.1900005341,16.1599998474,423,2003,2003-01-20
4b502dd3-df01-4acd-b729-5284bd33c99e,342036,-35.7145243372,174.5194669674,,2021,2021-03-19
4b575c2b-32fa-478a-af33-c66107a6dccc,342224,-47.7830009460449,72.0670013427734,560,2006,2006-09-15
4b600584-9cc2-49b4-87e8-5141f6ab0ba2,140605,42.38606167,3.16256383,,2020,2020-10-09
4b6447b5-8dcc-4423-aedc-4e545df3782a,140605,36.0539691557,14.1911213577,,2025,2025-01-05
4b67efaa-c760-43d9-8fdb-4067ffd3a9a7,457762,12.1707099596,-68.2890175098,,2025,2025-11-02
4b6c9ca5-c8ba-41fb-a685-29a86c4fb944,342023,47.3192187212,-122.5366889663,,2020,2020-01-11
4b720357-446e-43f7-9b6f-14c6e44cd3c3,210788,-18.3819931389,178.100962,,2022,2022-04-26
4b765284-ca87-42e2-b9d5-e280daf838bb,140601,39.6728,3.6167,75,2005,2005-06-25
4b7c40ac-fa34-4873-ab12-a01baf2e9573,342212,67.897222,-59.8764,0,2008,2008-10-10
4b82d9b1-2cb3-4a37-b4a8-e5533aad0806,210788,27.565983,34.039501,,2022,2022-07-18
4b88bdbd-fca0-4ad6-a7a3-b3223533d7ed,749548,26.7830149136,-80.040564677,,2025,2025-07-19
4b90c0b6-91a2-4169-92ba-5956014b5878,342212,67.517,-58.342,625,2010,2010-11-06
4b9395de-9134-4bf7-a068-8582c6b5e199,342226,-44.6023333,175.9513333,965.5,2020,2020-01-24
4b9862c2-b406-4da4-ab4e-267a8e71f5a8,1043781,49.31972,-123.3062,,2006,2006-07-04
4ba09ddd-ddd9-4289-a365-7618cebff120,1561957,-32.123956461,115.7579733431,,2026,2026-01-16
4ba7bb67-e434-43d2-b184-a76b17fc30e3,341952,32.8074917691,-117.2669202043,,2022,2022-04-22
4bad041a-8e88-4d64-b79c-900454b8edac,342381,-45.1102,171.251,47,1994,1994-05-10
4bb63745-872f-47c8-b0ec-6d25b18e9c91,140605,33.1300010681,-79.1669998169,7,1996,1996-10-01
4bb9b212-ed3e-4319-bfa4-45aaa7350b17,457762,20.9931142845,-97.2601002737,,2025,2025-08-22
4bc17154-f6a4-4340-801e-a2c3ae2112cb,157011,47.65133333,-59.40783333,252,2013,2013-08-13
4bc392e4-2f03-423f-9fe0-3c4e80113181,457573,9.18682,123.26835,,2023,2023-11-17
4bc7f222-8c39-4a06-bf99-8862b54851a2,341952,33.0350372048,-117.2935616756,,2024,2024-11-30
4bd2de5b-715a-41f1-ae03-96dfe9063c1c,535623,-17.7291,146.73,,2005,2005-12-13
4bd8e619-6c87-4b8e-b309-fb9d502562c3,341952,32.6691478233,-117.24517107,,2022,2022-04-30
4be196b4-39eb-4838-83ca-9cad5c4f8f8f,534099,-8.5543502122,125.5092916355,,2020,2020-10-15
4bea2844-0bf5-4281-953c-8e250d7c49f5,140605,38.4343844513,-9.0680731875,,2025,2025-10-11
4bf3e16d-9f81-4d8d-918d-3a9022d66c3e,341952,34.0372976817,-118.607647419,,2024,2024-07-20
4bf71fbb-be4c-4177-b031-e5638518c113,140598,36.49,-4.18,547,2007,2007-05-22
4bfe00e3-22cf-4995-930b-ef77742fb45e,140600,49.8452,-4.5554,39.5,2009,2009-03-22
4c039be0-89c7-4e8d-8d2c-49255b52a904,342036,-32.9500616667,151.7564683333,,2026,2026-03-24
4c066454-2fec-44d8-8790-0f9e4505a44d,527142,-49.38925,-60.3910833333333,,2022,2022-07-24
4c0ac66c-1306-46d3-ae6c-9d5184a1802a,140596,42.966667,-50.5,195,1951,1951-05-13
4c1328a3-604e-44cb-a678-00b795636fe3,140600,53.907447,-5.046212,,1999,1999-09-27
4c1aaeaf-c3b7-49e6-bcfd-3454a360cd95,534733,39.8003367406,119.4510427086,,2021,2021-05-23
4c21ea1b-53cb-4e94-9cb9-daf0e995b912,140600,43.8388,-1.9937,73,2018,2018-10-26
4c2784fe-d12c-4494-b073-cf579c6b9a18,140600,53.7757,-13.6467,182,2008,2008-09-17
4c2d9874-261e-4c3d-a93f-050ed3a89127,342226,-42.7788333,-179.94,1057,2012,2012-06-15
4c30c92b-1e88-4007-beb8-b0a734965a16,342036,-33.9911438253,151.2302355265,,2025,2025-04-13
4c34eb23-72f5-477d-a90f-d8d91b13548f,140605,38.4323332918,-9.1232428852,,2026,2026-06-27
4c3a7c1b-e241-46eb-a626-204e4d0446cf,140596,44.716667,-61,85,1977,1977-03-01
4c3ed3c5-c3ca-4713-94ac-3c58de75a405,140600,52.01,-6.2375,73.5,2018,2018-12-07
4c48c7f9-5fa6-4e66-8fd9-7dff6e463006,138849,38.766998291,-72.7829971313,750,1974,1974-05-11
4c52c75b-8d05-418e-8d61-379d7ea3719e,140605,28.9179556277,-13.6640418409,,2021,2021-11-12
4c582540-4ae0-4187-b915-0dfb31eb6863,342015,-38.3685906873,144.8213780661,,2023,2023-08-13
4c5c2267-c838-4e15-b622-859f17baa222,141694,28.1263664156,-15.4271801189,,2025,2025-05-08
4c662442-5f62-4128-b482-70cb2ca5273a,1530663,-35.1522471667,136.476805,,2024,2024-08-01
4c6af6e5-af53-4dfc-bc52-0fcb39d7ee72,140600,48.5052,-8.6105,92,2019,2019-04-04
4c6f150f-dc74-4198-8720-c79fa72595c6,140600,47.9326,-5.7567,67,2022,2022-11-17
4c76008a-d3b6-4b31-9ef6-a65e94f2fcc0,140600,49.3836,-3.2481,40,2012,2012-03-28
4c84b9a0-3528-463d-b59d-28b3e4e59021,342381,-48.9178,167.0863,354.5,2002,2002-12-10
4c8c54ba-08b0-4fd4-8346-177c8ca9dd24,1805275,-22.1207,150.931,,2003,2003-12-08
4c938ea9-f5ae-415a-b052-81bdb252eadb,210788,-8.6747937756,115.5184372365,,2022,2022-10-22
4c9a2b81-9a8c-4a52-85e2-cd5ba5510cc1,535784,-30.9666996002,16.0167007446,,1990,1990-08-04
4ca03224-7edc-4ada-9400-97fcd7d15d7d,157011,48.76616667,-62.25183333,361,2008,2008-08-08
4ca461b7-a974-457b-a6e2-90e5fb830e09,342036,-33.991071,151.230797,,2009,2009-02-28
4ca99865-683f-4493-be19-0313ba82133d,210788,-22.3002299864,166.4360057111,,2026,2026-05-20
4cad0953-46b9-46af-bf3d-3b3836bb4bdc,342023,49.0907,-126.62628,,2022,2022-05-06
4cb10b66-2c89-4f09-ad56-028ae0442f6c,239392,-53.45,-42.31,231.5,1994,1994-1-4
4cbb0c13-a664-47ba-a6ce-f5b306a72499,140604,36.57,-2.52,509,2007,2007-05-27
4cbe50a7-2d60-406d-96f2-f34963b896e1,140605,44.02267,-67.30417,213,2002,2002-04-20
4cc7b535-a3c3-424f-92eb-fe25be367542,140605,43.1905013846,5.3822342762,,2026,2026-05-01
4cd0b125-6507-424e-866c-6feec5758eac,140600,52.5495,-9.7845,27,2017,2017-11-07
4cd37a22-ef5c-4cdd-95bc-d3c9785c0fbb,325325,-61.3400001525879,-55.1599998474121,286.1,2006,2006-12-19
4cd6b72b-c91c-4b92-a55c-c2cef328881a,140600,57.7165,4.3526,34,2019,2019-08-22
4cd95b30-93b8-4186-b421-176f338cbee4,342036,-36.7233160713,175.1696068044,,2024,2024-02-13
4cdd246c-cb07-4146-8fa7-0e436fbdb69c,457573,9.125736252,123.2174918423,,2026,2026-07-08
4ce2b617-f21a-4236-8650-b0c56fbd467f,210788,21.2895775259,-157.8632925425,,2026,2026-01-04
4ce8dc06-ff62-4423-8f04-a5e12273afa8,138803,33.0277666667,-118.587595,,2021,2021-10-01
4cf0c840-4877-4c13-8e0e-0dde6b712e58,140605,42.3300018310547,3.52999997138977,,1967,1967
4cf916d1-7a1e-426f-9f01-223af29d9ccd,342036,-32.712983228,152.1568344852,,2023,2023-12-31
4cfd7491-aa16-442c-9246-63db75e36f39,140605,42.4119719211,3.1651159018,,2024,2024-08-28
4d03e932-3644-4a35-bde1-d345016b2784,140605,39.7977,3.5822,64.8,2010,2010-04-19
4d0b2812-7d71-4080-b4b5-7acc4fa40077,342036,-36.894676,149.923449,,2019,2019-04-17
4d0d0b53-a45c-46f5-82ff-07b4be35cb9a,239393,-61,-45.9000015258789,240.1,2006,2006-03-23
4d126e5c-a126-4d49-a634-693d8bf8dd72,342036,-34.0707020858,151.157870366,,2026,2026-01-12
4d1a9178-1317-4610-b70d-b873ae477413,140600,36.71,-2.58,91,2005,2005-05-14
4d20750e-285c-4dbe-a1f8-6776ce9c6d4f,342023,35.2897333333,-120.8835216667,,2025,2025-01-11
4d22da62-e6d2-4020-84c5-7c7b7af32d62,140605,41.18,1.79,27,2002,2002-06-05
4d292fed-cd48-42d7-9791-297f373395d9,342331,-35.0848,137.749,3.6,2015,2015-01-20
4d2f60b1-9a71-455b-aa46-0dcecefed9fc,140600,55.1323,-9.3867,115,2010,2010-03-02
4d318d6c-17bc-471f-ae00-dcfce0ae02d7,140601,36.55,-4.52,74,2002,2002-05-13
4d375894-c92d-420f-a635-9c9bb97c1941,866595,11.3,75.73333333,,2011,2011-02-16
4d40bb91-8661-4b83-ada1-7983faf570d6,341985,25.99,-81.75,14,1949,1949-05
4d45d25d-d08e-4ed2-8246-5c80162d312c,140600,37.99,-0.47,92,2001,2001-05-24
4d49693c-5c44-4390-98f8-c11ef57be85c,341985,25.2966709137,-81.6633300781,14,1982,1982-12-09
4d524ec5-d83f-4d34-a5a5-2358f60bfb5d,140605,28.1652484474,-16.4943236862,,2024,2024-11-01
4d581f74-2e6f-4b77-b9a1-f706a075e525,157011,48.19066667,-59.909,351,2008,2008-07-28
4d5c6d31-6c43-419e-b2c2-c0f02d9a3408,342307,-50.8650000333333,-59.6,135,2007,2007-05-14
4d6110eb-b3b6-486b-a36b-1987a14099cf,140605,28.15238842,-15.70041507,5,2015,2015-08
4d6b5738-b525-4255-92e8-ff72b3b7366d,140605,38.65,0.39,117,2004,2004-05-17
4d6e816d-a455-45a3-aa7a-becfb5869445,140600,37.93,-0.46,110,2004,2004-05-15
4d76e3cb-6048-4edb-9c47-a1574a8cc35a,157011,48.95583333,-62.58,259,2013,2013-08-30
4d7ab81a-bf47-48a0-8626-e155c016ccae,342305,49.19847,-126.71027,,2003,2003-05-03
4d822cee-e8bd-46cb-875d-34f3df9683f6,1043781,48.52428,-125.19225,,2019,2019-05-14
4d86c470-055b-45c3-8fa6-1437df242848,342036,-33.077274287,151.6381562932,,2018,2018-07-05
4d8f2d6d-b742-4ecd-9e22-8c07b0e39dfc,341790,36.1829986572,-149,,1955,1955-07-22
4d92ee35-4ff4-414a-9111-1f7a306836e7,342212,67.898,-62.045,1443,2012,2012-10-19
4d9b1369-c2a5-4dcc-a609-d45c35afda88,342227,-51.7650000333333,-56.5366666833333,741,2011,2011-05-26
4d9fde0b-c52f-4dd8-a416-16c9828e44f8,342381,-40.7403,172.9573,34,1994,1994-03-19
4da821a4-a0ad-4fca-8ede-c41147a4a3a2,341952,32.8431482725,-117.2822085399,,2025,2025-08-08
4dbb17d3-f419-4b1d-aab1-da21c27285f9,1561957,-35.0243371224,117.2342523078,,2023,2023-04-09
4dc22cb8-aaf3-4ca7-ae5f-53a8ce662f4d,140605,42.61557,9.48803,,2024,2024-02-13
4dc558c1-fe0e-4b2d-8682-18d7e39d445a,342384,-36.5946235178,-72.9779001153,,2024,2024-11-15
4dc859c8-d7bc-459b-a638-a9162907c6c0,140605,-11.976375,13.72871885,27,2001,2001-03-06
4dcbdd89-7309-44da-b9d3-db727db748aa,140605,42.3300018310547,1.1599999666214,,1963,1963
4dd10590-4d86-489d-8d73-7cfcfef113f9,140605,-6.122141326,11.97421577,67,2006,2006-03-23
4dd657f2-97c8-4d76-8ab1-bae10f0e092c,140600,52.7577,-12.0148,111,2010,2010-09-15
4dde5e87-a49a-44a0-ad71-f4d436440448,342332,-33.8392565712,151.2530034914,,2025,2025-04-05
4de45cd4-a91b-4a67-9b85-f0cb2a7ba312,157011,49.50783333,-66.66833333,252,2015,2015-08-25
4de9329d-9e68-4f10-addc-15e25f54dd6e,140605,41.2099990844727,2.05999994277954,,1969,1969
4defaf71-ac07-4ce5-9add-ce7b7322bc2c,534099,1.4872397509,125.2556043786,,2017,2017-06-30
4dfcab67-949c-4974-bb9e-20ab948cc4ae,140604,39.17,2.53,440.5,2008,2008-06-07
4e05d760-442f-4e12-9362-67751a597121,140600,50.6633,-7.8421,56.5,2018,2018-11-30
4e0a5655-28d3-492e-81ec-01af2d5092b8,140600,50.352,-2.4599,27.5,2014,2014-02-16
4e0e834d-21d5-4df6-957b-59e236c96a59,140605,13.100543,-59.629578,,1918,1918-05/19
4e15b924-5b61-4c5c-8f62-e84f3b669af6,140596,43.952808,-66.952667,171.5,2001,2001-04-17
4e181728-e9f9-460b-9204-581f11d11d94,140600,44.8523,-1.8472,56.5,2022,2022-11-05
4e206481-ea7d-4081-ab5a-ab2e866746f3,342036,-34.73942596,173.1181666,,2019,2019-09-16
4e25b78c-0b5a-42b1-853b-bf1c2a2cb2a2,342010,-1.3440545738,-89.6670943818,,2026,2026-02-24
4e2de492-af0b-4142-870b-b4ac0cbbf4c9,210788,-16.7570040203,145.9720953544,,2026,2026-07-19
4e34da44-ce11-4055-82cb-389d929c51ef,140605,42.26748615,-8.729579916,,2026,2026-05-20
4e3fdea9-d4ae-466e-a475-0005a121ce4d,342305,34.60366667,127.0711667,,2011,2011-08-24
4e492a0a-112c-40ea-bda1-5eae4112d105,1438204,-43.4493333,-175.881,387,2023,2023-09-09
4e4c1cd5-242c-4b80-82ce-97650fe8a4a6,140605,38.5330083333,-0.1101716667,,2025,2025-09-17
4e501c6d-e6b3-41f0-b438-9c18df62fdc9,342381,-43.746167,173.910667,110,2018,2018-05-03
4e563525-b725-4641-904e-49857d87c4d4,342305,59.4838734212,-151.5808444468,,2021,2021-05-29
4e5ca629-dbcf-4448-8aae-f385e08dc600,140605,39.27,-0.13,66,2002,2002-06-01
4e65f44c-70d1-40d6-a43b-6dde8c59599b,342036,-33.3887278048,151.4851200073,,2024,2024-09-20
4e6b67a1-230c-42b6-b9aa-9e61c59580e3,138849,-29.08,102.27,,1992,1992-10-22
4e72cede-6c15-40f9-809e-f7466eae5fd8,341983,18.3475,-114.679444,,2023,2023-02-22
4e79c30b-8af4-4cce-9eb7-f25285dda6af,140605,42.345791,-8.827464,,2016,2016-06-10
4e7f14a5-d667-42b6-9c68-91724a6f22d2,342227,-50.5816667,-55.875,730,2011,2011-05-21
4e854f14-511e-4998-bba8-d718219e45ee,535845,20.4652805328,121.953330994,4.5,1987,1987-05-02
4e896175-6cbe-440b-9734-d233960976fd,140605,-34.2665001758,18.4662195363,,2022,2022-05-01
4e90b93b-bb98-4d47-826b-3779f92d6691,342305,50.1349801214,-125.1932713389,,2025,2025-02-01
4e94f527-50e6-4d38-97fc-92c9937ac092,342305,54.063347,-166.227781,102,2010,2010-03-15
4e99a94a-4ab7-46be-862d-466961256579,140605,39.8213,4.1864,56,2005,2005-07-02
4ea058b6-bdc9-45d6-9ec3-52980ebba867,140605,42.3300018310547,1.1599999666214,,1963,1963
4ea2c9ab-5a6b-44c4-a44b-1e468e738751,140600,52.646,-13.3493,170,2017,2017-09-06
4ea77122-a63a-45fd-b199-adfe069a0eb1,140600,56.9783,6.3687,29,2007,2007-08-22
4eaaf347-8f35-40d2-b563-b511cbb7a39b,341954,20.4745923996,-86.9839045792,,2025,2025-08-22
4eaf7169-20b8-45b9-83ed-8d44d2a40cce,342226,-47.5,169.5,510,1998,1998-09-20
4eb5e921-b2c5-4599-9e22-728439042a34,140607,41.49,2.72,140,2002,2002-06-07
4ebfd5eb-4520-419e-9e7f-f9a23d5a9220,342212,72.575,-70.994,1429,2014,2014-09-27
4ec52389-c01f-48d2-ba81-b8ec4c2bba24,342332,-33.8663520811,151.1473693847,,2025,2025-03-26
4ecb4628-ac0b-4fee-aab0-06a207e47013,140605,40.7900009155273,0.439999997615814,,1963,1963
4ed2ce77-99ca-4235-a435-310a67df6dc0,342036,-37.5409048,176.4269882,,2020,2020-09-26
4ed5fa78-a0ac-4775-ace4-6bad549fc5d4,342036,-33.4516861647,151.4488676208,,2021,2021-11-20
4edbd344-fa11-4e9f-9b8d-e47d53a7d522,325324,-74,-117,1149,2011,2011-01-28
4edfa6a0-dd87-4eb0-a56a-743fce5a45ae,140605,-7.591750421,12.79158291,72,2006,2006-03-26
4ee1f2d7-1c12-4872-a372-95c8cb6c53f5,140600,38.36,-0.03,,2007,2007-06-03
4ee71700-99e7-4060-8f30-b7658f5b75ec,140605,39.5221,3.5156,77,2006,2006-06-20
4eee4929-5c9b-4ae1-8687-8bd80c71fd87,342307,-51.1148333333333,-61.7611666666667,,2023,2023-02-14
4ef23bf2-a2c0-4184-b4dd-f2e09a592d26,342381,-36.608,176.2017,408.5,1993,1993-01-24
4f02171c-83c7-450f-874a-5af58fe2b727,140605,39.957,3.4824,118.9,2004,2004-07-12
4f0e1f95-f4b2-4463-b7e8-4af37dd18fda,325327,-60.98,-55.14,299.3,2006,2006-12-21
4f1628ef-8f1e-4262-a150-f1786a28f8fa,527127,-50.4175,-57.9083333333333,140,2012,2012-10-16
4f1e0756-526f-49d7-8aa4-96375ad9b9a2,140596,42.816667,-70.366667,123.5,1998,1998-04-14
4f224eeb-301b-4ba6-86fa-b6a01f58841b,239392,-73.37666667,-21.17666667,335.5,1996,1996-2-13
4f2b43a9-b511-49e9-84da-09d84394bf00,140605,42.580159424,8.7241775369,,2025,2025-07-26
4f314fc4-1e0b-4071-bf44-aede8106f2c6,157011,49.5915,-59.22833333,225,2013,2013-08-11
4f37a862-dc74-4500-98fc-ade74c5adc3b,140600,45.733,-1.917,34.5,2020,2020-11-05
4f3b3d6f-1c8c-4c49-b39a-0880671d0419,341952,31.8615913389,-116.6679077147,,2022,2022-08-09
4f4449da-0a0e-4c73-853a-c0d22b2c927d,342023,47.4110101833,-122.4121551787,,2020,2020-01-12
4f4b3a91-b574-4ae7-b4df-3b15c77b3200,527142,-48.6833333333333,-60.22,,2000,2000-07-28
4f52e209-a3d6-49c8-b141-c60e62965f18,210788,-4.6106373609,55.4197620882,,2024,2024-06-13
4f5a2a84-c5e6-4483-bccc-5d2324a84690,342305,49.290854313,-124.1409145946,,2025,2025-05-10
4f601aac-d531-42bf-afb8-4b0d55a3a8d3,140601,39.4812,2.587,46,2001,2001-09-16
4f62702e-9ba6-4144-aaf1-0a1a0821c647,342023,36.6217583333,-121.903495,,2023,2023-07-06
4f6963ba-785f-432b-a280-95bae7dba793,140600,39.1237,2.7587,158.6,2003,2003-05-26
4f6dfeed-4ebf-4ecf-934a-d45054c35f79,342305,54.064111,-166.22319,101,2011,2011-09-24
4f7692f7-f4be-4ad3-a1e3-dccffa5ea541,140605,42.5766704868,-9.0628122832,,2024,2024-04-13
4f7bda0d-2b58-445a-b538-325294fe800c,140605,38.4151644426,-9.1883460355,,2022,2022-04-03
4f7fd619-a4d6-4cf3-8f7a-fa20f3245fb8,140606,41.42,3.26,471,2003,2003-05-18
4f836130-67ef-4898-b1ee-2a0d947b3643,342036,-32.7160110086,152.1408113174,,2016,2016-01-25
4f8bf7b4-7fa0-4cca-8a2f-ce24ae6236c3,535605,-38.3189308,144.7133541,,2022,2022-12-10
4f904a5f-311d-44d2-a5e1-1141100671cb,342381,-44.2343,174.379,603.5,1998,1998-01-20
4f96985c-c7a8-493d-b48b-2773ec4b74be,342381,-39.0917,170.9133,818.5,1989,1989-05-27
4f9ae94c-5580-45d9-a5fd-c1af8218b0c4,140600,53.6623,-3.2527,8.5,2016,2016-09-19
4fa18bd8-c5bc-4d75-9ad3-4231499dbb6b,140605,24.7852802277,-83.2180633545,58.6,1981,1981-08-04
4fa8b7d0-8e62-44c2-ab92-091ac07983b5,140600,54.12382,-4.497009,26,2010,2010-05-03
4fb02d87-3ffe-4c35-95fd-94f43299c289,1530663,-40.2078,148.0417,,1972,1972-01-01
4fb68571-fe00-4810-bf2b-c7c84f9ecd9f,342036,-34.0692518704,151.1114233111,,2024,2024-02-29
4fbb66ca-e074-49f6-bb09-676f6717995f,140605,38.6769206422,-9.3679373255,,2024,2024-08-11
4fbec207-499c-4eee-8b75-326635a373ce,342023,47.3482480821,-122.3260853067,,2026,2026-03-07
4fc1e1f8-6982-4e27-b474-798302461b76,342305,54.073135,-166.230189,128,2010,2010-11-09
4fc61462-8e8d-4831-870d-7400d56d72e7,325329,-62,-59.63,176.1,2002,2002-2-16
4fca1b00-14f5-4abe-8072-362bc8e9f533,342049,10.0874996185,-75.942779541,,2001,2001-07-02
4fccdec5-1f1f-489e-a871-ce0bc16d472a,535605,-43.0002716171,147.3275425375,,2023,2023-01-21
4fd356f9-1b62-4ca4-b0d5-fd08a4e4f68c,341984,15.9869484811,-61.7267476462,,2026,2026-05-24
4fe1430c-6df2-4c74-a93c-b6a78b14694f,341990,-14.50239,145.5589,30,2009,2009-02-27
4fe81c77-45b5-4c2c-8b6b-0568a8e03e7b,342305,48.4005324,-122.6251151,,2021,2021-05-27
4ff0707f-693e-4894-8d78-982357d249c4,140600,52.8903,-4.676691,18,2006,2006-08-06
4ff4de82-494b-4ed7-923c-791a7920e7a8,140596,43.206167,-69.821333,176,2002,2002-10-23
4ff83795-4a66-4af8-b550-370e7f4fdd64,342036,-33.8481067504,151.2704254932,,2020,2020-01-23
50012386-8af5-4e0b-9726-b0bb97645d23,140601,43.36,15.77,154,1969,1969-04-19
5005cc19-bcfc-4468-8ff8-94812bf85961,140605,42.250534736,3.1749947642,,2024,2024-08-29
500dd205-91d9-441f-83e6-8e1488bf7877,140600,49.9028,-8.727,70,2021,2021-03-31
50146695-17b3-4999-8197-70cc02cf1d30,342036,-36.5855986401,150.0516945479,,2024,2024-09-21
50169179-393f-4131-a969-eccdcf6697a9,140596,66.849167,8.439833,259,2015,2015-09-04
501c59cb-e3f8-4517-86a2-5538a7980657,140605,37.74817,23.4255866667,,2024,2024-05-17
50240542-a336-4b5e-a688-676958a3928d,138849,29.8000001907,-23.0308504105,650,1972,1972-04-02
50295365-d103-453f-b828-ee2a7623d511,140596,42.997402,-68.2006,189.5,2008,2008-10-25
502bef2e-6038-4fb5-a2e9-73c7559e727b,342334,-38.48,145.03,,1997,1997-01-03
5031fa40-bde1-4c83-a953-6b8b1b1942f4,325324,-73,-115,964.5,2011,2011-02-07
503c1b9f-cacd-49eb-b6b2-ddd1952f9e01,140605,28.9195481804,-13.6723228487,,2025,2025-11-20
5041165f-0f79-4d08-8ab6-e8cf8206f63f,210788,8.9171471169,167.569007753,,2012,2012-07-15
5046c22a-5815-4a40-a26b-d4aed9bcb944,157019,35.283000946,-71.9670028687,1730,1973,1973-02-25
504d8ee9-4a3f-41bc-ba3e-dbb47023cf78,140605,42.6630617501,9.4552950435,,2024,2024-03-07
5051e7cc-3b75-43c8-8dca-2b3efc1d389c,457762,19.200048,-96.067796,,2017,2017-07-30
5059d75f-3b68-4781-85ea-32ffa2d3f7da,342036,-32.7143178214,152.1508579749,,2024,2024-02-01
5063c14a-0333-44c2-9889-e0480c9e67a9,1043781,49.6178,-124.79148333333333,89.5,2012,2012-03-16
506e9b90-5fa4-48ed-8a98-2385daadb1d8,342036,-33.7998599625,151.2836766756,,2021,2021-08-31
5073dd66-0d14-402f-ae25-db170a12ae52,325319,-53.59,-37.1,413,2005,2005-1-21
507c8b0d-d421-4faf-b30f-0bf071ce0b7a,140600,57.69909,-2.065422,7.3,2004,2004-02-15
508968f5-8029-47c6-bb76-24b595ba0e2c,1530663,-39.45,147.33,,1990,1990-04-18
508c86e8-4ca4-4cd9-b5d2-c882a25c923d,341937,-33.417,131.046,213.6,2015,2015-12-09
5094de15-2123-4eeb-8275-f11987966364,534733,34.64796944,128.5622389,,2015,2015-01-14
509ab61b-15a4-49c3-a3d3-df1fe1670c2f,140605,37.1248055,25.2371283333,,2022,2022-06-07
50a06c01-d1ef-4b09-a0d2-3a0fd67c9798,342333,-8.7296913408,115.9033178577,,2024,2024-02-09
50a464b7-1948-487d-a1f0-7b6237c3102c,342036,-30.10849717,153.20721333,,2020,2020-08-23
50a88b45-6252-4061-9f1e-9d6864b63746,341952,27.8822983464,-114.1822814941,,2015,2015-05-25
50ad5063-7f26-4f6f-8a81-dadc25a2aa86,341781,37.592,-25.5947,0,2023,2023-08-06
50b03ee6-ee7f-4523-87a4-94641b18d40f,457762,14.5273133333,-61.0882983333,,2019,2019-03-12
50b3f4ee-9b6e-4073-af69-d2fe06d21ed1,1813557,-29.65,14.6167,451,1989,1989-09-17
50b9e5c3-13dc-4394-ac6f-0e8aa46d178f,341952,32.8140619818,-117.2728387412,,2026,2026-05-18
50c35e54-769e-42de-b472-759bb6759a9e,239392,-64.5,-64,,1986,1986-04-14
50cc61f0-b9f9-4814-ae1e-25f7f4fb4c34,342023,48.51762,-125.25166,,2009,2009-04-29
50d03c69-819d-4668-a0a9-925676d64d9c,140605,43.513421085,4.1073799742,,2021,2021-01-18
50d6d3f6-1a6d-460f-949f-3e15aa51300d,457975,-18.88,116.17,457,1984,1984-01-30
50dcf79b-4059-42a6-b926-b1c7ddd96d5f,342036,-35.5107601023,174.4798876782,,2020,2020-08-09
50e37722-cef1-4901-abf0-2fbb5afd4c9c,138803,24.3575324879,120.5701128642,,2018,2018-04-05
50ecddd6-2422-4bc0-8661-dd7566becadd,341950,-34.719395693,135.858053416,,2024,2024-11-05
50f2d5f0-b63f-4481-92d1-53385eac7dea,140596,42.178932,-67.675225,187,2001,2001-10-05
50fee6fc-9aea-45ca-a729-8e4d4ab2dddf,534097,9.98,98.62,,1936,1936-03-23
510369f6-d0a0-443a-bdea-3b33c90b2bb8,535784,-34.4000015259,23.1000003815,,1991,1991-09-24
510bd967-7abc-4e56-9568-f38704288188,341952,32.80793,-117.268295,,2024,2024-11-16
5110116b-c12a-470d-9583-cefa605fbd2f,341988,-38.32,144.72,1.5,1989,1989-11-02
5114ac88-253e-47ff-801e-04846e6f0d2e,140600,39.2931,2.9107,58.5,2006,2006-04-21
51217af4-d3c5-42f3-8fea-333dde8166aa,342023,35.443846,-120.900273,260.6,1950,1950-10-21
512540b6-25b4-4e21-9d08-f9cae18712cf,210788,21.646927,-158.065351,,2016,2016-10-02
512b375e-7451-45bc-aeb6-9b92b590d896,342023,48.8339107093,-125.1466241096,,2008,2008-08-01
5130aeae-b81f-4e34-8410-700a058e8f8b,342002,34.76666667,129,,2011,2011-11-20
5140bfec-d72f-403e-9506-c8244165f565,534443,25.1282598915,121.8319074524,,2025,2025-07-10
5145489b-6d91-40d1-b20d-90ab49c57c56,1043781,49.22537,-123.32252,,2010,2010-06-14
51492af0-3749-49cf-ace5-00de0f6e59d0,138803,-33.9825934577,23.5600707162,,2015,2015-06-11
51502bee-9648-4ace-b4f6-5156c3482542,140605,38.4092137157,-9.2020754822,,2024,2024-03-24
5154c375-faad-4048-97d5-af3cda1949a8,341954,16.8977169627,-88.0622524587,,2024,2024-01-03
515cfd9d-631d-4375-8397-21954537a487,325319,-54.77,-35.34,247.5,2006,2006-1-19
5164a150-01be-46e6-9d80-28b3357fa53c,140600,52.81,-14.0307,112,2012,2012-09-23
5168077f-4678-4e26-91cc-67a89acfae03,210788,-21.0327085476,55.2162473772,,2025,2025-10-25
516f0c84-44d4-4d31-8ea1-b18f10c1569b,140605,42.5801832071,8.7242362247,,2025,2025-07-26
5173041d-b06e-4306-8213-a8a4d7566372,140605,-34.478058436,20.5121451616,,2024,2024-08-20
517af156-10ba-4668-b1c2-9a0b77256b90,140600,56.8138,1.82,46.5,2018,2018-08-28
51892b48-d153-4f08-a154-d37d3baeafb1,342209,-33.23,44.2,650,1988,1988-12-08
51947f23-5147-4c36-87a8-6a15f9c5d835,527142,-51.4983333333333,-57.055,303,2011,2011-09-18
5197f217-181b-4f6c-9f44-edf17fd3ca7a,535784,-31.5666999817,16.5333003998,,1996,1996-02-13
51a05c8d-e8b2-40b4-a5d6-8ce6ce39dcd3,341951,32.8499984741,-117.266998291,,1947,1947-01-06
51a8a31c-c77d-422d-b960-01620c999971,342036,-33.5104933,151.4186517,,2010,2010-04-11
51b000f3-ddb6-4014-83a3-42b5190ffbca,140605,43.0110381338,6.41400532,,2025,2025-09-04
51b382dc-e90b-4611-abfc-090a4ae02f72,1530663,-40.832353,174.943803,,2022,2022-11-26
51b8b5a0-3571-4976-a960-e0dfdb76f3f0,140596,42.64984,-68.803497,169,2007,2007-04-26
51bc0bcb-c501-4030-af78-5de4271ac00f,210788,11.5,162.25,,1946,1946-05-20
51c08ce8-9e76-4d48-ac51-4f2f18300134,342334,-35.0848,137.749,3.6,2015,2015-01-20
51c5638d-91b7-4aee-adb3-5e73ed93c258,325319,-54.7700004577637,-35.3400001525879,240,2006,2006-01-19
51ccf6fd-ed1a-45c3-91c7-d1d46959404e,420654,49.68,-49.47,1329.5,2004,2004-01-10
51da8f73-4c49-4d0d-9afc-77e6a2f6689b,342385,-34.83333,173.2333,20,1997,1997-03-03
51dfcc20-c731-4495-a845-bcd09015e84b,749548,26.7827939086,-80.0407692024,,2023,2023-06-20
51e741ae-d056-4c3f-89f7-5f36771f8026,457762,11.2684,-74.1922,9.5,2016,2016-02-25
51f0825a-ab85-4b84-83a6-b0f7a4c47750,342036,-33.8399983762,151.2532379225,,2021,2021-07-22
51f350ef-cf3e-4122-992f-a06c4881c672,140600,53.108,-13.319,120,2016,2016-10-03
51f7f98d-68b5-437a-8141-1a61cc7eca26,140600,39.9333,3.4023,130,2006,2006-06-14
51fa86a7-ebd9-4e35-9718-369cf1ab3467,140600,37.11,-1.78,280,2001,2001-05-21
51fde3d1-0bff-4939-8e92-5a239fa8d35e,534099,-8.1808674151,114.9006415484,,2017,2017-07-25
5202eeb7-4ae1-4913-8009-acbffff3bae4,342015,-43.74227,146.28927,133.9,2021,2021-03-19
52086a45-2103-4721-a3c2-c08e893ed857,342023,33.8339132305,-118.3964157209,,2024,2024-08-08
520de9f8-23be-4855-94f1-e33235870b76,239392,-71.31166667,-12.285,172,1996,1996-2-9
5213c0bc-73a8-4782-8a58-bacb5cf26b77,342309,6.53583335876,-77.3515014648,,2002,2002-07-02
521b9136-727d-4c04-b259-56d10498b0e0,342227,-50.4133333166667,-55.7599999666667,749,2011,2011-05-22
5220003d-3edd-4e4b-ab29-6ed8cb688fdd,140605,28.919565626,-13.6717430354,,2021,2021-11-19
5225bb69-56c7-4ce3-b1a6-777a940f8850,342381,-40.9737,173.1075,25.5,1996,1996-07-03
52325533-9810-4097-9229-8f3b05ddc468,342023,33.8368771555,-118.3948803945,,2024,2024-07-02
523dec48-fdbc-4b38-bb8a-744cc08b05d9,210788,25.1242218783,34.8143855546,,2017,2017-04-19
52423f60-1802-46c1-9aa1-18ad37992ca8,140605,43.2642515051,5.2927693764,,2023,2023-12-10
524431fd-32a3-4a84-a3d6-aaa03d1d650d,534099,13.76131162,120.9223938001,,2023,2023-04-05
524843f2-12ba-4a44-9cb8-31b40c946e1a,341950,-43.1589625985,146.9813003509,,2021,2021-04-04
524c37c2-2c8f-43ff-858b-faa40443fe62,457762,-8.2690203469,-34.9460013583,,2026,2026-01-06
5254977f-e0bf-4bea-98bd-44a8e7db8256,140600,55.41495,-5.135051,19.5,2017,2017-09-19
525f1792-966e-40fb-8b26-f244bf19301c,140600,48.974,-9.1695,157.5,2017,2017-12-03
526582ca-4352-4b38-80ea-2c24cc45ec11,342036,-37.6321925587,176.1840300207,,2024,2024-03-06
5267be74-9eca-43f5-bd29-d470a7ffcacf,527142,-48.6833333333333,-60.22,,2000,2000-07-28
527048c6-a351-40ed-94c7-58d6302eccb0,342023,48.76565,-125.33717,,2010,2010-05-14
52784fef-aa79-4cc4-a085-9166b90791df,140600,50.352,-2.4599,27.5,2014,2014-02-16
527d1fa9-a6c2-437e-8889-7e2e9495b946,342036,-34.8812022754,173.2896502683,,2026,2026-01-05
52842b71-822b-4513-92b8-d79236896886,140600,39.3497,2.716,54.9,2005,2005-04-01
528674be-96c8-47b8-889b-00eed96e0be7,535605,-41.0323361667,148.2907416667,,2026,2026-03-23
5289df85-8272-41c3-b2fd-2c75a15d5a0e,140600,50.4166,-8.615,63.5,2015,2015-11-24
5290b39c-557f-4bce-b4e0-2c4328b1d881,140600,60.9185,-1.8747,135,2010,2010-08-31
52966f86-059d-4995-9210-3f951152c210,342036,-32.7098226647,152.1579009207,,2022,2022-11-30
529c167b-0629-4f6a-b72f-e788cd02f23c,157011,48.80783333,-59.76716667,285,2016,2016-08-12
529f7862-5269-424e-bbd4-b0c581761fec,140600,50.0262,-4.9477,36,2022,2022-03-11
52abaf23-14df-41bb-8625-a793150a3ee7,210788,21.3319285254,-158.1250169495,,2023,2023-05-22
52b3b097-d108-4a28-9dc4-7c52c280067b,342023,47.5745511884,-122.4195594152,,2026,2026-03-25
52c0bffb-9b60-4b45-9e33-382512c36bfd,534126,28.777,-84.77133333,47.7,2019,2019-10-16
52c679fd-9adc-47a5-aa11-912454863eef,140605,-12.33796225,13.32127459,594,2001,2001-03-05
52ccb079-826c-4120-bfca-86bfc92b726f,1438201,-42.8616667,175.925,647,2015,2015-12-12
52d6ff63-ee8e-4464-8bf1-16a71637607b,140600,36.71,-2.54,138,1999,1999-05-10
52da1f65-bde5-4fd2-b4ea-f3e719ed9a3f,140600,39.9706,3.341,133,2003,2003-07-07
52e15dd3-7350-4d18-9e13-9a227c9610a8,140600,40,3.53,149.4,2007,2007-06-20
52e2be25-3532-4de0-8bd8-9fb52bc6e2ff,325333,-67.2725,68.9597,,1991,1991-02-28
52eff08b-dec7-4133-ae81-bcf432865884,341952,31.3118617349,-113.5512824329,,2020,2020-08-05
52f7c8c5-197f-4356-a484-d2ba2350c115,410340,32.1669998169,-62.8170013428,867.5,1971,1971-01-14
52ff1e36-2f06-4c73-8210-66854974cbba,342023,37.1827916667,-122.389755,,2025,2025-01-29
5306dac0-e974-4c9a-9fad-7ce00160206d,140600,51.0595,-5.3825,39,2021,2021-09-27
530fddfc-e589-4531-9cdd-1203cafc6c48,341952,32.8489933111,-117.2761064748,,2024,2024-12-05
5312cf30-5c72-46d4-b26b-cf636d6d014e,140605,26.12816667,-83.342,,2021,2021-10-24
531531dd-71ab-4b8f-9acc-9abb31ff2566,140605,43.1772924458,6.6031855345,,2022,2022-08-30
531c5c7d-c721-4cbf-a2cc-eacd4619ce51,342045,-42.884,147.355,,1938,1938-07-08
5323a83f-acdc-4f30-8578-cd19e5e4d453,140605,42.2496229043,3.2430718037,,2026,2026-04-15
532967b1-81af-4c9b-9a70-399c080ec95a,140600,48.7913,-5.804,58.5,2015,2015-03-14
5330ed6d-e9b9-42dd-9241-358ea7c985d5,342305,54.083741,-166.209314,132,2011,2011-09-28
5339f31c-5d84-428d-8e54-1cfce3e87245,140600,39.95,3.75,57,2009,2009-05-15
533e520d-c045-4c72-8561-e758eaace98a,210788,27.739109534,34.2679265815,,2026,2026-05-04
5342f2f4-ebc7-42ad-8683-290e3994ae56,140600,50.7145,-7.8625,110,2020,2020-11-06
53483a91-98ed-4d88-9733-570156384e9e,342036,-33.8492265,151.2762501,,2025,2025-02-19
534bb845-0b6d-49c1-bafb-b45eb6837fb1,157019,62.4147222,-60.5541666667,,2024,2024-06-30
534fe4b3-e531-4c2c-bf4b-70627c3c7af5,342332,-35.116,150.76472,,1972,1972-05-02
5357b455-65dc-42c6-b744-e68cb2984928,140605,29.383833,-85.837333,51.5,2014,2014-10-09
535ae5d5-4ef3-4a89-8b73-3a80f87f0e3e,140600,52.3048,-14.1588,164.5,2015,2015-09-11
535e8fae-7b3a-4709-87cd-9d4f3d6227e2,342098,-44.3,-177.7,575,1999,1999-02-08
5361c08d-cede-46ca-a216-ec41c572b38c,140605,43.2111179369,5.4237560596,,2023,2023-09-14
5366c8f1-68a7-496f-91ab-feea56845b60,342036,-33.9922329866,151.2293041294,,2025,2025-04-12
53697f35-4cca-4324-a2e1-33ee15d02a3d,342023,37.4946666667,-122.499275,,2018,2018-05-31
536e3dc6-dcb1-4b59-a33a-f1289f4880fe,342305,48.166197,-123.706862,,2013,2013-04-28
5373fcc8-dce2-401c-af28-18c327ceceff,210788,21.289277,-157.86184,,2016,2016-05-14
53792823-8926-483d-a7d0-dfbaabd35a01,342305,59.4681676042,-151.5361518413,,2025,2025-05-27
537e7884-2c68-4f3c-925c-73c63a6c1218,210788,4.635220225,73.56347381,,2012,2012-08-26
53854e77-22da-48ee-ae15-67b953ec5c28,1043781,48.497166,-125.248766,143,2022,2022-05-21
538bdacc-876c-45f5-b227-ef809f824a51,140605,-34.1260654,18.4506218,,2024,2024-04-29
539078e4-05f3-4c8a-98c3-9ec49102bb06,342023,49.31305,-126.92668,,2023,2023-05-03
539486d1-c668-43ab-ac8a-38e2cfeabd31,138803,-42.8686764329,147.6172344643,,2026,2026-03-31
53a0c6de-621c-4668-8399-619ef7ee0db8,535784,-29.9666996002,16.5499992371,,1990,1990-01-21
53a3f5c0-aac2-4504-aa64-b28739b92659,341990,4.5943769842,118.8608677313,,2024,2024-11-29
53ae3e32-da70-4165-927e-953261cb7248,457762,16.1989414378,-61.4895656081,,2025,2025-08-23
53b58a05-37f1-49ed-a490-9a68b272daa7,157019,56.69778,-5.727575,4,1995,1995-09-28
53b95622-68f7-47b2-8ec4-d49a575fd1ab,342305,54.060041,-166.237568,123,2010,2010-09-17
53bee4c5-afac-49bc-a07c-baac4da054af,341954,25.9104256011,-80.1292423836,,2026,2026-01-17
53c86ae1-fd60-4a93-9e59-6413f2414998,140600,57.377,-13.477,93,2020,2020-09-13
53cf4266-7378-46fc-8770-96bf317f170e,341952,32.814125,-117.2744361111,,2023,2023-02-17
53db5a78-c9a3-441b-b0e0-becc6cae2af6,325326,-75.633,169.85,527.5,2008,2008-02-14
53e3cef9-4035-4d1b-9c18-400918a4af52,534099,-19.5,115.83,60,1981,1981-11-14
53eca1b1-b30c-4889-8e45-1a5ca6552a1a,341952,34.0447496686,-118.9334512321,,2021,2021-08-23
53f42ec1-8215-473b-a7d9-969aa20ed67a,140600,42.33,16.38,156,1948,1948-05-10
53fcc6be-8a86-419a-8e7d-a1312b80f610,342036,-33.8511338536,151.2771042042,,2024,2024-02-09
54012a7c-0bf6-471f-8128-6ccb045bf4d8,342002,34.25,125.75,,2008,2008-05-16
540702b0-d110-4921-af1d-5c1bde552d5a,140600,49.5495,-2.5168,28.5,2013,2013-02-24
5408bb60-9a36-4c47-9632-de88080a1a56,341910,-27.2999992371,14,,1988,1988-08-16
540e4b02-78ee-44b8-a62e-cae79bbb49c7,140605,43.0840574515,5.9227591747,,2023,2023-11-17
5411b30d-3f9c-4f33-885d-1109a83653ef,341988,-35.3315456775,138.4468411806,,2025,2025-02-27
5416cdef-a9ed-4980-ab4f-515c1afefebe,342023,32.8560646415,-117.2655864435,,2024,2024-07-06
541c7139-d1f2-4124-831c-844460cc9184,342381,-44.4548,171.648,50,1996,1996-05-08
542330c9-c06b-49d2-9bc1-e4c70533b028,342381,-44.1051667,173.6411667,267.5,2024,2024-05-14
5428699e-8775-4a73-8bba-2d23636cd268,140605,45.34306,14.40917,,1917,1917
542e8c72-36e7-46bc-a689-d7be364a7961,342023,33.8378397714,-118.3923040205,,2024,2024-07-09
5432de4a-1cdb-4b5b-881b-964c2c53626d,342305,48.86493,-125.43062,,2019,2019-05-06
543f4fae-714b-495c-83fb-20d7255e1a5f,1043781,51.40993,-128.60275,,2009,2009-05-14
54427360-739a-4bd4-ac22-af75fb186088,342305,47.3457503561,-122.5532633138,,2020,2020-11-14
544735ba-ed5f-47d6-baba-ba5ea62ee282,1805270,43.2287418082,5.3480326903,,2023,2023-06-08
544ea220-6516-4c62-beb7-28c863d17ee1,325329,-61.18,-55.965,125.5,1996,1996-11-17
545d0a27-a580-47fd-aab6-57da21243684,140598,50.9885,-14.2725,374.5,2017,2017-08-27
54695eb4-b97f-4578-b1f8-c6c30c1bc86c,157011,49.143,-63.19466667,235,2022,2022-09-13
546c0274-e259-4f95-b300-86e10c178488,140600,51.3655,-6.6955,83.5,2011,2011-11-18
547047a8-8b4b-4225-9940-4132fc5f02ea,534099,1.4780008812,125.246146834,,2026,2026-04-06
54791205-55b4-4a67-9385-33c1c861e7eb,140600,49.1171,-6.5147,57,2010,2010-03-17
547d7387-8920-4700-b34e-8aefb7040dc1,1561957,-32.1239098997,115.757983663,,2009,2009-12-03
54816b32-7817-4fdf-9758-d3c19e6815f3,342305,54.0675,-166.234157,123,2011,2011-09-14
54866e6d-ee51-4860-9bf6-91de828e247b,342023,47.5222763837,-122.3609623314,,2026,2026-05-16
548c1abe-11b6-481c-b923-ecfdfa702889,325319,-60.93,-55.46,148.2,2002,2002-2-4
548f3ae4-9cb1-4060-91e6-3791f0c8663c,342209,29.305872,-81.045289,,2000,2000-07-01
54955e56-3bcb-4eda-be04-56abe2e79e66,535784,-29.6,14.6333,428,1989,1989-09-15
549a1223-a295-4d1b-9be4-7f8fc3e71908,341952,34.4067968599,-119.8787028223,,2026,2026-01-18
549ec5cb-ffeb-45c1-9af1-eeea4f57dd2b,1805274,-8.6369641036,119.6607345991,,2012,2012-05-08
54a698fe-5157-4b71-8983-51d06731f98e,535784,-34.1166992188,25.0167007446,,2000,2000-05-28
54ab818b-171c-4f78-84a5-2c112232f139,342334,-31.8505310169,115.7495863278,,2024,2024-04-13
54ae88cf-57e8-4d00-854f-18d97855d2be,157019,54.07688,-3.194687,8.5,1998,1998-09-15
54b96c19-5494-4166-b3e1-bcd2c8cc5b13,140605,43.704298239,15.6579339912,,2022,2022-10-03
54c0639e-8f4d-45b9-a1e1-2c8de034bf74,342333,13.4993944083,120.96118149,,2021,2021-01-12
54c7acbf-2bad-437f-9e87-18197228737f,341952,34.4065477699,-119.877865417,,2016,2016-02-07
54cf33df-385a-4171-b373-bd9ead93fe52,140600,53.4002,-12.0338,141,2015,2015-09-19
54d8abfc-186c-4e51-8fc2-d30e2b8e354f,325324,-61.02,-55.77,168.6,2002,2002-2-9
54debfca-25b8-4a59-967b-dca5a22d4b48,342036,-33.3911216646,151.4865679898,,2025,2025-06-27
54e44649-1946-45e0-b97d-b745193b0e07,140600,38.66,1.06,214,1995,1995-05-06
54ebadc2-9ccd-4602-b477-63625b4ef239,140600,49.8078,-3.8098,37,2020,2020-06-17
54f0a1e0-14b4-492f-8c43-418aa646c93a,534443,22.3093269318,114.3688472868,,2021,2021-09-17
54fade2d-4efc-4bfe-92f6-69994f00dc08,342023,37.0788144873,-122.2672116309,,2025,2025-11-05
54ffc328-4bae-4279-91ab-c39b51551f4b,210788,-16.3073138236,145.8356980262,,2024,2024-06-07
5507cd4d-641a-424b-ab37-64989c526f2b,141962,24.6083,-17.45,200,1930,1930-03-18
550de8c6-8be8-4417-9125-5482243d354f,535605,-38.3655955041,144.8230947637,,2024,2024-12-12
55137c53-5867-4f0d-8b59-b12fb2fe401a,140605,36.63,-2.8,57,1997,1997-05-16
551a01de-d03e-463f-bf7b-db4895c44f6e,341950,-38.3458628003,144.8883577623,,2024,2024-06-07
551eb1c5-dfaa-4304-a2eb-697debde3e50,140605,42.268,-69.969,114,2002,2002-04-24
5522ae24-03e5-44ba-81d6-e1ac7e96f68a,210788,29.496945,34.9101966667,,2022,2022-07-24
552f2dae-ce21-40c0-b612-eebf15df394b,457762,12.9900693129,-61.2866234132,,2021,2021-11-23
5534978e-9377-44dc-89d3-4f6d626d3e2f,325336,-61.09,-56.17,391.3,2006,2006-12-26
553b1a58-6586-4b98-9516-89eda89fe788,342023,47.3501536737,-122.3263493298,,2018,2018-11-17
5541cd9a-5755-49df-96db-d320a405b845,342036,-32.7136703556,152.1529824875,,2023,2023-03-12
55427f6c-1f1d-4b9e-9142-c872f3cdfb76,341954,12.1613114074,-68.2840000689,,2024,2024-11-29
554a4d9c-f007-45cb-a741-28dae3281b1e,341954,29.7580555556,-87.7755555556,39,1978,1978-02-09
555649bf-cfb8-485b-bef6-c21f4e7dbf74,1805273,-23.4441546463,151.9141425323,,2025,2025-11-20
5559176d-824a-4b11-af75-86b2d673b7f5,140610,-34.4617,154.487,,1981,1981-09-30
555d4894-03e5-4914-b321-3daae004f093,140601,40.04,0.99,106,1996,1996-05-15
5560dc6f-3332-4659-bf3d-456e62a07a30,342036,-34.5345027211,172.9436076421,,2021,2021-01-30
556498dd-258f-4bd8-8a73-7593883698c5,457762,32.2842830065,-64.7651099159,,2020,2020-03-27
55692c57-3664-4666-874d-8c2bc26f020a,342023,33.8368771715,-118.394417464,,2025,2025-10-01
556d1c99-3d24-428e-bde5-e8ff14fd6595,140600,52.40693,-10.12189,36.3,1996,1996-06-20
55732cd2-0093-4252-8b66-96cfb1ceaa5d,341781,38.2885,-28.3952,0,2021,2021-09-29
5578bfc0-5b36-4874-bd23-bb2eb7a967dc,140600,39.1863,3.0333,64.7,2008,2008-04-25
557f11e8-bd6b-464a-a152-a1e771c2bf93,140600,52.4333,-14.351,170,2015,2015-09-11
558411dc-0760-47fe-ac0b-f485593519b3,239393,-72.983001709,171.75,582,1968,1968-01-13
558c52ed-61c4-4c99-9f11-d812744d1f80,341950,-38.7,146.47,,1991,1991-02-23
55919eea-0c3b-4726-93df-754c25b70035,140605,42.4601204775,3.1605588732,,2025,2025-08-30
559a3010-1787-4da7-a3f7-038f24341f2c,140598,38.35,0.48,559,2004,2004-05-17
559fb86f-5bde-42f4-a4d4-56e91f53fc9c,140605,-8.362666667,12.96258333,122,2010,2010-03-22
55a93afb-1ea9-48eb-b3c7-fd6e581b3439,140605,42.4601204775,3.1605588732,,2025,2025-08-30
55ad3f50-04f8-4ba7-8549-d5e94c7946b0,210788,-16.4788077567,-151.7791742953,,2023,2023-04-03
55b4fa63-5df4-4638-8ddd-0f5caf9b2cd9,325340,-61.68666667,-59.17333333,827,1996,1996-11-27
55bb8981-ee4b-4848-87a7-47ef10abe433,341984,12.2061166667,-68.31695,,2014,2014-12-07
55bf3fa8-bbea-4bf7-ae03-b301d3bb3266,342305,54.05648,-166.235033,99,2011,2011-03-01
55c245dd-56f3-4b87-a16b-410588ef70a7,342305,60.9,-147.2,96.9,2006,2006-06-16
55ca789f-da5a-4880-9258-7e4c865bb34f,140605,42.389739,3.160028,,2022,2022-02-22
55d29335-702d-49b9-86a7-c3a89029ce5b,342036,-33.9919670833,151.2289857778,,2023,2023-10-24
55d61def-33dc-4a45-8a7e-700512d1115b,239392,-75.7733306885,165.25,860,1958,1958-11-29
55ddce72-ee31-4646-9564-166afcac3b3e,239393,-77,177,611,2015,2015-02-01
55e17371-5196-4ad4-ac8e-03e97009cf34,342036,-33.8498785705,151.2764280469,,2023,2023-03-16
55e6b141-dd4e-4b67-be7e-d468ee1967c9,342010,-0.8851687908,-91.1923446655,,2023,2023-03-31
55e962d2-9422-409b-82f5-07f5cfc85559,140605,41.3600006103516,2.50999999046326,,1967,1967
55f470d8-378e-4cab-82af-c2a9b93bbc34,325319,-60.95,-55.9,236.6,2002,2002-2-7
55fea3cd-5fe1-40ad-8b44-f71a353ecbcf,140605,38.68795,-9.3604833333,,2023,2023-09-30
560719ee-9ac8-4569-9157-9c9a097a9458,342023,37.494835721,-122.4993870308,,2018,2018-07-13
5609346a-e8ed-4e50-b626-a7c810790340,141694,31.6669998169,-63.483001709,40,1970,1970-03-20
560da741-c0e8-4f8f-b937-e22145597506,140600,50.665,-7.2984,52.5,2020,2020-11-29
56127f02-9ea9-4032-9d8a-d0d9a5fd3bf1,1805273,-23.25,151.78,,1989,1989-10-31
561b9a42-564c-4e57-a6c2-d46a7b397fb6,342036,-33.840166412,151.2543164327,,2024,2024-07-12
561fc3b4-4d36-4472-b7b6-2d1238cee207,140600,55.516,-7,33.5,2020,2020-02-27
5624282c-824a-40e6-95fc-2c986796be8a,534126,28.9186785627,-13.6692406525,,2023,2023-12-28
562a739b-6aee-4de8-bfe6-caa28cbee9f4,140605,40.7612425998,14.0364907339,,2020,2020-08-07
56313582-6998-453b-a149-293b44acbea1,527127,-50.4175,-57.9083333333333,140,2012,2012-10-16
5636c48c-52b8-4a6d-9d49-794cded4788d,140605,39.8889,3.8647,75,2005,2005-07-02
563a8415-f2a8-4aa5-8b1a-aab06ac848e3,140600,52.2688,-14.3237,167.5,2018,2018-09-14
56429784-a5ea-47ae-bf97-d07660d496f7,342334,-38.2898994768,144.5028887596,,2026,2026-02-25
56460b7b-45a4-48fa-9677-dbe675fb563e,342333,11.3358464,124.1156362,,2019,2019-09-12
564b13a3-17ef-478f-b851-6e1700a0db40,140600,41.01,1.36,142,2003,2003-05-13
564e537d-af78-4022-8f92-42ad52165af9,140601,45.23,13.18,34.2,1991,1991-01-08
56525a2f-b168-4499-8804-1a4a942f8366,342036,-28.1629,153.5478,,2026,2026-01-07
56587669-89f0-4786-bffd-3dd7df9bbac8,342334,-38.3189308,144.7133541,,2022,2022-12-10
565f9106-55f3-4c47-bfa3-d2a7c38c5202,342224,-48.117000579834,70.5329971313477,529,2006,2006-09-15
56687f6d-eead-401a-a197-2ec0992e79ac,140605,-34.0332984924,25.0832996368,,1988,1988-05-18
566d585b-4bc5-40e2-bc3a-6146fbbb160c,1805272,16.8480209696,112.3387816957,,2026,2026-06-04
567167eb-6542-4130-b498-3d3b2eb3ae64,157011,48.87783333,-63.94233333,230,2021,2021-08-12
567ab724-81f3-4827-9a9b-62cdbab1b2fb,138849,4.05,123.4333,200,1929,1929-04-03
5680a9aa-b612-4ffe-aa9c-e503724a273e,1805274,-14.68227,145.46964,0,2009,2009-02-27
56853699-3b1b-416d-9f04-91f75c2247ad,140605,42.1669998169,-69.9670028687,146,1955,1955-12-11
56895904-bcd4-4243-920e-b97695fc1301,140605,41.2099990844727,2.05999994277954,,1963,1963
5693543c-f220-4f07-b378-91ce376d5d9b,342036,-36.8146473956,175.2022177087,,2024,2024-04-06
56980bec-3788-437f-b1b0-e5e5c6d835d3,138803,-33.7536722222,26.5316222222,,2019,2019-06-26
569dfe59-95c0-4c5e-9bd5-30cb09d4340c,534733,36.48707778,126.194575,,2012,2012-08-08
56a2af3b-2e73-46a7-8241-115867e4c3fc,140605,28.0940174608,-16.7957059175,,2026,2026-06-22
56aafd82-2c3e-48af-b458-80c84c205a83,342403,10.1901611111,124.9980388889,,2026,2026-03-16
56adc37c-5c8f-4c8c-80f2-7e8d204aec9c,210788,-8.507832,115.518878,,2016,2016-12-25
56b305f5-d96b-489f-8c59-96d60515e8f4,140600,59.96951,-1.509443,,2001,2001-07-30
56b7e3dd-85c8-4a40-9505-cfe3d11bfdf4,239392,-54.21,-37.87,116,1994,1994-1-22
56c0c305-cc59-4c9b-bab9-1951f77135df,138803,-37.7885800193,148.8858019341,,2026,2026-02-06
56c59a4e-27be-46a5-9225-4629c336ce5e,140600,41.06,1.44,119,2003,2003-05-20
56c91bd3-6e86-4d9b-8b80-5e296b821122,1805270,28.0606177726,-16.5725549979,,2024,2024-07-11
56cfce8b-4d5f-4cc1-bfa5-2bdc12d5efa3,534105,-22.551666,166.475006,10,1984,1984-08-21
56d63560-aa55-47fb-8bce-ab1e4fa88313,342305,54.04808,-166.246376,82,2011,2011-02-01
56de5b08-64e0-49f6-8bf7-82112d3ff7ae,210788,-8.3018680545,115.619087245,,2025,2025-04-07
56e07991-619a-4ce4-a3d7-0d0518b7027b,341952,35.17778,-120.7406,,2022,2022-02-02
56e53c91-89c0-4faf-8e89-f1e188ff6747,140600,53.1108,-13.3192,114.5,2021,2021-09-11
56ea7fd1-9e18-4f75-a695-1219b998c87c,534099,1.4479093829,125.224119919,,2026,2026-05-01
56ed73f8-1f82-4aa4-a059-17fa1c5e2bf7,140600,57.03,-13.818,91.5,2015,2015-08-31
56f0db90-baaa-4741-a863-db3490ad211e,342305,54.041115,-166.222122,90,2009,2009-10-29
56f41106-3641-446b-a432-02adaebb7d6e,140605,36.7223687035,-2.1887940963,,2023,2023-04-06
56f9d20a-3e18-49f0-bb5a-811a22ef8671,342227,-53.4883333166667,-60.425,965,2009,2009-02-21
5700a8ac-85e4-4228-b1c5-2fdd7cd4633e,535784,-34.3400001526,17.5699996948,438,1992,1992-02-12
57064255-1e1d-475c-aa9f-10815e52f019,342222,40.3708610535,-125.421180725,1460,2000,2000-08-25
570aa845-5e93-4765-bb00-405780aacfcf,140601,45.64861,13.78,,1956,1956
5716c8d1-a250-48d6-86c6-ea87bc4ae930,140605,41.75,3.34999990463257,,1964,1964
571975eb-c71d-4f6c-8617-24d528e2e6f7,1438202,-34.4166667,172.7833,45,1996,1996-06-01
5722647e-6610-4b6e-98f7-9915c67bb5c7,237820,25.1863575206,121.7896509529,,2026,2026-06-21
572b293f-6776-4466-bffe-93bdc5ad2e47,457573,13.7280490781,120.884050207,,2019,2019-05-18
572e69ab-d7a8-4c78-a119-4e43653c38c5,140605,38.3276901345,21.937875968,,2025,2025-06-09
57316447-a3ef-4b5c-b9e1-4e8888291d6c,140605,28.917109131,-13.6640935536,,2025,2025-07-09
57345f5e-fa21-4203-b5c1-23eab1b71697,140605,36.7393744642,-2.1166836843,,2025,2025-09-09
57395e48-a584-4f56-95ce-a13b3c3f7dd4,210788,-21.8169668098,114.1916849597,,2023,2023-06-13
573da425-15d7-4ee6-ad83-39f7cf1606ef,140600,55.6726,-0.3536,36,2006,2006-09-07
5742cad2-c78f-422c-8c5f-2448e2021180,141962,29.6,-64.0167,500,1922,1922-05-09
574c7a0e-14a6-4829-a5e1-22196f344ceb,1805270,28.1553135166,-16.514895453,,2024,2024-07-06
5753dc1a-6f36-483f-a2b6-a771e440f5d1,342002,34.256625,126.7060917,,2015,2015-03-27
57587723-0933-4e8e-94c5-db3b8bfe2f32,210788,-8.4317595336,157.9511958123,,2014,2014-11-05
575ec52d-4822-4400-9777-f9a5aafdf018,341952,32.7670480944,-117.2445653984,,2023,2023-10-11
5764fd01-d52f-408f-91a9-261d3007d247,325329,-61.3400001525879,-55.4900016784668,151.3,2006,2006-12-19
576ac2d7-58e2-4adb-bd94-d0e0105cb758,140652,28.028167,-85.679833,700,1987,1987-04-24
576fba9d-f010-444d-8ddf-c8b64b4b84fc,140605,38.6879469,-9.3598498,,2025,2025-02-02
57759e5f-924c-4d7c-83a6-4cd6faa61e1d,140600,53.3570522247,-4.2273709814,,2026,2026-02-01
577a2ef7-a07a-4584-9428-846cbc915ba0,341786,4.98733329773,-77.5745010376,,2002,2002-07-02
577ddec5-af71-467d-86ec-131ecbe3328f,342305,34.52633333,127.77,,2011,2011-11-08
5780cf58-c79f-4084-b918-76de445c443b,342010,-0.04116,-91.52752,,2017,2017-06-05
578c8525-d467-431d-a424-58cfc8503290,534443,25.0183959722,121.999262,,2022,2022-11-19
5790a4a6-0554-4667-87ff-1a39d91ee402,140600,40.16,0.74,82,1998,1998-05-29
5799a4a8-c84c-4070-a2b6-98e8e1f670a0,342023,48.6544916667,-123.5346611111,,2026,2026-04-07
57a182cf-7a57-4626-b6a4-933c659c0860,140600,56.783,-1.3915,30.5,2003,2003-08-27
57a99b5a-a5a7-43db-8bf3-673b4678a40b,527127,-53.0066666666667,-59.3783333333333,231,2016,2016-07-21
57b234cb-32ef-4ab0-ae5d-b215f6edea42,140601,43.41,16.42,47.4,1967,1967-06-20
57b76002-8501-45b3-8910-5b26422f717d,140605,42.9656618115,16.9081111724,,2021,2021-08-12
57bf3916-dfd9-4bd4-8c2b-ba600a81a0ca,215276,-21.8559623993,114.1571331024,,2022,2022-12-01
57c7c095-cbdb-4838-a228-1e51035a4c7a,342333,9.17969445,123.2984,,2024,2024-05-25
57cd24be-eea8-499f-9497-41d306c20d02,140600,53.2895,-14.3107,131,2011,2011-09-27
57d44a2a-2688-4011-b0e9-277e3bf0b260,138803,-37.8021972222,148.6628555556,,2026,2026-05-14
57daba06-7f92-4277-b149-6caf5c1d745d,342222,41.494689,-125.09617556,2339,2023,2023-04-20
57e25d5d-1910-4016-a305-e2997ce4bfd2,140600,55.6972,6.488,21.5,2016,2016-08-29
57eb6d18-b8e5-43e3-8c18-2480e8b23751,157019,57.54966,-5.557503,4,2000,2000-08-19
57ef8c6b-f9cc-49a6-b13a-52669997acc6,140600,55.9194,-2.147182,8.5,2006,2006-07-20
57f494a1-491d-4c4b-bd86-c4b56391ed9a,341985,27.616667,-83.966667,55,1967,1967-09-01
57f88419-c393-4979-a17d-3810748b034d,140600,52.7265,-12.2263,171,2018,2018-09-25
58025e67-e9fd-4425-9710-67a9580d616b,140605,38.3659863187,26.2907875969,,2025,2025-07-22
5806bf3e-bd3d-4c92-8ad9-03ce4601b708,1813557,-25.6,13.6333,422,1988,1988-01-10
5808756f-e5ad-4163-ab00-5ca4b1537299,140601,45.64861,13.78,,1922,1922
58109b80-9750-4f01-af20-39d783aba4c6,342305,48.2075716667,-124.6934283333,,2026,2026-05-24
5815bf69-8c83-4c18-b454-d3528e83b5ee,140610,43.692899,7.316554,0,1910,1910-03
581b831a-5162-457a-b0bd-574b5512f8ec,342023,32.8580905799,-117.2615181028,,2025,2025-07-06
58206b4d-ed07-4bba-ba63-b52147118689,1805270,39.63,-0.06,60,2000,2000-06-21
582b42c5-b584-474f-a6e3-6f8c436df034,140604,38.37,0.5,577,1995,1995-05-02
582e5647-b243-482f-a63b-405445428cb9,457573,13.7634907004,120.9174755216,,2019,2019-10-11
5836dfd3-c803-4942-a0d1-f93c5d6778d6,140605,45.64861,13.78,,1935,1935
583ca5a5-0e5d-419b-9483-61cea5aedad1,140605,43.5484540192,13.6296980888,,2021,2021-08-30
584047da-2957-4b72-94cd-6c1fc92fa46e,140605,42.72938396,16.03558559,,2008,2008
584845eb-ed38-4809-b12c-401076e95c93,210788,13.5257910458,120.9786988074,,2022,2022-06-30
584e60d3-4037-4206-984d-6f8d86b6b0b8,535784,-34.4199981689,24.4699993134,356,1993,1993-05-05
585479f7-c281-4c2f-904c-9c161424ae20,140605,34.9000015259,13.3669996262,126,2000,2000-05-16
58589eaf-e96a-46a9-88e5-882405b7c131,527142,-49.09775,-60.7636666666667,,2023,2023-02-06
585c9df3-460f-42f6-9e04-35f880b5a4e1,342036,-32.7156587911,152.1484677623,,2023,2023-10-14
586140ea-325e-424d-ad7d-b039368ed204,140605,36.7451476372,-3.6565640308,,2024,2024-07-17
5867211f-0209-4d6f-ac18-f68592b17b61,342305,54.059143,-166.243957,135,2010,2010-09-14
586eece3-32f6-4708-b1f5-8caa38411ddb,210788,-22.3119743526,166.4345963541,,2026,2026-01-31
5876fd0b-0eb5-49e5-9258-5f0c9f80f488,342023,32.8571857587,-117.2616623661,,2024,2024-06-08
587f086e-535f-4808-88ba-4bb8e83d4fd9,140605,41.3600006103516,2.50999999046326,,1964,1964
58844888-fa59-4c0d-ad17-ca4a581cf960,534099,1.4543544883,125.2404622131,,2024,2024-04-01
58886ad4-a5cb-432c-a30e-149019012f8c,141962,15.5167,-18.0833,100,1930,1930-03-13
588fcf7f-6eb7-4f5d-8e97-08e0ee896386,342305,49.2231498265,-123.9416478441,,2020,2020-12-04
5896b731-0486-4d09-bf33-c9702bb03580,140605,42.3942979594,3.155311045,,2025,2025-09-26
589e8f7f-c75b-4ed3-9394-9d77ed883c72,140600,56.0606,2.4413,38,2016,2016-09-07
58a57760-3a0d-4355-ba07-a196762efca0,140605,-34.4525533333,20.6243966667,,2026,2026-01-31
58b26d9a-ad33-4e7b-b3c6-55f0bd5bc0f1,140596,45.545,-55.3883,110,1985,1985-06-06
58bb0ff8-1c06-4e5c-ac8d-a1f3ec3bfc8b,210788,-20.2872597678,57.3584676592,,2026,2026-01-31
58bf6493-23ca-41b7-a532-015e49c6e49a,1805270,11.3330001831,166.932998657,,1946,1946-06-18
58c5b13d-b5cf-4ce6-98e4-af713f4bbbaf,342381,-45.117333,171.683,137,2018,2018-05-29
58cb8497-d7da-413c-af3c-8f1f4b0f47e5,342036,-32.7143068587,152.151571624,,2024,2024-09-09
58d30dd7-f25a-48f2-8a53-238eac7c1af5,341951,33,-117,,1946,1946-11-09
58d73c3d-b793-4cca-b716-0195104bfc7f,342023,36.9553533333,-121.972,,2024,2024-11-15
58dd508c-9998-473b-9356-58312becb2fa,342023,32.8569099372,-117.2619150669,,2020,2020-11-18
58e77664-8577-44ee-bb3d-cbb91643ebc7,140605,50.1464346078,-5.0506733698,,2026,2026-05-09
58ed518a-3d34-4254-b3de-153f420aec76,457762,18.3339964568,-64.7309848322,,2024,2024-05-26
58fa12a8-7fde-4d76-91d6-8029756f88a0,342036,-33.8259609233,151.252746284,,2020,2020-06-25
590213d4-f561-46a1-a2f7-eab68675f30e,210788,-23.0753489427,113.9251784113,,2019,2019-08-29
5905e535-350c-49c9-b30b-0ac872541c69,140600,52.2692,-13.6645,197,2012,2012-09-10
59092241-1422-4b04-8c18-3cd3c76a95d1,140600,43.36,15.77,154,1968,1968-02-04
59108fec-5f3b-4fd8-9251-7b0f4ef147e6,141694,-34.195,172.1017,0,1911,1911-08-25
5915dd89-ce5a-4d2a-a4d9-64fe2dc8831d,527142,-49.5398333333333,-59.6775833333333,300,2010,2010-11-01
591b2cad-50b9-4127-bb9a-b23843342121,341952,32.8078012757,-117.2664919803,,2024,2024-02-09
5920713f-fe16-4cda-83c8-930639961435,342226,-42.7708333,177.5166667,766.5,2010,2010-01-02
592422a4-ffb1-454d-aef8-813f74c52cac,342036,-35.0380518405,150.6709506735,,2024,2024-02-14
592c3bee-86a0-4408-8913-53d84ae44eb6,534126,28.1631345426,-16.4285949245,,2026,2026-01-15
593107c9-3e76-4dbf-8da8-3885067d4c7f,157011,56.5777778,-58.3936111111,,2023,2023-05-31
5938e46d-3260-4221-bd70-a5083347d0bb,140600,52.4535,-13.6672,167,2008,2008-09-21
593e4a69-46e0-4e3e-bfe3-cea597f2f233,342212,67.8,-62.783,766,2010,2010-10-30
59454c80-a3a8-4216-b145-c34f8940374d,342036,-33.9256859,151.2593896,,2025,2025-03-29
59494ff9-d5b0-40af-a4d6-f49784093785,140598,40.89,1.48,528,2001,2001-06-04
59502137-f56b-4520-975a-467bf9864e55,342036,-36.6891869332,174.7538848221,,2026,2026-06-14
5954ecce-d67c-47b9-a813-02287b7dc1ba,457617,-19.8600006104,-174.419326782,1.1,1993,1993-07-02
595d0466-2bf4-47c4-82b8-c9e85ab239b6,140600,58.86584,-3.198502,11.5,2017,2017-10-15
5962fdae-6b84-4e47-8db3-5ba7baec9e60,420653,28.9192232407,-13.6726201313,,2023,2023-12-27
596c5f6c-9578-4e67-82aa-e7f52826cee4,138803,-34.06541,22.91531,,2014,2014-08-13
596e5d77-c0ef-4b12-b46b-9901129a1582,1805270,43.2110336477,5.3526449018,,2026,2026-02-09
59725084-4f8e-41e8-8ba6-c4a53e3cb547,1805270,43.3349022624,5.0298304618,,2023,2023-06-14
59784ec8-7a0a-47fb-8a20-5deb17b2a64a,140600,53.5352,-11.6402,108,2015,2015-09-16
597bc784-8511-4ecb-b34f-a9a32b971533,527153,34.8222198486,138.670837402,920,1906,1906-10-12
59818fa0-2dd5-4515-afdf-93809a466097,1805272,21.2885282583,-157.8640928002,,2022,2022-10-26
5989a96f-9f47-4661-8873-b33ba694870e,140605,42.1605,-69.34683,195.5,2002,2002-04-16
598c9191-ee4b-41fe-bb5f-003125d3393e,535623,-10.53,143.23,,2005,2005-03-26
59a16152-f912-46d8-8b3b-35c09cb6ea11,210788,-22.2972144,166.2935267,,2023,2023-12-16
59a5f56a-ebcf-4179-9e92-12da3ef9fbfb,1765489,-40.97,143.817,555,1985,1985-01-26
59ab8af9-0ffa-434c-86ba-bdac7941e1f9,1043781,52.683,-130.6236,138.4,2015,2015-07-24
59b40dc4-c9ff-48a2-8501-dd0525af5c14,1043781,49.30442,-123.25152,,2011,2011-06-10
59bc7668-739f-4c83-b3d7-dca9edb2acc6,140605,28.0434299595,-16.5984314231,,2024,2024-07-25
59c17f7d-42a5-4b68-8af2-faeda759e30c,140605,37.0332383635,25.2552334964,,2023,2023-08-11
59c7c728-7ce7-4a04-b35a-868e28fbe4c4,1561957,-35.0567200271,117.9255496838,,2022,2022-12-28
59cc2f9e-90a2-43a8-b605-48db04715f96,153122,53.089,-36.719,1396,2004,2004-06-18
59d0c8da-340f-4e67-9383-9080b0f38544,342270,-20.3009704,118.6164399,,2024,2024-03-14
59d668d5-7d8d-4bc2-8ef2-af31fa5e8095,527142,-52.6831666666667,-60.8988333333333,,2023,2023-02-22
59e01523-3e13-4411-9ebb-f742c28d1ce4,140600,50.894,-7.7705,100,2018,2018-12-11
59e3ac58-3546-40f1-8351-62d639f6e07a,325326,-61.75,-58.03,276.1,2002,2002-2-13
59e6dfc3-5450-4a9f-9eae-cc2aa4299ade,140596,41.583333,-69.166667,163.5,1996,1996-10-02
59eacdd8-4a51-49e0-9761-edc6534352d1,527142,-52.87833335,-57.3950000166667,809,2011,2011-05-29
59f2725a-b8a8-421b-a990-7f6e1a5cf0b8,325333,-66.8916702271,76.2616653442,,1987,1987-02-27
59f67e37-8d20-41cb-bb52-f8215dfa3d97,210788,21.4796,-157.8246,,2017,2017-05-23
59f8fd1c-4bc1-484f-bee6-ff574aaeea49,140605,-34.2007386018,18.4569156235,,2024,2024-04-26
59fd862e-2bd5-406f-830a-744882da74e8,342305,54.07368,-166.20215,101,2011,2011-09-24
5a059de0-2a2b-457c-a10f-c1e71e6d0af7,239392,-54.26,-38.45,238,1994,1994-1-23
5a0a24a2-80a5-4c47-91bf-d85430057b64,342261,-60.9665298462,-55.1491699219,251,1996,1996-11-25
5a0dc0f2-4e81-4f72-935e-65ceceb454f8,140607,40.1012,3.6725,163,2003,2003-06-30
5a172f4c-aa82-4930-8d72-863cfae47d99,342023,33.8356809899,-118.3967746659,,2025,2025-10-02
5a206e2b-78f9-41b4-a5df-6e29e15d90dc,140605,39.9705,3.4299,133.9,2007,2007-03-26
5a2aa7ae-a0b3-4d26-8c8c-dec6f968cc1e,140600,53.5147,-4.055,20,2012,2012-09-21
5a2dbcf7-afd5-4dd7-b421-f9347a7564d8,527142,-53.12,-58.9858333333333,,2006,2006-07-12
5a337f6c-b3d9-4fe7-8e30-00d66ed6cb15,140605,38.8701868767,20.7485565517,,2022,2022-08-04
5a3640e4-0550-4237-9838-6eb460d03594,341952,32.7611776,-117.245933,,2024,2024-09-16
5a3bc60c-5af7-48ed-a2c7-11006fd18e39,341948,-29.383,153.39166,,1991,1991-02-14
5a40a297-0030-4247-9ff5-c899da30e648,140605,32.6197107615,34.9187541258,,2024,2024-05-10
5a4ab4d4-9d79-4ea4-8920-9126de9962da,342305,49.3012166667,-124.1692666667,,2025,2025-08-08
5a521883-153c-4f20-9b9a-2f2151ef4f6c,239392,-55.09,-35.7,121.5,1994,1994-1-18
5a58e618-8be4-4191-ab36-5a7c2646230b,140600,52.1365516717,-4.516495886,,2024,2024-12-24
5a635caf-e98c-4a67-aa03-537eb69fb0ff,140605,41.8883717947,3.1994917829,,2019,2019-02-16
5a695fb2-9101-4bef-baf2-d678c2171e2e,1805272,21.2887430206,-157.8617429192,,2024,2024-12-29
5a6f47f4-1b49-4127-ae17-c9d510f5f148,140605,40.7655725437,14.0078867175,,2020,2020-07-10
5a726899-13b7-4684-a8f2-6941016f6975,140600,50.394,-9.8165,117,2012,2012-12-05
5a7bd1b1-79fc-45ba-a81c-f0f2410af2f2,341781,41.201389,-49.1842,100,1982,1982-05-29
5a83c6fb-5b49-4fbe-be92-c3eb4c27bcb0,140605,38.4378677189,-9.0603239878,,2024,2024-03-16
5a89ed9c-3e46-43a5-a684-d7ed58662674,342010,-1.34421,-89.6682,,2005,2005-04-18
5a9565e4-5ebe-4fde-b338-76a86f1bf291,342307,-50.2503333333333,-62.64,148,2021,2021-02-13
5a985996-4126-4bd7-a4db-2c4e0c24f399,342212,68.638,-64.317,1154,2006,2006-10-31
5a9c10ce-afd5-4803-89d4-7e757a90006b,140600,52.0708,-14.4602,174,2017,2017-08-28
5aa2a331-b9cb-434b-9ad0-8dd5a0eb6038,140600,54.0558,-3.8863,26,2011,2011-09-25
5aa56a1f-3082-4d1b-a49d-e12bbc22540f,210788,-22.2962270068,166.4365675779,,2024,2024-01-18
5aac8659-ebf3-4e7e-8f14-a9840e1cba37,342023,54.42105,-130.55884,,2022,2022-09-20
5ab6d7ee-aafd-45c6-af0b-125ecbf27dc6,140605,40.7900009155273,0.439999997615814,,1964,1964
5ac0de57-4573-4a60-bad0-cd43d1cbc686,341952,32.7611776,-117.245933,,2023,2023-09-27
5ac44b93-31c9-4e12-8dbc-9878dcfea85d,140600,40.1558,4.1998,236,2006,2006-06-12
5aca8e44-b837-4221-a8e0-08af5caf3fed,140601,45.4,12.77,22,1988,1988-10-18
5acb904e-ab6d-4d5f-bce7-35cd4d763c19,341952,35.4484120997,-120.9096141997,,2025,2025-02-09
5ad27dc7-2fb7-4b46-ae5a-bceb5081ddf4,342305,54.084231,-166.206314,130,2011,2011-09-17
5ad784ff-561e-4a26-ad11-795f69bdf814,140600,53.6955,-11.369,220.5,2017,2017-11-14
5adb9165-9747-40d4-8ac1-f47eab024727,342023,36.9555083333,-121.9713222222,,2024,2024-12-14
5ae0e31d-4693-4fbd-8225-3d9543b69580,140605,36.66,-2.65,45.5,2008,2008-05-11
5ae25d3d-a571-46ce-9a68-7a3c130cd80c,342385,-46.8758716667,168.0596471667,,2019,2019-04-30
5aeb4576-0b9f-499a-9310-aaa9ac5c3bad,140601,43.36,16.22,58.4,1966,1966-10-10
5af0b1a6-f8be-4eee-ba33-b48f2449b07f,140600,56.007,-7.727,81,2016,2016-11-27
5af86dce-57af-4fe6-998e-35f074771749,140605,39.56,-0.03,76,2006,2006-06-09
5b00bc03-fa34-4fe3-b67b-07c24b938b6a,140605,36.7008866145,28.2272734782,,2021,2021-10-18
5b0419cc-211b-4a9c-8980-896be9033b4b,342036,-33.0861558863,151.6404611018,,2020,2020-04-29
5b0970d5-8358-4106-96cb-f73c92dc8ed2,140600,55.5854530079,-5.4278503054,,2021,2021-10-13
5b106710-2d4c-4431-b850-ce568b28ca81,342036,-35.243,174.11815,,2026,2026-06-14
5b160eb5-746e-4137-90bc-747d34cf9867,140606,41.95,3.52,451,1999,1999-05-26
5b1bc61a-af0e-4fcb-8f62-0fdb335ee1b2,210788,-17.354178,178.436852,,2010,2010-10-11
5b21b45e-6943-4ad8-b56b-be94bc03adbd,140605,34.4179992676,11.0360002518,27,2003,2003-05-17
5b246599-aaab-4e0d-88a5-ff425240344a,342010,-0.69066,-91.31796,,2009,2009-07-27
5b2e27af-d14c-40d7-a8f7-083516db2ad3,140605,43.1042934061,5.9672525424,,2026,2026-07-11
5b377548-1d0b-49be-a863-4b47850afc59,1805277,-9.99,142.62,,2004,2004-01-20
5b3d36c7-681b-4944-a23c-b74ff2090509,342036,-32.7143178214,152.1508579749,,2026,2026-04-25
5b41b13c-ead5-43c5-b24e-afb2472cb736,342305,54.078753,-166.221669,132,2010,2010-09-20
5b49834a-af3d-471a-a34e-cd9e666d7729,140600,50.3555,-10.56,162,2010,2010-11-20
5b537110-25bb-4204-b8fa-43df5985c47e,342036,-32.7,152.17,,1996,1996-07-23
5b599421-6f2b-496f-940a-315c3800d1d5,140605,42.471583014,-9.003787078,,2024,2024-08-24
5b5b5ad1-93f8-4a99-bbe0-7937c4832b38,342036,-36.02993007,174.5109505,,2019,2019-01-05
5b616bd6-22af-4893-8995-32a2466a2981,325329,-60.83833333,-55.70666667,297.5,1996,1996-11-23
5b694dd0-713d-4a30-9a3b-effbb0657dc5,325326,-61.82,-58.58,172.3,2006,2006-12-31
5b6cbe1b-eb17-437b-ad5d-94f9bea77c35,534733,36.67703333,126.1367361,,2013,2013-02-28
5b72aa20-1fe3-4962-a58c-bfc6fe3a2b3d,342036,-33.99182987,151.2299716,,2025,2025-03-08
5b7acdc4-94e0-441b-a804-df8532a6e4f4,140607,35.95,-3.12,395,2007,2007-05-23
5b808ab3-6eff-45aa-ba83-d4334a33555f,1043781,48.74202,-125.39625,,2024,2024-04-30
5b8597c8-8867-4487-97da-80d89b307781,342036,-33.992116,151.231191,,2008,2008-09-21
5b8dc8de-1865-4e44-ade7-526afba98a39,140605,38.6882331704,-9.3623226944,,2023,2023-11-24
5b9341fb-64aa-4b96-9b62-643a9f38d941,342305,48.4193087788,-123.2399802228,,2024,2024-02-12
5b98395f-5159-48e1-908b-1a5b244bf7a2,342023,28.0916690826,-114.667503357,,1952,1952-08-13
5b9eab27-be35-41d8-99cf-d9a66219e04a,341950,-34.0753221261,137.5426801435,,2023,2023-09-02
5ba30b20-7479-4d68-97e8-82078b4ba96a,140600,50.7422,-4.9592,30,2017,2017-03-08
5baab40f-3d16-464b-ad10-098d1d31b69d,342381,-43.0565,173.623,144,1998,1998-12-29
5bb13d0f-628d-4866-a7c3-6a99b930ce5e,140605,43.3308007912,5.236545452,,2020,2020-08-20
5bb411f3-50b3-4903-b0a4-562ba020342d,140600,54.38945,-5.573203,11.5,2018,2018-10-20
5bbd9780-7efc-49fd-a305-e218890ebee8,410340,32.1669998169,-63.7999992371,115,1967,1967-10-30
5bc4456e-1948-49aa-b018-c49506be5c6a,140600,58.66,-6.686,58,2021,2021-11-20
5bc6ea82-2a8d-4212-9743-e9c00dffc618,342381,-44.7707,171.3307,33.5,1999,1999-01-01
5bd3e523-8e18-443a-adf2-8670322ce625,342023,36.6261366667,-121.9404616667,,2026,2026-04-22
5be4ab55-5f34-437e-ad3b-47b1447db8f9,140600,42.17,3.2,48,2002,2002-06-09
5bebf0dc-1d39-48c4-85b4-6cbf0dbe826a,140600,53.5525,-13.8405,133,2012,2012-09-20
5bf4bafd-0fe5-4ad7-afd9-fb3be29ec1b7,342403,-8.1835692654,114.9148305836,,2015,2015-06-12
5bff8283-b430-41e2-acfb-e497a39ad9a7,140607,37.7,-0.32,259,2006,2006-05-18
5c041ccb-c22d-4a3e-857b-c116b07277bf,140600,53.7375,-10.8655,151.5,2014,2014-11-16
5c093ee0-7c18-4a38-8f03-22a4a2514689,140600,53.3905,-12.03,138,2016,2016-09-28
5c0c45c8-71dd-4291-b96c-913579e49220,157011,49.76483333,-59.7255,210,2020,2020-08-29
5c118e91-1855-4f0e-8e81-45fa392faf6f,140605,36.45,-4.84,77,2009,2009-04-10
5c14e3bf-5b59-4017-ba21-14a5bc3b99f7,342305,54.057011,-166.203552,90,2011,2011-09-16
5c21174d-647f-4395-8380-f1812e54c94d,140600,52.874,-11.0505,134.5,2011,2011-12-09
5c2a3972-232d-472a-8c1f-ee605d7cf021,140601,36.29,-5.05,366,1998,1998-05-05
5c327e10-3532-4d50-a810-eafc34c0319e,342036,-35.0257879727,173.9160052069,,2022,2022-01-22
5c3d9e8a-7d71-4576-b530-67b75c21c14c,325336,-61.0200004577637,-55.939998626709,274.6,2006,2006-12-25
5c425db2-e9ca-4e87-ab50-3b65dc6eda01,342305,54.073639,-166.209984,104,2010,2010-03-15
5c47d234-5438-4602-af4f-1862559266bc,342023,37.2475377785,-122.4194381852,,2021,2021-06-26
5c4d0c25-8186-4f8d-8e54-a73b67efc5c3,342272,1.3667,96.1083,2000,1929,1929-09-18
5c538089-54f9-4708-aee6-77ec8a1b40e5,342305,54.0787,-166.218838,123,2011,2011-10-09
5c5cf907-0d1d-47df-9e91-4e90c0a8de0c,342036,-34.40331,173.034982,,2016,2016-09-19
5c61c72a-dcd3-41d7-8ded-4ee7010fef1e,1043781,48.72263,-125.6698,,2013,2013-05-05
5c672d5b-8f3a-4c46-9ef2-8dc68adc07df,138849,7.2333,111.7167,1250,1929,1929-04-09
5c6e2fda-9be2-443f-9c29-34d4c7f21aa7,342036,-34.0795885393,151.1649421699,,2025,2025-10-27
5c72f90c-55f6-4f7d-8a68-23ac91a4c22f,140600,52.6437,-12.102,143.5,2017,2017-09-15
5c7782f5-efd3-4829-b458-0a75f9d238e3,342333,11.9511627507,121.9177666897,,2019,2019-04-19
5c7ceaef-e51b-4067-9b5d-c1de2d5f99e0,140605,27.87399608,-15.38187124,5,2015,2015-03
5c824b4f-4a14-4f90-9de6-4febb823aee9,342036,-33.0866798615,151.6409081381,,2025,2025-01-27
5c8b0625-b2c8-499d-a5ca-0a97572fa489,140600,52.6273,-12.7037,272.5,2013,2013-09-14
5c95e688-9ccc-490b-9db9-0c9b4ef73730,140605,34.7529983521,-76.4039993286,9,2010,2010-11-09
5c9bfaf8-66ba-4745-b50e-26562f0789a1,138803,-34.35242,19.0710611667,,2026,2026-03-27
5ca195b3-e9fc-4f96-ba5f-fd26c725d907,210788,-22.298412,166.43510325,,2025,2025-10-31
5ca9c2ac-c83e-4bf5-90eb-888cbbf35ad2,140605,34.3590011597,11.0509996414,40,2004,2004-09-21
5cb03676-d7c1-4966-95d8-75cef1ddb752,325329,-61.3400001525879,-55.4900016784668,151.3,2006,2006-12-19
5cb7fc72-6899-414b-9c88-9705c35286ac,1043781,48.822116,-123.076633,189,2018,2018-02-21
5cbffbfb-94e4-437b-acbb-a2001088c92e,138803,20.966999054,-158.550003052,122,1967,1967-07-25
5cc81c38-c545-4508-a33a-7e8965e3d044,457573,-8.2729844376,115.5933026491,,2023,2023-08-21
5cce6bab-6195-4f9a-813c-286638343702,140600,49.9578,-3.5702,38,2008,2008-03-23
5cd214d7-fef4-43be-8b52-3aecf847c73c,342212,67.451,-61.488,661,2010,2010-10-30
5cd57711-d33b-4274-bb9b-396f9c37a8be,342015,-42.952,147.384,,1938,1938-06-30
5cdbc468-cc3a-4b68-98d6-e1f90460c1fa,341985,26.12816667,-83.342,,2021,2021-10-24
5ce277af-b32b-4e18-91c1-2edecf156b0a,342036,-33.9256859,151.2593896,,2025,2025-12-07
5cec9a7a-dd7b-490b-b48d-2e01b34bd699,140605,28.1640384055,-16.4278447414,,2023,2023-10-28
5cf2dbb4-5025-4a2c-b7b5-15b41381c191,342015,-38.3656627595,144.8229983747,,2024,2024-11-30
5cf78a04-68a5-4507-9b42-1ba1bded357e,140605,39.6011851114,-9.0700993314,,2021,2021-09-09
5cfd31fa-4ef4-46b1-aa81-d97721d0bb11,140600,51.472,-10.8105,162,2016,2016-11-28
5d031352-9670-4d81-96fe-055cbed05202,341952,32.7609541269,-117.2466227926,,2022,2022-09-01
5d0616e1-f30d-4e76-8cff-281aee51405d,342381,-37.555333,176.664833,370,2018,2018-03-11
5d09d141-64f8-4121-875f-39cc56ced7c2,342036,-35.5437445133,150.3909495164,,2015,2015-02-21
5d0f864a-a35e-436d-97ce-a17eccafa51c,140605,37.3672546414,-8.8372866064,,2022,2022-08-14
5d1650dc-6f61-44d1-abbf-afb621b1b220,140605,27.175166,-84.212333,101.5,2010,2010-10-18
5d1bb3bc-6657-44e3-8690-d18cba4347a4,140605,27.87354677,-15.38142398,5,2016,2016-07
5d203b1b-e0d7-4209-a690-d8ddcedb317e,210788,-22.301210925,166.436522154,,2024,2024-01-05
5d27263e-eacb-478a-a18d-8bac645b89c6,140600,56.0218,-1.421,30.5,2000,2000-09-06
5d305597-ad59-47df-9cb4-a865193051f9,210788,-22.295,150.855,60,2003,2003-12-08
5d346886-5fb2-4308-ae9b-57e799f68c27,140600,50.319,-3.4068,28.5,2022,2022-03-08
5d366dcc-06f9-4059-a1e2-24e9c8c0d980,342023,47.264705,-122.7421583333,,2025,2025-05-27
5d3b9593-8a00-40ab-afdc-66f9b2611d4b,140600,56.0897,-8.3298,75,2012,2012-11-21
5d40f550-9ab2-44e5-bdd8-5cf58d666746,342023,37.5201833333,-122.51583,,2025,2025-12-04
5d4b27b3-e5c9-4c1e-91be-88217c581e14,342000,33.7167713375,-117.8812317197,,2026,2026-05-17
5d5600f4-e25f-4300-80a2-a35b271d95e2,534126,26.7828286457,-80.0411573938,,2026,2026-01-24
5d5c0ef1-6f42-4c9b-b824-648fcef3a76f,140600,49.9073,-5.6523,39.5,2018,2018-03-18
5d62d233-5d64-4fcb-a6bd-c1348dfc012a,210788,13.4752647047,144.7153283803,,2026,2026-06-20
5d6a4e11-3195-4605-bc4e-8aa1700bf77c,342023,37.5242303449,-122.517787416,,2026,2026-01-01
5d77ebb8-55ad-4087-a7cb-83a15dab437f,140605,43.8206420622,15.2500946447,,2024,2024-08-10
5d7be4a1-19f0-4a42-a904-f735ba6b3ebb,535784,-34.5167007446,23.7667007446,,1989,1989-05-17
5d836744-9f16-4b25-9363-15551983899f,342307,-52.9606666666667,-59.0443333333333,234,2020,2020-07-21
5d8b7545-711c-4c19-96d1-dac6d5e2dddb,140605,41.5212758024,2.463966023,,2024,2024-05-17
5d94f3ea-6921-4ef8-9f4a-0a48674d3f76,342381,-46.911333,168.121167,,2018,2018-11-16
5d9abbd9-6cae-4ae0-95ac-52114b70d8dd,342212,68.288,-63.126,1453,2008,2008-10-19
5da309a5-eee6-423f-8754-90d4f3b826da,140600,50.0615,-10.212,63,2015,2015-11-21
5dab2904-c11c-4695-8bb6-f1240cb49e56,535605,-42.9845034027,147.3262205863,,2026,2026-03-22
5db35dbf-2c08-4bfe-b15e-bd34da896fdb,140600,50.7422,-4.9592,30,2017,2017-03-08
5dbb3944-858f-48f4-b1b4-471e0408df6c,140605,37.7048393966,-25.4419555427,,2024,2024-02-19
5dc1b3cd-1049-4d2f-a656-62efeaafba1a,342381,-40.5767,171.265,,1983,1983-03-20
5dc3c045-06d9-44b4-ada8-c899d39d94c0,140600,60.25488,-1.141817,,1987,1987-08-19
5dcb0369-2c8a-4223-b014-b2f81fb61e45,342023,36.620345,-121.903535,,1952,1952-07
5dd35bca-edc5-41e2-94d0-a01535b67f14,140605,29.2192026951,-13.5283377484,,2024,2024-06-23
5dd74846-c92b-48ec-9956-7d2dd8c05eb0,140600,43.25,16.05,116,1970,1970-07-13
5dda15e6-702d-4acd-8917-a433245be6dd,342381,-36.265,174.798333,,1992,1992-01-01
5ddc38ee-394b-4b02-ad90-cd45833c9e71,341952,32.7670480944,-117.2445653984,,2023,2023-10-11
5de1e6c1-7525-434f-8426-ee7ae8107755,342305,54.054497,-166.259741,93,2010,2010-09-14
5ded50d8-6740-4d6b-acbf-298276acc310,140600,39.3139,2.7271,61,2004,2004-05-24
5df29cb3-dc1e-4e89-889b-fd893fffa226,1805270,41.9640187603,3.2292210388,,2019,2019-08-04
5df9dc2a-a87e-463a-9afb-03b63d0524a9,239392,-61.67,-58.86,388.6,2006,2006-12-31
5dfdfefb-cd4f-4a03-9f28-be10968e87e7,140600,52.4448,-12.0442,164,2016,2016-10-05
5e03f760-62ad-4771-b525-a3a566249eac,535623,-22.8811,151.207,,2005,2005-11-21
5e082a45-fddd-4637-b7ab-9da1eebda281,342305,54.065836,-166.236881,126,2011,2011-12-01
5e0cc52d-a570-4a5d-bcaf-b0025cc20460,140605,-34.3205879591,18.4613957213,,2025,2025-12-30
5e0ebbbc-67f5-47d0-9920-3898ecf3ce9a,342023,32.8571857587,-117.2616623661,,2026,2026-06-07
5e1561cc-924f-44c5-b471-8ef87b4d60aa,342305,54.065892,-166.238601,182,2009,2009-08-11
5e1b05b4-f3bb-4ad7-86cd-cbb59c27aeca,153122,43.683334,-58.65,0,1986,1986-08-30
5e20f9f6-3a85-4a1e-b215-a059e9969c4b,140605,27.8114848194,-15.7554430764,,2011,2011-05-03
5e25530c-9647-4dc8-b24c-d70afbc771cc,153122,42.81,-29.639,2085,2004,2004-07-08
5e2a108b-9bb4-475c-860f-3b65520cccff,457762,12.7077790528,-61.3290677021,,2026,2026-05-31
5e33086d-8a2c-4a78-aca9-d81a548138c6,140600,59.51553,-1.624791,17,2016,2016-09-14
5e39d178-ae7e-4c42-ac4e-7be1bc50a0b6,140601,39.4422,3.3807,67.1,2009,2009-04-14
5e4185d5-b834-449b-8757-bb1bb3b8fd81,1765489,-39.365,148.793,470,1984,1984-11-27
5e466962-b070-4f55-8be7-0d7be0eb797b,342384,-33,-71.6330032349,1,1983,1983-07-02
5e4bd8f4-e061-433d-92ea-456c2a5bb877,140607,21,-156.733001709,,1967,1967-11-14
5e4ee781-7f89-425a-8028-34991e34d18a,325327,-60.97,-55.91,211.7,2006,2006-12-23
5e58f6a3-31d3-4b6c-8ac5-9ee583a32ce8,140600,54.58207,-5.456016,27.8,2011,2011-07-27
5e5e6fbf-383e-4296-b991-652a54117d73,140598,37.71,-0.23,424,2003,2003-05-23
5e63762b-39cc-4889-b5da-c06b64544abb,239392,-60.89,-55.38,370.4,2002,2002-2-4
5e6e660f-7cc4-4834-9eb1-9d0bd08bac32,342023,47.4358312221,-123.1194534905,,2025,2025-11-09
5e7d0367-ca92-4926-b62a-c2ffb3a2f417,535605,-38.355954996,144.7865424046,,2024,2024-04-01
5e82aa05-8560-46a9-8920-5095098a959b,140605,-34.13535177,18.4448998861,,2026,2026-04-25
5e872ea8-012c-4dd3-a703-a25e2889477f,342212,68.039,-59.683,1161,2008,2008-10-09
5e8cbdb7-cc94-46bd-ad37-52439070e93b,210788,29.5292597289,34.9417971289,,2016,2016-06-07
5e940a45-c4ed-46e0-b29a-97796a190aae,140600,36.58,-4.46,82,2006,2006-05-05
5e9ba5a7-da90-40c2-b094-0f3084b7f518,342307,-52.92,-58.9966666666667,151,2020,2020-04-29
5ea3bcf8-4f5f-48dc-91ff-6d087b2f2054,325319,-61,-55.93,287.2,2002,2002-2-6
5ea87318-6f83-4870-a343-553e929d2d28,535605,-38.4754675357,145.0270480476,,2023,2023-01-26
5eacfaf5-e65a-45d4-8edd-44831b978985,342227,-50.2233333333333,-55.67166665,732,2011,2011-05-21
5eb386a0-c374-44db-b361-0ae0b40903df,535784,-33.5800018311,17.3700008392,320,2001,2001-10-13
5eb5b441-3d6c-4661-a705-7c7784b5fec8,342305,54.066068,-166.223851,102,2010,2010-01-03
5ebaea11-1738-4a09-98fa-5a07a7aa705e,140605,41.2046862614,19.5951080377,,2024,2024-10-17
5ec3cd18-06c6-40d0-9aef-77635ebc45bb,342036,-36.6903319453,174.7571684811,,2025,2025-11-08
5ec7f995-768b-4e89-b64a-47e0c8d04445,140600,51.6072,-4.3902,10,2015,2015-09-13
5ece44a3-9977-46e6-979f-38051bef1731,534099,13.7300339312,120.8839569993,,2023,2023-04-12
5ed818bd-6628-4e7b-a7c4-3334fc87e1b6,342305,54.052661,-166.238189,91,2011,2011-09-16
5edd5b24-4f77-48cc-a25a-625a6d23006a,140596,43.380165,-70.194753,100,2008,2008-05-01
5ee045b3-268c-4e57-bba6-f074daa9fc2b,210788,-16.7586912025,145.9705377694,,2023,2023-07-10
5ee93022-88a0-4605-ac2e-0c3fddddc74d,140605,26.15,-81.8,,1902,1902
5ef0a512-95e3-4eb5-94f8-e3726253773a,325325,-62.36,-55.32,310.3,2007,2007-1-5
5ef4d708-ea59-4a99-86ec-c2925a084b42,341786,27,-114,,1954,1954-07-25
5ef902cb-b5b0-4af5-a304-00da42a7000b,457762,19.7280774729,-79.8168489448,,2014,2014-07-05
5efed352-1988-4f13-bd95-326759af7d28,140596,42.1605,-69.346833,195.5,2002,2002-04-16
5f064c66-c472-4ab1-98b9-8427dc234baa,140605,32.8342823153,34.9752442986,,2019,2019-03-12
5f0c6ea6-3b09-455f-93ad-5957aa3d04d5,342023,47.3742534979,-122.4128536879,,2019,2019-11-09
5f168e0c-9c0a-4a17-a7cd-3a02a38ede36,210788,19.6704795,-156.0291508,,2023,2023-09-25
5f1fb3ab-823b-49c8-bb90-a0014896d83b,325324,-66.4800033569336,47.4500007629395,562,2001,2001-02-11
5f24049a-b9ee-4e3f-920c-9e7d95d63443,157011,49.01116667,-63.7545,338,2019,2019-09-02
5f28b2d2-4748-476e-b933-76bf58e91626,140605,41.75,3.34999990463257,,1969,1969
5f2c82b0-82d8-4cae-b010-40a51889acdf,342403,1.4885016006,125.2572800333,,2017,2017-07-12
5f35e0a8-b37e-4336-b2b3-9c918acaefc1,140600,53.002,-13.5938,99,2017,2017-09-02
5f3a010b-0a88-452f-885c-66b811f52a96,341952,34.4107283333,-119.6858533333,,2024,2024-10-11
5f4432f7-7ab1-4452-97b1-563081b28731,140600,49.4533,-8.0656,66.5,2018,2018-11-18
5f498784-1ef1-49e4-8285-b62ab5300c99,325332,-72.341796875,170.442993164062,203,2004,2004-02-13
5f4cfc0b-090f-41fb-b42c-99a0ede98868,140606,36.64,-2.43,325,2001,2001-05-19
5f553ed6-f2b9-4eba-b93f-0e7939a70298,140605,40.0365,3.4282,184,2002,2002-05-16
5f58d0df-3989-464d-bff4-60dbf8a0113b,140605,39.5904,3.4528,47,2005,2005-09-26
5f5d53e1-d273-4522-8532-d0ab44984bc1,341985,9.23193,-82.121172,,2017,2017-05-25
5f63a010-7831-4830-b86d-b39d1b20b89d,140600,48.7002,-5.7667,59.5,2021,2021-03-29
5f6aa1a8-b2bc-491a-b45a-779f81da05c5,342212,67.733,-62.175,1040,2010,2010-10-30
5f718a0b-a074-42c9-9c95-97fa8c9baf5e,342305,49.253951,-124.076771,,2020,2020-04-29
5f7454d8-19ee-47c6-97ca-859921feb2df,140598,39.5457,3.6467,651.8,2009,2009-07-29
5f786fb3-7c24-44b6-bcd0-1d0f5ea5e5c9,140606,40.07,3.46,415.7,2008,2008-06-14
5f802800-c345-4b63-9690-582ca585d4fb,140605,42.2497903,3.2285124,,2024,2024-12-04
5f86b00d-6066-4678-a00d-f9bda9a4456d,342023,37.5211683333,-122.516665,,2026,2026-01-31
5f8bc253-57d7-4708-9f6c-8118b74db674,724068,-31.5533,159.0367,0,1977,1977-05-28
5f90e10b-fbe4-4c43-9b75-09399287c2b3,342023,47.1655236642,-122.8080757402,,2026,2026-05-09
5f96f1ee-a027-4886-9408-6b2e6d14663c,210788,-22.2882921517,166.5762481442,,2022,2022-03-12
5f9e0003-b438-406f-b06f-50a9a2fc7891,341934,-22.955554,-42.099695,,1987,1987-08-04
5fa5baa1-a88a-4398-90f9-bf3774b07635,341781,31.7183303833,-29.7099990845,757.5,1981,1981-09-21
5fa90dd5-91f9-44e4-8da7-ac1417ef762f,239392,-71.535,-13.735,358,1996,1996-2-25
5faeca24-de80-429d-b141-b1a75c3bdfb8,140600,54.7905,-9.618,100.5,2019,2019-11-10
5fb0518f-be1e-47a5-b9e5-1c36284c1c1a,140605,41.771270058,3.0305691872,,2019,2019-03-01
5fb5ccde-6850-43d9-8225-c6a2d0ad99cf,210788,20.6912365784,-156.4453011287,,2026,2026-01-29
5fbcf78b-6acf-4ad3-865b-a1319203541b,342305,54.056772,-166.290254,101,2011,2011-02-20
5fc28ed1-5a0f-4d55-aadb-088fdb812d90,325329,-61.75,-58.03,276.1,2002,2002-2-13
5fc8bee1-fd08-4911-bb94-46e96da0061b,140600,52.78647,-4.543059,10.5,2005,2005-05-14
5fd14b4d-e9bb-4dd1-978c-21a0cf02d887,138849,-3.0917,99.25,267,1929,1929-10-24
5fd85acb-c245-4f96-b61b-72598d4a5e59,140600,56.89034,-2.208662,5.3,2009,2009-03-22
5fdb99bd-09ec-4ca6-9af4-4f926f0683ca,341781,38.7033,-28.66726,0,2023,2023-07-17
5fe2e28f-5b3a-4d29-b45c-ee9c951ea3d1,140601,39.261,3.1847,81.4,2006,2006-06-22
5feb1fd6-cfe9-408e-a85d-a668ab207462,457762,15.23836,-61.37112,,2025,2025-02-04
5ff55eef-7d18-4bdf-b9ef-6a86f2eeb670,140600,50.7147,-10.5062,79,2020,2020-11-23
5ff7e313-a00a-4cf7-9620-681a371ea2c0,341910,-24.9833,13.55,600,1981,1981-04-23
5ffe1d41-5c5a-4e5a-b99d-53b01889c368,341950,-35.0848,137.749,3.4,2015,2015-01-19
60013d82-13b6-4e49-9fec-d9ef05119974,527142,-52.1583333333333,-57.5866666666667,265,2015,2015-02-13
600a90fd-144b-4216-85c2-3f6c92b4458d,342307,-52.5566666666667,-58.6233333333333,134,2015,2015-02-15
6013fe21-606e-40f5-b27a-7cb3392792d9,140605,43.2139632204,5.3254275872,,2024,2024-04-26
6017ef48-ad25-44f4-824f-d4329506e8b9,138803,-34.452045,20.6252166667,,2021,2021-04-26
601b34ad-b22e-4941-88ab-0d0e17d55503,342212,70.724,-66.976,430,2006,2006-08-31
601edeac-0931-478e-a66d-6b4cfaa3017c,341954,24.62843,-82.872868,0.6,1967,1967-04-27
6023f7e8-61f1-42e7-adab-a0de2d31c543,342227,-52.03,-56.6516666333333,920,2011,2011-05-26
602cb560-eb5e-4018-b2e2-80bc452762aa,342333,13.727986544,120.8840394782,,2019,2019-05-25
602d8c9a-b04a-4b97-808b-9cca142d7a37,140600,50.5513,-5.3885,30,2010,2010-09-29
603013a5-7671-48dd-b4a3-15c5f11651eb,140605,41.2099990844727,2.05999994277954,,1964,1964
6035fc32-f45a-4dd7-b4ea-37a357fee42a,325336,-63.02,-61.145,365.5,2000,2000-4-30
603d34d3-188c-4213-b863-e73750b926ac,342400,29.6499996185,-80.1500015259,384,1967,1967-07-20
603fb8ee-d628-4756-b1f3-c324382d36fe,325324,-73,178,1310.5,2009,2009-01-09
6044d02c-2e5b-4461-936a-e644ab62a291,140605,-34.1865767327,22.1606070176,,2016,2016-03-01
604fecf9-d9fa-45ed-8605-5e4ce35b0588,140605,43.2616916069,5.2904853743,,2021,2021-09-16
605b8237-c725-4837-a3b0-963797b95ffb,342023,49.3890237347,-123.6822085915,,2023,2023-06-18
60637fa7-8eba-47c8-a4e3-767a29253551,341954,16.2805700988,-86.5796363437,,2026,2026-07-12
60678cd4-ab56-42e1-97ff-3d8e50a2a6f2,1043781,51.40348,-128.62881,,2006,2006-05-12
606b5d75-ab87-47d4-8cda-0ce4092368d4,210788,21.282158,-157.676693,,2015,2015-01-04
6075b09c-17bc-4c57-9538-b541e3020e19,410340,10.2333,-96.4667,,1905,1905-03-05
607aea30-46d0-4375-9e73-85888961f7c2,457762,32.3886458386,-64.6798131552,,2026,2026-07-01
60800052-02ca-47b7-90c5-416bb67a58da,342036,-33.8004710849,151.2742239069,,2022,2022-10-28
60855d41-4af1-4c17-8e22-cc1be89c8002,342032,-40.8309738322,-64.6996929434,,2020,2020-01-28
60889204-c640-4773-ac9d-2d26d9ae5355,342023,47.9494545,-122.3026457,,2021,2021-12-05
6095bdb5-6d0a-4087-a77a-61f437b04e93,140605,42.3300018310547,1.1599999666214,,1955,1955
609a9e42-ef39-43f6-94e9-7ae876363972,342381,-44.9477,171.2747,24.5,1998,1998-01-06
60a12845-5c72-4af8-b02b-b3031121ab0b,342023,48.80803,-125.44205,,2004,2004-05-05
60a88e06-2fe5-45dc-9365-5ef6d1cdc356,534733,36.48707778,126.194525,,2012,2012-08-08
60af77d0-8a41-4a12-bef2-5757d49a309f,342305,49.39737,-123.74931,,2018,2018-06-15
60b4bff0-327b-4449-b0ee-550cba341215,342305,39.58253,-123.78743,21.2,2023,2023-11-30
60ba6431-408f-426c-a520-4ab817880bdd,342045,-43.1613,146.9658,,1947,1947-02-17
60c2c5b9-3c9c-4a90-a89b-a79af119b2f8,325327,-60.86,-55.5,299.9,2006,2006-12-22
60c9e3b9-6552-41c4-bc52-e6790224d87a,342036,-33.0863676594,151.6400703928,,2022,2022-01-02
60d38aa9-f3cc-4e51-a3ef-16d31ad67702,534126,42.94415,4.63335,125.5,1987,1987-06-10
60d8baf0-3939-43fa-b99d-decd5cd0cc37,140600,50.0455,-4.8288,38.5,2017,2017-03-10
60e0f624-f5a5-455b-9cc3-952be8f71c20,341954,20.5524858256,-86.925616431,,2013,2013-06-12
60e34119-2e42-4a58-b088-9fd926d85b82,342036,-30.2812798609,153.1435755024,,2023,2023-05-23
60eacc62-87cb-4aa0-81d4-7df01f0d0990,138849,-2.25,98.925,200,1929,1929-09-11
60f078ed-3b5e-4b13-86da-69db042d844d,342036,-33.9256859,151.2593896,,2025,2025-06-30
60f66d81-c6ec-4415-a8d4-c2fd2d36c923,342023,31.7121516113,-116.7004209134,,2022,2022-01-10
60f85cad-e7ec-4888-8ae0-688f3bf5eb84,342023,36.9558966667,-121.9707633333,,2025,2025-01-12
610481e5-498a-48d7-9121-bef0826915b8,140605,26.4,-83.366667,55,1967,1967-02-16
610b2ff0-6956-4f40-bc48-51b1fe65ae82,342015,-37.7375,150.10917,138.5,1996,1996-12-07
61100174-d213-4cbb-aa33-e5425b092277,342385,-34.37,172.8,51,1997,1997-02-27
6117675f-e020-4cf5-86ec-6746ae646480,140605,36.005535,-5.607991,,2019,2019-02-28
611eebf4-98c8-4f02-a240-f29af5a710cf,140600,53.2425,-12.1435,277.5,2015,2015-11-17
6122b001-2fd1-46cb-bbf1-09be9aec69d2,140605,38.6946307064,13.1829392152,,2024,2024-06-25
612a75a4-2508-494a-b6ef-e6672b9c2aad,342305,59.4811483333,-151.5814316667,,2024,2024-05-10
612e0478-9376-40e5-b909-be3a32aede20,140605,38.5032390739,-0.1291999966,,2025,2025-07-12
61329649-1961-44e0-b440-e501b2c9906d,140605,39.84,0.72,96,2005,2005-05-25
61365ff8-b5f9-49dc-aa38-8f12df960bb4,140652,39.61733,-69.5175,2248.5,2008,2008-03-30
613c0982-7c60-4f12-99e7-7bfeaf2f36a1,325319,-62.45,-55.3,226.8,2007,2007-1-4
613ffe0e-eb4d-47fb-bae5-48a925f9ad6d,157011,57.1155,-59.200833,,2022,2022
6145e658-a3aa-41f6-ad6d-1ec3dba097eb,342023,48.8601585934,-125.1727417335,,2026,2026-06-09
614b421b-5791-46e5-9891-37b492e373d1,342036,-36.5084165127,174.7337595364,,2019,2019-03-22
6151b2fc-b06a-4911-8031-40312bdbba08,140600,52.99958,-4.542787,19,2017,2017-09-17
61560eb8-c31b-4971-bede-0a4eb43e6d24,342010,-0.69066,-91.31796,,2010,2010-02-25
615da182-37be-474c-8639-e698bf6e8607,342381,-40.47,172.9133,63,1983,1983-06-16
616591cd-122d-4fac-98ea-a31ce26c683a,210788,20.9266776758,-156.6965404394,,2018,2018-10-10
616c3f7f-0990-4a81-b800-f05641d64c0f,140605,43.2641192062,5.286708442,,2025,2025-04-27
6175f98d-0e82-4d7e-b529-236fa0736380,325319,-54.21,-37.87,116,1994,1994-1-22
617b8252-8bba-43e4-b480-ca5d6e207462,325324,-61.745,-59.275,592,1996,1996-12-6
6181fd26-a99e-4e9f-ac6a-731a22ed3436,325334,-62.45,-55.3,226.8,2007,2007-1-4
6187ca0b-a093-4fbb-8043-28ccb41e1a65,342023,32.8567974392,-117.2613175828,,2021,2021-03-01
618d7768-ac17-438d-b11c-48865393407b,341952,32.9186151847,-117.3735586783,,2025,2025-05-24
619447e3-ed9b-40aa-8618-fd1c0974c850,342305,48.4033533333,-123.3495366667,,2023,2023-02-22
61968206-d638-4652-a822-fa5128fa9abd,140600,57.866561506,-4.0070757642,,2023,2023-10-22
619f39b8-8f4c-4db8-8d5a-065cb500cbca,342015,-37.99583,144.71833,7,1990,1990-03-29
61a5bf7c-a65f-4061-a0d7-19b2ac30aa5a,342023,35.2898139722,-120.883666,,2023,2023-06-03
61aaf982-e33a-4ad8-814f-c04dc5b02d40,140600,49.7151,-10.5,70,2021,2021-11-18
61b306bc-0dbe-4dfb-bced-897db19cc330,342023,32.8566846418,-117.2620974501,,2019,2019-09-07
61bb66fe-b0c3-4f39-bb04-37a8a42d9a75,342381,-40.96,173.43,46.5,2009,2009-03-25
61bde132-f80e-4036-8a90-71cf6d0876fe,342036,-33.7379454663,151.2815326811,,2024,2024-11-04
61c3dfb3-e01b-4c99-857f-d612261bb191,210788,-21.0180648796,55.238279159,,2021,2021-01-03
61c9a92a-2d92-4400-8bb3-0213daeb5299,140600,40.02,0.88,91,2005,2005-05-25
61cfb803-5461-439d-96a8-4edda076e03b,342334,-35.08476,137.749808,,2024,2024-03-08
61d88478-499a-46b0-9c22-8a457d92834c,140605,-33.4300003052,17.4099998474,230,1987,1987-06-22
61dd8b8c-8514-4c22-90ae-d1a54a69cebd,140600,41.48,3.11,349,1996,1996-05-20
61e48b3a-04de-4979-a18e-145fc1f924d0,1043781,48.91812,-125.46643,,2013,2013-05-05
61ee26a5-6ac7-4805-92fc-97a5456765ee,342307,-52.8816666666667,-59.9633333333333,195,2012,2012-07-08
61f51e64-bdad-42e1-9acb-fe06def78702,535784,-34.4166984558,23.8999996185,,1995,1995-05-15
6201ce66-93a3-4eae-8413-1c2d889f9f83,140600,38.62,0.34,96,2002,2002-05-28
6204d3c0-1f1f-4e18-9bc9-080268d0e747,140605,40.7900009155273,0.439999997615814,,1963,1963
620e140f-5495-46af-b9b1-4870ac396e58,325319,-54.59,-35.24,230,1994,1994-1-14
62161911-0595-4b59-9802-183d5350f7fb,210788,-5.8397965175,39.3922557097,,2016,2016-08-25
621fd4be-dab9-4e2f-9620-03665fafb505,140600,50.0102,-6.3675,41.5,2016,2016-03-15
622c2e30-7a96-42eb-9473-094d80fb3cde,342222,40.3608169556,-125.212120056,1588.7,2000,2000-08-31
62314078-e07a-4af7-8cf6-0e181aeefe84,420653,6.78299999237,-55.6669998169,46,1957,1957-06-26
6238fb60-bb53-46c2-993d-0af5332a1437,342036,-35.0463445,150.6793451,,2026,2026-03-07
62400f2b-3021-46df-b048-160b24e6c6b9,342036,-33.9256858226,151.2593894452,,2025,2025-08-31
6242834e-2dcd-43f2-8b69-e3ceabea0f24,140600,52.10372,-4.982758,44,2003,2003-01-01
624a3e4e-bbdd-4c04-a80f-d0c058c754af,1765489,-42.68,148.418,451,1985,1985-02-11
6255590e-c1a0-45ba-8581-faec01dccd2f,325336,-61.29,-56.22,322.2,2002,2002-2-2
625bba2f-a463-4635-8579-e57c45659318,534733,34.84324444,127.3458361,,2011,2011-03-18
626076b7-b2b5-4e9a-8a02-296f99a10154,140605,42.2845487173,3.2982192614,,2026,2026-06-04
6268d64b-32a3-4961-b9f2-eb922a475b89,239392,-60.99,-55.19,232.8,2002,2002-1-29
626d3522-cb48-4955-8304-bcd75337fea3,140600,48.3867989,-4.8542666,,2018,2018-03-03
6271da01-8ed9-49cc-8a77-b6774529f0df,140600,49.6235,-7.299,62,2020,2020-12-02
6277faca-5de6-4a8f-b577-d4e0eb4e4025,140600,53.8423,-13.3333,178,2012,2012-09-19
627c376d-c611-4adc-9194-763b91c5ad57,140600,51.0542,-9.5057,60.5,2021,2021-04-01
628948d5-1004-4b8a-aca6-9773f69b51c3,140604,39.56,0.18,167,2002,2002-05-30
62912932-acf0-4671-a5f8-c1ee52fce5b0,140605,40.0091507525,23.5575088599,,2022,2022-07-28
629725cd-39b2-4e48-b3e8-141b8c8d6dae,534733,37.11979722,126.68115,,2012,2012-05-24
62a06be0-0f7f-4e55-9a42-66b5fd18647f,140605,38.418611,-9.183239,,2011,2011-08-19
62a4f1ac-539a-45f7-a73b-22af00f033a1,342333,-8.2759557,115.5941427,,2015,2015-08-05
62b00ce8-3482-4c74-b824-087d8e55b488,342305,48.4215505901,-123.4198793373,,2025,2025-02-11
62b77456-c508-4f7a-959a-a29fb153366a,140605,26.2,-83.25,54.8,1965,1965-06-28
62bb7fc2-bf76-4d7c-88fd-9ae4d1fe1d2a,157011,48.13233333,-60.26233333,458,2012,2012-08-13
62c17de3-2065-44b4-b602-1f2f8a48b187,140601,42.72938396,16.03558559,,2008,2008
62c51d03-4682-435b-b9e7-cf6252c618cc,342010,-0.04116,-91.52752,,2009,2009-07-28
62c91c5e-0600-4085-ad08-fc51714cc3da,534099,-8.437795,119.5770216667,,2014,2014-05-24
62cfe167-791a-4a6e-8d17-b5aea1c38b4c,140600,50.7295,-11.0335,256,2014,2014-11-21
62d26e03-b96f-4bc5-a692-eebd3c38b322,341948,-28.59166,153.583,,1991,1991-02-17
62d726f3-e619-4a11-879c-c5efb4ded625,140596,42.476833,-67.9905,198.5,2000,2000-04-21
62dc1ec5-2b38-46ce-95a9-35d0aed75880,342305,47.3741394704,-122.3269611127,,2024,2024-08-01
62e1f85a-0528-4216-ab32-be37e689c39b,140605,41.3600006103516,2.50999999046326,,1966,1966
62e5a221-12e6-4a06-aa6f-8838c094a2d7,342212,68.393,-60.061,1412,2012,2012-10-24
62edc6c3-8d3e-45ed-82aa-c2d56b68ac53,342305,53.971316,-131.082516,65,2013,2013-06-19
62f28029-fcc6-4cc9-bb1d-8f38257c58e1,140600,46.8889,-4.7754,74.5,2021,2021-10-24
62f8064c-af88-4fa7-8a7b-ea26eb8533a0,342023,49.3133733869,-124.2429767363,,2021,2021-03-03
62fcdc44-40b8-407f-aee6-bf7345f80a2c,140600,57.46,-8.8295,70,2013,2013-02-26
6302f248-8031-4357-9303-b3db11055e13,535605,-38.2955556,144.6044444,,2023,2023-04-11
63063744-88b9-4c44-8a0e-4722368d4d9c,140605,36.72,-2.57,89,2004,2004-05-10
630c9dbc-85db-4a10-aa76-af849a1f23bc,140604,38.58,0.49,391.8,2009,2009-04-24
63118223-62dc-452d-a73e-231b67d3f70f,342036,-32.7178666667,152.1407666667,,2008,2008-04-01
63160607-1d30-40eb-97e3-478e2ae00db7,140600,51.04,-4.6872,28.5,2004,2004-09-10
6319c40d-5bb5-4212-a830-2a1d7c7b1d2d,325324,-61.34,-55.16,346.4,2006,2006-12-19
631d488e-0514-4585-b41c-1405246dae19,140605,38.4333165844,-9.1124343127,,2026,2026-04-12
6324d4c9-0b18-4e2b-8983-87c63788d09a,342036,-33.0872349132,151.6663724172,,2024,2024-01-26
6327fc5e-631c-4902-b22f-18d2cc2f72c7,239392,-61.34,-55.16,346.4,2006,2006-12-19
632bd10d-aa76-4f31-87e7-c9104edc68e3,140605,42.4014633333,-8.80718,,2019,2019-07-18
632fcee8-47dd-4030-90d6-3ef8bef0c696,140605,36.58,-4.46,82,2006,2006-05-05
633994f0-b2a5-4c3d-908c-1efa0cc09fb7,342023,37.5206277778,-122.5169027778,,2013,2013-12-04
6343059c-1dfd-4e77-8e73-d28aac59ec46,140605,42.3894927299,3.1604931945,,2026,2026-01-15
6348e8cd-e8fd-4e62-ade1-d7179f282bf6,140600,53.5177,-12.4557,159,2016,2016-09-27
63501eaf-7335-44f9-bdce-e172c14517bb,342381,-43.1528,173.313,63,1992,1992-05-29
63594e11-2749-48ab-9e22-6968b3a0c844,140600,39.2515,2.4703,352,2002,2002-05-04
635eeeaf-20a6-4ed8-8acb-f1d168d4eb74,210788,-18.3948716667,178.0905916667,,2017,2017-05-11
63654920-4f77-4bc4-8cfd-1685cdff02f0,535605,-38.8273916667,143.58377,,2021,2021-04-15
636ad1ac-4af6-4956-8188-5a2b672b0da3,157011,49.50016667,-60.66733333,285,2019,2019-08-23
637cb1c9-aa5c-46d3-bdfd-f35b8b9d1dbb,342015,-37.27667,149.97,22,1993,1993-08-03
63811fcc-0f74-40af-991b-4a70088055d7,140600,48.7128,-9.1798,83.5,2019,2019-11-13
638533a8-6e0f-4743-9e51-4aafdadb6dd1,342023,32.8580905799,-117.2615181028,,2024,2024-10-20
63899c8e-93eb-4baa-a9f5-49b27e7986ec,341952,33.6025853111,-118.3591489106,,2026,2026-02-15
638e2986-6da2-48a6-939f-fd12a9dcf28d,342015,-38.3685906873,144.8213780661,,2023,2023-01-14
6394be08-56e0-48d3-a065-411a27ccbb08,342212,72.395,-71.917,1054,2010,2010-10-19
639ea56c-6023-4456-98c6-827a081fa74c,140605,59.5,-67.5,549,1969,1969-09-06
63a136c8-a62e-4ac9-a637-e0193aa2c091,342036,-34.0713145083,151.1406212407,,2018,2018-07-07
63a54146-3368-436e-84e0-97153f5859ab,140600,49.5495,-2.5168,28.5,2013,2013-02-24
63acbffc-691f-48b4-bce8-cec88ddc1c5c,140600,49.9578,-3.5702,38,2008,2008-03-23
63b6ce2e-a0bb-48dc-8956-a86d0c39ed0e,1805270,32.3644038184,-64.7127179063,,2016,2016-09-01
63bcf742-a86e-46a3-9b1b-df024b36363a,140601,37.92,-0.47,112,2005,2005-05-18
63c2e112-d9c6-40e9-a537-43f2e6d6b12e,210788,-17.4842345504,-149.8401902049,,2022,2022-07-10
63cb8502-6b7e-4860-afd5-7e5cdc478ac4,341985,28.560333,-84.679333,54.3,2013,2013-06-10
63d25d60-a5cc-401d-921c-00ee18eb5d1e,535784,-34.7999992371,23.7833003998,,2001,2001-09-16
63de91e5-9139-4885-a9c5-6f8704d1ed0c,534099,-3.7176350729,128.120414335,,2017,2017-03-14
63e19258-06c6-4003-9af1-669213f697a3,535605,-43.0079466667,147.32928,,2024,2024-08-09
63e73527-c11f-4801-91b4-f7dcfd87e316,140600,52.6522,-13.5073,153.5,2016,2016-10-04
63ec26ae-c7f6-4294-a972-186d4dec610d,140600,50.0102,-6.3675,41.5,2016,2016-03-15
63f0ece6-b00f-4e86-b990-43e7ad493f5a,239392,-61.09,-55.94,169,1996,1996-11-22
63f6a000-f6f0-4b13-a30c-a0c20f97ca51,535784,-32.4599990845,17.0100002289,323,2005,2005-02-01
6403e455-3fba-43f1-880d-a64d459c0ce8,341952,33.5134383333,-117.758225,,2024,2024-05-15
64087b47-e664-46b8-96ed-01ccc6104fcc,342381,-45.2827,171.341,99,2000,2000-12-15
640e7847-cac0-423c-a41b-ec9ae8e35dde,140605,28.1816144172,-16.8199506717,,2025,2025-11-22
6416f195-321d-4156-959e-34700a73e561,140605,42.376828,3.157747,,2022,2022-06-10
6419e3f0-44e4-4006-9d69-0cdfa921442b,341952,33.705019,-118.29396,,2014,2014-12-07
6422c7c8-45df-4d76-8021-6e9a53a2cf5d,342305,49.4068937543,-123.3817224659,,2026,2026-01-24
642b4870-d893-4843-bb3c-91b91b1d0f58,342305,49.5878329748,-123.2241493772,,2024,2024-11-09
642ff53e-fd2a-4982-8f7d-016af7b3abd7,140600,58.40535,-5.103349,19.6,2018,2018-09-23
6436e37c-8dfa-4ecb-a585-1e5ff34cdc5c,342305,36.72194444,129.7275278,,2017,2017-11-07
643f970f-0163-4064-af82-a27e93225c59,140605,43.1573874476,5.6195971882,,2026,2026-05-25
64468347-5159-4bca-ba24-be30545f2b3d,140601,33.7210006714,11.2589998245,,2000,2000-05-13
644a5b74-3063-4205-ab66-c6e7fd40d8a1,342305,48.4175,-123.41778,,1981,1981-01-04
644db710-d1a3-49cd-ae92-5d93bf784b0e,140605,42.72938396,16.03558559,,1990,1990
64513a17-31bd-4b8d-952d-463bada8cd1c,210788,1.5149819697,125.2734010465,,2025,2025-10-13
6455aff7-f86e-4e54-8613-0d95c256584f,210788,27.876218,34.319978,,2010,2010-08-20
645c6ee6-75c5-45b9-89fd-034c1280df8b,140600,50.352,-2.4599,27.5,2014,2014-02-16
6464e4c0-e22c-48e7-a978-269c7178d349,342036,-34.3039996514,150.9388503474,,2021,2021-08-11
6468a07d-8696-4c7b-903a-0e779c88c073,535605,-37.8243265402,147.9641987796,,2023,2023-04-28
646b81d4-3e30-45bf-8023-ed90d82ec74c,342036,-34.002797,151.227019,,2020,2020-02-29
64727675-aad9-40bc-85ad-4dbfa02fcf4f,342212,72.324,-72.38,945,2012,2012-09-29
647bc788-d309-4b3f-b40d-989e7a55aa4f,342305,49.4498977673,-123.2402248579,,2025,2025-02-28
6484ebbf-aa87-4fa2-a0d4-4800b83f5a36,457573,1.448396,125.223322,,2019,2019-01-14
649001c0-6ec8-4b8d-a785-b558dc3eaab3,342015,-43.1989,147.3842,,1937,1937-06-06
6496a953-ff86-4962-ae22-790aa80191a0,153060,-32.766667,16.6,754,2002,2002-02-04
649c8949-c305-4da0-8c6f-125ac496e533,457762,26.0355181,-80.1118421,,2026,2026-06-09
649eba85-4e96-4621-bb10-8c4b6c771a1f,1805270,43.6843021064,7.2381423461,,2020,2020-06-27
64a258cd-8e59-4318-80ec-2f62db10c241,1805274,-14.68227,145.46964,0,2009,2009-02-27
64ad81ff-fd14-4446-ab90-91ccd60bc274,140605,36.7466067359,-3.6574238108,,2022,2022-08-01
64b2b536-b684-4f51-8ef3-406035278ebc,325336,-61.82,-58.58,172.3,2006,2006-12-31
64b80420-144b-4750-b25b-c85d0cc6e268,341952,33.70658,-118.2861783333,,2025,2025-12-16
64c02060-e1a4-4f4e-be77-8df535165c1e,342381,-43.58333,169.38333,62.5,1970,1970-11-22
64c7aefc-53f2-4ea3-aac0-5fbf2a9c3d55,535623,1.4630139002,125.2375180104,,2016,2016-08-17
64cb659b-d079-4461-86ae-3b8dd40b3063,239392,-61.1,-55.89,133,2002,2002-2-6
64d23571-1a25-4656-a38f-d76965c1c7d6,140600,54.12768,-4.772661,,1998,1998-09-18
64db2ad7-55c7-4d0d-91f4-98c33f0095de,342036,-33.8001011825,151.2799138936,,2020,2020-04-28
64e486f9-54b2-437c-a64f-88852c124d75,140605,43.2140591514,5.3283989203,,2022,2022-07-03
64f02642-0881-4079-b553-66260fde9dfb,342222,42.3887786865,-127.485786438,2541.3,2000,2000-08-10
64f514eb-09b5-46ad-978c-1e4dab3eeb08,140605,39.0081369537,17.177575254,,2020,2020-08-18
64fb61ef-ea5b-4227-922b-8bee4f423124,140604,37.7,-0.32,261,2005,2005-05-17
64ff2ae8-f243-4de3-8f4d-1ba23b0083c6,140600,55.6056,0.2305,32.5,2022,2022-09-09
650428b2-d497-4c93-8bef-926df4ae961f,325325,-61.01,-55.85,168.7,2006,2006-12-23
6509e343-eddd-4ad8-851b-dca0e59be192,534099,1.4826333348,125.2519668313,,2025,2025-08-07
6510cae2-4ecc-480d-b229-86375dcf62fc,599403,-35.4544254502,174.7321220096,,2017,2017-12-11
651be7ad-6ca6-4514-9835-beda44f258d5,342023,47.3074209995,-122.5171503603,,2025,2025-06-25
65219e01-816a-48b1-82ac-3a8a915de938,140605,39.24,2.84,96.6,2008,2008-06-18
6525e0c0-770b-4379-b5ea-0c7a76cda72d,140598,36.48,-2.91,650,2001,2001-05-18
6532c260-f4fc-46a2-b855-cfeaa3f26e72,342305,54.043328,-166.225997,82,2010,2010-11-09
653bb046-6d27-4e4b-b940-47b5aa1de7a3,527127,-52.8305,-58.8305,162,2021,2021-09-06
654169ee-0739-4ac6-8bcb-652872e7434b,342036,-32.7135489378,152.1507555159,,2014,2014-07-31
65485023-9bd3-4066-b83d-967cb52c981d,1805270,29,34.6669998169,15,1967,1967-08-22
654f27aa-3ef5-49e4-96fc-149f57211f5f,141962,-3.75,56.55,200,1929,1929-12-12
65553fff-2d44-4d54-a608-7fa074012168,140600,50.06,-4.576,35.5,2016,2016-03-10
6558d467-b272-4b8d-8ad8-5021933161f3,210788,21.663419,-158.052181,,2012,2012-05-26
655c05ee-0fc8-479a-9158-82021f7564fb,140600,49.1171,-6.5147,57,2010,2010-03-17
655f5a4f-af2d-4769-aae7-3f390f6924b3,140605,36.5250015259,10.9420003891,48,2002,2002-10-02
65630c19-0947-4e15-9126-815335cf658d,1530663,-35.2216647321,174.2905452508,,2017,2017-02-18
6567ef6e-9acb-477a-b591-b202c56ed4ba,325336,-60.86333333,-55.48333333,284,1996,1996-11-24
656f2631-3856-4fb3-8537-2adf08d6c49e,140605,39.2279,3.1406,91,2004,2004-05-07
657acbed-799f-473c-b34d-cbc347089277,342036,-36.8946140936,149.9231618125,,2026,2026-03-18
658254a4-397b-40e6-8b62-c935d9b09003,535605,-41.34609498,174.775998,,2019,2019-01-12
65856caf-3702-45d9-ac94-4d4e8f9afd27,140605,26.91183333,-83.894,76.3,2020,2020-10-16
658a1808-e9f0-42b8-b643-05332eff59e9,342036,-33.0872942766,151.641471335,,2020,2020-06-19
658ca1be-b8ef-4807-af45-67a3e37403e3,140604,37.7,-0.32,259,2006,2006-05-18
659061f1-0a9b-4a78-90f0-40a2576dfa6f,140605,43.3285821078,5.1010367827,,2025,2025-06-21
65944a25-eee8-41b2-9f90-e17ae8f6f8a1,140605,34.0279998779,10.1719999313,11,2003,2003-04-30
659aa0a2-74be-4bde-9d66-fdccc657fce4,140600,55.8392,6.4275,21,2007,2007-08-24
65a6b1f6-da4b-4b46-80e7-4fda1aca471f,342381,-51.4033,173.8467,641.5,1979,1979-09-23
65aaf017-f0b3-46bc-84cb-2eb588371eb0,535623,-18.4626,147.07,,2003,2003-11-29
65ada177-f437-4092-95d5-f16dc6f50735,210788,7.77735,134.5677585,,2007,2007-03-27
65b20265-263a-4096-ab6c-a52c853490aa,342305,49.3719719633,-123.2929161821,,2020,2020-07-26
65be8cb3-4bf0-4ecf-bd2e-a4c9d4970e3b,140605,26.660333,-83.472,57.1,2017,2017-10-16
65c484cb-498c-4a9d-8834-f31d4a0b80aa,325319,-54.33,-38.26,235.5,2005,2005-1-16
65ca6fac-f875-4eac-829e-d4a07df84fb5,140605,43.3304223563,5.2421951436,,2023,2023-07-16
65d100fd-165a-468f-9c9c-f55b539cf404,140600,49.3853,-6.558,59.5,2007,2007-03-23
65d69b86-093b-4a0a-b5f4-f0739a92626c,140605,42.5802000713,8.7241765215,,2021,2021-08-26
65dbdd08-50c6-4484-bf62-4306a3686bbb,341952,32.7610992828,-117.2452467064,,2023,2023-08-05
65e65b53-85ef-4e03-9f53-5c2b8dba61e7,140605,33.5116691589,-77.3949966431,28,1981,1981-08-12
65ea9b72-6c3f-4d57-9ab1-3648954d5e1a,342305,51.334833,-130.0555,342.9,2017,2017-07-29
65f2a95e-cf2c-413f-b0f6-cad2f7ec6763,140600,53.4778,-12.6785,146,2021,2021-09-11
65fb3990-5e64-4c82-a211-056550138fc1,535784,-29.9167003632,15.1332998276,,1990,1990-01-24
66001a7a-fe42-472a-9108-88bd91b8e75d,140605,41.5212758024,2.463966023,,2025,2025-10-22
66099673-d394-462e-a6c0-7fe1e26984e3,140596,42.35,-68.933333,214.5,1996,1996-10-27
66162dbe-fbbb-4a79-a209-beb99a154d2d,140600,53.2408,-12.0342,123,2015,2015-09-19
66205ec1-a4c5-459e-b021-8ca4f967441b,342010,-1.2335656503,-90.359626978,,2025,2025-11-21
66249cff-6aa7-47d7-91dc-5a21ec75073b,140605,15.5,-61.3330001831,1,1964,1964-11-06
662d6999-4d84-4ce2-a271-ec6e44dcde7d,210788,-8.092070901,114.5241347328,,2023,2023-11-13
663201c8-8230-45b0-8852-9303517c0b54,140605,42.3903952992,3.1607862157,,2024,2024-09-21
663abb8f-363b-47e0-bc00-d24b82e8a108,457762,21.7842391517,-72.2099324787,,2019,2019-03-06
663f0c16-a6e8-44bd-beba-c3cae347a133,140600,50.0602,-10.2143,64.5,2018,2018-11-22
6641ea2e-e686-4d05-bd48-b887aac2b8e8,535784,-34.5099983215,22.3199996948,113,2006,2006-04-26
664848e4-2228-4ae0-ae41-da2d288c630f,140600,46.2204,-2.8141,55.5,2022,2022-10-30
664ade66-9a88-4c68-b7c0-9ec54822d36f,527142,-50.425,-57.9,155,2012,2012-04-19
6650ede9-4cf0-49c8-b407-f8b5e7fbbee3,342222,59.07312285,-147.0114707,1743.1,2023,2023-09-12
6656cba0-ea6c-4a04-a045-f2a8b4969657,140601,39.2998,2.7334,59.4,2004,2004-07-01
665b1530-c796-4f17-872e-6f80e61d5354,342381,-42.68,170.88,56.5,2013,2013-04-06
6665826c-6199-42e6-a24e-93b14d9fe148,140600,52.8725,-12.282,319,2014,2014-11-18
666d62f6-fb90-4857-b87b-28e257916137,140605,27.87119469,-15.38506374,5,2015,2015-07
6676af52-e343-4787-81bf-f362ffe5ea3f,534733,34.64796944,128.5622389,,2015,2015-01-14
667b8222-d0a7-404f-872f-439c592ccf56,342305,34.6134033203,-120.78553772,143.4,2000,2000-05-24
668098ba-81be-4f54-b9fd-6f07ba6a4657,342305,47.6082796185,-122.3438347172,,2024,2024-06-24
6685b4f7-81dc-41a8-a628-34737f031783,342305,48.61694,-123.50194,,1981,1981-01-02
668ac1ce-4a36-4e90-bdd4-be650848ae5f,140607,39.3777,2.362,119,2004,2004-04-20
668ff5c3-3af2-4b02-8e55-c9d36fdb7ebb,140605,-28.117,32.567,,2016,2016-05-05
669372de-41d0-4581-97f4-18eb26ddcd9c,1561957,-32.0088223975,115.7492591095,,2022,2022-02-05
66991ee5-dd5c-4b0c-9d94-440945b86efc,325319,-61.16,-56,159.3,2006,2006-12-26
66a163b3-3f10-41ee-b1a2-2de9d531c7dc,140600,53.0323,-12.8623,190.5,2016,2016-09-29
66ab58dc-f441-4340-b5da-65aa3aae96a9,140600,51.7647,-11.231999,,2000,2000
66b009bc-2d08-40e3-ad78-24c2f67c6910,342010,-0.69066,-91.31796,,2005,2005-09-21
66b6ce68-cdc8-4b34-941d-6c7a5feb020a,341948,-41.33332,148.23333,,1979,1979-10-18
66b97e1a-d8a5-4c3b-a348-b5483973176d,140600,53.8633,-11.3822,130.5,2012,2012-09-17
66bf2cc6-8ee8-4349-ba8a-2a618fea8f1a,140600,52.9555,-9.9515,97,2016,2016-12-06
66c8edf0-d092-4b09-84ee-0dd7e6830aeb,342305,54.0446,-166.225362,86,2011,2011-09-24
66d2321c-98e3-4108-b548-106bccb9bcbf,341952,33.8348359062,-118.3996197128,,2025,2025-08-13
66d8ea77-9f8c-46a9-bb59-676b4c20c3aa,325324,-61,-55.88,188.9,2002,2002-2-8
66e0453f-a14a-4376-9ae3-ec2df418cbfd,140605,42.384122,3.160122,,2025,2025-09-27
66eb62a0-c03c-4219-a5c8-9858aa418742,342036,-33.9195090175,151.2636586963,,2019,2019-05-17
66f17aac-2f53-4e1d-afd5-b40bfc985fdf,342332,-33.0719549273,151.6417644015,,2022,2022-04-18
66fa7b26-1e2e-4241-a12f-09f4014b8729,239392,-53.45,-42.31,231.5,1994,1994-1-4
66fe887b-52e5-4216-9b77-671f5c99484c,140598,36.31,-4.49,786,1994,1994-05-31
67022198-a710-4b33-ae3f-a4246c7b999b,342023,36.7089157104,-122.054046631,433.7,2000,2000-10-16
67069762-7f55-4051-87db-ddf5710bf48c,140605,38.434602388,-9.0626194036,,2026,2026-06-27
6710f365-1ec0-492c-818a-02e40be4ef14,157011,48.4735,-62.09966667,415,2019,2019-09-03
671559b4-ba63-4505-8762-a392282d39db,534443,33.8060879389,130.451523204,,2018,2018-08-20
6719bb0c-bd23-41bc-bf86-71523e863d90,342023,35.5404630052,-121.0933602539,,2024,2024-07-04
671f3307-b4f3-40ff-888a-350f0bc613a2,140604,38.11,-0.08,284.8,2008,2008-05-20
67265def-4cee-4452-b2fd-5819b6579388,140600,39.9208,3.4286,113,2004,2004-03-31
672d9997-108c-4351-901a-6734f32008ed,140605,42.385414,3.163047,,2025,2025-09-20
6739a847-13e1-4906-8fe8-ae3ac405dfcf,140605,-11.27508333,13.69916667,22,2010,2010-03-11
673cb88e-0bac-4189-8197-356b62370e3f,140598,36.46,-4.3,467,1996,1996-05-05
6741b6af-ca49-43c9-bae1-abdcb3065a42,342002,34.76666667,129,,2012,2012-04-30
67455f7a-53bc-4cda-a8bc-923ae6cc0b7a,140600,40.18,4.14,251.8,2007,2007-06-21
674c13d5-6ba5-45fe-b965-725d476d2178,342305,38.9547347,-123.740523,,2021,2021-01-10
6751a233-dfe7-4dfd-9d9d-7ff68fa5c1bb,342381,-49.32,172.4383,432.5,1983,1983-10-28
675918e0-f6d7-4e14-ad2f-f4c3d98cfde6,342334,-38.475733,145.028407,,2022,2022-06-22
675f17a1-c6b8-4527-aa8c-fa80ff602c05,1805270,20.4726075764,-86.9825579343,,2001,2001-03-06
6765adb6-5972-4f33-a725-c55ac8caddf9,239392,-53.59,-37.1,413,2005,2005-1-21
6768cce5-62ba-435f-8bb0-9cb2464d656f,342023,49.2324604722,-123.9634015456,,2022,2022-01-14
676d4688-1d51-4818-a8c0-203f3b199ccc,342023,37.88826,-122.698318,,2015,2015-06-05
6774235c-5f62-4471-a3de-8f0d194bead7,140600,54.10768,-4.874994,,1995,1995-06-19
67785e08-3ac2-47a9-ac0d-bbd5aac8e51f,342403,1.492160971,125.2587911028,,2020,2020-07-20
6781d48f-deae-4b8d-a2f0-e1bed4b8341f,341781,39.875683,-67.452517,1961,2004,2004-06-03
6787e179-96ae-4a83-a651-025360ed9f9e,325319,-54.3300018310547,-39.0400009155273,226,2005,2005-01-16
67912db3-c223-46f2-bbf7-3e01327fa6dc,535623,-23.14858,150.97725,,1969,1969-07-25
679a12b7-8b82-4e0f-a2cd-7b2cb5442472,140598,36.6,-3.72,521,2008,2008-05-09
67a4fa64-615d-41c8-a55a-ea5564468602,534099,-29.29166,153.40833,,1995,1995-06-06
67ab255e-bc06-481a-a977-060d6c9c1ff5,1813559,53.3386,-132.9836,659,2022,2022-08-22
67b2ce7a-426d-4bd4-b00a-12764ed1013c,141962,-3.08169996738,-13.2930502892,150,2009,2009-11-12
67bebc23-9825-4457-85e4-9dda5432a0ec,140652,34.3659515381,-119.949043274,380.4,2000,2000-05-27
67c3160a-5b13-473a-b084-6cb0392eaea3,325315,-71.9661667,-179.1616667,1339.5,2015,2015-02-17
67cb970e-6a5b-4699-b64e-d2abfda952d9,342381,-43.5238,169.5327,45,2005,2005-04-10
67d60620-f404-428e-8d49-dbefca1af58d,341781,38.3833,-28.6667,0,2022,2022-05-10
67e114d2-0412-444b-bafa-e356adc08468,140600,53.2112,-12.08,124.5,2021,2021-09-17
67e5c9c8-1185-4164-a564-9f29923f99bd,342381,-42.27,171.0767,,1982,1982-04-10
67ec2d78-bb83-4068-9bd7-885020db1a07,140600,56.7261,4.2455,25,2019,2019-08-28
67eee651-354a-43fa-8c06-babb98bb281c,210788,5.3580217613,162.9640519406,,2013,2013-06-19
67f46003-7b68-43ec-93f4-4b7b6c876ab7,342381,-36.7517,175.9967,111.5,1983,1983-02-12
67fa7552-0cee-418d-a572-1e214419af14,140605,-34.2077590852,18.462203519,,2021,2021-10-22
68005444-9127-4619-ba05-3f8ad819f4db,325331,-67.305,65.5633,,1982,1982-12-03
680658b6-c899-490e-9691-75dd19ba6a8b,140600,52.88654,-4.671782,8.4,2011,2011-04-30
680e10a5-78b0-4005-8d91-f75860367831,457573,1.4525883,125.2250546,,2023,2023-01-10
68183063-eae1-4d71-a15b-2acabe594e7d,140605,47.8019361571,-4.179488129,,2024,2024-07-13
6820f8f5-3211-40f6-a610-3060d74ce479,140596,67.12,-59.973,1049,2010,2010-11-01
6823cec7-9e0f-4da1-b049-683bde5a9d47,210788,19.6911264001,-156.0406325,,2023,2023-09-25
682cc4d0-6133-4cb0-b647-8d92af7ab76c,140596,41.773573,-68.611003,169,2008,2008-04-19
683117c9-2834-457f-a859-ea3a48a79b2e,342023,36.9489027778,-122.0618833333,,2024,2024-11-17
6839d36b-11e5-4b9a-ad90-eca37a8282ec,325335,-61.05,-55.91,168.5,2006,2006-12-27
6842facf-c3bb-4881-9586-b864c8581552,342222,40.3808784485,-125.659980774,30.2,2000,2000-08-29
684cad46-58ae-43bf-8676-989a3f9a6fec,140600,53.9075,-5.0652,37,2010,2010-09-24
684f951d-cbce-43ad-b268-65144949e963,140605,42.2422007864,3.2302670349,,2024,2024-12-07
68544ba9-9de1-402f-8f5e-2d30f2911b69,341781,37.9558,-25.5533,0,2024,2024-04-24
685753c5-7df8-4102-835a-b72e60b2a99b,457762,19.372448186,-81.2722594761,,2020,2020-03-05
685e97af-fa3e-4714-a69f-837611992f7f,342036,-35.0685266,150.675083,,2026,2026-03-05
686213b6-7f82-43c3-b530-5a9bc0a36a79,140601,39.1997,3.0442,56.5,2004,2004-08-02
6868fd6e-d155-49bf-98aa-84c5c248c449,215276,-27.554434846,32.6749870554,,2023,2023-09-27
686e2090-18e5-4273-b786-874ac507cfca,157011,43.628333,-51.9467,134.5,1973,1973-06-03
68746018-4d53-40a8-9662-9d43b55ae4ff,325319,-53.6699981689453,-37.5800018310547,221,2005,2005-01-13
687bb248-42f5-4942-9458-72fe4b87a51e,140596,43.905777,-67.32753,215.5,2005,2005-04-15
68842186-d052-4332-8500-427a3c1aaf86,141694,32.466999054,-64.0500030518,,1971,1971-08-26
68865320-cf65-4b88-a904-e3b3b742f836,140600,50.55419,-0.1774,,2007,2007-08-28
6889523b-538f-4f00-8dd8-611bab706985,140600,39.8845,3.8733,78,2003,2003-07-04
688d024a-2343-44e4-b2b1-89730a6e40a3,342403,1.4890565375,125.2381450097,,2023,2023-09-08
689aff58-c54b-419c-b730-060dd3207a54,534733,37.54739722,126.3689917,,2011,2011-11-30
68a19c98-729f-4a71-8931-3b5fce5b89ec,140600,49.64848,-3.727329,78,2002,2002-01-01
68a54ae6-b5f8-4017-a0a5-92816bcc51a8,140600,53.8547,-5.1582,33,2009,2009-09-23
68a91e24-c6cc-444c-9b58-c62f60167c4a,342036,-30.9385816636,153.1008845195,,2016,2016-12-28
68adf418-745d-4542-96b9-32becf9e3b08,342023,48.5526125,-123.5089896,,2024,2024-10-14
68b412ed-9cbf-41fd-aca3-fe0fede59fb2,409949,1.4594443335,125.2211891878,,2019,2019-11-05
68b93962-d0bb-4073-baa7-2c9a724ee9a8,342000,32.811564,-117.2661419,,2023,2023-05-20
68bd0863-9edb-416a-8f9b-1d5bad512d3a,457762,18.3272825307,-64.9669603631,,2025,2025-12-27
68c05cf7-7a48-4125-a578-58838f63ecf6,140605,39.4713,2.6605,41,2001,2001-09-19
68c573bb-3397-43d2-a28e-563d6d9d5930,325319,-54.19,-37.81,110.5,2006,2006-1-16
68cb4d1f-908d-4ba8-a727-988fd396c1b1,140600,52.9873,-13.3488,124.5,2010,2010-09-28
68ce64dd-fd17-4884-b2dc-9e0e4e4beb6e,535784,-34.5332984924,23.4666996002,,1986,1986-09-16
68d62781-3749-4cdb-8603-dcac007f2c82,140596,53.296667,-53.8667,232,1971,1971-10-28
68e23cc5-fb17-424d-a3e0-75c4f40bc11b,140601,34.1870002747,11.001999855,43,2003,2003-05-16
68e8acdb-bcd3-4854-aa80-7930b5dde137,140605,32.6502353003,-16.8027795432,,2025,2025-08-20
68ec120a-4e5a-4163-8bd4-acdde2c68c7e,341952,32.7467033333,-117.2551416667,,2026,2026-01-02
68f2b5d4-114d-4c5a-a84c-2c2d83a4498c,140600,52.3707,-13.8673,174,2013,2013-09-09
68fdc91f-6fc8-4568-942c-c2cb7fbbfefd,157011,49.29916667,-60.65283333,258,2015,2015-08-31
6902d560-22f4-4222-9be5-36ebbf680cd9,140605,42.72938396,16.03558559,,1971,1971
690c2c5b-2ca3-4436-b47e-af8b1307dbad,140605,28.8511416667,-13.7917805556,,2025,2025-07-09
6912f6b9-03bd-4bac-8559-c830e411f9ee,140605,43.3292207687,5.1004227201,,2024,2024-07-08
6918ca7e-dc5c-4553-bbae-a44080af8d71,239392,-61.2,-55.9,109,2006,2006-3-14
691e5928-30c2-4698-8638-99dc2f4450f0,342023,36.9490866667,-122.0616916667,,2024,2024-11-16
69242785-bf9a-4a24-9935-f86434ba2af0,342010,-0.77809,-89.5179,,2013,2013-02-15
692ea32d-f533-48eb-9a66-04a607112fcc,749548,26.7828854419,-80.0409832168,,2024,2024-06-23
69387eaa-6da0-4f84-aaf8-60791d840b20,325319,-53.93,-35.79,270,2006,2006-1-21
69428fab-3ddb-4542-b932-4ed9b0deea7f,342036,-33.0858386988,151.639694607,,2026,2026-04-13
69466d94-eeef-4527-ac04-054745e03228,140605,38.5642468113,-28.7752605275,,2023,2023-07-31
694d6a5d-4459-44f2-b0cc-a4cfaf2aa78e,1561957,-32.0972015236,115.755713099,,2022,2022-01-04
695b8e13-1271-4552-98b6-e5b6b552045b,457762,10.3205,-75.5806,9.5,2016,2016-04-05
6962fe77-2db4-4407-b045-28c3eedb1ae7,140600,50.6335,-7.612,109,2012,2012-11-24
6969a3d7-b90b-4cf8-b0ee-b95597aa0f60,140605,42.3300018310547,1.1599999666214,,1949,1949
6972be3f-d7e1-491e-8e96-21ea5c7341cd,140605,41.3600006103516,2.50999999046326,,1966,1966
6978afad-7d63-408e-b749-60bbc31bc555,140605,36.4777600283,23.0669948459,,2020,2020-07-25
697bc0e7-fa61-4802-a9bf-8088bc06f3f5,140600,58.8475,-4.7057,40,2012,2012-03-09
6984d487-a97e-48ac-a59d-db621adafd73,341954,16.3570747257,-86.4322156391,,2024,2024-08-15
698b018c-7e8f-4629-8817-3a8f43e8d853,210788,29.509818,34.92224,,2017,2017-04-22
6997454e-4ff4-40b9-a2fb-f9e33ee80cff,342000,33.7608399392,-118.4112863042,,2022,2022-05-29
699bee80-3547-4454-8435-aeb476c28d16,342023,36.949045,-122.061759,,2024,2024-11-15
69a25e45-04e1-4558-9322-2ec65fc4aa5b,342212,70.021,-64.941,1247,2008,2008-10-24
69ac3164-8922-44e9-8c77-b5a20f1aee4f,342305,54.042517,-166.224164,92,2009,2009-01-11
69b2c272-e475-4476-8771-ebd7b16e9329,210788,13.6595965364,144.8632645745,,2025,2025-07-23
69b8ff09-9cc9-4749-aa8e-00deb5b8b086,342036,-36.89479,149.923328,,2019,2019-02-12
69bfe11c-7340-4845-835f-1275828610cc,140605,43.188511,5.3850507116,,2024,2024-04-06
69c47d95-b1bb-459f-bd25-bb702829cb62,140600,57.5131,-6.714205,21.5,1988,1988-06-18
69c7e9d1-c9f8-453a-82ea-755d070cbe14,342305,54.070497,-166.232277,124,2011,2011-02-01
69cc0036-4e5d-48a0-a559-ac4387b03bd8,140600,54.2813,0.6026,32,2002,2002-08-21
69ce22f4-9493-448d-976b-2e6f0c9f7c78,140600,53.9233,-3.8543,23.5,2019,2019-09-16
69d4c2b8-6971-43b7-9cea-47e8e7be3d93,325319,-54.3400001525879,-38.6300010681152,221,2005,2005-01-16
69d72478-4467-4d9f-bf6e-fa1cad3dbd4b,140600,50.0455,-4.8288,38.5,2017,2017-03-10
69dd5169-1833-4a67-975c-8a92b533d4cd,1805275,-21.92622,114.1403278333,,2026,2026-05-19
69e2d1c8-34f2-4d3b-8678-32314d7b9975,342333,13.8221397843,120.9009157173,,2016,2016-05-17
69e6f99c-cabe-4673-85c8-a00da8b99839,140600,48.5052,-8.6105,92,2019,2019-04-04
69eb0d63-294b-49a0-b3f4-4409f4f77f7e,342023,37.0450706482,-122.2366256714,,2025,2025-07-15
69ef6394-4aa8-4115-9678-eccd07148f46,140605,37.91,-0.58,70,1994,1994-06-05
69f9894c-4f36-46e8-b2d4-7dd1bbd9e9cc,140605,36.46,-4.57,119,2002,2002-05-13
69fd7872-dafc-4fdd-b772-c56b155096f5,342036,-35.2438484589,150.5391725252,,2025,2025-06-21
6a020e0a-069a-41e8-8a53-8e9d056da031,342036,-34.739561,173.117792,,2018,2018-12-05
6a07e081-6aaa-46c0-8179-90aebbf685a2,535623,1.4790919978,125.2356724214,,2026,2026-05-01
6a0bc071-f535-4f93-b3e8-9d516e3195c2,342305,49.3715740628,-123.2923583114,,2025,2025-08-31
6a11c0d6-a30c-4056-aadc-6241113a69e3,140600,50.0102,-6.3675,41.5,2016,2016-03-15
6a14d543-476f-4d4b-8605-39517d9e466d,140600,50.7422,-4.9592,30,2017,2017-03-08
6a1b822d-e846-4305-9f65-d94bf3dd6b22,342403,1.4950604345,125.2617901347,,2013,2013-10-09
6a21d49d-7c32-43a3-abef-7939698e920f,341786,11.7749996185,-87.6916732788,,1949,1949-05-17
6a23cbf4-6be3-4e74-bca5-a95f8aa2dfb4,342334,-38.02,145.08,,1959,1959-03-18
6a2a4368-4475-443b-bfd0-588adddf2cc6,342227,-49.3241666666667,-59.9083333333333,,2007,2007-02-12
6a2e8b4b-977e-4232-99a1-8240314c4257,342015,-38.33282,144.94098,,2023,2023-02-27
6a375b0a-b65c-4645-8a1d-d4cedd8de151,140605,41.75,3.34999990463257,,1969,1969
6a3d53bd-5086-4e96-8738-1eed7e5e1db0,325315,-71.047,179.7953333,1217.5,2015,2015-02-16
6a43d46a-4fe3-4c89-bbd8-fe7afb37cb68,140605,38.6892297149,-9.3633244873,,2025,2025-04-12
6a49d3c6-8669-40c7-9329-d1ef04748bfd,342381,-51.31,166.6867,574,1983,1983-10-20
6a4d0df9-3723-4cc0-b23a-3c5bd92f7599,342036,-32.7131824812,152.1569617597,,2020,2020-11-17
6a56583b-47e1-4b37-b4ed-e69599f1f8fe,140600,50.0552,-2.0063,33,2020,2020-06-26
6a5a5896-23e8-41e4-8513-50571aecfd51,140604,40.77,1.25,113,1999,1999-05-22
6a6309a7-2654-4467-8588-2cc003a017b2,341952,34.074703258,-118.790564097,,2024,2024-08-25
6a66d166-7b38-48d6-9562-f8fe5233655b,341983,15.6637290879,-96.4948625118,,2022,2022-07-05
6a6e24ba-4489-4a0b-b783-34248d859e5a,1530663,-36,134,,1931,1931-07-04
6a75cf16-4583-4c32-9f52-68fd6a81bdc5,342023,41.5,-124.355883,91.4,1966,1966
6a7ecd36-1118-43eb-b166-d9130428b2e7,325336,-61.10166667,-55.98833333,215,1996,1996-11-21
6a87eafa-4faa-43fc-8b15-dae903457c6b,140601,35.6920013428,11.5830001831,80,2001,2001-03-09
6a925431-d7bc-430f-b031-4291d2b43255,140600,51.8553,-14.2208,179,2012,2012-09-24
6a9721a0-ed41-4328-b294-75bad618144e,527142,-52.9116666666667,-60.0733333333333,,2022,2022-04-17
6a9a7105-89ec-4609-ab85-95cc75ac11cc,140605,38.6886216667,-9.362145,,2025,2025-09-24
6a9fc526-18e3-4f0f-bda9-3e0d7aa3706b,341984,11.2123436221,-74.2340381071,,2026,2026-06-30
6aa4d0bd-e5e8-419d-a9fd-9ca8baaed95d,138849,24.8449993134,-29.9950008392,152.5,1983,1983-05-31
6ab01e6a-1a54-4ea1-8c01-1e072b81317b,140605,42.2503335469,3.1801419129,,2025,2025-09-27
6ab615a1-0ee3-4994-b6a3-3deed457ba64,342381,-44.3175,171.7205,42.5,2016,2016-05-15
6abf9839-e3b3-4c1b-8a9b-402935b4be4b,342305,35.89896944,129.5379694,,2012,2012-02-28
6ac623e9-8a08-483d-b0da-d75385bacfa2,341952,32.8716272571,-117.2532332354,,2026,2026-07-09
6aca0c5e-0204-4a83-936b-cfd9758f9eb5,140596,40.8330001831,-66.6330032349,458,1974,1974-07-19
6acd96ea-cf7a-4d7c-b646-4d04d4cdbc32,140605,43.0280801263,3.071751399,,2022,2022-07-15
6ad51732-3ef5-476f-92be-d27ac39f4c15,140605,43.2638452659,3.5020520481,,2025,2025-08-14
6adb828d-a19f-4403-bcc2-6b72e7155ea6,341952,32.7609587928,-117.2466045166,,2022,2022-09-16
6ae01f82-c20e-4585-a572-33de33e68dc9,342381,-37.1052,176.1612,220.5,2000,2000-02-16
6ae8bdce-2f4f-41fa-8286-4e21f15ba690,749548,26.7826657709,-80.0426191653,,2018,2018-04-21
6aec1d1b-4068-4cae-8f5f-5bbd1294364b,140605,39.3466,2.6961,58,2002,2002-05-03
6af4fea0-78fb-4452-bf60-4724d221463b,140600,49.1974,-4.1021,44.5,2011,2011-03-16
6afd2161-e563-403c-8fda-e14c633386a3,140605,39.89,0.88,144,2009,2009-04-29
6b005653-d04c-4312-abe5-e9bcebc10cee,527142,-49.49,-59.9666666666667,,2000,2000-07-29
6b05a65f-baa6-4a7e-958a-763552efc232,140605,43.6979321394,7.3161103204,,2023,2023-09-05
6b0aebc7-f8f0-450d-a063-d8a4305bf9ed,140610,-42.1448,145.2636,,2006,2006-12-02
6b16044d-7e95-45cd-83d5-62c2a7adf22a,342036,-34.0594466698,151.1592163475,,2020,2020-04-03
6b1a7044-476b-4224-aa1f-ef93c6c0063e,140605,28.9195277305,-13.6720991135,,2023,2023-09-15
6b1eaf13-43d2-45b7-9d89-87af8baf7e44,342036,-34.0691158377,151.1299677268,,2021,2021-01-26
6b26671b-c94a-4600-9d6c-14f10aee0ba5,341954,18.127204,-87.8240568,,2023,2023-04-04
6b29dd44-75f1-4f78-a4ed-e91f08706df6,140605,38.4352490563,-9.0616972868,,2024,2024-03-03
6b2f72e8-5731-4485-a615-c12f2ca0bd6e,342023,35.2899751,-120.8837918,,2025,2025-05-26
6b3338f0-74ab-40e3-8eaf-f6811534cdaf,140605,40.7900009155273,0.439999997615814,,1962,1962
6b384b0b-07f1-4d48-9ea4-72cdea34126a,140610,31.9169998169,-42.766998291,,1979,1979-04-26
6b3e6685-c970-4968-9e27-c52bc950eb73,140605,25.6755,-82.194,23,2014,2014-06-24
6b43ad59-caf5-48fe-adfb-7ea92b5b1bd3,140600,51.74592331991333,-5.29962451437834,,1960,1960-06-06
6b487e21-79f3-4bbb-9cdc-e5b6aca3cf7d,140605,28.0224106171,-16.6353736383,,2024,2024-10-22
6b4f2e09-77ef-46a7-a9c6-61f4929e9586,140600,52.1872,-4.750435,40.5,2004,2004-08-25
6b532332-9dc4-487f-839a-05aaa6128924,342036,-34.06910516,151.1297643,,2004,2004-04-22
6b57adf3-7718-41d6-9a3f-f85ad0ad5182,341937,-18.05,147.166,,1979,1979-02-27
6b5cb7fd-77ea-44d0-bc07-0237ba1c6835,140601,39.6092,3.6102,83.2,2009,2009-03-24
6b6064da-0af1-4462-86bb-a6dbe49c6e2d,140600,43.24,16.48,82.4,1966,1966-04-05
6b6b196f-06b2-4ac4-9d8e-e34be13a9798,342381,-37.8167,177.305,66,1983,1983-02-14
6b6eade8-049b-41e4-ac2b-d5342437037c,534099,1.4949627161,125.2411684021,,2019,2019-11-14
6b758889-f84d-457e-8aad-7c562f8fc1d9,342002,36.09294444,126.6075556,,2020,2020-06-24
6b7f913e-fad3-4633-a070-57c2e0d91d1c,140600,36.76,-2.27,58,2006,2006-05-11
6b855d4f-1e6f-4593-90f1-1b58ad183eac,325325,-62.59,-54.77,260.2,2007,2007-1-4
6b8fa389-9e23-467e-a8a5-a6bca99067c8,140600,53.0438,-14.3797,123,2017,2017-09-02
6b9891c1-12a6-4129-8955-cafe9ddbc442,534099,-10.54,143.86,,2004,2004-01-10
6b9d9764-767f-4bb4-9bb2-39d0c2e6312a,342036,-33.3898646118,151.4862557205,,2024,2024-10-13
6b9fdf35-6bf3-4a9d-8c74-952007701841,140600,37.54,-0.92,74,2006,2006-05-17
6baaae4f-d30e-4de3-9c59-111711023e34,1561957,-32.015075,115.50015,,2024,2024-10-27
6baf712c-4882-490d-ac3a-5483e34f7fbd,342305,49.3154480348,-124.2060933318,,2024,2024-09-24
6bb61b09-2c67-4b9f-a5ff-881b15b24b32,140605,36.7226188802,-2.1937842248,,2021,2021-06-16
6bbaf64b-18bf-463d-9479-1ca2fe42a35b,342334,-35.0837,137.749,2.1,2015,2015-01-22
6bbfec17-b8f1-46f2-9b06-d7df95647236,140600,52.5403,-5.4110599417,84.4,2013,2013-05-05
6bc79bda-196d-4fce-ac81-4ab6d133e8ca,210788,25.86883982,34.4200085474,,2008,2008-10-19
6bcec6ae-4e10-4906-a9ac-509e4f150aa1,325319,-61.02333333,-54.81333333,476.5,1996,1996-11-26
6bd55b60-8796-42dc-9c2c-a09ec46dade9,342385,-46.70555,167.9718167,42,2016,2016-02-08
6bdad419-231e-4f1a-91d0-aa1803521510,140600,50.0455,-4.8288,38.5,2017,2017-03-10
6be04c04-890f-4d07-8b12-22b4b9e9be04,140605,27.849166,-84.381666,76.8,2009,2009-10-14
6be485a4-ec00-47a8-b11b-bde46dcdb227,342305,54.047733,-166.235548,92,2009,2009-10-29
6be9ede1-ad8f-4f0f-853d-ce7415cf266b,342036,-33.0836370812,151.6471295674,,2018,2018-12-28
6befd298-7fd5-4231-9cc6-6f34c313db71,140605,36.3451126,25.4243944,,2021,2021-10-06
6bf60bb5-269b-4f78-9c1e-def7db2bc07e,325324,-72.0366973876953,173.248992919922,770,2004,2004-02-14
6bf994d5-caeb-45e1-bf7e-4fb5901c8229,140605,-12.26475,13.536,73,2009,2009-03-18
6bfed3ee-ff94-4405-87bd-4e4a323c6b05,140600,55.6495,3.3793,22,2018,2018-09-04
6c0396b8-cb4a-4bc8-980b-c11b4587f5e5,1765489,-33.57499,152.02499,,1979,1979-12-05
6c0aaafe-4881-4c95-afc2-58b2504831b8,140605,43.2009494048,5.3548755877,,2022,2022-10-02
6c100120-51d3-45ed-9a0f-206168d0f01f,140600,57.1848349239,-2.0735497372,,2026,2026-01-29
6c1db427-149d-4c4b-bf0d-feb047440e61,342015,-40.7298,148.545,56.8,1981,1981-02-07
6c232c3d-ae0c-47dd-931c-411335539b9b,342334,-35.0847195,138.4933466667,,2025,2025-07-01
6c28b4a7-2f8f-43e2-9e28-b1d6a77d41cd,325319,-62.45467,-55.30383,224,2007,2007-01-04
6c33e2ed-94b7-460b-99b2-43da7589016d,341952,32.7609122914,-117.2481140933,,2025,2025-08-09
6c39244a-eb6f-43a6-8482-b800d8c96f24,140605,40.7900009155273,0.439999997615814,,1962,1962
6c40934b-ebe0-4bea-924d-8eba1eb8c67f,140605,39.9565,3.7563,58,2006,2006-06-16
6c43dd5a-6e9f-48cd-952b-4ac25babc16b,1043781,49.24763,-123.30495,,2016,2016-06-12
6c49537f-4398-4211-a2e3-bbda486e0793,140605,42.3300018310547,1.1599999666214,,1954,1954
6c4c515e-33cc-4bff-b6cb-367d77c60a3d,535623,-20.0067,117.007,52,1983,1983-09-04
6c501ee8-e0f4-4a1d-a0a2-2c5c97d460aa,140600,45.7307,-1.9661,36.5,2018,2018-10-29
6c57fa6c-771d-46a3-8056-45a3e5fae6bd,140600,52.926,-13.4827,114.5,2012,2012-09-21
6c5c81a5-0350-47ca-855a-299abdcd93c3,342002,34.5715,127.0765,,2011,2011-11-24
6c5eb8d7-d044-4d13-8fdf-b70902344131,341952,32.7611776,-117.245933,,2024,2024-08-19
6c66c5eb-34ca-40cb-ba4d-8dfe6ae5a9e6,342334,-34.0752225926,137.5440693109,,2026,2026-01-23
6c6b47bc-dc9e-41de-bd50-03e692f28475,341952,33.7558400445,-118.1488102591,,2026,2026-02-08
6c715716-ab00-4f73-9b94-f6ca1c21afb5,140605,43.5484088252,4.0024976224,,2025,2025-10-17
6c7a408e-e8f7-46cd-8cf9-ecb8a37d92a9,239392,-53.74,-41.46,168.5,2006,2006-1-11
6c82f5c2-4fe3-42d4-ad1e-4a1a0a9768f4,140607,40.03,0.89,90,1995,1995-05-10
6c87af6d-1f70-45da-98fb-2274132c3826,535784,-35,22.2700004578,114,1993,1993-04-28
6c8a1f7b-b94d-410f-8833-956794a3ec43,140600,53.4737,-13.9918,121.5,2010,2010-09-19
6c8e65c2-67dd-45be-b8e9-468f322aa948,410340,30.4500007629,-66.1330032349,,1979,1979-04-15
6c941a80-ccb4-4532-8169-d936dbe0f303,342305,54.046239,-166.224592,88,2011,2011-09-17
6c9a932c-7728-41d4-889e-64fc1d819957,140598,36.34,-4.38,714,1997,1997-05-12
6c9d23a4-e81f-4d82-841d-b70be0a8f604,210788,25.3394669373,34.7385334958,,2022,2022-07-23
6c9fed8d-fa90-402f-af47-d8964eff9c77,138803,40.3714095884,17.7972393483,,2026,2026-06-30
6ca48d73-8b19-4582-8cca-8177cd29bc05,140600,40.64,1.39,370,1996,1996-05-16
6caa2355-2425-4188-895e-45cd99597d53,140600,50.0455,-4.8288,38.5,2017,2017-03-10
6caeb6e1-99d9-4561-9d1b-eb249a057bb0,140600,40.03,0.97,103,2006,2006-06-06
6cb1c214-3792-460d-8951-2dff3dc87dfb,325325,-77,-180,740,2014,2014-01-01
6cb545e7-5ed4-4b11-b04b-02e280be2132,140605,37.7196083056,-8.79232025,,2024,2024-10-20
6cbc5dd6-9b8d-4d80-a2ad-c9c367a5d1f1,140605,42.3680250663,10.8773230432,,2021,2021-06-13
6cbe3703-4359-4adb-9fe7-cf1a84c9b33c,342271,21.2918578707,-157.8594087212,,2025,2025-01-14
6cc8e303-6776-4449-8d9b-c9e8f1967368,342036,-37.6349331061,176.1736335859,,2021,2021-04-30
6ccb72b2-5a5f-4380-9d37-c63a8b3fd685,140605,43.3295890072,5.0501080602,,2024,2024-10-19
6cce35b8-68a2-4687-a47c-dc08fb3ae6c7,140596,41.776167,-66.738833,66,2004,2004-04-05
6cd1785c-a657-4ed9-85b5-bc78eab91a9a,342305,44.6756061386,-124.0780610249,,2012,2012-05-23
6cd5fd6d-ea23-4cce-8363-3d36dc475eab,140605,42.72938396,16.03558559,,1965,1965
6cd8b511-8823-49df-adb4-4476541e7cf1,1561957,-32.2559017713,115.7472306167,,2021,2021-02-13
6cddcd90-e57d-487e-9123-c3a11306f46f,210788,-8.588042,119.689102,,2016,2016-12-21
6ce3e4b1-fb42-41e8-9fa0-47c515e1b1fb,342305,41.047759,-124.1249785,,2025,2025-12-06
6ce746cc-17a1-4641-bc6f-7466ebd19b01,387695,-53.3983333333333,-59.4233333333333,1391,2007,2007-11-21
6cf027a2-59c4-4ca8-b08a-a108f038a70e,140605,42.2485808679,3.2288042383,,2025,2025-10-22
6cf66fca-18d1-4760-a484-2920890b4d47,325324,-61.09,-56.17,391.3,2006,2006-12-26
6cfa2517-73af-4ea6-8df6-d8697051edc9,457573,-8.275361818,115.5933389254,,2015,2015-11-10
6cfd8129-3e65-4943-89cb-64655d522ce6,342305,54.055665,-166.26716,95,2011,2011-03-01
6d043659-dafc-4565-af0d-591195481e24,140605,39.479135,-9.543514,,2013,2013-10-09
6d09bd39-6382-4c2d-b75b-60096015a95d,210788,13.5238695909,120.9851872425,,2024,2024-12-05
6d0d892e-6efa-45f0-9620-8f659df215da,341952,32.7674512916,-117.2443451887,,2023,2023-09-18
6d1303de-2e8a-4698-8386-764a50a687cd,341952,32.840605,-117.282255,,2025,2025-05-27
6d1912bf-c97a-4cdf-aaf2-bf0a833558da,239392,-53.72,-37.97,155,1990,1990-1-13
6d1bd24a-aa28-4946-b1a6-4515c9c5383a,140600,53.4638,-14.2423,170,2010,2010-09-19
6d218f91-b6b4-45f7-910a-363c406bcf23,140600,52.93818,-4.622463,24.2,2010,2010-05-17
6d265d16-edb0-4cf4-963a-87cd37f845cd,140600,55.63848,-1.622395,13.2,2011,2011-07-10
6d2d1b1d-8bb9-47e2-8563-b00404ed16dc,342036,-28.3619422533,153.5798770267,,2024,2024-08-03
6d363c98-acee-43ea-9ccd-4a78f27f558f,138803,-34.7897,20.0422028333,,2022,2022-03-19
6d3b555d-e484-49bb-bb43-badd38ab7ff1,342305,54.084081,-166.20756,132,2011,2011-09-24
6d42468c-0afa-47bd-96f3-3c724871ae55,140600,53.5142,-12.436,158,2021,2021-09-11
6d48b4f9-f69d-43d9-a181-179695a6e1eb,140596,71.11936,-163.80133,40.2,2015,2015-08-31
6d4f953c-4ec5-4976-aa32-7e6f796b8f15,325336,-61.02,-55.98,305.2,2002,2002-2-4
6d53f7ec-beaf-402f-add4-5e9738798b23,325319,-55.09,-35.7,121.5,1994,1994-1-18
6d5b4914-6240-4baf-8952-7e4d2388f45f,342305,48.61694,-123.50194,,1981,1981-01-09
6d644f1d-40a1-44e0-975b-0411563c70bb,342010,-0.3106180181,-91.6667947838,,2023,2023-08-23
6d68bc6c-5fed-45c5-a60f-5efe04acce48,342381,-43.5233,-174.8117,763.5,1986,1986-07-08
6d70ab82-5593-41c7-a0ea-d1e1c49d03e3,215276,-17.7670001984,176.199996948,,1962,1962-02-21
6d74cd79-de06-4721-b997-30517dfdf563,342305,36.58041667,129.4129583,,2014,2014-06-20
6d782718-f9fc-418d-88b3-af563035316c,140605,42.383922508,3.1603043899,,2024,2024-01-13
6d79f1e1-009b-42f0-b3a4-f4408b9e2a8e,342036,-33.9913172495,151.2307085842,,2023,2023-12-17
6d7c932c-cfb2-4254-ab0c-2192dbc752a0,342036,-35.6380883333,150.3033916667,,2021,2021-01-17
6d81adba-cd6f-45b4-af9d-9f85dca7e1a6,342305,48.5244333333,-124.4401861111,,2021,2021-04-17
6d881043-ad22-4350-8a61-8ab677dc57fa,342332,-33.99166,151.233,,2016,2016-05-16
6d8ed70c-5320-433a-a963-02869ffb9d7d,341952,32.8530887446,-117.2606687993,,2020,2020-12-13
6d9583f9-98af-42af-ac93-6e31cb8510af,342023,37.078875,-122.26779,,2024,2024-03-08
6d9c1ee2-c69e-413a-b478-844092b5710d,325329,-60.89,-55.38,370.4,2002,2002-2-4
6da3099e-6882-4081-bb1a-c151463ec174,342011,-17.48481,-149.91719,,2008,2008-10-14
6da51708-5e62-4f68-a429-5ea26a062d9b,210788,-0.47846,130.698938,,2023,2023-10-25
6dad04a2-53af-4c42-a562-128ba004f32c,210788,21.654267,-158.059342,,2013,2013-09-02
6db78534-4d6d-4d32-92d3-eb6271b5f1f5,341781,28.028167,-85.679833,700,1987,1987-04-24
6dbf7c7d-75b0-4cb2-9ac6-a5cab85aedde,1530663,-40.831642,174.945997,,2022,2022-11-26
6dc482ab-9f01-4c3b-a769-9669ec86b485,140600,49.1171,-6.5147,57,2010,2010-03-17
6dcd1e14-e7bb-47ee-93c9-83444c1b1833,342036,-33.8397515162,151.2532203705,,2023,2023-10-28
6dd3d4c4-6688-485b-9695-b9e28500a686,140605,41.7490349571,9.4054121065,,2011,2011-05-29
6dd74fcf-f275-4a7a-840d-987e4f24b48b,138803,34.9965242942,139.870043993,,2021,2021-01-31
6ddefbe4-6f74-4e61-b3da-d95deaa2379d,341952,32.7266399388,-117.2565380516,,2025,2025-05-29
6de31a4d-5362-4514-8ef9-2da7e820afb6,140605,42.387827863,3.1636613762,,2025,2025-09-15
6dee2b36-76a5-42d3-8879-2e3c2c324efb,210788,3.5936488167,72.7194922563,,2007,2007-04-04
6df5f5ae-b326-4e26-9988-c4fc5e5ae940,342023,47.26485,-122.742005,,2025,2025-04-28
6df7e007-b389-45ce-ac34-5e9447df2594,140605,38.5818574681,14.5276630135,,2010,2010-07-07
6e003a46-4093-45a8-827a-7b41cd5b97b0,140600,49.8695,-5.9012,40.5,2020,2020-06-19
6e066cd9-2d33-4559-9bcc-12898296c502,140605,38.53,0.01,71,2002,2002-06-13
6e0fa338-ddcf-4725-8d06-72109d2c4658,140600,39.3103,2.4887,173,2002,2002-05-03
6e158359-f24f-4581-afb8-608cad68a902,535623,-11.1226,143.47,,2004,2004-09-29
6e1b8f2c-d43b-4787-861d-a070f2705635,140600,40.33,0.81,76,2001,2001-06-11
6e2278d7-023d-4f73-b03b-021c51aab311,342305,34.6110229492,-120.788642883,181.8,2000,2000-05-24
6e2adce7-fd7f-4221-a193-2ab9bf3a16d4,210788,27.5168527587,33.8185646408,,2025,2025-10-08
6e2dac1e-a440-4fbc-85ab-7f2b9e03e469,210788,12.5757725146,122.2486333985,,2026,2026-03-11
6e30d2af-916c-460b-b342-b12af6564d60,140596,42.3170013428,-68.4670028687,191,1977,1977-11-29
6e32e73d-4ac6-4cc3-83dd-bb881a9f3e81,1805272,21.5964968846,-158.109715943,,2021,2021-11-10
6e366392-fa45-44ff-b609-83b5d533c2bb,210788,-27.9361681933,153.4262795003,,2026,2026-05-04
6e3bbeb1-4522-4e50-b8b4-8b3bd9abe59b,341952,32.8081966667,-117.268975,,2025,2025-12-20
6e3efb82-64a7-45cc-a082-f438167b03fd,342036,-33.0868752082,151.640898674,,2023,2023-12-30
6e44a042-9d86-4fed-a1fe-fdcd02b11c52,342023,36.9490092037,-122.0613813636,,2024,2024-11-16
6e4b4c05-7eec-414f-b789-8f5414e8d598,342222,36.5723724365,-122.579292297,3044.2,2000,2000-12-01
6e507e51-caca-4507-9e66-ba798988c821,342305,40.1039,-124.1103444444,,2024,2024-10-15
6e570f30-f6d6-46b1-99ff-ff9b71d09eaf,342212,70.083,-66.149,156,2008,2008-10-29
6e602b51-45bb-48ef-a871-51d91697e1b2,342023,37.2468,-122.4192583333,,2025,2025-02-27
6e625d2c-b8d0-42f7-82f0-2cc16911638b,534099,1.4616044012,125.2270930802,,2023,2023-09-06
6e6c4157-15ca-4dc5-a9d2-472467cc8968,342023,36.60958333,-121.8928167,,2019,2019-06-22
6e734050-d079-4ea2-9594-d7314eb2e736,140600,50.0995,-6.633,50,2023,2023-04-09
6e82698a-69f2-4fc8-8e1c-6e6dd6a10fdb,140606,41.96,3.48,302,1994,1994-06-18
6e89313b-dd20-4c2b-9299-633ef61f67b2,140600,51.6065,-11.11,185,2018,2018-11-22
6e8cafaf-321f-48be-8224-3bda4c847eaf,140605,39.3788950471,3.2646560669,,2015,2015-09-28
6e918281-466b-4a49-adae-ba699abfbda3,341953,-14.47503,145.53661,27,2009,2009-02-27
6e9e3fd2-abcd-43d3-a0d4-e00db8116ea0,457762,-5.6939381801,-35.1983053718,,2025,2025-08-23
6eacda22-1521-4091-9a7c-851dd974367b,535784,-35.4199981689,21.2600002289,125,1987,1987-09-29
6eb0a690-579b-459c-b2ab-28e5af553450,341983,23.3681016291,-109.4025421143,,2010,2010-10-21
6eb33ba8-6967-4d4b-882b-7219b7f65126,140605,28.0539437443,-16.7036206087,,2024,2024-10-24
6ebb07d4-6332-4111-8a68-8ccf06da935f,239392,-61.60833333,-58.73666667,568.5,1996,1996-12-6
6ec0910d-b69f-4da6-8ac9-b94f34692cf0,342015,-38.1933,149.283,221,1993,1993-08-06
6ec584e2-9369-4f7c-80e4-2e6a35d7ed6b,325336,-60.98,-55.14,299.3,2006,2006-12-21
6ecad6bc-7aa1-468b-9d39-61fcd7490465,527127,-51.22,-61.8866666666667,216,2021,2021-05-05
6ece959c-3417-48aa-ac22-70a7ec89905f,140600,54.000973,-4.900424,,1999,1999-04-29
6ed4c986-e5cd-477d-ac94-fffde7fc9362,535625,29,34.6669998169,,1965,1965-10-21
6ed92f16-45c6-47cf-8edf-a302e2428425,157011,47.78016667,-59.68066667,428,2018,2018-08-29
6ee109fb-bba5-4148-9f1a-17521c5d6aa5,138849,-1.1,62.4167,1250,1929,1929-12-09
6ee6da16-a9cf-45b9-bc89-3aa6d7f277bd,140605,42.2495962945,3.230059889,,2026,2026-07-17
6eef5ca0-4c41-4b1b-8c83-9db501d489c7,138849,53.9000015259,-131.770004272,450,1991,1991-03-23
6ef10b8a-6972-47ba-8146-b8e36b597c5b,140605,43.2020844362,5.4987661187,,2025,2025-09-27
6ef59ddb-b6bc-4901-8fa8-ab1611e16b67,140605,39.9659,3.4294,139,2004,2004-05-13
6efc42bb-dc8d-454f-b153-162237765f21,342334,-41.1524,146.1906,,1967,1967-12-01
6f0176ba-4a18-4c6d-b95c-dbf6b8012d54,341952,32.8463569146,-117.2800970198,,2022,2022-10-09
6f06160b-22aa-4f48-b6b9-988dd5ef79ff,140606,39.222,2.6738,153,2001,2001-04-09
6f115cb4-a256-4a34-bd90-a9318a251224,342381,-40.75,176.67,317.5,2015,2015-02-17
6f187db7-cbf9-44e2-b968-d726ebc7289f,140605,36.8053091691,21.8022674634,,2016,2016-08-10
6f1fc1f6-541e-4128-ba02-b495f6b404a7,140600,50.575,-5.919,42,2024,2024-03-05
6f22d435-4cd0-41ad-9bdb-ef00ae4d174a,140605,42.4603320592,3.1594595713,,2019,2019-09-29
6f29238a-62e2-4a28-92b5-e4c197f790a5,342036,-30.1458967109,153.2036444144,,2017,2017-01-08
6f2e2599-7e76-44e3-a50b-8e5478f03768,342036,-33.3890759152,151.4860642426,,2026,2026-01-06
6f35bb6f-b06a-4042-97e2-c67d74d874c3,534097,25.4941305618,56.3639753129,,2019,2019-01-04
6f3873f1-c314-484b-ac9d-ed283bf0558c,342307,-52.8,-59.21,116,2005,2005-02-10
6f414a83-d419-4574-a157-3852001d0b55,140605,42.5198349835,3.1121567739,,2025,2025-05-14
6f4a093b-80df-4172-bd23-0d2197c96a34,1043781,48.77368,-125.52955,,2019,2019-05-05
6f541cb9-d13e-401b-babb-48fe6bb93ab0,342309,9.33300018311,-79.9169998169,8.5,1967,1967-03-16
6f56815c-c483-4886-89c0-e4a2439b6576,140600,39.6669,2.4462,63,2006,2006-05-26
6f5a5826-4586-4dc6-93be-1bfb00291e8e,342305,57.0977116146,-135.4009300829,,2023,2023-09-23
6f650190-37d4-4aa9-961a-441c80347e6b,342036,-33.9256859,151.2593896,,2025,2025-12-07
6f697850-c6b9-4248-a6bf-84e1c5d8d4ab,341950,-35.7399542001,134.53125,,1990,1990-01-01
6f6f8a7e-0df5-4f76-b341-efa9c08ad7a5,342036,-33.9256858226,151.2593894452,,2025,2025-03-06
6f73b06b-99b5-4831-b37e-db57f6e51a52,1561957,-32.1055005466,115.7607433185,,2025,2025-02-15
6f7de1dc-8ff3-442b-b5cd-cf564f291697,342305,54.047056,-166.234823,82,2010,2010-12-09
6f87254b-b40d-41e4-b4d1-8cb36bed0d1b,341985,27.616667,-83.116667,18,1966,1966-03-03
6f8e4f9c-4691-451f-8df5-e1a12ffa4946,140596,42.060153,-67.854325,195.5,2001,2001-10-05
6f984c7e-88b7-46e0-b495-7ca5788ee6a6,342036,-36.4219261606,150.0820253065,,2024,2024-01-05
6f9ea84e-2d01-4018-8b16-8b8f2267c056,342305,47.7235611111,-122.6586527778,,2022,2022-05-14
6fa91d9b-1eab-4cff-b71a-9f6c6b808cf7,342023,36.9563916667,-121.9703533333,,2025,2025-01-11
6fb157dd-6754-467c-a0ae-961d7bec9b4d,342036,-32.7143178214,152.1508579749,,2023,2023-03-25
6fb86aed-5a7b-42be-bff0-b04c06e24eb1,239392,-53.35,-42.74,425,1994,1994-2-1
6fbddcf8-db47-405d-9741-33cd2cb1ec12,342384,-36.59576,-72.977565,,2025,2025-11-15
6fc1ba8b-7c30-499d-8f28-240c0e5093ee,325336,-60.93,-55.48,134.8,2006,2006-12-21
6fca95c6-eaee-4381-ad04-1cc367ff0572,140606,40.3,1.26,134,2000,2000-06-08
6fd16903-3570-47f8-bf04-b2f6068a1298,342305,38.872905,-123.6602866667,,2022,2022-05-26
6fdac9d6-e521-4d73-a67e-547401efac58,239392,-60.89666667,-55.61666667,132,1996,1996-12-9
6fe41332-e73b-4b99-8cb2-6bd56d0ea633,140600,39.2546,2.9351,69,2004,2004-10-19
6fe6f8c0-a36c-4c29-af22-3b640575a41f,140605,38.6872902426,-9.3605228448,,2024,2024-10-19
6fecf441-f4dd-404d-ab71-c773ca0c9ebb,535605,-35.9958388889,137.60945,,2026,2026-02-15
6ff2bc69-b129-4e49-94e4-1dc67636082c,341954,24.9281833333,-80.6261283333,,2022,2022-01-15
6ff89819-35d6-44b2-a1df-0c98a8d1c314,140605,43.780029375,7.6505023428,,2018,2018-07-11
6ffd2d5e-e972-40bc-bd68-78e96764e877,325325,-61.65,-57.81,361.5,2002,2002-2-13
700396be-13f0-4350-8915-b590f64630fa,140605,33.8969993591,-78.2129974365,7,1989,1989-10-18
7008894d-1787-4924-bc7f-3563f24918a0,140600,52.3135,-11.766,278,2018,2018-11-21
700d529a-a156-4f06-979a-9a255e0d9d7f,140598,51.3243,-14.3275,256.5,2013,2013-09-27
7010521f-b2a8-40f0-a8ef-02e50e14449c,342305,55.2710216667,-131.5505966667,,2023,2023-09-09
70135cd6-d87f-4b95-9968-6c7772e04aec,140605,38.6500963136,-27.219638957,,2016,2016-01-01
701b66b0-395e-4ea1-90b5-3457695edfb4,140600,53.1903,-5.9372,17,2021,2021-09-24
70205510-7710-4007-9798-a1b0c7038733,1438202,-48.43583,168.07683,400.5,2024,2024-12-02
70227b35-47d2-4a08-82e5-5f22c664eacd,341952,32.8077612271,-117.2686558893,,2026,2026-03-03
702a1ce7-ccf4-433f-87fd-075f3a8efe50,341954,26.7833333333,-80.040555,,2017,2017-01-27
702f5444-92a6-4151-a07b-df36a4cb3bb3,342305,49.3156660684,-124.2411239292,,2021,2021-02-03
703527d7-9b4e-43cd-b23b-f4bf3f096ab8,210788,-14.6831,145.45,,2012,2012-02-12
703aa358-5b9b-4f7d-8259-a3eda68a6e88,342305,49.01283,-123.584794,,2009,2009-05-30
703ffcde-f7e6-49f8-8ad5-11cd7ea64907,342333,-8.8484687805,115.1568145752,,2019,2019-07-31
7044b6c6-e978-48fb-baca-65b0394c62b6,140600,58.41085,-5.111129,,1991,1991-05-16
704d20b2-ec79-4f86-a8a5-5bb5c5e20a77,140600,47.0686,-3.1971,41,2019,2019-11-03
7053ca7d-a762-4b78-8c2f-96eb08e39e14,749548,26.7831585811,-80.0437189548,,2025,2025-04-18
705d27c2-2b81-4eb0-aca3-aaf9bc32134c,239392,-71.67483333,-12.695,246.5,1996,1996-2-6
7064a975-3ea3-478d-bbe1-d2b71dc26953,140605,36.45,-4.84,78,2007,2007-05-21
7067902e-03f8-4549-9301-9bd6e6093bae,140605,27.31416667,-83.798,54.1,2020,2020-10-15
706ce6ec-40ac-459c-86f7-858babceee6b,140600,49.5597,-8.309,68,2022,2022-11-29
70710e9d-cbcc-4f4c-a9a7-2a807520fd07,342023,47.3503281304,-122.3271218042,,2021,2021-07-15
70777b86-d620-4f23-9d77-0c3576ae7c89,342010,18.3463090362,-114.7252333402,,2023,2023-02-22
707cd699-c45a-49e1-9e8a-92586272f694,535784,-32.3333015442,16.6333007812,,1989,1989-08-15
7084f0ee-417b-42fe-a1cc-a072d718e946,457762,15.87168396,-61.583552983,,2026,2026-01-12
708f1649-c28f-425c-bcbe-faefb253f148,140605,39.2422,3.113,57.2,2009,2009-07-10
7092a82b-7c42-4649-916d-5df648c9be28,140605,13.100543,-59.629578,,1918,1918-05/19
7098b8ca-068a-496b-b611-95badaddd9d4,341952,32.8561307832,-117.2589163573,,2023,2023-12-16
70a20a40-6ffd-4bc7-bf83-4787c075643f,342023,37.2465527778,-122.4195694444,,2021,2021-06-25
70a4e9c2-4a77-43d9-8f60-d6940c672e76,140600,52.6462,-13.3387,188.5,2015,2015-09-25
70a6ef30-630f-4307-87cc-0f497f2a18d7,140600,53.9391,-4.909706,,1999,1999-09-27
70ae70d6-0183-4709-a7a8-2815adceb111,1805275,-16.85,139.85,,1983,1983-02-19
70b2aa20-d058-41af-b798-60ca8f3ec821,1043781,48.736666,-125.554533,159.5,2012,2012-05-28
70b3d939-aed6-4292-b1de-fe34de27f506,342002,34.84278056,127.3459528,,2015,2015-10-20
70bcf134-0197-4b9c-afb3-202c2af22df4,342212,67.669,-61.727,1279,2010,2010-10-30
70c3474f-4a38-4277-9d75-edd48bf858d3,342381,-43.7713,177.4995,488.5,1996,1996-01-06
70cb697b-137f-40da-ab65-e639c44b4470,341985,27.356383,-80.223333,10.9,1973,1973-01-04
70d17bad-28a8-494f-be22-21244026c6cb,535605,-46.5917994342,168.3698498733,,2013,2013-03-02
70d72667-c34a-4b38-9338-d3e228955b7b,342385,-41.2737893231,174.8521088265,,2021,2021-08-11
70dc3cbc-494c-4db0-94af-55fb42cf6738,210788,21.9213785111,-159.6707557821,,2021,2021-12-11
70e40c49-d178-4446-ab56-b9c2083537aa,342023,47.3071755495,-122.5173586607,,2018,2018-01-01
70e76f05-1f09-4643-b60d-f7f29f569591,325319,-53.85,-38.05,198.5,2004,2004-1-10
70ec8ef0-e336-460f-97b2-9064521e8e19,342023,37.5240633333,-122.5186216667,,2019,2019-01-19
70f11c67-b00d-4594-94c2-807294ed6ff7,140596,66.428,-57.701,563,2010,2010-11-08
70f7e700-87d4-46ea-be87-74eef49198d8,341952,33.5448732347,-117.7982598742,,2007,2007-02-18
70fe0bd9-0791-4dbf-9652-ca992f31ab4e,342036,-33.9256859,151.2593896,,2026,2026-03-31
71040d3e-f2c4-4dbd-ad1c-cdacc0406e08,457762,14.527627615,-61.0864287433,,2020,2020-01-05
710a63aa-a956-412e-9056-334c96f0e94d,140596,44.352715,-67.661087,72.5,2001,2001-10-10
710d8fcc-c6b6-43f8-b13a-7ff062f4e2e7,157019,40.440867,-67.4095,818,2004,2004-05-24
7113ae41-80f7-4725-8c7e-9761347c91dc,1805270,41.9637943846,3.2291987092,,2019,2019-08-05
711c0f1b-f7ec-4f30-9849-2fc4a98166b8,341952,32.8411111,-117.2816667,,2025,2025-11-07
71212efa-3440-40eb-bc53-9552d18d68af,341950,-38.3650037947,144.8232519524,,2021,2021-12-15
7123c588-a2ae-4c59-b1ed-2203240a9500,342381,-41.12,174.38,23,2008,2008-09-10
712c0589-20f3-4c0e-b33c-a97fa00f2535,157011,49.14616667,-67.518,297,2020,2020-08-18
712fff4a-2c2f-4d29-8d57-319f8e2070e4,140601,39.83,0.72,97,2004,2004-05-21
713328c6-78b4-43b5-b5bb-b35b24c544be,342305,54.045135,-166.234159,75,2010,2010-08-09
7138ee56-d73b-41ec-b3ee-fe3996963ed1,138849,6.6417,92.7333,200,1929,1929-11-07
713c9006-109b-4993-96eb-83c47bb5780d,342305,54.07368,-166.20215,101,2011,2011-09-24
713ee03f-d5d7-47d9-b630-617a5854818f,210788,22.2238537,-159.5610662,,2025,2025-08-13
7143321a-ce57-4031-8e4f-25c3d1a10153,140604,37.12,-1.76,373,2000,2000-05-31
71480a26-185e-41a6-b6b9-746f79ac3875,457762,12.6062357817,-70.0538046657,,2026,2026-02-17
714f492f-7f62-4aeb-a166-4513e263fcbd,140600,48.5052,-8.6105,92,2019,2019-04-04
71577688-0c97-47d8-8f6a-e0fe37e55af4,141962,32.3330001831,-64.266998291,209.5,1972,1972-03-02
715a6dce-1daf-40ac-ba41-62dca4333408,140605,42.2393153078,3.2061028745,,2026,2026-06-29
71607a00-4574-49fb-b680-7ecb3245e6f3,749548,-23.0760115751,-44.2347934427,,2022,2022-07-08
716747cb-1caf-45d7-94dc-f3e0407c1d54,534097,7.8125,98.5222,,1989,1989-05-16
716fa08f-04a8-4fd1-8786-fa831bfe2517,140601,39.62,-0.08,53,2006,2006-06-09
717304d6-c938-4a5c-b337-14e0272bf336,140600,53.9583,1.3,43,2011,2011-08-11
71791ac5-3b8c-4112-a07f-10917e7a4507,1813559,54.028166,-133.753833,,2006,2006-09-14
71807a09-f580-4244-983c-edd6a4918606,457762,26.841380723,-77.3901894069,,2025,2025-05-21
718b96ee-d25e-4a4a-95ab-4e9568072433,325326,-60.9700012207031,-55.1100006103516,308,2002,2002-01-29
718db850-45eb-4134-9436-a906b350436b,342023,37.0780862833,-122.2672419722,,2025,2025-11-05
7196ff11-689f-4100-a22f-9ea148bd6d97,535623,-19.0642,147.981,,2005,2005-12-09
719f3880-9857-4fa2-9fbf-e02e6ca18bf0,1813559,54.276666,-133.960166,,2006,2006-09-15
71a211ec-3d8c-48eb-b0a7-470564c99e5c,140600,49.9073,-5.6523,39.5,2018,2018-03-18
71a967be-c7f1-4595-8542-c5f58711bc8a,140600,44.2579,-1.3609,15.5,2015,2015-10-25
71afc9f8-7297-4cdc-8ae3-e139c9fc35df,457762,-15.96,-5.768,,2019,2019-05-04
71b34ba8-1508-4a9b-b1e5-2cf6eeaace22,210788,-22.2992525717,166.4370560642,,2026,2026-03-18
71bb535e-a5ff-45aa-8b27-67d0c494b62d,342305,54.057459,-166.245625,121,2010,2010-10-09
71c15510-603d-49c5-86ad-eae1382cb595,140600,56.384,-7.663,80,2021,2021-12-02
71c6add2-05c7-466c-8546-f986714a9a04,140605,35.2998269464,25.7279002347,,2023,2023-10-20
71ce0967-6e23-4133-88a4-b53751834452,140605,40.8212403,14.077725,,2024,2024-09-03
71d32e69-5396-43cb-808d-33b153d063ad,457762,16.1739574206,-61.7799315289,,2020,2020-10-07
71da2365-4877-4b0d-9c0c-965bfb587d71,342381,-43.92,173.3,75,2012,2012-03-31
71e2847c-e8a0-4cc6-bac6-9d36032ad065,342227,-51.9549999833333,-56.6950000166667,709,2009,2009-02-07
71e67a12-958e-40a9-9d27-a37edbdaac6c,341952,32.7694297061,-117.247510398,,2020,2020-10-19
71ed3839-af24-45f6-bb03-2f6267b7537a,140601,36.59,-2.8,180,2002,2002-05-17
71f6efac-e223-4e86-b177-f32f217cb938,210788,-21.0176828044,55.2374962717,,2025,2025-07-08
71fd49c1-e532-48f0-b9d4-f9a3224295a4,342305,54.067551,-166.21338,99,2010,2010-11-09
720246d8-8a74-4db3-9dd8-cbff87bad7df,140605,35.5218042763,24.0411533788,,2025,2025-09-02
7206398d-4b44-4f9d-a080-669a53de7456,138803,39.3730544,-9.3378181997,,2025,2025-12-17
720da800-91fd-4bc9-846b-42c1f1cd4813,342381,-41.28,171.91,65,2009,2009-04-03
7213e891-0a25-457d-8d81-6d9f8903800e,342305,54.055665,-166.26716,95,2011,2011-03-01
72174442-105e-42c9-8072-0fd7125eb2c2,140600,49.0123,-5.0912,51.5,2021,2021-03-19
721c2473-3624-4282-97a6-b1b07cd0d6b7,342305,50.386745,-125.1616528333,,2025,2025-07-13
7224f600-b62c-4406-9471-d186d0332586,342023,48.74445,-125.40981,,2004,2004-05-04
722d9ed9-ee3f-42c6-bcbd-895c7f1eb8a3,341952,32.7667227209,-117.2447595724,,2023,2023-09-20
723a2959-9726-4b6c-b1ef-8b1fa273336c,535623,-24.4152,152.48,,2004,2004-04-13
723df623-11c3-446d-9cf1-c56dff0c5cc4,342036,-32.7157219911,152.1491759114,,2024,2024-07-23
72452ca5-b2e9-4de1-919e-9cae2080a552,140600,41.18,2.02,85,2003,2003-05-19
7248e522-4cf9-44bd-8e9f-438156c2fa41,325319,-61.975,-60.31166667,867,2000,2000-5-2
724e5783-bbdd-4b51-9a7b-96d52eb5e99b,341952,34.407617655,-119.8780003479,,2026,2026-02-01
7256e5a3-55f2-4d55-ba18-14d7c7c5f982,341952,32.7265656123,-117.257025965,,2024,2024-08-21
7259a70c-f549-4adc-8db7-90f2b08b662c,1561957,-32.1238436733,115.7580232388,,2023,2023-12-25
725e0dd2-0760-4883-b125-c1814005a1d0,342305,48.1639975341,-123.7048360242,,2026,2026-04-06
72623bb2-9dce-4451-b09c-6b0143cbf643,140600,53.1127,-12.309,155,2021,2021-09-17
726525e7-999d-46a4-bc1f-cde4491c5692,140606,40.76,1.25,111,2006,2006-05-24
7269a3c2-2738-45ad-a236-1f4378a2bff4,140605,40.2996976492,17.7320194128,,2017,2017-07-29
726d3534-f176-46b1-9a0a-44789bcc3e17,140600,42.25,3.31,90,2003,2003-05-17
72738400-01b8-485e-a8f7-2e73a409eaaa,140600,57.581,-13.297,95,2013,2013-09-11
727c4b82-8476-43b1-800a-1b0822356e77,210788,-17.325428058,178.1412546406,,2024,2024-10-28
7287141a-f44e-4e62-9b58-d2e9a9c1b537,140605,44.6208,-1.3579,19.5,2018,2018-10-25
72922adb-cb63-4343-9cef-274097ea5162,342305,43.3034481285,-124.4006461528,,2024,2024-05-10
7298fce8-6805-461b-bef1-b229d374afcf,535784,-34.1100006104,17.3400001526,510,2004,2004-09-18
729f031f-ba06-42e0-8de2-a1649d25c39d,342023,41.05706568,-124.1452678711,,2014,2014-10-27
72a4638e-5ff9-473b-b868-9c87692c9050,210788,-17.3153833333,178.4667,,2010,2010-10-03
72a9e22b-407e-4ad4-96ef-e0a95939781f,534443,34.285,135.068,,2002,2002-03-31
72abe204-b489-4902-90e1-c651236ed72e,140600,40.3,1.26,134,2000,2000-06-08
72b27f9e-5b5b-42f7-a667-517018e4d165,140605,28.918539623,-13.6692941934,,2026,2026-03-02
72b827e1-690e-4004-8723-3f38ba9fac65,535784,-32.7167015076,17.5499992371,,1992,1992-02-18
72bca69e-5aac-460e-97cb-6295cf7c48a5,140596,46.65,-47.325,530,1973,1973-09-10
72c6a1f9-8213-4bf3-bae4-cfa475826433,342010,-0.26084,-91.38768,,2024,2024-07-27
72c964ba-2871-4411-8bf2-b1a80fa0197c,534733,36.38583889,126.3783528,,2013,2013-08-21
72d2fad1-ff5c-4fd0-9fb8-680d691d6753,140596,43.7000007629,-69.6999969482,35,1912,1912-07-26
72d88b0b-e5b7-4987-8df2-5a148e5e36e5,140600,56.6496,-0.2911,39,2012,2012-09-06
72e7f3a0-91fe-4176-b11e-d6876cac0a64,342015,-32.85833,152.57499,,1978,1978-12-06
72eb62ff-f0a1-41fe-b2eb-44daeb14e215,342036,-33.839356,151.254862,,2009,2009-10-18
72f09811-74d2-46c9-bd02-1acb91ad9603,140600,38.54,0.48,259,2002,2002-05-28
72f5eaa8-e99e-4981-bd35-e3eed4b0ef10,341952,9.360717,75.498533,265,2024,2024-03-22
72f98876-ff39-40df-b8e5-3ddad2ee599f,1043781,48.6409416667,-122.4835,,2025,2025-01-20
73018ecd-9187-43af-8852-e092a31c45d7,140600,51.1055,-9.594,121,2020,2020-11-05
73075b2d-9747-4750-afc4-159cf7cb598c,140598,39.816,2.454,510,2001,2001-09-14
730a6c7a-c01a-41ab-b9a1-cd284d000849,140605,41.8608594851,3.150432027,,2024,2024-07-11
7310bbc9-de1d-48ad-bbcf-b59f0285653a,341952,32.7611776,-117.245933,,2024,2024-09-16
7315469d-9502-4fc5-8e93-65d14376b268,140605,42.7343918618,9.463226369,,2022,2022-05-24
731fcb48-dab2-499b-9103-0a90601ebcb9,140600,38.25,0.31,460,1995,1995-05-04
732b755b-89ba-4dcc-a8eb-937c201ab65c,342381,-40.242,177.0583,280.5,1994,1994-01-18
73319aea-0263-4c95-a9b7-c2bbd6edeb53,342305,54.046789,-166.235889,80,2010,2010-10-09
73355b79-1637-4182-89b2-712b2fe936f9,239392,-71.685,-12.73833333,229.5,1996,1996-2-7
734222c3-fa6f-4fce-82a5-0e620e68c6c1,342023,35.4452362157,-120.9404612793,,2024,2024-11-18
7346ec0c-3dbe-4a71-a9fb-323bb1015a7d,341952,34.4079883333,-119.8749783333,,2026,2026-02-28
734aeaef-fd01-4a1e-b4ff-49f30bbca112,140600,46.1067,-3.8957,72,2022,2022-11-08
73568849-a6cb-43a8-b4be-622c6102d171,1043781,49.38865,-126.92471,,2008,2008-05-10
735a8bf8-3082-4568-a32c-59b87c9d0d2e,140600,49.9042,-9.4707,70,2021,2021-11-17
735f2991-c8be-48e4-8f6c-871a0beeea2a,534097,12.4535611111,102.227525,,2025,2025-03-09
7366ffa8-6d11-4990-8a9a-e46a4756201b,140605,43.7360593026,7.4318709685,,2020,2020-07-12
737650f5-49ba-49d0-b768-026d171689c6,342305,48.60105,-125.1109,,2023,2023-04-27
73809a0a-e54c-4d45-8dab-d3627a92afa7,140601,43.25,16.05,116,1968,1968-05-14
7387f77d-7332-43c8-a8e2-38684d7e302c,341985,25.7314219099,-80.1596874329,,2005,2005-02-17
73928692-fbf6-4510-a305-66e02e341ded,342334,-38,145.03,,2011,2011-01-12
739757b6-3e74-4f0b-87bd-4d9e7fa81e9f,140600,52.4267,-13.5258,183,2015,2015-09-25
739d5666-5bac-4224-abbd-03c3e916827f,599403,-40.8518265298,174.9344586336,,2022,2022-12-11
73a56c9f-0c04-4d82-b426-bb16c00f8dec,140600,52.4632,-13.8405,163.5,2008,2008-09-21
73a839b4-8d1e-4615-a513-9e7e6bf40fb5,342016,34.8499984741,138.550003052,,1906,1906-10-15
73b13e82-9c70-4e28-a135-89e85ebac352,342334,-38.3560126469,144.773782678,,2022,2022-03-04
73b9bc9a-04fb-4515-ad87-dd0add909a9d,140600,50.5265,-8.045,123.5,2010,2010-11-22
73bdc3ad-fc07-44c6-89cb-aa2275c05bb1,140600,49.5014,-9.7849,71.5,2021,2021-11-17
73c3e311-3880-47a1-9cec-ee2f72268cae,457762,-3.8712712,-32.4241266,,2022,2022-11-10
73cae310-e07a-4702-83b2-c01181404081,140600,48.4237,-7.5678,84.5,2019,2019-04-04
73d57f57-3640-4fd4-a502-e65c28e7be76,140600,49.3836,-3.2481,40,2012,2012-03-28
73ddd4ad-5959-4bc2-af89-ae3135afa77f,140605,34.1800003052,-77.7770004272,10,1992,1992-10-13
73e307f6-4290-4f40-a381-6cfe2a5fc9d7,457762,12.1609450202,-68.3042659708,,2010,2010-03-17
73e8af69-a1fc-48cf-bd1a-fbd22941d2b7,140600,50.6497,-5.764,42.5,2016,2016-09-29
73ee536e-5240-40bf-876b-898b7e7ad594,140596,41.6,-69.45,87,1995,1995-09-28
73f2b093-e93d-4fed-8261-5248cbd505ee,140601,45.218665254,12.3287260249,,2018,2018-06-07
73f62db6-f4df-4fee-aa62-59f533ae49ba,342332,-32.6925103547,152.0683788148,,2014,2014-04-22
73fdd8d7-42bb-4285-82d8-30585edf9027,140600,48.8036,-6.3163,68,2019,2019-12-05
740991a9-1397-4458-b3b3-e814378362a2,342036,-33.9922329866,151.2293041294,,2025,2025-01-06
74154a4b-47b1-4456-bc31-93ebc3f350b8,140600,56.18386,-2.559723,17.8,2002,2002-09-14
74210f41-7771-404a-9386-bfb123ebf3d5,140605,25.7876666,-82.6181666,34.7,2019,2019-06-17
74274eee-4162-4be0-bc46-b62b76c93e96,342023,40.025,-124.058333,,1946,1946-05-30
742a1716-f104-42a7-8e9d-485591e0928b,325319,-70.83666667,-10.59,265.5,2000,2000-4-10
742f8ccf-70da-43ae-9bd0-be3f45eb730c,342011,-29.25083,-177.90333,,2011,2011-05-18
74358bc6-99a0-4716-92e7-25390edb4deb,140600,49.4173,-3.0707,35.5,2020,2020-06-25
7439c2b1-e14a-440f-9335-32076f6b0bd9,140605,39.9521685383,4.2643465839,,2014,2014-10-14
743f47b1-09b6-42c5-a74e-e44efcdee3b3,342023,47.3501972895,-122.3270573625,,2021,2021-05-11
744387f5-877b-4f10-b6b0-bb112e6329a5,342036,-34.0684998042,151.1301866006,,2023,2023-02-20
7447f9ac-bf2e-479f-9393-b88601cfa34e,527142,-52.8299999833333,-57.32166665,778,2011,2011-05-31
74534a54-5bbf-4874-b0f9-1b4b278a3de1,342305,57.8455556,-135.0241667,,2013,2013-08-31
745bea94-8e2d-42a3-82c6-af63ad4ea5b1,140600,51.2405,-10.7345,167,2012,2012-11-18
746377b2-ccad-4e24-ae03-b741debfe8a5,140605,-34.2008226342,18.4567194895,,2025,2025-08-02
7468c4be-6df6-4043-8a7e-657a50f384a8,457573,1.4747500083,125.249372609,,2020,2020-02-05
746bed49-28f1-4425-82fd-9c54240d9b65,342305,54.065629,-166.222657,101,2011,2011-09-24
74729dde-58f0-4d89-91d0-fe42a1b54a74,342305,54.043114,-166.222,84,2010,2010-09-17
747b31ab-6386-465e-b872-a180df03dfd6,140605,44.4737543426,14.922097326,,2025,2025-07-07
747e98c2-ecbd-4611-aa3e-a95f84a671fe,342023,37.5210083333,-122.5167361111,,2016,2016-07-04
74811215-d1d9-44a9-ad6a-8e9e0b56e71f,342305,36.3483333333,-122.08,406,1984,1984-10-01
7486a99f-25d3-4895-8049-69a32039eed4,341952,8.83300018311,151.832992554,,1950,1950-07-02
748dcea4-a24e-462e-af18-6f566b6389f9,534443,25.0174383333,121.9993366667,,2024,2024-11-30
749137f6-de4a-43b6-9524-31c96267ba0f,341952,36.9607194444,-121.9631194444,,2024,2024-11-16
74962bdb-37e7-4b80-9cf4-60a01897e672,325336,-61.29,-56.2,323,2006,2006-12-28
749ae81d-8716-46a0-9046-f9f28e962e23,140605,43.2287418082,5.3480326903,,2023,2023-06-08
74a196aa-91ef-4efb-be58-d7a38366af11,1805272,-6.17917013168,71.3588867188,1,1979,1979-11-27
74a8a039-a703-40c7-9330-4674dc4a2951,342270,-12.416,130.816,,1965,1965-10-13
74afa8a4-4500-41f9-a4aa-e1b72bab08bf,210788,-22.2997306433,166.4370019436,,2025,2025-11-24
74b48a76-7a47-4188-ab73-b42212c2642c,140600,37.5079994202,10.9420003891,316,1999,1999-06-12
74c01fa0-389f-451f-a39c-e5378e41cc41,140605,48.3503575784,-4.5670559297,,2025,2025-10-01
74c417c2-e134-4493-adca-fa19ff548b32,138849,7.1667,-78.25,500,1928,1928-09-04
74cafba6-84d7-4e03-b41a-ac65345cd8b3,140605,40.263331453,17.901455909,,2021,2021-07-21
74cfae45-e426-4235-8b7d-34b1f2d2de17,342332,-32.7173108643,152.1407254888,,2015,2015-03-21
74d8da45-5b6c-4cc9-8999-e3cc42da692b,140600,53.8453,-13.3553,180.5,2015,2015-09-14
74e10689-73be-4bb0-85ff-fdba1ba27dda,342332,-34.0074777833,151.1944883333,,2025,2025-02-26
74e63dc4-6274-4e42-bc4b-d67ae036677e,140605,37.5735304282,-1.2093873601,,2025,2025-09-20
74eb6e8e-3bdb-4c99-9867-c72f8444a116,342036,-36.268592,174.799812,,2018,2018-09-13
74ef1020-a7b8-4ea9-8d9a-9c32fba22c08,140605,38.4157935302,-9.1880758213,,2025,2025-07-05
74f5449c-8e2d-42b9-949d-2cea27451951,138803,-13.1000003815,-110.050003052,60,1957,1957-01-31
74f82727-0416-4191-b042-d34f9a30321d,341952,32.7614797457,-117.2465577453,,2023,2023-09-08
74fd3a13-6727-414f-88f0-26706d47aae9,341781,-44.55617,-175.7555,922,2001,2001-10-26
7507874d-fae0-4bb5-aa28-1301024fe6cf,457762,19.38971443,-81.4047634,,2024,2024-08-19
750b42c9-244e-4b50-92ec-fb606c7ea547,341952,32.7609600089,-117.2465969434,,2022,2022-10-04
7512bf78-7ac7-4077-8b01-82611ca24ef6,210788,-22.3046956045,166.4383740231,,2023,2023-01-03
7518caba-e728-4950-8c27-f3f43c4771c0,342222,47.29698008,-125.27447853,1591.7,2023,2023-04-24
751ccc5f-c260-4edb-a367-8fb926ad2c52,341952,33.6213301528,-117.8925104812,,2022,2022-06-25
75241869-a7ff-4cc2-a300-b2530b81568c,140605,42.72938396,16.03558559,,1978,1978
7527b3cb-c299-4b5f-b904-a1605d170d15,527142,-50.425,-57.9,155,2012,2012-04-19
752ec020-5db1-45b8-9cb8-87c01ae89a9c,140605,43.5150773266,3.9051300287,,2016,2016-08-25
75396ff5-8da2-49f0-b149-5f0a76a0154e,342305,54.054418,-166.26036,91,2010,2010-01-03
75410405-282e-405e-9419-c53dfc9c13e0,342381,-46.72,168.35,28,2010,2010-02-11
7546412f-a3f9-4281-9423-2577d835bff1,342036,-33.8398402,151.2536563471,,2023,2023-01-21
754b4ab9-78b7-4d56-b478-e26f0a23f4fb,140610,-42.6817,148.43,24,1984,1984-12-15
754f6180-6784-46e1-b49f-2095c6336438,157011,48.67333333,-62.47383333,387,2005,2005-08-28
75546226-5f84-496f-adeb-524601124543,341948,-38.2575,145.01,7,1990,1990-03-30
7558714a-de3e-4bda-b41f-b80296a604d5,535605,-38.3680338389,144.8224270946,,2025,2025-01-03
755e7075-216c-4ead-a84f-dafb70102ff5,342334,-38.5045305556,145.1391916667,,2023,2023-02-27
755fb534-5856-419c-8944-9037b09063a9,342036,-29.033,167.95,,1964,1964-12-30
756892af-7b78-41ee-bd63-19cf40465235,140600,50.7932,-7.3142,51,2024,2024-03-13
756bf664-b914-4f6c-88cd-74c2d8dc0bdb,140607,21.0499992371,-156.716995239,,1967,1967-11-01
7570438b-4b35-4038-981b-336b9f254a3c,140605,42.2129926787,-8.8996251041,,2021,2021-06-25
7571d9cb-09c7-4bab-8bef-fab0a18bf45a,341953,11.5830001831,165.382995605,9,1946,1946-08-07
7579d2c8-44ac-4443-8657-1b23a072667a,342044,11.5170001984,165.283004761,,1946,1946-04-18
758347cd-385f-4423-9810-b9a83114fecc,342036,-37.6294545353,176.1861900834,,2026,2026-07-12
758a0d83-5694-46f4-94df-9b0ee28d36fc,140600,58.778,-6.159,60,2015,2015-02-19
758cbd08-7563-4d89-a532-dd6b906ded2c,342023,37.494908,-122.499117,,2013,2013-02-09
75944e1a-eef5-4ec2-b95c-d0c5e14f3c07,1043781,48.61993,-125.20036,,2019,2019-05-13
7599ac9b-5200-45b3-b7c1-3643f365462f,527142,-49.7033333333333,-59.6608333333333,194,2011,2011-02-07
75a09312-cd65-4f2a-8a73-5b5009d7925d,140605,27.1745,-83.393,43,2010,2010-10-18
75a86c22-571e-4be4-a04c-0bfa2b40fe02,342333,4.5949043498,118.8600456342,,2024,2024-11-11
75b01bd3-7fee-46df-a9a2-6ab97c392e23,138803,33.4632133333,-118.523225,,2021,2021-01-24
75b7704b-bb67-488b-af84-4a5434e1f3ee,342381,-48.1,168.3,139,1995,1995-03-09
75bc934b-3ec2-4809-a564-19b6738a5bfb,342023,37.992732,-123.001144,54.9,1940,1940-07-30
75c3598e-b59b-45dc-97e4-ecd2c964ca97,342093,-42.7111667,179.8978333,1280,2010,2010-06-19
75d0c6ff-08eb-4e21-9d5f-fd18a9b9de78,341954,24.7333638563,-81.0180129781,,2021,2021-08-20
75d8802c-955f-4fdb-ada6-0da67e4f4a4a,341952,34.0309138333,-118.6820966667,,2024,2024-09-18
75e32855-e5c5-4991-8e78-a0d9c71916f4,342036,-33.8603557054,151.2634829121,,2021,2021-04-25
75e9532e-6b04-4744-bacb-7e7647a3245b,140605,42.5616347475,8.7276314542,,2023,2023-08-03
75ecf476-0850-4b78-a415-08f361217b1e,140600,51.5562,-13.9268,232,2015,2015-09-29
75f3c1b5-717a-4087-baec-23aa238a6e90,342305,44.8427429199,-124.0525436401,,2024,2024-08-08
75f70699-6c4d-4b3e-9c26-4915946c76ba,140596,42.4169998169,-66.7170028687,324,1976,1976-11-14
75fbb2e1-b8b0-40ec-b843-2e940a4c4816,140605,28.91892646,-13.6656815854,,2024,2024-04-11
76017daa-8330-47bd-9dd3-ef0296d15149,140605,41.8400001525879,3.46000003814697,,1969,1969
760a2736-1b2c-4c12-9658-52506a6e2277,325319,-61.30166667,-55.99,291,1996,1996-11-20
76108e19-c5e6-4db8-8a86-465323e94bcb,342023,47.3077260521,-122.519053658,,2026,2026-07-14
761773fd-d0c7-4f4d-9d72-ae0e1f7aed11,342015,-38.3655955041,144.8230947637,,2024,2024-12-10
7621f9bf-e882-462d-994a-58b2618cb153,239392,-53.62,-41.59,119,1994,1994-1-5
762cc61f-68d0-4177-908c-beacc8d47b74,140600,51.373867,-5.59354,,2002,2002
76339296-2697-40ec-9a2f-fc89ba2e53a7,342381,-38.8,173.6667,122,1981,1981-01-08
76370c45-2122-4d03-ba46-18648a0c8854,342023,36.6056274843,-121.9600950054,,2023,2023-03-04
763ce5b2-7afc-4d7f-9064-c178ff5fc0ab,140605,-34.2312636703,18.4759998322,,2024,2024-04-28
7640671f-da28-4285-85c3-58f2bac2b40e,157011,48.98633333,-67.43533333,279,2016,2016-08-23
7649793e-dbbd-4599-876a-5def0a538ae3,140600,52.4257,-4.8097,22.5,2012,2012-09-20
764d6b74-7bf0-4951-8443-2cc9da434f76,342305,48.129658,-125.092427,,2008,2008-07-10
7654ec21-66da-43d2-b757-14c156ba9d0c,342403,1.5101482136,125.3517199419,,2013,2013-09-02
766005cb-98da-4bef-98c7-3a51cc4b433f,138803,30.0957470728,122.0575167541,,2022,2022-12-21
7667290e-e36f-457c-a2f3-9452a623e9b6,341983,23.381371224,-109.4204606584,,2025,2025-05-18
7669ceb8-ec98-4993-bb0d-775382f7032e,140605,42.0672957102,3.2110815098,,2023,2023-09-03
766de0e6-a377-4c85-9199-0352291b10fa,341952,34.408957,-119.8669249722,,2023,2023-02-01
76733171-7609-462e-a1b0-681120bbfb8e,140607,38.55,0.49,287,2001,2001-05-27
7679106d-76dc-4f5e-903c-1b9dab522854,140605,30.8385366667,-9.8231533333,,2023,2023-12-07
7686716a-fe4d-418a-9217-63e32ac106a5,341985,24.976666,-83.034833,53.5,2017,2017-06-13
76898417-7aca-4a42-848f-65d3dcb0e8fe,138803,-34.04166,151.2,,1921,1921-06-26
768dbe34-c2b5-438e-a580-99b5ede50d4e,140605,40.719052372,9.7780324347,,2017,2017-06-27
76943dcb-ab9b-432c-957f-cb44737f60ba,140600,58.1835,-3.1681,32.5,2022,2022-08-29
76990e08-ac30-48fe-8af6-b59f17e2563c,141694,36,16.25,50,1972,1972-03-14
769f8dd6-d7ef-41da-9227-60fd0d54768e,342023,48.77672,-125.40025,,2015,2015-05-05
76a7db03-31eb-4102-9c2e-6597403f6a6f,239392,-54.41,-39.14,289.5,1994,1994-1-23
76abd558-9556-483e-95c8-24c09cb7fc3d,342384,-36.5994150591,-72.9776602238,,2025,2025-02-10
76b059d9-2936-4393-851a-7eaef4fa0eb4,140605,38.64,0.4,117,2001,2001-05-27
76b2a000-3c69-4a55-a5df-77c641f2b123,325336,-60.86,-55.52,285.2,2002,2002-2-3
76b7ef85-5a2a-479c-a02b-11b9a0a3cf80,140600,53.8633,-11.3822,130.5,2012,2012-09-17
76bb310f-09bc-45f5-bbb1-72e3b33a6999,140606,42.98165,5.00165,313,1987,1987-06-15
76c0eb0f-8885-44ce-b297-b4151310fb18,140600,53.694,-11.376,212,2013,2013-11-26
76c8297e-3bd3-4da8-9efb-3187be3dbc98,140605,-34.2004962601,18.4567226311,,2024,2024-10-19
76cb97bf-a7cf-44b7-997b-ef0f86220943,140598,40.92,1.51,465,2001,2001-06-04
76d15ed9-872b-4247-9372-c5ac8f538ee4,342036,-32.7130293949,152.1572148796,,2021,2021-10-26
76d7f9c8-d278-4619-b4ae-ac837f838ab7,140600,52.529,-11.9495,226.5,2014,2014-11-19
76e140f5-66f8-4109-b56d-6417433d2af7,325336,-60.98,-55.19,256.1,2006,2006-12-21
76ea3ece-dd1b-4c88-b466-dd49261aaee3,534130,31.35282,-113.61965,,1968,1968-11-02
76ee52e4-43d6-4422-9b72-142b0b9f9f47,140605,38.438452,-9.101929,,2011,2011-11-06
76f29a0e-64c4-4ada-be12-af56cc812f9b,140600,51.1015,-8.834,111,2020,2020-11-05
76f563b6-12bc-41d5-8608-a156f64444d3,341952,33.58895,-117.8684216667,,2026,2026-07-11
76fe800e-827e-41e0-8344-edf0344b009b,140605,34.8129997253,-76.3450012207,9,1996,1996-07-31
7705973f-a4e1-4c48-9123-f57087a96f22,534099,1.8245981124,125.0838639914,,2017,2017-07-04
770a09fd-db2f-4458-965f-dfe0506d8c7d,341954,18.5419321992,-87.7375030518,,2016,2016-08-23
770c3583-0669-4a26-a2b7-1fb8d11eab50,140605,29.544966,-80.324183,47.4,2016,2016-09-11
7712a0ea-2fd6-4b60-88dd-b55999496679,210788,-17.7638389134,168.2542409519,,2009,2009-02-26
7717f07e-d52f-4962-8bed-8bbc2e073b97,341954,16.0794673849,-86.9020271051,,2017,2017-01-23
771e1744-65cc-4f11-ac8a-bf1fbf654278,342381,-40.6315,172.7622,22,1995,1995-07-08
77260a4f-5041-44f3-81df-b477fa1f43bf,140601,36.63,-2.81,58,1999,1999-05-10
772b4c97-e628-4c7d-8a6d-a87bc3049443,140600,58.2092,-3.1417,34,2006,2006-08-25
7732ce74-d70b-43ae-bc40-5303cea157f4,140610,34.3330001831,-35.4000015259,,1979,1979-04-28
773a6c68-afbb-454b-b37a-54b4878308fd,342023,37.0540115652,-122.3996287825,,2025,2025-07-23
773f7eb0-f49b-4bd3-8e4e-e9e35f73ec80,342305,54.063765,-166.237068,119,2010,2010-03-17
77484300-42d1-402d-9758-1cb0000a1d70,342305,35.3991868561,-120.9622584467,,2019,2019-04-27
774e1c77-b39e-4517-b2ce-095afaeaa4f4,341948,-38.027,145.075,7,1990,1990-04-09
77522f8e-5d27-42ba-9dda-f04757d722c1,342381,-42.9833,-179.4167,551.5,1981,1981-08-23
775c0b48-2c79-48c2-b5e1-cc667d28fa29,138849,-4.0833,128.2667,2500,1929,1929-03-24
775f96a4-6499-4f5d-b5a8-d3eaff8b7d40,342309,1.86138889,-78.90805556,80.4,1998,1998-11-05
7761a625-feb2-4d7a-bbe3-617ace0a3383,342023,36.7426147461,-122.277687073,564.9,2000,2000-06-23
776a7be1-9b6d-436a-85f8-f98539b8b146,342023,47.3069580398,-122.5166053066,,2021,2021-11-07
776fde25-42bf-47f0-b9ed-cc5291622b3c,140605,34.7089996338,12.4919996262,56,2005,2005-05-22
777539e3-082e-4680-9423-15c9f00177a4,341952,32.7261673813,-117.257014385,,2024,2024-08-03
777aea84-93b1-4d7a-9ab9-905a045cd333,534517,-41.1170005798,148.283004761,102,1917,1917-06-09
777d789f-e0bf-4cd9-a22a-380809374552,210788,5.896332,-162.083052,,2006,2006-09-06
77835313-1992-48a2-b617-40c922b67280,342036,-35.075,117.925,,1988,1988-01-23
778791e8-1b56-4236-a07f-40c5461d96ea,141962,4.8667,77.1333,200,1929,1929-12-02
778f1456-3834-462a-a9d4-eb4b2f040352,342305,53.115816,-130.6811,144.5,2011,2011-05-31
7799ead2-b738-4e10-8258-2cdd1afb25d1,457762,15.8644262122,-61.5985292208,,2026,2026-04-17
779e7e33-b32e-4fcc-a27a-e2a89a5f91c1,341952,36.606275,-121.9594416667,,2025,2025-12-05
77a83415-a99f-48cb-b74d-b3a9135cb7ed,341954,19.3830515318,-81.4171933383,,2026,2026-01-24
77ada0a0-0ba0-44b3-98f5-f2d76c665e71,1530663,-37.00633,176.2763,417,1996,1996-10-20
77b20c33-5826-4236-8771-2e8f1d1c8612,140605,39.4688,2.6613,39,2002,2002-05-23
77b856d8-8a20-4628-aa5c-2a9dbe311b04,342036,-34.7496880509,150.833287887,,2025,2025-02-23
77bc1d79-2454-405f-aca3-f098dc64322a,140600,39.47,0.03,129,2005,2005-05-24
77c3cbd9-510d-4dc3-8779-5ea843bfd0b5,140605,30.217266,-80.9697,27.1,2016,2016-09-25
77c91463-1dd0-471a-9079-ec4db37b4ad8,341952,34.3990633333,-119.70198,,2025,2025-12-04
77cf06e0-cf30-46cf-afe7-1abe9fafef52,140610,32.3330001831,-63.5499992371,99,1972,1972-02-25
77d58a5a-386b-45d8-9650-f8eea86e0b8a,341952,32.7670480944,-117.2445653984,,2023,2023-10-11
77da474d-4231-4822-b90f-fe3130288726,140600,57.8286,-2.5195,49,2023,2023-08-25
77de2df0-bd00-4190-9eb4-0c5a5ec04cf0,325325,-61.35,-55.23,267,2002,2002-1-31
77e8db9a-a7b7-4b93-b696-0cef9476ab3f,140600,52.6223,-14.8292,312.5,2021,2021-09-07
77ef81b5-6983-427a-a631-e42879a9e365,325327,-60.93,-55.48,134.8,2006,2006-12-21
77f48e72-351d-40c8-9975-2fa2600b17fe,140600,54.3435,-9.6535,42.5,2016,2016-12-02
77f8f22a-18df-489f-845a-9bc368821d82,457762,19.382914557,-81.4168632535,,2026,2026-02-09
77fcd2fe-51ed-4ffa-8bfe-adaf7276d368,1561957,-33.6427151528,115.3436916741,,2026,2026-02-06
7801d36e-e726-4b4b-901a-75f4e975d1ec,1530663,-35.1496305,136.4702616667,,2024,2024-08-04
7804c201-c5b9-4914-89ea-24ad90b78a54,237820,-34.55833,154.9,21,1979,1979-10-27
780acb5d-9955-4919-b206-61075693c033,325325,-61.02,-55.98,305.2,2002,2002-2-4
780e1d91-caed-4c1c-a264-722c60f61b52,140600,49.8452,-4.5554,39.5,2009,2009-03-22
7816339f-2638-4fd6-a6e7-3177c17cece6,140600,39.3503,2.6853,58,2003,2003-06-20
781e211a-0142-434a-8220-d85ee322e4ed,1561957,-32.0084241187,115.7491329336,,2022,2022-12-02
78230c2e-f58b-4c3f-84ea-1f9d59c50bf7,140600,40.1012,3.6725,163,2003,2003-06-30
782a70cf-b1a9-4c18-a3a8-a8e2fdeee098,1805270,28.1291307478,-16.463360976,,2024,2024-07-10
7834e8a3-5b49-4cd8-940a-d1722bdff2b0,534443,25.0182952874,121.9992454216,,2025,2025-11-15
7837d52f-0e2d-4d7a-8290-bde4d50b1161,239392,-73.30166667,-21.16833333,458,1996,1996-2-13
7841b70b-fca5-4400-989c-1c200cc971e9,140601,39.82,0.7,95,2009,2009-04-29
784545ec-239f-4244-baee-6eafe865b7ec,140600,53.5635,-3.3175,11,2018,2018-09-27
784a0723-7c72-49f9-a9df-13744cdb9961,325335,-61.0699996948242,-54.6100006103516,189.6,2002,2002-01-30
784e289a-467f-4a01-bc93-fc7b32151e68,140600,46.5879,-2.6064,33.5,2020,2020-11-07
78575271-2493-4183-8cef-f528d7ce0bdb,325327,-61.6,-57.28,431.2,2002,2002-2-14
785d4f8b-bbaa-48d7-b021-3d5e41cf8963,140605,41.59667,-68.90167,132,2002,2002-10-18
78629c92-a124-4c15-8a93-bf1b80da8bc2,535605,-43.2106,147.112,,2003,2003-10-26
786aeb76-cc3c-4eed-9da0-3f9cfc322d4c,342222,42.3887786865,-127.485801697,2541.6,2000,2000-08-10
786fd49c-7f46-4590-85f7-8658dc66f2e4,342305,48.4175,-123.41778,,1981,1981-01-11
7872f049-6479-462a-b337-f12c2822dd60,1561957,-34.9970007794,117.9481611625,,2026,2026-04-14
787960d1-a602-4687-9057-9d051184d4d5,140605,42.2604327924,3.173652091,,2025,2025-09-30
7880a2b9-6f28-4d8d-8155-6d195b8ff0d6,342305,54.057138,-166.283432,95,2011,2011-02-01
788468a8-9629-466c-b7e3-717ea7bf63ed,342334,-38.3355714544,144.7456839837,,2022,2022-03-30
7888b78c-6051-4c13-9910-1213f3faff6a,140600,56.594,-14.717,100,2014,2014-08-31
7892fd6f-5622-4cfc-a5b2-1e602046a26e,140605,-9.492973689,12.76003461,164.5,1998,1998-05-09
789a63f0-2c35-421a-9b3d-3575ec8d7503,210788,-9.400901,46.206047,,2023,2023-04-02
78a1a830-9ed3-4bc1-a146-43618ddee46b,140605,40.251678,18.448124,,2025,2025-07-14
78a68ced-b6cf-41ff-8e96-b1666fbd6664,140606,40.3,1.26,133,1994,1994-06-14
78ac29b6-2e3b-44e2-845b-8d4b75e2c9f0,342381,-39.9697,177.1565,228,1996,1996-02-29
78b4582f-813e-49e6-b199-9a04b297262e,341954,25.0183491203,-77.5502666057,,2022,2022-03-16
78b820bf-71bc-457c-ac68-6eb596da3eee,140605,39.7876,2.6126,71.9,2007,2007-06-06
78c38ab3-bc32-419e-aed1-b7ff9fbe81cb,140605,42.2364388174,-8.9002210415,,2025,2025-09-23
78c51066-673f-4b8f-aac4-44fc08ac3d10,342036,-34.069039566,151.1304853931,,2021,2021-06-25
78cf94d7-ef8a-471d-917e-a6c540fc271c,420653,30.669667,-80.180333,45.7,1983,1983-04-26
78d87160-13a3-42a2-8c72-abbb5737c098,140598,51.2397,-14.0573,265,2013,2013-09-27
78dc0b02-8245-40d6-81c4-41fce41bdb2c,325319,-53.93,-35.79,270,2006,2006-1-21
78df94f6-d779-4807-abd6-10a86aadd971,215276,-29.17499,153.65,,1995,1995-09-13
78e556b6-1f9c-4a13-bf58-be563ddc882c,527143,-52.8299999833333,-57.32166665,778,2011,2011-05-31
78ebf27f-042d-4a1d-af45-35ecb7bbec03,342023,37.2009872188,-122.5149316476,,2026,2026-01-02
78f4bc99-e169-41ff-982b-aa548cd7edd9,342381,-43.2972,169.8357,124,1994,1994-04-14
78f9a93e-eaff-4ad3-a8c2-704c148b0ee7,341954,12.5768544969,-81.7050520331,,2012,2012-02-07
790064f1-3a70-4828-8680-c63192fb1556,342036,-30.3042457725,153.1491602719,,2022,2022-10-29
79035a64-e060-4bb4-8adc-6f7982d79db0,420653,28.9202139,-13.6718106485,,2024,2024-09-03
7909b050-dcf5-47b7-acf1-22f2c4f59cf0,341950,-42.9816624447,147.3265242261,,2021,2021-05-21
790e192a-c315-4366-a647-554823227eb0,527127,-52.78,-58.755,146,2020,2020-09-26
791262bd-6a75-4fe1-a40e-02f9fc561b01,210788,20.00609039,-155.8260979343,,2026,2026-05-19
791ca140-5ad5-47a9-8318-f38cf91af3be,342381,-44.0668,172.0995,29.5,2000,2000-12-18
7922dd0d-2d88-463f-83cb-27f671116eed,140605,42.2437305495,3.1971043381,,2025,2025-10-06
7927ac08-1c9f-4719-af76-5a9a5d40a33b,1805272,21.2885282583,-157.8640928002,,2022,2022-03-04
792d1b0f-ffd0-4a51-8bdc-32b122e60f37,239392,-53.8,-41.38,192,1994,1994-2-2
793244b2-e5e2-496b-b60e-3072de91b9d0,342036,-34.4194755377,172.8581328495,,2020,2020-12-14
793aca44-2a67-4e88-b7f1-91253b2c969b,1813559,53.604266,-133.238133,774,2022,2022-09-12
793f1508-e6bd-4773-b687-0ad40f53a6b3,210788,19.4970399976,-155.9501161125,,2025,2025-05-10
7943dc8b-84a7-4a23-8117-eca43faffc58,342222,36.6993484497,-122.344970703,1502.6,2000,2000-09-20
794647cf-8483-42cd-8596-231bd2a7b98c,457762,16.2029092773,-61.4925813676,,2025,2025-11-17
794b97da-218e-4d67-9890-843130571369,342305,34.6157188416,-120.788696289,136.1,2000,2000-05-24
79540092-62c9-4b69-be46-26456fa242cc,342332,-30.1463133757,153.2023480228,,2016,2016-11-25
79569e33-6328-4234-902b-01afb28e8e55,325334,-60.99,-55.19,232.8,2002,2002-1-29
795c1198-156f-41f5-ae9a-6ac84e6fba14,342023,36.6040546858,-121.8923832471,,2024,2024-11-03
7961257d-4a12-49de-88b6-cb202258cd60,341952,36.568607145,-121.9634057711,,2026,2026-01-18
79688c76-caff-4053-9fc3-8cf4766baa25,341954,20.4234253545,-87.0283356735,,2023,2023-10-25
796e6618-02ea-4dca-a3e5-77f10dd342cc,457762,12.1480724423,-68.2770850558,,2011,2011-01-13
79769040-6660-4a55-b73e-d75c83bc20c6,140605,27.616667,-84.216667,73,1966,1966-08-02
797de595-8220-4b80-8d7f-c60f505346e1,342403,3.0298126063,125.094800266,,2025,2025-08-01
79847ea6-4fbe-4e4b-afe2-1d43f7fc91b0,140605,42.3005248454,3.2928834902,,2025,2025-07-26
798e09e1-d1a2-47cb-b4a4-76367b9f52c3,140600,53.69,-11.6917,135,2010,2010-09-17
7995f774-f512-4749-b556-77b49a60f325,342023,36.8041939601,-121.8071307667,,2024,2024-11-17
799974c1-a59d-4b93-b00d-9eed1bdbbd47,1805275,-11.0891,143.205,,2004,2004-09-29
799e9f31-b85b-46b6-8e89-409098dbc675,342381,-37.5853,177.0067,215.5,1995,1995-01-14
79a2f5fe-d69b-4705-b08f-e169d278d267,1805270,27.8002911998,-15.434548147,,2023,2023-12-22
79a8a9e1-6d4a-4466-ae5d-84128b8ea0ab,342305,54.12685,-131.10595,22.5,2013,2013-06-19
79b27567-1dcc-488e-a823-12f06bfad374,342010,-0.6139196557,-90.6601615012,,2025,2025-03-06
79b924b7-2db5-4234-81e2-c9bae8b6d6ba,1043781,48.4491,-125.20728,,2023,2023-05-13
79bcd658-3d53-49e8-8228-800ff4335b02,140600,52.4448,-12.0442,164,2016,2016-10-05
79c6dfb8-7956-40e8-8d57-0eb3ad5649ae,342381,-36.95,176.2833,413.5,1992,1992-02-16
79cabdc6-45ec-465e-ac82-19e73fadf8a9,325325,-61,-55.89,190.9,2006,2006-12-25
79d3b968-8232-484f-a816-8b1891978226,342381,-43.84,173.07,14,2012,2012-04-23
79d7ecaf-fff5-4689-ab23-3705fecaad26,140600,45.1437,-2.179,57.5,2022,2022-11-05
79df35a0-e648-49a9-b831-91908b1645b6,342023,32.8580905799,-117.2615181028,,2023,2023-10-15
79e45108-cfbd-4255-ad12-7f5e0ebefd80,325336,-61.10166667,-55.98833333,215,1996,1996-11-21
79eb0713-abf9-499d-b5bf-1b2be7f52bb4,341952,35.3179534098,-120.9424100869,,2026,2026-06-17
79ef606f-73bd-47a1-83d8-31d873c970d4,140605,42.3936136693,3.1590438399,,2025,2025-11-12
79f682ec-59c1-4ce9-8ce2-3d0b81e336be,210788,-9.4461709,46.2109879,,2023,2023-04-24
7a014546-bc35-4121-a93a-8c03affb2b2a,325319,-60.97,-55.78,200.2,2006,2006-12-22
7a061300-9dd5-4a8d-be34-fd5be1deaa47,140605,43.3275504354,5.100576832,,2025,2025-04-11
7a0bf91e-54ba-4c75-9e9a-899179fa1b3a,342023,47.5134742816,-122.4643485448,,2026,2026-01-01
7a1130a5-a942-4079-be00-16f24562ce46,341952,32.8446252855,-117.2796013893,,2024,2024-07-19
7a168afa-0889-412a-a7af-17c95a9bb2c3,140600,41.1,1.53,73,2000,2000-06-12
7a19a678-ad16-4bd2-840b-a9309d6723bb,140605,42.72938396,16.03558559,,1959,1959
7a232497-147b-454a-9ab2-2376d3aeef12,342333,4.5958254,118.8643398,,2024,2024-07-06
7a2a271a-25b3-400a-b71b-55688a909782,342305,54.063023,-166.237093,117,2011,2011-02-19
7a300f73-3724-4c5a-a947-dab856d775e0,210788,29.5103411914,34.9259435582,,2017,2017-07-01
7a3d7c15-d854-4962-929c-823c04dc365f,140600,50.3705,-10.871,240,2020,2020-11-21
7a448f28-5193-41dc-8d60-d208dcd49f2b,342305,54.070217,-166.207253,99,2011,2011-02-19
7a4b481e-2ebb-400d-8bdd-cb9ace4fef8c,140605,27.897166,-84.128,46.6,2010,2010-10-17
7a52f79f-b579-48a9-84cf-f23bea5835bf,140605,34.2270011902,11.5080003738,64,2004,2004-09-24
7a5ef91a-a55e-4de3-8e4c-49f3ecb52cc5,140605,37.833255608,15.2826683964,,2020,2020-10-02
7a632286-3e6d-4014-a02d-51ead3470cfd,140605,-34.1968126202,18.4518773854,,2020,2020-09-18
7a679c64-58da-4f96-bbde-3ecf2428f527,342305,54.05337,-166.257795,91,2011,2011-02-01
7a6dcd87-2973-4040-a1e6-01d811636b67,157011,49.392,-64.88533333,392,2010,2010-08-19
7a71d754-2bb6-4266-addf-c0270e4484f2,342305,56.9637958732,-135.4101970419,,2026,2026-07-03
7a77832a-462a-493d-b3d3-5cc19921caee,140600,52.462,-12.084,166,2021,2021-09-23
7a7f38ac-2849-4bb2-8773-5b3cfc2cee36,140600,51.4883,-5.0792,26.5,2010,2010-09-16
7a84dd44-6e62-45fd-bcd8-10ff8531e7b4,140605,28.918650126,-13.6696832911,,2025,2025-11-25
7a898a81-ca83-40a4-8cf7-407ffdae83eb,341951,32.8426660053,-117.2821226732,,2025,2025-05-15
7a9108c3-5393-4670-a90a-d54eddcf4f47,342023,33.8323699557,-118.3950067983,,2024,2024-11-07
7a9b2ab6-60d6-4024-aa11-7ee4967f3249,342036,-36.7029082883,174.755926381,,2023,2023-12-16
7aa02a7d-ca6d-40a2-8b84-9ecfaf855e28,341781,38.348,-28.0112,0,2022,2022-08-26
7aa63f40-1af7-49d0-8b80-b61f3d697f1e,1805274,-21.2693009997,-159.7391631,,2025,2025-01-23
7abb1a67-e037-4722-9605-fe52db37c54b,342381,-36.265,174.798333,,1992,1992-01-01
7ac3ee87-ea69-456f-875e-8d9cff81aa19,140605,28.4010875362,-16.3240420818,,2024,2024-11-24
7ac5a557-ad12-432f-9092-23eed69eb369,342305,48.3789621646,-124.6006116489,,1981,1981-04-06
7acd46f2-0adc-4201-a43e-7ef3dca625d0,140600,53.3905,-12.03,138,2016,2016-09-28
7ad46717-cde4-450e-9888-c0275a595cd1,341988,-35.07,137.75,,1997,1997-05-27
7ad9a2d1-6f1a-4303-a5db-ac5385f5fcb9,535784,-28.3667,14.4667,380,1988,1988-07
7ae4c8de-c4b5-49e6-b063-797617f65156,534099,1.4746058104,125.2432292889,,2013,2013-12-24
7aeca7f1-49b2-4960-802f-03d69c51be09,341952,32.7611776,-117.245933,,2024,2024-08-24
7af1bb46-5d7e-4070-ac51-0a69bc9992d7,140600,52.018571,-5.061911,,2003,2003
7af525fa-fab6-4900-a544-d040b22992de,157011,36.258333,-74.7417,585.5,1969,1969-07-28
7afa4802-3333-423a-abed-1b9d3a448350,341952,32.8075286047,-117.2670464715,,2022,2022-03-30
7afd7631-e908-4ea0-9d2d-0b868bfb7d1e,457762,19.8632112259,-96.4603703115,,2026,2026-07-03
7b016ce9-1259-4a5b-8b96-8c07c1c71733,342381,-46.7067,169.9717,125,1981,1981-01-27
7b055f36-907a-4693-8409-91bab698bc07,342305,49.315753656,-124.2407615984,,2024,2024-11-24
7b0c9cdc-ec74-48da-9128-a70817646c8d,342403,25.1142031526,121.9193576867,,2024,2024-07-20
7b1594fe-c0f7-426c-836c-f7447173619d,140598,39.67,2.05,689.8,2007,2007-06-16
7b1762b3-cf52-4066-a5fc-df7ee4bf067d,140600,44.9425,-2.2224,75,2018,2018-10-24
7b1c2418-a2f2-4273-a908-572000eea3f5,342212,66,-2,3369,1975,1975-07-01
7b2093f2-b425-45a4-b5f7-72a600062ea4,140605,40.7900009155273,0.439999997615814,,1962,1962
7b278ea8-d528-46ea-9bad-154e36d9b641,325329,-62.825,-60.82166667,201,2000,2000-5-1
7b2abc6b-6618-49cf-b276-191718bceb3f,342023,47.581421396,-122.4111498162,,2021,2021-05-12
7b2e4bf3-2bc7-4cf2-9520-02b4ff0f6534,140601,41.81,3.14,81,1996,1996-05-19
7b38391a-b2cd-42ef-97f9-249afed4563f,239393,-73.983001709,170.850006104,600,1968,1968-01-13
7b3cb4d7-0af0-45d3-b683-5ada56c80da4,140605,40.9118675848,0.8340343436,,2025,2025-07-21
7b403624-1ec6-4cd3-9018-022d1708d57f,342023,48.6285172693,-123.47354639,,2023,2023-06-04
7b420df4-b9e7-4e59-a6ac-a83109eaa65e,1805270,43.1829701291,5.6205914542,,2025,2025-08-03
7b4b38cd-ed4a-4d74-821c-60bebdda1f93,140605,38.5193894,-28.61900681,,1997,1997-09-03
7b5044cc-49a5-416f-a51c-bffd26dad6a3,157011,47.79783333,-59.45283333,135,2006,2006-08-03
7b56424e-b524-485f-94b9-66c9d8863e3e,342036,-33.0867618811,151.6411154359,,2020,2020-10-11
7b5c5966-1a6b-4453-ad18-a51dbb4caeaf,342036,-34.0694588684,151.1296217218,,2021,2021-06-14
7b5e5a62-b815-4b15-aee7-9be965d49c7d,1561957,-31.9978308026,115.5431893633,,2025,2025-01-22
7b64c2f9-48a6-4802-b8d7-f705e13f00e1,140600,50.352,-2.4599,27.5,2014,2014-02-16
7b6b1cde-d596-4ac4-b655-7a57ff858992,535784,-34.2832984924,17.8166999817,,2001,2001-10-09
7b713ba4-5647-4720-873d-40399d5148e9,342305,54.065469,-166.236042,121,2011,2011-02-21
7b7915b6-f8ad-40c0-9c48-0dab07527876,342334,-38.3363542134,144.7457896604,,2022,2022-04-24
7b7ff547-2e6b-4df2-8424-0001216c76e8,341951,29.063979,-113.094448,,1966,1966-04-22
7b86b5d7-b216-4c42-b1cd-c3bcf391f724,140601,39.3045,2.7197,59.4,2006,2006-04-05
7b8b2484-1203-4625-b0d4-8e9ef3e90892,140601,36.71,-3.61,67,1997,1997-05-14
7b8f0d47-edd8-459d-a101-2af3a3c8f3cc,341984,19.3752814684,-81.4201635495,,2022,2022-10-23
7b923459-7f09-4c17-ad6f-220fb06db0b7,181387,66.141,-58.615,520,2014,2014-10-06
7b98bbaf-ed79-489d-88e3-14a98880316d,342381,-43.197,179.0082,414.5,1991,1991-12-29
7b9e2d8d-723a-4099-a504-be37cb88d165,140606,42.6533,4.13665,383,1986,1986-06-08
7ba661f7-025e-43a2-a1e7-83765d650854,1805275,-20.3128671743,148.8857170423,,2015,2015-11-17
7bab7b7d-dd29-46b0-972c-7ba5c973d584,210788,20.9964032,-156.6678836,,2016,2016-08-28
7bb03a25-4883-451b-991c-4369e1ed52a0,140600,49.8452,-4.5554,39.5,2009,2009-03-22
7bb782f8-c733-468e-815c-7d44d630aa7b,140605,39.272,2.7198,69,2003,2003-06-24
7bbf5ed7-ae3c-4adc-9170-9bc3a72fe2f4,140605,-8.165916667,12.91008333,117,2009,2009-03-28
7bc75d0a-f4e3-47e5-a7e2-1c8cbadd9513,140600,52.9637,-12.3353,162.5,2016,2016-09-20
7bcd2b38-1d0f-49c9-86e7-21e53329dbc3,342023,49.46708,-127.04169,,2022,2022-04-26
7bd3323b-5575-452a-85ac-5975b6580cd3,342305,49.9575,-127.290666,55,2018,2018-08-04
7bd8b76f-f778-4c0e-a9a4-052d07d7169b,341952,34.004525,-118.80333,,2024,2024-01-24
7bde71ec-6419-48c4-b388-ee58c229b293,140605,41.5299987792969,2.76999998092651,,1962,1962
7be458ed-64a3-4ce0-82a6-c662dc2325e0,210788,21.5954045522,-158.111158984,,2023,2023-04-02
7be78295-c3fb-4f36-a7e3-d1e871ed4e83,157011,49.54083333,-60.38683333,267,2015,2015-08-30
7bebe625-a012-4706-b368-b126a0be1c8e,140605,38.4341266376,-9.1129928244,,2024,2024-09-27
7bef327d-3b14-40bd-92b2-27ce2e8143f5,138849,-11.3,50.05,2000,1929,1929-12-20
7bf5cec5-4154-484e-b937-1a01f5f766f0,140600,57.74784,-6.441983,12,1988,1988-06-23
7bfa1ed3-53f8-48a7-9b92-b87d4e6b2d70,342226,-44.723333,173.763833,961,1995,1995-11-03
7bfed9e5-4674-44ad-a49d-7f71b00e6053,140605,42.3744563918,3.1590608285,,2024,2024-12-28
7c085ce4-99a8-47c7-b4f5-e20216c11bf7,138803,-37.8244917682,148.0108578294,,2023,2023-05-08
7c1347a9-aaf7-4f5f-839a-63f8b47e15d6,140596,43.789667,-68.680167,111,2002,2002-04-22
7c19d871-8374-4204-8650-ed62c2b3fcb6,140600,56.39,-7.7945,174,2017,2017-10-07
7c20db33-fac5-4195-beff-d565257017df,140600,46.3277,-4.2452,86.5,2018,2018-10-22
7c24b91c-ff1a-494f-8c15-e834ffd13071,140605,28.1531510214,-15.698434249,,2023,2023-10-08
7c29e42b-941c-4d31-8b1e-ccae043076c5,1805272,21.5967791204,-158.1119944332,,2023,2023-06-12
7c31869d-27d7-4644-80ff-8453f14221d8,341952,32.7620247794,-117.2454757726,,2025,2025-05-03
7c38a4bf-ed86-4d50-abf1-6a5c5d1ddf03,342036,-33.9162276699,151.2659731057,,2021,2021-04-01
7c4b5170-664d-41cb-bf75-3e4fe635853a,341954,16.0965361864,-61.7715811083,,2025,2025-11-09
7c5a1b77-c3da-4132-99b6-c30ff1860ed6,342036,-34.4191860448,172.8578580148,,2023,2023-12-05
7c5e1c43-8bf6-4854-8101-9bcef0b3189d,140605,38.02,-0.31,149,1997,1997-05-21
7c64714e-0cc3-4ff7-aebe-0ea0cd122010,341781,37.5079,-25.6406,0,2021,2021-09-15
7c6ab6ec-33a2-4157-aef1-88593f3a0f67,140600,54.10768,-4.874994,,1995,1995-06-19
7c72a2e5-7d42-4de2-9880-2b32942b1d6a,457762,16.7314869809,-87.848965266,,2006,2006-03-25
7c774aaa-8a58-46a4-92b9-e8f072d93702,140600,50.8345,-9.385,121.5,2013,2013-11-03
7c7de96f-067e-4bbf-8ff6-9c9227665788,342305,57.7122409607,-152.470268887,,2022,2022-06-16
7c865814-61a5-48a3-a123-5c52560a5f4b,140605,41.2099990844727,2.05999994277954,,1963,1963
7c8e3705-f206-4cb3-9c08-5742cd7b480d,325329,-60.86333333,-55.48333333,284,1996,1996-11-24
7c9529d6-79a2-449d-a02a-c3c0c6c2fe4f,342036,-32.7176049432,152.1411593493,,2019,2019-03-10
7c9867e6-5d5f-464d-9b34-76c0f3145de9,140605,33.46576111,126.9443833,,2011,2011-08-02
7c9f0a3c-7a6e-4ed6-86fc-5c319b5ef992,210788,11.5830001831,165.382995605,,1946,1946-04-23
7cac3c5d-9e35-45af-a2eb-7b033f5c9b6e,140605,42.72938396,16.03558559,,1992,1992
7cb70cda-fe79-45e0-ac9d-caa0c7a8e6da,157011,66.53,-58.668,700,2006,2006-09-04
7cbda5b9-5233-42e6-8ece-fd9d057dfb39,157011,49.30166667,-63.93266667,363,2012,2012-08-17
7cc50dad-f57b-44c2-93cc-ddf0f56c6f8e,342305,54.072,-166.22955,117,2011,2011-09-17
7ccceb8f-95da-4d06-86f5-dbc88a154833,342305,48.8769153167,-125.0922596524,,2024,2024-11-30
7cd3a032-1bf2-4d3a-819b-2321ce9e2e66,140605,42.3300018310547,1.1599999666214,,1949,1949
7cdad8b6-476d-4bba-a648-29617ace86bd,157011,48.64433333,-68.6095,315,2016,2016-08-22
7ce37b1a-46ec-4da5-a011-f63f4fe1578d,325319,-54.65,-38.34,185.5,1994,1994-1-23
7ce7db7f-b0d8-4b6a-99db-1fdce789f2cb,534111,-34.9334,137.353,2.7,2015,2015-01-22
7cebb81d-5469-48c6-86ce-5c583b607549,342023,36.6380916667,-121.9378533333,,2023,2023-04-22
7cef4692-3654-4d46-a64c-e58a8bfa2cca,140605,36.6990681445,-2.8852938926,,2024,2024-07-27
7cf823ee-db1a-43d3-a7aa-f04f9c2e91fb,341952,34.112209383,-118.8705604688,,2025,2025-02-11
7cfb1a61-c244-4762-9140-efb085ec8a76,342305,56.98648,-135.368988,,2015,2015-09-20
7d01111a-3954-4be0-a7fa-8791abce8ce4,341952,32.8075880997,-117.2677074,,2024,2024-04-29
7d0522ed-a351-4ea6-b8b0-b9bad2a4a26d,1530663,-37.89409,144.8040583333,,2021,2021-01-08
7d0b98f3-b140-4963-92fd-d77175169a9a,420653,28.4014741784,-16.3280157745,,2025,2025-06-26
7d14ef5d-75bb-424f-a607-b8ac6df1d038,342023,47.3068648733,-122.5163251198,,2026,2026-04-19
7d1cd836-8117-41a8-8739-a2f1f60bda44,341985,26.4,-83.716667,73,1966,1966-09-05
7d21d187-b978-4b1a-a44f-cf845844fced,140605,40.5999984741211,1.13999998569489,,1964,1964
7d244727-6396-4c9a-86bd-03300fead83d,341781,37.65063,-25.3623,0,2023,2023-08-16
7d2c7d61-78d6-4f81-b716-af862b90c48c,342023,37.4946009238,-122.4973493336,,2011,2011-11-12
7d318755-5080-45a8-830c-932f30b1b216,140600,53.3608583333,-3.17638,,2025,2025-09-14
7d3a50d2-6a33-4dac-a73a-f55789eddcfd,140605,48.4447977018,-5.1176889199,,2024,2024-06-12
7d3faf12-6d23-49cc-a5e6-b2242e1c8a9c,1813559,53.369833,-133.234833,,2006,2006-09-20
7d46d0b1-c0ea-4530-bc2e-ed18d2736a12,527127,-52.25,-57.8466666666667,204,2015,2015-07-19
7d4d606f-9996-4869-b72a-6adeec7f0fe8,140605,44.14967,-67.8915,102,2002,2002-04-21
7d5159f9-7c96-40c5-a7b9-3c95ccd553b2,140605,37.0168293,-8.9405931,,2017,2017-04-05
7d57b20a-a318-402f-a835-74f9dec8ac58,140605,26.783333,-84.083333,96.8,1965,1965-05-31
7d5dc3e8-7995-40fc-a7a8-0953be0de545,140606,38.58,0.5,287,1994,1994-06-07
7d6296e2-dfe4-4c44-ad01-06f688c3f091,140605,42.3449195985,3.2020839861,,2025,2025-11-13
7d6841fb-e378-4697-8a7c-2e4bccb60021,140600,51.5055,-8.884,60.5,2014,2014-11-24
7d6b8150-e8e2-45b0-908f-5daa8669a221,535623,-0.4389283,130.7256583,,2022,2022-12-06
7d706539-7e74-4d9b-bae2-d23a0d93118e,140605,41.75,3.34999990463257,,1962,1962
7d7333a5-b701-420f-8048-0d72a43f3a61,140600,52.0355,-7.389,48,2017,2017-11-30
7d7b5670-f596-48d8-9557-79a13020615e,140600,55.65389,-6.053732,13,1999,1999-07-27
7d7f2f76-849a-4671-b3f7-7e7156757958,140600,49.4993,-9.7847,73,2020,2020-11-20
7d852d8b-8936-4596-bbb4-da2dd2a16006,527142,-49.5398333333333,-59.6775833333333,300,2010,2010-11-01
7d8a9a8c-3622-40e4-ba4f-eff713160d6a,140605,43.92517,-68.79333,92,2002,2002-04-22
7d91d73d-65b2-4561-a0ac-65cb89917428,140598,39.5484,3.6748,581.1,2004,2004-03-10
7d9a0366-b8f3-4709-87c1-c4d823d8d849,342036,-33.9911645864,151.2312662021,,2019,2019-02-27
7d9f3df2-7195-41e4-9799-0e899ec362a7,325336,-60.98,-55.19,256.1,2006,2006-12-21
7da57ca7-b505-44fb-a01b-142090d4482f,457762,18.3061966667,-64.8657133333,,2024,2024-01-05
7dabc689-df86-4544-9fbb-e75ef5d0146c,140605,39.37,2.36,119.4,2007,2007-06-18
7db61bf7-51db-4635-a536-b71d62c00d2c,140605,42.114094,3.167001,,2022,2022-07-25
7dbb6518-a8cd-4a2b-b4db-4dd5813b881c,342036,-34.0694710885,151.1298256954,,2025,2025-11-21
7dc4ed33-f1e8-4ce2-8406-79269a9d876b,457762,24.8190851089,-76.3426581423,,2018,2018-01-16
7dcb43e0-e4dc-41fb-a340-ad3f1612cc95,140605,43.04665,3.9217,95.5,1986,1986-06-09
7dd0db4f-9239-4f31-8eeb-973e04107bab,140600,56.839,-14.598,87.5,2014,2014-08-30
7dda1abc-675c-422b-9543-f5f052b8f2d0,140605,43.1037182548,5.9677839802,,2026,2026-07-11
7ddd40d8-471c-45bd-8efc-b5ba4f7d023b,140605,9,-80,,1983,1983-07-02
7de1f889-cec8-4bc5-9f1e-b33fd2ecd640,341985,27.6376671687,-82.7630800175,,2017,2017-05-22
7de781fa-340e-4f9d-b878-26b4bf6929ea,140605,24.6170005798,-82.9000015259,,1938,1938-07-16
7dedea54-8c46-4ced-a419-18b92a4f0fd4,141962,13.5167,-18.05,100,1930,1930-03-12
7df27b5b-98ed-4376-8c8f-0e5a91347eb4,140605,-7.630791667,12.6544023,105.5,1999,1999-03-19
7dfb8be2-0cf3-48f5-b035-8ebde970c393,157011,48.67183333,-68.96633333,87,2009,2009-08-29
7e02018a-0887-437f-bc7f-659b175c508b,342015,-38.3684235824,144.8214302515,,2025,2025-03-08
7e07843f-6a48-4d37-8bb3-2661bc73e411,140605,37.5743114857,-1.2114182894,,2022,2022-08-14
7e09239b-a743-43af-805b-733a7c5a7816,341952,32.811564,-117.2661419,,2026,2026-04-25
7e0d1350-d64e-4498-832f-3af172d555a7,342023,36.6293950135,-121.9383995956,,2021,2021-05-15
7e1b1163-a6c0-4f86-a304-06c61a5d0c4c,534099,1.4525883,125.2250546,,2017,2017-12-28
7e2386a3-82a7-4d35-8a2d-45b747d5990e,342015,-37.30916,150.21167,115.5,1996,1996-12-05
7e28d721-3b72-4b64-b513-e216a24f7b56,342334,-35.0775824069,138.4955065383,,2023,2023-04-22
7e31055b-7e9d-4ed7-a2a2-d25dbeb7e868,140600,52.0623,-13.751,213,2009,2009-10-21
7e3dd916-aa9e-438e-abcb-f125f76aa6c9,140600,54.10818,-4.394831,,1999,1999-05-12
7e4456d9-efb7-4edb-b6dd-d57deb86a2d1,140600,45.9251,-2.6897,53.5,2019,2019-11-01
7e4b69f0-13a1-4e95-b3fc-339e3f7ccd2d,342001,-15.3601324947,-75.1890399482,,2013,2013-10-31
7e4ec24e-338d-4c1b-9513-95b4e4413e96,1805270,41.8946825642,8.7995648735,,2022,2022-10-28
7e5825d6-8620-4d5c-a2f3-0732d22c31cf,341952,32.719546605,-117.2661295107,,2022,2022-06-12
7e5bf60f-d175-4666-889c-30be5ef12e70,239392,-66.774,72.6082,,1991,1991-02-24
7e6266d2-c380-47e2-a447-ce1e8025d940,210788,13.4655478239,144.6877970706,,2024,2024-09-19
7e6568eb-16ef-4aff-972d-bed79c62ad19,341952,33.4599304199,-117.7125854492,,2021,2021-01-10
7e6c556e-a0bc-47a5-b976-e2a6efcf0848,138849,37.1500015259,-34.8100013733,137.5,1981,1981-09-27
7e71b3f0-f0c2-466e-8846-6c3b28b3a270,342305,48.61694,-123.50194,,1981,1981-01-03
7e731fad-0dfa-4966-b145-f75c648d4d5e,239392,-53.91,-38,117,1994,1994-1-21
7e76bbba-f2a4-4330-bb5c-8bbcd43111be,457762,-13.0143031944,-38.4694404444,,2026,2026-01-30
7e7a7149-0245-4658-aecb-165d09d411df,140600,51.0896,-5.0829,35,2019,2019-12-03
7e7ff3f9-91db-48f9-b588-cc02e009794a,342305,49.4059941,-123.3839281,,2026,2026-02-28
7e856fe6-a119-4942-a7b0-4024eecb89a9,140605,36.7647541616,24.4853516059,,2022,2022-09-20
7e8d4002-e35c-44ed-bf55-0dfc5d6cc78e,325324,-60.83,-55.61,485.3,2006,2006-12-22
7e94de94-56ad-4942-88d7-d192382ad1f4,239392,-54.91,-35.18,140.5,1994,1994-1-15
7e98748e-c2ac-4bbb-a0ce-43d35ea258a3,140605,28.4007222222,-16.3309166667,,2022,2022-11-12
7e9d9156-b5c4-4739-9d5a-cb379bcb2f9e,140605,40.7900009155273,0.439999997615814,,1964,1964
7ea549ae-ea90-4e36-98ff-87e852170096,157011,48.795,-63.385,229,2017,2017-08-03
7ea82148-a78b-4a9f-abde-d7ac0ac036cf,140605,50.0660650068,-5.0649118374,,2026,2026-06-29
7eadcc6a-b504-4183-9801-8fe73b479dae,341952,32.7611776,-117.245933,,2023,2023-09-27
7eb6331e-5dba-4330-be30-1de75503e710,140600,51.6135,-11.3895,233,2013,2013-11-17
7ebd8ef4-dc66-454e-9578-0d10c168f793,210788,-4.289814692,55.7510298234,,2023,2023-02-22
7ec359e1-c4e6-4a24-b32e-544d62cd319f,140601,44.92,13.25,40.4,1988,1988-10-17
7ec93699-4648-4ddd-b25d-257faf5b650a,342305,54.052076,-166.260299,90,2009,2009-10-30
7ecd2f78-4afd-4b88-b0cc-4be0b89f24ed,342023,48.60909,-125.26283,,2021,2021-04-29
7ed06948-48fa-41e0-8a27-41487fcd9805,140600,54.759,-9.632,50,2016,2016-03-03
7ed3a255-c384-4a59-8b12-50a3daf68641,140600,42.02,3.25,81,1997,1997-05-27
7eda17f2-ddbb-4e30-9823-8166ba4b4330,342305,48.61861,-123.53444,,1981,1981-01-06
7edebb39-e40d-4bd0-b3f2-52e30cd6a741,342305,34.6122131348,-120.786849976,134.9,2000,2000-05-24
7ee1eb70-c98f-40f8-bbe2-6da2ee63dd98,325340,-73.2481667,178.7236667,756.5,2008,2008-02-19
7ee4ff85-688a-46c4-ba74-0fbb942847e8,342000,33.5112892828,-117.9057675216,,2024,2024-07-05
7eea0711-2285-4d8b-8023-94b8d7bada2f,140605,39.120791462,9.52367194,,2018,2018-09-23
7ef06c3f-c6d4-4d66-bbf9-98b00fdd7ae6,342036,-33.8155027833,151.250620159,,2026,2026-06-13
7ef6936a-0435-4472-9a0d-996b0ad0d201,325332,-61.975,-60.31166667,867,2000,2000-5-2
7efe16a6-8733-4b40-9b18-5d6cc8d5a0b0,342036,-35.5043052723,150.3968418221,,1984,1984-09-15
7f01f0cf-caa8-4625-b6af-7a1542d00616,210788,-16.5178501133,146.082895903,,2024,2024-12-28
7f0c935e-26a0-474a-a02b-691cdda6c86e,239392,-61.43,-56.12,292.6,2006,2006-12-28
7f142f08-c3b7-4ffd-b859-4956d48cec74,457762,26.907812968,-77.4851142434,,2025,2025-05-24
7f1d7785-2fc2-4518-85ec-3e607cc9d6d5,534126,26.7831153077,-80.0407529406,,2022,2022-05-18
7f24cab4-fdba-4cbc-a387-20e4ea835227,140600,50.352,-2.4599,27.5,2014,2014-02-16
7f284c97-f7a8-47d1-85be-1f7205c1d519,342036,-33.0863166093,151.6406438492,,2025,2025-12-23
7f2fe34e-f6a2-40c1-a3a6-b9cab7beeaee,341985,19.383161,-81.417282,,2024,2024-05-15
7f340b09-2bc7-4b9e-a0b1-60c9a4f8e8f5,342305,54.053536,-166.25728,97,2010,2010-09-15
7f3af0ec-42fa-4b57-8b6d-511e8b73bc1e,342015,-36.5411,139.40802,,2000,2000-05-06
7f3df53f-cf5c-4609-afa0-a3a56fcb3307,140605,-34.0352775829,22.7647779603,,2023,2023-10-01
7f445220-ff35-4626-81a3-1d13662bf121,342305,34.6123733521,-120.784713745,145.4,2000,2000-05-24
7f4b3ad5-c232-4c69-a6b2-0aa3696b6b15,457573,1.4549153374,125.2303646398,,2009,2009-11-06
7f4e8de2-4a1d-4356-8701-23c7e3641a49,342023,47.2065479676,-122.5857481178,,2025,2025-07-30
7f5a06ad-cc42-4060-94b6-8da343e49fd2,140605,42.3300018310547,1.1599999666214,,1943,1943
7f5d7003-36a9-406b-bc6f-77384c20ec7f,140600,39.1928,3.0376,51,2005,2005-07-05
7f6203ff-66e7-4bee-9bc6-3cfde136dc3d,210788,13.5608874057,121.0377824606,,2011,2011-08-13
7f66595d-215b-45e4-9ef6-381a52984051,457762,-3.8398116667,-32.4122466667,,2025,2025-05-14
7f6c4170-eaea-40ff-aea3-b3ef82ac8d78,749548,26.7827590808,-80.0416395538,,2025,2025-06-24
7f713cb0-c735-4ce1-b129-ee64ae5a3dfa,342036,-32.7131824811,152.1570475902,,2020,2020-02-02
7f761b2e-9384-408e-809e-04b8a0c27808,140600,49.1974,-4.1021,44.5,2011,2011-03-16
7f7babde-45b9-45f9-a83e-99c36519959a,138849,30.27,-31,750,1989,1989-12-23
7f7db54c-2b2e-444c-bf68-2beb52ce769f,140605,12.131362,-68.968708,,1969,1969-07/19
7f8370b5-59c3-4801-a5b6-315d94377337,342015,-38.3653377809,144.8232878205,,2022,2022-11-12
7f87a38a-028f-4b02-b70e-afd8b379061c,341988,-38.5202323444,145.3670132388,,2025,2025-07-13
7f8c3d08-43dc-4033-9363-3cbc638619f9,342381,-43.2145,173.3303,62.5,2007,2007-05-06
7f90f874-f3d6-4a61-99d3-30d9156ed180,342270,-20.3038399722,118.5830266667,,2024,2024-04-10
7f99acda-015f-49d1-9178-ad9f39ae034f,342305,49.5605125609,-123.2350733922,,2025,2025-11-10
7f9e797a-80a8-491c-9c5a-4c69a26a73ea,140600,54.49903,-5.415737,21.4,2012,2012-06-11
7fa865d4-b46e-439a-a14d-72090c92f3d9,140600,53.4622,-3.401,12.5,2017,2017-09-22
7faf8c1b-72ac-43e8-ab50-b412bb5767d7,341952,32.943820268,-117.3883948865,,2022,2022-01-03
7fb28910-4cf8-475c-8d94-bbe6ec1b0b55,140600,52.54508,-11.74706,181,2001,2001-01-01
7fb5dba0-6fe6-42ee-819a-57e5771c32bb,1805270,37.9725,24.4736111111,,2013,2013-11-17
7fbb705a-d244-4749-84e1-b3116db5c02a,341952,32.8082583333,-117.268975,,2025,2025-12-20
7fca7010-a268-4b05-98fa-3816ef8bc841,140605,39.2126129722,9.5694269722,,2024,2024-06-06
7fce735b-6a0e-4050-8203-32f8c4abd9a5,342023,49.57397,-127.15115,,2023,2023-04-30
7fd4da8e-485d-4f0d-9582-23adf5fcbb3a,140600,54.08218,-4.796967,,1996,1996-01-01
7fd7d31e-ddbb-4f56-8764-d8387da97912,457762,-7.0768647836,-34.7913914546,,2024,2024-03-07
7fe2ac55-3951-415c-a59c-1812645275c2,140600,54.41289,-5.620186,15.6,2003,2003-07-08
7fec2942-f2b0-4e43-87c4-29a15dbff4ed,140600,52.7577,-12.0148,111,2010,2010-09-15
7ff390e1-c9a5-49d2-8a21-d1e52b680726,342305,54.062441,-166.211887,95,2011,2011-09-28
7ffc5249-aeae-4258-8cd0-22c37d4a620f,342305,54.047942,-166.245212,80,2011,2011-03-01
800434f0-219c-42fb-a6c9-e7cc341e8c0b,1805270,43.2115033812,5.3522717923,,2025,2025-02-03
800a80de-35c1-4430-af7f-08a236bc5d6b,210788,5.1614707969,73.1200098819,,2026,2026-02-22
800e559c-e233-487d-a0cb-d07b66b0ed78,140605,27.616667,-83.966667,55,1967,1967-03-15
80125254-69f7-4b56-8a42-e57e34c0a684,140600,58.233,-8.953,130,2017,2017-02-19
80155119-887d-4425-8415-b9d2c2ba1bbf,534126,26.7829020011,-80.0436864308,,2025,2025-04-13
801c35a5-3bef-441c-a619-7a81fbc29634,140605,37.63,-0.64,86,2008,2008-05-17
8025e645-dab0-4ee4-a033-e92cac5e09c6,140605,41.75,3.34999990463257,,1963,1963
802f74e8-2f28-474b-a8ef-e0aec07e8164,140600,51.382,-8.8145,96,2015,2015-12-04
80387406-0529-4f86-b79c-42ea0835cdbb,342305,54.043706,-166.239249,82,2011,2011-02-01
803cdcce-4018-46f2-9736-3e0a408432d5,157011,49.19483333,-63.97216667,377,2006,2006-08-28
80429b3b-a22c-4b0f-8c41-16deaa21c092,140596,42.19167,-65.2,569,1967,1967-03-22
804787be-52b1-465c-a570-af711c7cf31f,325327,-60.86,-55.52,285.2,2002,2002-2-3
804b51cd-54c3-4ed6-b9c5-c7819e356b12,325327,-61.3,-56.04,311.2,2002,2002-2-2
80525f35-a721-44de-9fca-2fb28ab8b2c7,325319,-61.02,-55.94,276.5,2006,2006-12-25
8056e1ee-1e0a-4469-98a3-9481508c887c,140605,42.3300018310547,1.1599999666214,,1952,1952
80609d0f-283c-4c2d-87af-17e8ef2a6ec8,140605,43.2819023141,5.2933760274,,2025,2025-09-13
8063c823-1b1e-4d5a-98da-e90633c1dd47,342305,48.414887288,-123.3856189492,,2024,2024-03-17
80698b5f-a66b-4244-8533-79d9f27f4d71,342036,-32.4308077751,152.5349160421,,2023,2023-01-11
806fd084-9224-4b05-910b-4d7017452c42,342332,-36.215263464,150.1314997673,,2015,2015-01-17
8077f7fc-dc00-4739-ac29-8293c0a9ec7d,140600,37.51,-1.16,181,2007,2007-05-29
807d9ba8-c728-446c-b8c9-8e76ae872961,140605,38.688291,-9.36059,,2023,2023-09-30
8081bb5c-cadf-4377-ae1d-c513cf4e0bda,140605,38.6893946735,-9.3637569858,,2025,2025-04-12
808927fd-dc99-4306-a284-522dffec1e55,140605,42.72938396,16.03558559,,1956,1956
8090a914-c568-41be-8e7f-55ae7e53109a,342036,-33.9256859,151.2593896,,2025,2025-06-02
80954bb6-468b-46f1-831e-2a6e66fc42fe,325324,-61.19,-54.72,288.6,2006,2006-12-20
8099803b-3a0a-4a55-87de-511ece443904,140600,52.3567,-14.5168,187.5,2013,2013-09-06
809e3110-588f-4609-9b52-704a536e5fc7,1530663,-38.27305,144.5196138889,,2026,2026-01-06
80a2cb3f-89fd-4ede-8f43-b97dd68e4516,342305,48.3866775066,-123.4995728731,,2014,2014-07-24
80ab707e-0936-4be8-9f28-51533f78f137,342381,-40.7822,173.4797,52.5,2000,2000-03-31
80b00c15-46a7-49fe-938b-5e09c405333b,140600,49.99555,-4.708173,75,2012,2012-02-22
80b652f2-fdfd-40c0-9199-0f73455624fd,341951,32.8670005798,117.25,,1947,1947-10-10
80bbfd91-6872-4794-ad7b-bc1debd479f7,140600,57.9433,-1.2676,45.5,2023,2023-08-25
80c2ea36-1acf-478e-a468-c7e894e59536,342036,-34.0680441744,151.1303566471,,2020,2020-10-23
80cd074e-4add-45b6-abaf-6efdcd7543e9,325325,-62.36,-55.32,310.3,2007,2007-1-5
80d18ada-2a5e-4c58-abf7-ee4adb688479,140600,50.352,-2.4599,27.5,2014,2014-02-16
80d8b1b5-ef6c-4917-90e3-a6feddaf7c89,140600,53.2408,-12.0342,123,2015,2015-09-19
80e217bc-9319-4663-82d8-fce56c080cac,325336,-61.07,-55.97,260.7,2006,2006-12-27
80e526fd-620e-4cf8-8d2c-cb3cf31e39de,140601,39.84,0.72,97,2001,2001-05-02
80ebe553-09af-45ff-8758-1e6f3be40544,342334,-32.1036153228,115.7582401899,,2022,2022-02-25
80f57f2c-0dd4-429b-994a-a82a1f209e9c,140605,42.2489624236,3.2430776661,,2025,2025-12-11
80f90da0-a79f-42b8-9da3-920748387b74,140605,43.5358611732,3.9709846022,,2025,2025-09-28
80fed4d3-4d10-4c49-b87d-b7f911173ec3,140605,38.67,0.38,114.3,2009,2009-04-24
8103a629-179d-4151-be8e-a348d263bc6c,342036,-29.0604627329,167.9602966785,,2022,2022-04-22
81096397-a0ee-4506-a9ea-8e6d23aae546,341952,32.8411111,-117.2816667,,2025,2025-12-14
810d20b2-44bd-4389-aed4-e664d4d11dae,342023,48.90855,-125.59827,,2009,2009-05-03
811905b6-129f-4460-855a-e34f2a7e0e7a,140600,52.7815,-12.3473,187,2016,2016-10-05
811f1eba-e0a5-4cbb-b519-6480fb3dc406,342212,62.379,-59.971,1369,2015,2015-09-17
812387d5-dfcd-4f9c-8bab-3184fbb0e47c,140600,52.8917,-14.4983,192.5,2011,2011-09-27
812923ea-6d07-42ba-9a90-d505a18f83ee,457573,9.183194432,123.4639910455,,2026,2026-01-20
812dc8ba-089c-4d18-878c-01a5af45b3fd,140605,42.2747655093,18.8462251425,,2022,2022-04-22
81310dbc-cec0-4af6-a2bc-3e891f9db99b,140600,52.9555,-13.0763,184,2016,2016-09-29
81354da7-174f-4814-ac8c-bbe87bbe605c,140605,42.3300018310547,1.1599999666214,,1956,1956
813a773e-6b21-4af2-ad21-5c03a4ac4407,140600,48.7913,-5.804,58.5,2015,2015-03-14
813e67ea-1e72-46c9-aef8-bc41a89cc82c,140605,41.3954083333,2.2102166667,,2019,2019-10-13
8141eeaa-c59e-460c-98a4-bcefc2a5557b,342036,-31.0536314764,153.0565766605,,2023,2023-06-26
8145e5c9-f152-4bed-bdfe-b5a5c5edadf5,342381,-45.16,171.64,236,2009,2009-06-04
814c0276-de57-4096-96e8-3118518ca530,140605,33.7369995117,11.2279996872,36,2003,2003-05-22
8150fa55-5170-4aba-80bf-72773d6d271b,342381,-40.8902,174.0177,26,1996,1996-09-17
8156eced-70bb-4af5-9f0c-5bd848ac423e,342023,35.282601,-120.887376,,1948,1948-06-20
8159c315-7fd3-45ea-aeab-a02ee8028106,140600,52.13,-11.605,268.5,2020,2020-11-04
815b52c7-62f4-4250-aee7-95d7e6d508b8,342305,49.3159029326,-124.2410380959,,2021,2021-10-19
8164da72-12e0-414d-b255-c9fb9d86cb9d,140605,36.8074749412,-2.0611681685,,2023,2023-07-22
816c1fdc-29db-4b72-b3b1-e41565220d26,140600,50.352,-2.4599,27.5,2014,2014-02-16
8172d127-2165-4904-ba5a-efa4961e3ff8,342002,34.2000007629,126.199996948,,2006,2006-05-16
8176d901-9dbb-4f4f-8336-9c074b0bf049,1043781,48.9386,-125.13485,,2019,2019-05-06
81800dc3-281e-48fb-9c71-03518eac98dc,342023,32.8580905799,-117.2615181028,,2022,2022-08-14
81829c03-40f0-45f7-9ab8-d2d5c9a9815f,527142,-49.49,-59.9666666666667,,2000,2000-07-29
8185ea48-aa51-476b-8380-d64eb76cabff,140604,39.18,2.52,441.8,2009,2009-05-20
818dea19-c454-4763-a485-03c616458b41,140601,41.13,1.8,73,1998,1998-05-26
819466e8-598f-41ee-89a7-f5f2e82be13c,157011,48.43483333,-62.81916667,252,2009,2009-08-16
819e3350-ff44-4ff8-aad2-33953caa9634,157011,50.18083333,-65.396,150,2019,2019-08-27
81a56e37-2afc-4eb3-87e9-39a08df82d61,342222,40.3937149048,-125.642486572,2172,2000,2000-08-26
81ae7682-26d2-4851-b0b7-cc5f36a09da1,749548,26.7829602073,-80.0427231667,,2021,2021-05-30
81b3a4b1-7f27-4e7b-9362-f24d27d76c86,527127,-50.5125,-62.595,154,2012,2012-10-24
81b9656d-c908-401b-97b6-86f46a5781f4,140598,39.1283,2.5725,592,2005,2005-06-22
81bfc865-d2dd-4a00-ab0e-0f7abef2cf9a,215276,-16.88,119.88,388.5,1983,1983-08-18
81c4f931-7ce1-4695-a617-c00b74631a3a,342036,-33.8398180967,151.2533622088,,2019,2019-04-14
81c7f8ec-976b-42d5-93ae-9f3e3643da74,341950,-35.3321998469,138.4307379765,,2021,2021-11-07
81cb8096-6d7a-4852-9e6a-b0c1911d18f0,239392,-72.134,171.448667,393,2004,2004-02-26
81d14199-6ee6-4024-9943-ec5cd18439a3,341954,16.0859170135,-86.8937196583,,2018,2018-04-24
81d46ce5-8713-4bd7-acd7-c39db12d9b60,341952,32.7609381325,-117.2466208101,,2022,2022-08-17
81d86fd3-c480-47a7-b428-543679fc5f3e,210788,11.326222192,124.113356951,,2024,2024-12-05
81e19e87-daca-4853-9b7b-b49f3df7fdab,140600,52.91441,-4.705317,40.5,2010,2010-06-01
81ed4a28-ecdc-494b-a3dc-085fb503f3a4,325325,-61.84,-57.34,280.2,2006,2006-12-30
81f2dec2-1d2b-49aa-b5a3-2d543963e580,341988,-34.0753966607,137.5445897432,,2026,2026-01-06
81faf0fc-a559-4c8c-a2ab-a8e766a9ff24,210788,23.6279163361,-166.135375977,10,2008,2008-09-14
82036890-0af7-453d-8c00-7fbc3c378f8d,342384,-31.933333,-71.616667,450,1979,1979-01-23
820d063c-8e56-4aad-8bf8-771fb23e2993,140600,49.1171,-6.5147,57,2010,2010-03-17
82138ba5-cec4-4e1f-b268-dd3e4dd30472,210788,-8.7989617278,115.5460541626,,2025,2025-09-30
821cb1e0-6fde-4e19-9236-6e2a36d83c7c,341781,38.6500015259,-72.4499969482,,1976,1976-02-29
82240d7d-b29f-4292-a475-6f70a8b61e93,140600,39.8889,3.8647,75,2005,2005-07-02
8229c3c6-9871-44c9-aba9-0954f8c50008,140605,-34.1899965792,18.4344859944,,2022,2022-10-31
8231bc01-7c3a-4b1b-a2e6-3e367135db33,140605,38.6335092446,0.0712300837,,2025,2025-05-10
82387952-9ac0-4f0d-917f-deaf43b6317a,342036,-35.2241797774,150.5652012976,,2018,2018-10-04
823eaba4-4756-4f64-988a-f210a46664e4,140600,36.62,-4.04,343,2006,2006-05-08
8245aa6d-d87d-45a7-b67c-283a6d3da5cc,210788,-24.1128797,152.7140185,,2013,2013-09-11
82472142-5ac3-4fb4-9bb7-f45aee97e39b,140598,39.6276,3.7254,635,2003,2003-09-30
8253b6e3-6111-4908-a1e3-f613d84a4afe,342036,-26.6155,153.112433,,2009,2009-03-06
82592539-d631-4142-a9ca-9744f935df32,140605,33.7140007019,-77.8960037231,9,2004,2004-10-20
8265e85b-abe4-4bfe-a064-18b2b39b20db,342036,-36.3681255208,174.8427668586,,2026,2026-02-15
826ac7a2-a29d-4492-b02e-82658628bf5c,140600,55.3647,0.2017,86,2008,2008-08-22
82709061-fb7a-4ad6-ba6c-378cfefda47b,342381,-41.165,174.2782,26,1995,1995-09-07
8274f2bd-f37a-4651-88af-62aa9463f2cc,342305,54.051091,-166.25681,90,2009,2009-08-11
827cb22d-1bb2-4951-acdd-9c5d04f78054,140605,43.2115158941,5.3325699418,,2022,2022-05-16
8281b08f-35f5-4162-993a-edeb35a3e603,140605,38.2313666461,15.248768382,,2024,2024-04-29
8288a4f0-ae59-4c33-b77c-4b0326bf8228,140600,39.9495,3.4817,141,2006,2006-06-16
828d6dd9-ba36-45f0-a6cf-e41d21e45efe,884005,-47.9830017089844,70.0999984741211,161,2006,2006-09-11
8291e673-1480-4c2a-9976-263bad6e2c2f,535605,-45.361122494,170.8413363682,,2022,2022-10-01
829900c0-b559-4a12-a60d-047656bd1c7e,140605,36.004697,-5.6063,,2013,2013-06-20
829f9a0d-56af-44a9-a32f-9af3b0c55c58,140596,29.9330005646,-80.1999969482,329,1957,1957-07-18
82a5fdab-dd13-482e-be8c-45ea0e854157,457762,32.300278685,-64.7449447964,,2022,2022-06-20
82ab6345-a46a-47bc-85c7-33f43f6b290b,342023,37.5206133333,-122.5166383333,,2026,2026-01-03
82b6186d-7d80-43c7-933f-1ab83463a6e0,140601,38.36,0.02,90,2005,2005-05-20
82bb4b58-4986-434b-b52d-5c335b92db99,342023,49.1497658398,-124.7936576151,,2024,2024-03-31
82c0051c-84dc-42ec-a4a7-57755f3e1b27,140601,36.2249984741,10.9580001831,77,1999,1999-07-24
82c4608a-82e4-4ec2-991d-c4f37b0598bb,140596,44.466999054,-68.4670028687,196,1978,1978-05-16
82cd5d8b-ba8a-4608-892b-95a9186155ee,342334,-34.5,137.483,,1973,1973-12-24
82d20e18-ee79-499e-9214-3ccf0500628d,534522,-32.314974421,18.3313607229,,2014,2014-07-12
82d7a306-5bba-47b6-822d-be2bf363a0ca,341988,-35.07,137.75,,1997,1997-05-27
82dc8bd1-1230-4277-bf22-1c8781fb26d5,457762,18.3390742191,-64.9016478446,,2004,2004-09-08
82e2eb93-4d52-455f-93ec-f0df583a43ff,210788,6.8972222222,134.1302777778,,1957,1957-10-22
82ebdb68-1962-46c4-817e-9f8083fd61d5,210788,11.3358464,124.1156362,,2025,2025-05-21
82f29d92-84d1-41cb-a353-23a5383e60ee,325336,-62,-59.63,176.1,2002,2002-2-16
82f88879-50d9-4cbe-a149-8a8d7768c161,1530663,-36.205,173.696,135,2022,2022-10-16
82ff6fe7-709e-4eac-a565-164b19d53223,341781,39.89295,-67.311617,2543,2004,2004-06-06
83053952-62fe-4a6e-9bcf-9ba2e8d80ae5,527142,-50.11125,-57.8306666666667,297,2010,2010-11-03
830b35eb-1de8-428e-a8bc-7568b8488ecc,342305,48.833978827,-125.1487659036,,2024,2024-05-23
83122b4c-3441-411e-9150-f01440aed7ed,534099,1.4525883,125.2250546,,2019,2019-04-25
83173601-4916-4a3e-bb3d-0fc40b499534,140607,39.8587,3.9198,150,2005,2005-06-30
831f286f-04bb-4d71-8b1e-6cd7b8861691,140605,28.1927131751,-16.4225713536,,2026,2026-04-22
832299b0-c80a-40e3-b78f-f64680751f0b,342036,-29.39498665,153.3725396,,2021,2021-10-23
8327e84e-7c47-46d6-9d8e-c1c9c2b1dea7,140600,55.4604,4.699,20,2009,2009-09-08
832c6847-201a-4a2d-b5b1-a751d644db73,535784,-32,16.3899993896,335,1994,1994-01-15
8330c373-85da-4716-8d01-f8c2a76fbd57,210788,4.0976306402,72.8550766461,,2025,2025-07-17
83335ee4-441c-4c16-ade5-20a12f0ddf94,535784,-34.3400001526,17.5799999237,406,1993,1993-01-23
8339d480-1e1b-47f7-821f-d1e008351ec6,140605,28.9652996063,-85.3843994141,,1977,1977-10-30
833deda7-1e0f-4d29-b874-04f21ae46a50,534425,7,81,,1926,1926-07-02
8341d2c3-8298-4a39-9f1b-a51eb98d4fff,157011,48.69083333,-62.71166667,402,2010,2010-08-03
83496d79-24df-485e-b7a3-16460f76b0b0,342403,13.69,120.90139,,2019,2019-06-17
835099ce-465a-4bfe-bfac-b93d98bb4634,342036,-31.5950843959,152.8445049991,,2024,2024-06-24
835632be-a1be-439c-8244-fbb12bafc845,534443,22.1860229434,114.3058463856,,2022,2022-07-27
835c075f-bd4c-46fa-ac96-ffe1d5e99be2,140605,42.579138513,8.7262807418,,2019,2019-06-17
8364798c-127e-4cc8-9423-a962e07edc59,341950,-35.0847743684,137.7495524998,,2024,2024-01-03
836c357e-4f33-4d04-876e-4da6383df27d,138849,31.9169998169,-42.766998291,,1979,1979-04-26
837319b0-cd56-4f85-a3f5-78f70262894c,342010,-0.2996747259,-91.6544050033,,2024,2024-05-11
837b1960-9942-4c8c-9e81-61e768ce559a,140600,55.911089652,-2.1300140035,,2019,2019-07-17
8383af26-d29b-432a-bef9-210e1503f386,140605,43.2287418082,5.3480326903,,2025,2025-03-13
838686db-399b-457f-9918-246c0129b671,140605,43.3918175463,3.6605249718,,2025,2025-08-10
838bc87e-4a92-4b61-808d-d026338f2aa1,140600,42.06,16.56,139.8,1948,1948-07-19
8390c717-9f11-4979-8972-1c345ee81b0d,140600,53.18899,-4.506965,8,1981,1981-09-02
83965f3c-0b4e-41fe-b633-666175bd0544,342307,-46.0456489523,-67.6072448008,,2018,2018-03-10
8399c383-63ff-411e-897a-9a727e029d2a,1805275,-10.65,143.41,,2004,2004-01-10
83a02229-4b36-4ba9-a472-481725ae3f99,140605,43.5301349528,3.9804170263,,2022,2022-07-25
83a81f85-da0f-4a0c-8121-919c9028678d,325329,-61.01,-55.76,140.7,2002,2002-2-9
83adfefb-31f8-49b5-b558-725d7a030413,342307,-46.0447209731,-67.6036734134,,2024,2024-07-09
83af96dd-ba68-4367-9fba-6f1d9a428967,138849,-9.15,114.7833,100,1929,1929-08-30
83b24fb4-aa22-4fb4-b9e8-d65c2eb45f62,341952,32.7670480944,-117.2445653984,,2023,2023-10-11
83b63d59-f7c1-4270-917b-8e06b6c82e53,342015,-38.3644663758,144.823144544,,2025,2025-03-01
83bcb6e8-8ee2-4f00-8e66-66a85a2155dd,342305,48.4043083333,-123.3484283333,,2025,2025-01-21
83c09353-c5e2-42ce-8692-ca602ebea008,342036,-33.3859085348,151.4842538369,,2025,2025-09-07
83ca0fa0-8f2c-460f-8f50-c2d9096678ed,342334,-35.1376,150.721,,1989,1989-04-18
83d121d5-ed52-4fd1-9255-c0bc25942d9e,140600,39.3173,2.4853,173,2004,2004-04-20
83d7ac98-6107-4214-8b16-9e78a7ec08f6,342305,48.61694,-123.50194,,1981,1981-01-06
83df4d4b-e6bf-4b11-b1ad-55c1eab33617,457762,14.4513009481,-60.8884131537,,2025,2025-04-06
83e15646-3ed8-4c5f-a77c-e95f8115f4b8,342002,34.88105,129.02065,,2012,2012-10-19
83e4c07d-3fd5-470b-841b-505b1154b0f6,140600,53.4677,-12.6607,149.5,2016,2016-09-27
83ebef8b-bb6e-4728-bf2c-88b0aa3df129,342011,-27.58054,-144.37971,,2014,2014-10-04
83f1cfb4-0b1b-47f2-9a72-d08eae9b08cd,535605,-41.347522,174.755453,,2016,2016-04-23
83f9416a-2f67-4247-89be-bf91c3a203aa,140607,38.54,0.48,259,2002,2002-05-28
83fff6e2-f16b-4087-a513-e71f5dd1ead7,140605,43.3302376513,5.237258957,,2024,2024-08-03
8409d312-f851-42ac-b09d-c0c253806bf3,325325,-63,-58.1199989318848,220,2007,2007-01-06
84102d83-61a2-428d-b22c-da11975e3d32,140598,51.268,-14.6245,322,2021,2021-09-05
84143e68-8a41-4783-81d0-fc2b9dbeab11,341952,33.7571975898,-118.5921338194,,2022,2022-02-13
8418ad10-4a70-4cff-9ae5-6a853bc07f0b,140600,56.3785,-1.4271,29.5,2003,2003-08-27
842144d7-c2ea-4838-b0d2-af272aa65829,342036,-29.0614145222,167.9628896713,,2025,2025-01-03
8428e615-e175-44c3-8d7e-c990bc29dc2c,210788,-22.2995485521,166.4368980851,,2026,2026-01-30
842e948b-ed59-402a-a25e-6f9aa25bcc8b,157011,48.95416667,-67.81833333,298,2009,2009-08-30
84372f8b-b503-4a00-9ea1-ed98d7aedc0a,457573,-3.76729479,128.11248057,,2026,2026-04-20
843f9f97-797c-480e-8393-ee5e77732243,341952,32.8089675175,-117.2711668109,,2024,2024-03-07
8441a62e-6a65-4a75-b955-34d985fe9612,342305,54.05675,-166.279018,91,2011,2011-01-13
8447846e-a548-47be-a84d-f55083352a31,342305,48.61694,-123.50194,,1981,1981-01-07
845023b5-1c74-43a2-9d10-8b674e7225d7,1043781,51.88525,-128.33383,,2009,2009-05-16
8457283f-8819-4341-976a-864354977a97,342036,-33.9157304544,151.2651716167,,2020,2020-10-04
845df23e-5b9f-4516-967b-22b2ec534a48,410340,3.9167,134.5,200,1929,1929-07-11
8462e90f-1782-4f3d-9ea6-befb0b4aacb6,140600,38.64,1.65,398,2007,2007-06-08
846810db-2349-44ad-86c3-72ea3764413a,140605,39.2843,3.1527,61.7,2005,2005-10-19
846ad811-1520-4cfc-8833-1a56366b99d2,341987,-36.93167,176.2912,421,1996,1996-10-19
846e3b6e-2480-41d5-9145-4e0cd4211c2f,140600,52.93298,-4.632521,27.5,2009,2009-05-19
8472822a-e755-4dd5-8676-0b029adfefd3,140605,39.7428,3.5832,60,2002,2002-05-15
84758cd1-8c26-41a5-9364-61a7124c894d,140605,43.5217992274,10.3110343963,,2022,2022-10-06
847ebba0-d624-4d0a-8e13-e616f5e83986,535605,-46.6609265202,169.1008543968,,2025,2025-02-16
84848fa0-e825-4455-9a73-05637badfccb,140600,53.7655,-4.7798,38,2011,2011-09-27
8489ee56-3bd2-4808-9270-b3c5436f6b69,157011,49.249,-67.44483333,298,2020,2020-08-18
849042cb-6db0-4971-93b8-1eba95af335d,1530663,-41.0895958618,174.8505557169,,2020,2020-07-14
8493f776-3c2a-44f7-bc99-b24a6d828419,140600,50.352,-2.4599,27.5,2014,2014-02-16
849a184c-af7b-48dc-bd62-f4ecd4e14f57,342332,-33.8400252543,151.2536821955,,2020,2020-06-01
84a101fd-2a75-4202-8817-195389106ef3,342036,-33.3857458336,151.4843924927,,2023,2023-09-27
84abef12-bd62-4dd2-88b6-14d7f335caed,140605,42.390164,3.158661,,2022,2022-08-10
84b43163-1a70-44e8-adf7-da76c3fd9442,534587,53.66385,-136.58949,,2018,2018-07-15
84ba8f5d-dc20-420a-9ea9-c2aa13f74f90,342381,-42.612667,170.957833,54.5,2017,2017-04-11
84c23e5d-e80a-49e6-90f0-fffb37b718b0,527142,-48.9324166666667,-60.4133333333333,285,2010,2010-10-29
84cc9a64-c799-486a-be19-9ed41ca95d8c,140600,52.4427,-12.0423,164.5,2017,2017-09-15
84d2df3e-35fc-4bc3-a104-b92b66bdbe44,239392,-60.95,-55.88,262.7,2006,2006-12-23
84d7af94-2842-43f1-bc77-37d26f5df9ab,210788,29.5008744,34.9165801,,2018,2018-06-01
84e3b986-201f-4b67-9584-9cfcf1b5d43f,239392,-73.60166667,-22.595,869.5,1996,1996-2-14
84ebe129-1216-4b19-8560-98d776e34ebc,535605,-34.7189478733,135.8586468548,,2026,2026-03-10
84f07a25-6232-4fd9-a037-f53638da25bf,140605,43.2904255145,5.3478360826,,2022,2022-05-19
84f6be4d-649f-4305-b0b9-2205216a5be0,342036,-34.450625,172.7805783333,,2024,2024-08-20
84fa6e25-e9b8-44fc-8fd2-2a32c0055329,342307,-52.9815,-59.1205,,1999,1999-06-24
85026b13-5ace-4de9-90be-de5daa65412e,140600,53.356324831,-4.2302503507,,2026,2026-02-01
85076c71-fa7e-47cf-9868-a79b96eb41f9,140600,39.28,-0.02,116.3,2008,2008-05-23
850be03b-54b7-4d7f-b0d5-e1d78f2ca984,535784,-32.0600013733,16.1800003052,453,2004,2004-02-09
851233b9-d68e-4727-9bbc-419f2fbe17ff,210788,-4.3318465431,39.5806344069,,2022,2022-02-12
8517d14a-dfa1-45bb-921f-4d92da397b04,342333,-8.848707,115.151968,,2013,2013-09-29
85216c6b-5888-4213-afcc-ffdc4fbdf3af,157011,48.43683333,-62.8375,249,2010,2010-08-30
8528cbb5-b81d-4274-8f22-c4d303637601,325322,-72,177,1332,2010,2010-12-29
852cb85b-24bc-41a5-a48c-51fd41f6ba7a,140605,39.7920574916,19.9239628762,,2022,2022-08-14
85329544-98c2-4ca5-bedc-79fa61333c37,210788,21.2778882667,-157.8415431531,,2025,2025-05-26
853dfaa8-7174-4582-8f10-efdf50d901de,140600,52.93995,-4.685783,38.8,2010,2010-06-01
8541087d-115f-42e5-b972-44d840c72860,140605,38.17,-0.12,126,2004,2004-05-16
85466a09-5c2e-48a6-9cc8-76b50af0355f,342036,-32.7142649238,152.1520954753,,2026,2026-01-31
854bddf4-34ce-49d7-a196-bcd65f00cde7,342332,-27.4,153.43,,1990,1990-09-03
85517e38-7dae-431a-a6d8-1c08976e6973,140605,41.566899,2.53393,,2026,2026-05-31
85577c16-8fc4-4318-bdb3-20d2d2d1e81b,535625,28.5669994354,33.25,,1970,1970-05-01
855aac48-96b2-4fd9-bad1-65960dacdcc4,535605,-34.40331,173.034982,,2016,2016-09-19
855ee3b5-9ddd-4984-9960-fdd73e654536,140605,42.2489183039,3.2278922872,,2025,2025-10-22
8566438d-4bfa-46bd-9159-2186044d3481,341951,33.8499984741,-117.866996765,,1947,1947-06-10
856c41aa-3237-4118-aadc-7d532212bf44,140600,50.1277,-4.828,34,2024,2024-03-09
856f1cfe-63cf-44ad-a957-356e83438211,341952,33.460894581,-117.6888675337,,2019,2019-11-24
85764f48-b27d-42ca-952d-db6610b58f83,140606,42.48665,3.52665,333.5,1986,1986-06-20
857da34b-25fd-4a49-9986-bc8a959b8334,1561957,-32.1241168771,115.7585841821,,2021,2021-03-27
858514f6-7c81-4804-920e-5b46c7042fd1,457762,-3.8571031492,-32.4080157436,,2026,2026-02-15
858cfd5d-6f50-4fe4-bbf5-87dd22631379,535605,-41.332204265,174.8308662789,,2023,2023-12-17
858ef1d3-1501-4133-abea-32a35a8857a0,342305,54.076706,-166.206323,104,2010,2010-10-09
8595f13c-bd34-4b3a-bb74-aed51645f1d2,210788,5.9670684483,73.3055483733,,2010,2010-03-15
859fa294-1c0e-40d3-9a3e-ebcbe43585cd,342381,-41.2375,174.2105,11,1995,1995-09-05
85a3f50a-fa08-4cb6-aba2-cbaa72ae2b09,341958,32.6548555556,-117.3401805556,,2022,2022-10-29
85a653c7-8df7-47cf-913c-a893eb5d95e1,140607,41.53,2.79,140,2004,2004-05-25
85aeda04-f780-4ec2-90af-5eaf504b6dba,181387,66.269,-58.534,565,2008,2008-10-13
85b32822-22e7-4ec5-adc4-082819466e93,140605,41.87751,-68.32123,206.5,2004,2004-10-14
85b658f9-7840-4453-80f5-8c54d7641d52,140600,59.08934,-2.528664,22.5,2016,2016-05-30
85bc4de5-e1ca-49fd-b04c-632b9b4c9dd2,140596,42.7,-68.8,162.5,1998,1998-04-17
85bf0d81-b065-43cc-886f-13e27523ecdb,140605,42.3913192679,3.1632946323,,2026,2026-05-21
85c79ab2-5e17-4044-932e-d894ea74a35b,342036,-27.4233008202,153.5438235409,,2026,2026-03-02
85cc7f76-fcb0-4bb9-87d2-9d1fb0086f3d,325326,-61.5999984741211,-57.2799987792969,425.4,2006,2006-12-30
85d3fded-5597-4a2f-a2bc-767c4a9fc6fc,341952,32.85279702,-117.2630976594,,2024,2024-12-01
85dc64c5-65ef-4943-9004-1286fd74ed5d,342015,-38.3575946895,144.7740256899,,2024,2024-12-28
85e69f2e-845d-48d7-8593-e11b07094369,342381,-45.77,166.72,27,2008,2008-10-19
85e9380b-0f15-49b6-b34f-770f5587a1e1,342305,51.9700012207,-131.029998779,0.5,1977,1977-07-02
85eeb2af-a12e-41ed-aa5e-8db20142219a,140600,49.5495,-2.5168,28.5,2013,2013-02-24
85f2d185-6e2b-4a82-993e-8e036b3f4b03,140600,57.7962,-8.556618,,1979,1979-07-06
85fa3e8e-1c0c-4329-9719-e07c9fc2a01a,140605,38.6769938,15.8972233,,2020,2020-07-10
8604636e-95eb-4d7d-a969-fcf2349a6937,342036,-34.062058,151.156473,,2019,2019-04-19
860a5a9f-de56-401c-8920-129c23f8708a,325319,-54.0499992370605,-38.6100006103516,176,2006,2006-01-10
86108563-13ea-42c6-af55-c3c8a3deedc1,140601,43.25,16.05,116,1968,1968-08-12
86196908-5613-4820-aa4f-14e4189a0717,342305,43.3034539229,-124.3984853849,,2023,2023-06-05
861e3694-202a-492e-a994-c098d1a2ef7d,341954,25.80716667,-83.6795,,2021,2021-06-19
8622bea3-bdaf-45f2-9cc1-d6c544570fb2,140606,38.9872,2.6617,668,2003,2003-06-21
86270eb9-c257-40c8-bc83-ea3d49c7687a,342381,-44.1423,-178.6305,482.5,1997,1997-01-13
862c5f3a-a986-484c-b391-04e6a3bba59f,210788,-22.299467,166.436822,,2020,2020-09-10
8630f2e4-98a8-4d65-887d-ad5c9d171aff,140605,41.8182263164,8.6700965857,,2023,2023-06-14
8634e709-8ab4-42b2-bc6c-4d9d381c4bbd,140600,53.177,-9.2895,37.5,2020,2020-11-02
863cf665-32ee-4021-ac2d-189825fbde47,140600,41.28,2.32,227,2005,2005-05-29
8640ccd8-96bf-4e55-a97b-5d28bbc96fdc,210788,-22.3014917593,166.4352031792,,2024,2024-05-08
864c6f4d-d90f-4bb9-80fd-40ad25cdf13c,535784,-36.2299995422,20.1000003815,225,1994,1994-06-11
8656adcd-3755-48ca-beb9-686f3c896f82,341954,9.6189116667,-79.5703883333,,2024,2024-03-14
8658e87e-01fd-4fa1-a1ac-c2e4fd263f84,215276,-29.0406,113.721,736.8,2005,2005-12-03
865d4d85-9238-4a4b-b1ae-7726f28e3b0f,140605,-32.3600006104,16.4899997711,374,1987,1987-01-12
86644d69-91a6-4b50-953e-d6e589230863,140605,41.9640455212,3.2278690137,,2019,2019-10-04
866eb3fe-8f30-4c2e-82c2-2ad8a79a6ee0,140605,37.090906,-8.7591311,,2018,2018-08-27
8675f81f-9258-424e-b4ca-9ff7f08e0397,140605,39.2865,2.688,67,2005,2005-09-28
8678d7c2-6045-45f8-b5d4-ecfb1f3062a5,140605,-34.3448138287,19.0340428054,,2026,2026-07-04
867f86d6-4894-4952-9304-a6ed9ca5e7da,342023,48.858445,-125.1615611667,,2023,2023-06-22
86890acd-dc51-4bc4-ae51-5d014f9555ae,210788,-23.1447130124,113.750600554,,2026,2026-06-25
868bb48b-5930-4beb-862c-77c18ae99bf5,140605,43.3916055826,-1.7894665897,,2026,2026-05-03
868deef2-2077-4948-b62b-cc7025b90815,342305,54.3771,-133.363966,348,2012,2012-09-11
86950f9c-c30a-47b9-ae28-28bd82c5dd6b,534126,26.9283,-80.0671611667,,2025,2025-02-23
8699b737-619e-410c-a0dd-ffd4f06131e9,140605,39.4029166667,23.1828333333,,2016,2016-09-05
869df6f0-2d1d-4bdb-a2ce-adb49330ac0d,140610,-37.9316242244,144.9912506082,,2021,2021-05-19
86a300f1-68ba-4b1b-b2d8-18f1cf52d4d3,140605,35.7080001831,11.5670003891,80,2002,2002-10-16
86ab35aa-48ee-46ea-9488-68241ad9a1ba,140600,52.87187,-4.698209,17,2007,2007-07-11
86b0a594-f128-4f42-8653-18f225c58671,534733,36.228009304,126.4158340788,,2025,2025-07-19
86b43336-a003-4306-83ba-733b3e0ce875,534733,35.03324444,128.7760278,,2012,2012-09-04
86b96905-00ed-4585-b8ea-59dc6f5edd43,140606,39.2838,2.39,420,2004,2004-04-27
86bd0b00-696b-468e-82d8-fbc9f9e0a325,140600,50.1752,-6.5247,48,2020,2020-06-19
86c4b829-120a-47e4-bb16-87c05a47107e,342384,-43.887005496,-73.7416069955,,2023,2023-01-27
86cc3a7a-2922-4b2e-a60b-c053a65c1fb3,140601,37.8,-0.62,46,2005,2005-05-18
86d24452-3b2f-4171-9a31-358f9d732967,140600,51.35,-8.128,85.5,2014,2014-12-07
86db40aa-48a6-44de-8cea-9a5d6b57b0be,325319,-61.05833333,-54.64166667,371,1996,1996-11-26
86e360cf-a126-49df-a2c9-6578482f0e32,342270,-12.42,130.82,,1990,1990-04-28
86e80805-30d6-4270-9439-a646740e0c36,140605,34.358001709,-77.5149993896,13,1996,1996-10-11
86ed16ce-089f-4eaa-ba2b-db9f07018ef0,1805275,-10.32,143.75,,2004,2004-01-31
86f712e0-d65d-4f25-9307-3321e08297c1,342305,38.50128889,128.4315722,,2012,2012-02-22
86fe9e9a-6ef1-422d-adb0-884da6ea5e2a,527142,-52.9116666666667,-59.885,175,2017,2017-07-22
870a6f60-0540-4362-ba79-b6dd45305ab2,535605,-36.4824,174.0221,29.1,1907,1907-11-04
8717459c-8d18-4a70-9458-49a22e53ddf7,157019,52.97477,0.5184593,0,1997,1997-09-19
872628aa-55cd-4f32-a087-313f28e96f28,140600,49.9397,-2.665,32.5,2020,2020-06-26
872c951d-c4dd-4f1b-be22-c58fcf6c6f81,342334,-41.1524,146.1906,,1967,1967-12-01
8735775d-2317-471d-b846-282adeffedb0,210788,-5.6352372,133.0292053,,2018,2018-06-12
873c9c3a-4183-4fff-8e75-cd3cd112f4d7,140600,52.5278,-13.394,178.5,2010,2010-09-29
87456ef0-6848-4dc8-955f-8a32e86768b9,157011,49.567,-64.633,303,2017,2017-08-18
8748c42f-7cad-487f-a286-b86183622b44,140605,36.8599815572,27.1088082621,,2025,2025-06-11
874e3368-e9a7-4536-bf6a-aee4f06f0491,140600,52.6322,-4.3013,8,2009,2009-09-16
87536bb4-7a8a-46b9-b041-7ec5d6fd95ae,140605,33.908000946,11.6940002441,62,2002,2002-04-22
8757cdd2-cb49-4e9f-a7d1-2b41ad3e1d03,140600,53.8553,-5.156,34,2014,2014-09-21
875a220e-6f6d-4210-8788-650f10258492,342305,49.3021642797,-124.1707240563,,2020,2020-12-08
876a79d4-75ca-46e6-9782-6ffa96d09a6e,140605,39.4213,2.6178,56.7,2007,2007-02-05
876fd664-51a0-42ce-a8af-4328d0f071e1,535623,-19.173,147.776,,2005,2005-12-09
8775d06f-a0ae-4ab5-b478-14a55ef72071,457573,1.4606478934,125.2243177593,,2020,2020-01-10
877b4de7-68ee-400b-b2ec-788f83ff8919,140600,56.28,-7.128,42,2016,2016-03-05
8783dd83-1024-48fa-9cdf-e1ec875adaf3,140600,48.662,-8.9752,84.5,2021,2021-03-30
8789889e-8bea-490c-8ff9-f2e466eda552,140600,50.7465,-8.226,115.5,2014,2014-12-03
87936921-a097-4b31-942b-b75cb4ff5d3c,342307,-52.7,-58.815,,2022,2022-07-21
879b2428-ca2d-4b47-9139-1d1579c03760,140605,40.2943550474,8.4708220884,,2001,2001-06-15
879d7d36-9d9a-44b0-9e88-1c1ea2fc3692,239392,-54.42,-35.36,285,1994,1994-1-14
87a70461-71ad-4cce-bbd0-ba1f55ce5583,210788,27.7081448267,34.1322794929,,2026,2026-03-30
87aa233c-d40d-40dd-8150-89209529caec,140600,49.88395,-4.792733,79,2003,2003-01-01
87af6b3a-ea94-4766-869f-ab7eb343d63a,342384,-36.716999054,-73.1169967651,,1983,1983-07-02
87b42680-731b-4f9d-86ed-0e777ab06677,140605,40.5999984741211,1.13999998569489,,1968,1968
87bdb393-69e8-4878-96f9-050919d22511,210788,7.3201477,134.4443127,,2020,2020-03-14
87c4216c-e5a9-4963-88a4-586ee42f1d26,342023,47.3054152274,-122.5134932622,,2025,2025-04-29
87cb6afc-0dc8-4ce4-880f-ef0d852158fc,140605,38.4150109847,-9.1874621855,,2021,2021-11-13
87d0be00-06a8-4c7f-9012-7fa4862fb6c9,342381,-46.8482,169.6292,114.5,1994,1994-02-14
87dfc93a-2b48-4794-88de-75744d38bd12,140600,50.535,-3.3653,12.5,2023,2023-04-02
87e637aa-0513-4eb4-b6ec-1e9eac18e3db,138849,17.7167,-64.9333,100,1922,1922-03-31
87e8b943-d0c1-4bc1-8171-f6ec72605178,140605,43.3312730171,5.0861227512,,2017,2017-08-20
87eeeee3-341f-472d-a864-878b976cc5c6,140605,27.616667,-83.966667,55,1967,1967-02-28
87f3d9ff-5e69-4e26-8f8d-d7d1d6809be6,342305,54.044123,-166.235266,80,2011,2011-12-01
87f73f3e-81f6-47a7-a4ab-08d1f654c38c,140600,49.0802,-10.0337,62,2018,2018-11-12
87fe10f2-59d5-43a4-89c7-e7ae01f876ba,342332,-33.133,151.566,,1969,1969-08-31
8803ac83-7939-4703-9a87-8de6e36e9654,140605,34.1710014343,11.1800003052,54,2003,2003-08-15
880fa7a6-7e8d-4f7f-8577-6eab28902e02,140605,43.229039516,5.3484724011,,2025,2025-08-06
88146b59-3cba-4f05-8474-44932428c9af,140600,39.8,3.85,386.2,2007,2007-06-25
8818f918-8813-43b6-a9b5-d55cad773ac2,325324,-61.19,-54.72,288.6,2006,2006-12-20
8820832e-c598-452d-8141-d6eb613234ed,342305,48.1328793126,-122.8414435506,,2025,2025-12-28
8826f908-f687-489a-945e-87a75c553f25,342042,23.006218,-109.712108,,1952,1952-05-19
882e26da-3709-4f73-b584-783f5491bbbd,342020,11.116667,92.816666,,1939,1939
8839a0e8-1fae-487c-8328-613d7432b3f0,1805270,43.2287418082,5.3480326903,,2024,2024-07-11
883d98db-8551-4ab6-a7a3-3ace1c11145c,342036,-35.2711425431,150.515768924,,2025,2025-06-20
88480917-1e10-4405-ad2b-1cf5f19808fe,342307,-42.54086224,-73.80432715,,2019,2019-03-21
8850bbea-2f2e-499f-bf05-ec2f6ae2535f,210788,4.1009593,73.5261313,,2024,2024-01-09
8855b57d-9556-440e-b63e-204a28fb444d,342305,54.05339,-166.203281,88,2011,2011-09-16
885c3d54-45b5-498a-b7e5-44e031ec8915,341781,38.29114,-28.904,0,2023,2023-07-25
8861d06e-cd0d-48a0-ade9-edc35a2adaa8,239392,-60.92166667,-55.74,210,1996,1996-12-9
88668d1e-5994-4646-9c0e-55c7a1834c1f,140605,-8.06675,13.04758333,70.5,2010,2010-03-22
886c8e36-ac16-4045-95ed-26e270842628,342381,-44.890667,171.321,27.5,2018,2018-05-29
88757fcc-1935-4243-a631-511f64a3e9cb,140600,46.0599,-3.5927,70.5,2022,2022-11-08
88794f44-122a-4dec-815d-f6ed4d9fc313,341952,33.7133101225,-118.283609984,,2026,2026-06-17
8884fca5-0b7d-4a07-b362-2776e0d8a478,140600,49.8452,-4.5554,39.5,2009,2009-03-22
888d1778-0392-47ce-9312-fb82ec78620d,535623,-20.1883,117.247,,1990,1990-09-23
8892ccd7-84f9-4453-8494-f8160af5325c,140600,50.2981,-10.0039,64,2018,2018-11-23
88988a2f-5ea3-4e81-87f5-a1a824770343,140600,51.3475,-7.769,93.5,2010,2010-11-29
88a049e8-8a32-45b5-9502-3adc1ad598f9,140605,38.6354763693,0.0705803186,,2026,2026-06-20
88a3f791-3277-4df4-9b1a-7a65ab02589e,210788,-8.3551102151,127.0585155487,,2024,2024-04-09
88a7988e-f755-4abb-a91d-38962c2c3bce,140600,50.7422,-4.9592,30,2017,2017-03-08
88ad5a1a-e324-47d7-b55b-b16cbe2a2650,342023,47.3078157613,-122.5190759451,,2025,2025-06-26
88b2223b-e7dc-4ffa-b65f-b79745aaf557,140607,41.67,3.36,231,2005,2005-05-31
88b91559-9736-4414-bcaf-390ed0b08388,535784,-33.9594828505,18.3734006435,,2025,2025-12-04
88bfbbb6-665b-4384-a276-550a31ad257c,140600,50.0455,-4.8288,38.5,2017,2017-03-10
88c21b97-33f2-4ec6-81e4-15d90445d641,535605,-43.7716,146.3769,109.1,2014,2014-11-30
88c850fd-87e7-4384-94b9-46f6957303ff,341910,-32.2599983215,16.3899993896,369,2002,2002-02-06
88cd52a4-7217-42eb-8b88-4d3d353baee9,140600,56.51645,-5.7298,13,2017,2017-04-19
88d4af13-155e-42ab-b79f-64b8444c8f11,341952,34.4068296896,-119.8780331823,,2026,2026-01-17
88de6c81-f3fd-455c-a2e3-5301721fbcce,341954,19.3830306552,-81.4172992196,,2025,2025-07-15
88e49617-41ed-4669-bae1-e45099de46fd,157011,29.6000003815,-80.1829986572,185,1977,1977-05-20
88ef6dcc-6928-4765-8a7a-459400f60b10,1561957,-32.1350512509,115.7381863545,,2026,2026-04-28
88f267e0-8e34-4601-b198-d460819c9044,342023,37.2470966667,-122.4192383333,,2026,2026-01-04
88f7143c-d42b-4a76-b82e-9510d0ed002f,341983,24.3368552795,-110.3254143211,,2025,2025-07-12
88fc0412-8c9c-42f4-b3e8-bf4aab3e6bda,342023,37.2471716667,-122.4195166667,,2026,2026-02-01
890059e4-a44d-484c-adcc-70d5d39a74ee,140600,39.87,0.32,82,1995,1995-05-19
89064de6-9484-4024-9040-9f603a5eefe3,341952,32.7609541269,-117.2466227926,,2022,2022-09-01
89095ea9-c4b8-4693-b244-3ea4e25d361c,342036,-33.9914047623,151.2309550656,,2005,2005-04-13
89136d26-209e-404b-8f3f-aa3cf01561f2,341952,34.0446118755,-118.9333224911,,2025,2025-07-19
8919c241-7537-4dad-ac10-984cac95f8e5,325324,-61.07,-55.97,260.7,2006,2006-12-27
8920b895-18b3-48e5-83e2-8c44cafde9a7,325325,-77,175,551,2015,2015-02-01
8923f9f3-a24e-4e66-991a-7cea4e75b9bf,140606,36.86,-1.85,318,1996,1996-05-09
8926d334-d7f4-4c00-acf2-062f569e0949,325322,-71.8557,174.033,1972,2008,2008-02-25
892f366a-f9e7-430a-9cd8-f458269230ec,1530663,-37.184,135.567,,2015,2015-12-03
89387da4-150d-4e89-9489-16e362797b99,140605,41.3600006103516,2.50999999046326,,1968,1968
893d73be-a0de-4fa7-a1cb-b93739e0903c,140605,42.72938396,16.03558559,,1968,1968
894155e7-db80-47b7-81db-31d34d7bff18,1805270,19.3749939623,-81.4201886952,,2022,2022-10-15
8947b144-8126-420d-b81b-54486ddc33a3,341781,39.846,-67.333167,2841,2005,2005-04-17
894ab721-55ca-46d2-a26c-626e125bd0ad,140600,50.0102,-6.3675,41.5,2016,2016-03-15
894fead8-c9cb-4122-8aab-061b1d64bd97,1043781,48.4486,-125.19905,,2006,2006-04-30
8952e8aa-1c4a-4a9c-8512-1f0867ffe5ff,534099,-14.666,145.45,,1984,1984-12-10
895cfcb2-0a74-4e5d-89cb-28dba5d9c37a,342023,36.7089385986,-122.059173584,85.2,2000,2000-09-29
8964f4d8-3f5a-4c2c-9105-5ff6bd435d94,457762,12.0940911533,-68.2304507783,,2023,2023-09-21
8967f066-5ac7-4e32-96fd-e342251aa18c,1805270,43.2287418082,5.3480326903,,2026,2026-07-18
896d7150-312e-4f95-aca0-76f66b27f2ae,341952,32.7196398965,-117.2570977571,,2025,2025-12-22
8973dbf7-fa2b-4ed0-8be9-6e2b47c74bdc,535623,-18.1228,146.936,,2005,2005-12-12
897683fc-9682-4a38-8760-7c2c8210b927,140605,33.8190002441,11.251999855,42,2005,2005-05-13
897d56db-416b-4bf4-a885-a41388fbde70,535623,1.4894412502,125.2391574159,,2025,2025-08-28
89839b81-efcf-4fdf-a8ab-4d2fffd4ffef,341952,32.8571857587,-117.2616623661,,2023,2023-12-16
898900bf-005b-4526-bd59-4e90c67fe3d9,342036,-31.7195866667,152.8002166667,,2023,2023-07-25
898dfc45-2cfe-47c3-b29b-22302422b73b,342023,49.73135,-124.82352,,2004,2004-09-25
89970d78-6907-47cd-9a2d-4ce008c2bd2a,342307,-50.52,-62.54,155,2012,2012-10-20
89a07cef-0d40-4c85-b893-5f2d0545c91b,342036,-28.1957576045,153.5759434878,,2024,2024-03-02
89abe31f-c2e5-45bf-92ae-67fefbb9c78c,342305,35.75816667,129.6411667,,2011,2011-05-21
89b53fa9-ef53-48a8-839d-5ef0d543bb44,140605,39.2975,2.6968,64.9,2009,2009-01-28
89bc9507-0696-4a3e-8d28-bfcdb233fccd,342381,-42.0359,148.497,90,2016,2016-10-14
89c1a7a4-bfa9-424e-bba5-f25d1a2ba49b,341952,32.8717883333,-117.2535166667,,2025,2025-12-05
89c4c856-86e5-43f5-a5e0-a19f63e5eea7,140600,53.3552,-14.3223,168.5,2017,2017-09-02
89cebcc4-1cf2-4934-a892-eddbbd659914,140605,-22.739858,-41.881702,,1986,1986-02-01
89d7e9e8-3e69-4ec4-85f6-9c80c734656e,140605,37.73,-0.51,111,2006,2006-05-17
89dd1025-d6de-4510-96f6-9282bafe151a,140601,36.35,-5.2,47,1995,1995-04-24
89e04bb4-8790-49d7-a55e-f41ed75e83b0,140601,39.2976,2.7384,59.3,2005,2005-08-18
89e9eeac-90b3-47f9-a5ce-557c9e85c9ac,239392,-60.98,-55.83,173.6,2002,2002-2-5
89f34058-3f5e-4304-b2b1-35f207d92d3c,342305,54.061021,-166.206609,91,2011,2011-10-09
89fa999c-0dfc-467e-bc3b-b89d67ea2d3c,325336,-62.825,-60.82166667,201,2000,2000-5-1
89fe450a-8f77-47c4-abef-fee576bb8cb6,140600,53.3078,-12.986,142,2017,2017-09-14
8a07b38c-b38c-4460-8dd1-9d4c6c275bb6,140605,38.96786415,20.7571819833,,2024,2024-07-03
8a0de040-3a2d-49ba-8696-10da03cf60e9,341954,19.383100998,-81.4171243607,,2025,2025-09-03
8a11ed9a-23b0-40ac-b784-1f056bb6d19a,342023,37.0783528333,-122.2674166667,,2024,2024-10-06
8a157385-27bd-4995-b594-951e3cd64c39,342023,38.469248,-123.179375,56.7,1947,1947-07-13
8a1de566-c1c4-4ec5-997f-4052eb4f3a22,140598,52.844,-14.7917,314.5,2011,2011-10-01
8a2488ee-9f12-4fe7-8080-651e940e478b,140605,39.5311295593,2.438702399,,2021,2021-08-02
8a29eb4c-b3b5-4338-aba8-3eaca4ceaf42,342305,57.0168555556,-135.6345222222,,2020,2020-04-18
8a32dca9-9ed5-407d-990e-31417c33456d,534099,13.916092437,120.7957316977,,2019,2019-05-22
8a3c4d0b-7413-47a9-91b9-d6285cbddd3a,342310,11.884721756,-72.6108322144,,2001,2001-07-02
8a42fb0c-7b28-4ce8-adc6-b884fdedc189,140600,57.92502,-5.345014,,2018,2018-07-31
8a4d6a67-f464-48b5-8289-f6528c29b663,342334,-38.32,144.72,4.8,1996,1996-10-23
8a5269b5-2a36-4f65-9fd6-50bd0254594c,342023,49.466,-124.498,157.5,2015,2015-5-5T1
8a5a2b91-c20b-4e5e-b785-996f33bdac24,342023,35.643097,-121.189318,,1955,1955-02-04
8a5ec871-36b6-4e37-b91b-c6dd56309390,342381,-49.1833,175.16,621.5,1983,1983-11-13
8a6100f6-f137-425c-a628-45273648b345,342305,54.054867,-166.25913,108,2010,2010-09-17
8a67167a-b3c2-4c17-af94-15b4569af356,210788,-3.3577814878,40.0184388086,,2026,2026-03-12
8a6b619b-4c6e-44d9-bfc9-138d019620a7,341781,37.6115,-25.4588,0,2022,2022-08-30
8a71b6ee-0017-46ee-a8e7-7202869c8b3d,342381,-36.265,174.798333,,1992,1992-01-01
8a74f7cc-7cbc-4773-bea5-d48a42a26dd1,325336,-61.34,-55.70833333,240.5,1996,1996-11-20
8a806f63-64e6-46b4-842c-11351fa4724c,527149,11.4329996109,-74.233001709,576,1968,1968-12-03
8a849377-e174-4d28-b5e0-a21cb8e4b7c9,342036,-33.7997452133,151.2809865096,,2020,2020-06-11
8a89a58f-fa5f-4888-a6cb-bd9212ee2ea7,140600,50.0102,-6.3675,41.5,2016,2016-03-15
8a8d5e88-efdb-4f60-85a2-0f737ffaed54,210788,-8.6835584934,115.4188591008,,2025,2025-10-09
8a910a2a-4458-4337-896b-f0f5a144defe,140598,46.6193,-4.9308,243,2016,2016-11-03
8a95f433-79c1-4da4-8aa6-0f585d3b45dd,210788,3.5314284871,72.920352923,,2024,2024-05-04
8a9cd884-4c7d-4cb5-a6d7-439eb4a18eff,140600,51.486,-7.524,80.5,2014,2014-11-26
8aa7a07b-a793-415f-a53c-8d339f5ebda2,140605,26.120333,-82.625333,27.4,2009,2009-07-23
8aab9ab9-dc95-483c-838e-f3606ee76e9f,341952,32.814315,-117.2746983333,,2025,2025-06-26
8ab2e363-1bfc-48f2-a990-0783d615786d,342334,-35.086191,137.7479,,2025,2025-04-05
8ab823ff-260c-43a6-85c7-3b1f7177ada5,140600,55.6633,2.537,37,2016,2016-09-07
8abec06f-a9e8-42e5-9d69-a7994deef533,342010,-1.3457197594,-89.6495490087,,2026,2026-03-01
8ac53019-db90-4384-8662-bcb62e8f6956,140600,49.58033,-5.430665,,2002,2002
8acce3d7-d009-4e8e-a1e7-c2bf25ff1c75,210788,-22.3006271378,166.4370415241,,2025,2025-11-03
8ad777e1-6a02-49ea-8cb4-9da3149763b4,140600,50.0067,-5.686,31,2020,2020-06-20
8addd03b-f063-45cb-844d-680a9368aa89,140600,51.8803,-14.1243,179,2018,2018-10-04
8ae1f02c-f156-41be-9f74-98bf0224e16e,140600,53.5127,-4.2603,24.5,2011,2011-09-21
8ae85f51-06b2-4eba-9b1a-05d388d46770,342305,56.9863962786,-135.3058127322,,2025,2025-11-08
8aed0f66-0eaa-4092-8e9f-f7898259ff95,342305,49.2402041603,-123.9900428544,,2024,2024-03-30
8af33acd-535e-46bc-9801-25b2cbed530c,140600,49.1974,-4.1021,44.5,2011,2011-03-16
8afb37eb-fd67-45f9-bf9f-4fb043571349,342023,32.8538243951,-117.2632889541,,2005,2005-09-24
8aff5806-3382-45d8-be97-db30886746a3,210788,-22.8045,166.7523,,2023,2023-03-08
8b022297-2f3e-4d26-8891-e81d7fd78aed,140601,36.66,-2.65,44,2004,2004-05-10
8b057cb7-7793-427f-8bf4-ed69fb76e08c,157011,48.21483333,-59.88966667,338,2006,2006-08-06
8b0c8ab5-2516-441c-9411-cf6cb54e1b36,325324,-71.488667,171.943,598,2004,2004-02-27
8b10986c-ea42-4272-90fb-95359cd0533f,140605,28.4007862217,-16.3241200175,,2022,2022-12-17
8b1734ce-039b-4d7e-83c4-883fd0bae7dd,342381,-38.5002,178.4877,90,1996,1996-02-20
8b1f62a6-5b2a-4bba-af3d-f90d2ed48638,210788,1.8202098934,73.4020776202,,2026,2026-05-01
8b2a55ed-5719-47ac-9471-8155045aa4d6,140605,-7.591697327,12.80989474,69,2002,2002-03-19
8b3160a7-a7a8-43b7-adbd-f476335b3553,457762,18.4764593075,-66.3137055242,,2022,2022-08-27
8b368a19-1800-47a4-9cad-1678d0cbf157,140600,42.72938396,16.03558559,,2010,2010
8b494ba4-ad05-4a14-ad6d-9633ec0f9ed4,342023,34.4026898767,-119.6945578387,,2025,2025-01-12
8b4e9d5c-e31a-4e2e-b847-15c9b15c556c,341952,32.7667066313,-117.2447976206,,2023,2023-09-19
8b581cad-a2d0-42f1-afb9-8aa482647b0c,341952,34.4043944811,-119.6936992214,,2025,2025-04-09
8b60460b-4630-4079-93c1-8eb901fcff00,140604,38.44,0.46,332.5,2008,2008-05-22
8b670274-52a1-4e6f-b933-b5482ad9ad8c,140607,38.45,0.4,177,2003,2003-05-06
8b6efc17-481c-4002-8b5b-1b3e5c464c32,457762,9.3882,-76.1791,9.5,2016,2016-06-01
8b73acbd-299f-45d7-a626-b1b9d1b2082a,138849,35.1116714478,-31.2733306885,440,1981,1981-09-24
8b790f4c-c66b-4922-8482-10ba04131e6e,1530663,-34.2316014823,18.4759577567,,2022,2022-04-29
8b7f7662-5400-4b47-ab22-983545e2adf8,157011,50.0455,-61.29933333,110,2011,2011-08-18
8b8995a6-e953-4e1a-bbd1-af3ad12fed7c,342305,57.0756805,-135.3762366667,,2026,2026-06-17
8b933b8f-398c-46b4-9b69-6361aaaec4fc,140600,51.0653,-6.2847,51.5,2022,2022-03-16
8b96bc5f-df31-4acf-8017-f2403b041e1b,342305,36.58041667,129.4129583,,2014,2014-06-20
8b9db0b1-21cc-452e-a7ee-28f670fb365b,342305,54.072912,-166.194823,97,2011,2011-02-20
8ba41218-c19a-4448-b235-5e2d237d7210,140601,37.98,-0.49,87,2006,2006-06-11
8ba82153-bfec-4811-8c83-88e3e3864ce7,140600,58.1817,1.2537,136,2011,2011-01-30
8bae6f13-8234-4a9d-819c-d91a6a1c86c4,140600,39.3835,2.3681,117,2005,2005-06-16
8bb650f9-0a95-4092-8b18-30e31026e621,341954,19.29068408,-81.3890868516,,2021,2021-07-29
8bbd5c1f-a8fd-43db-b9e4-2f333265f43c,140600,42.39,3.42,140,2001,2001-06-08
8bc2ca60-0ee7-403d-96be-6277039e91c9,410340,32.233001709,-63.766998291,901.5,1972,1972-06-11
8bcab4ce-6fdb-47d2-9681-22f04bc4eaa4,342036,-33.9256859,151.2593896,,2025,2025-06-28
8bcea877-009c-4f50-8212-3bab37ab6bfa,140600,55.3861,1.752,24.5,2008,2008-09-03
8bd51445-1715-432d-bb3f-98bc2112c0a7,342023,48.6192,-125.19628,,2022,2022-04-23
8bdb6d21-3499-478e-b620-b41229d964e1,1530663,-39.997107283,175.0605307147,,2025,2025-11-01
8be1c02c-de09-4a35-82ba-3027c51c7847,140601,39.2997,2.736,60.1,2002,2002-09-24
8bea69d9-5b81-4609-8075-bf231a945b40,140600,54.2506,0.5293,31,2010,2010-08-24
8bf6d738-0fcd-4bc9-8ced-45f9c833f730,342305,54.053445,-166.259195,80,2010,2010-08-09
8bfc77c2-0fda-4e7d-adcb-429a880fca27,342036,-33.9922329866,151.2293041294,,2024,2024-12-30
8c02509b-4f88-476f-9993-87445eebb72d,140600,52.9903,-14.1838,312.5,2012,2012-09-21
8c084a58-9893-4d92-8137-96a3c0f0bf70,140600,55.313,-0.809,46.5,2016,2016-09-09
8c0d6a4b-13e2-4a30-a11a-42c4a0a55ada,325324,-60.83833333,-55.70666667,297.5,1996,1996-11-23
8c114bf3-a28e-4d1d-a53b-9bf1f23db772,140605,43.4869342371,16.2902162659,,2024,2024-09-03
8c166ad3-a3a2-4152-9aa9-e4cc136a2533,457762,18.3339964568,-64.7309848322,,2024,2024-05-26
8c195b83-74c0-47f1-8bfb-14ea50536e5c,140605,37.7442525731,-25.6359205156,,2023,2023-10-25
8c1f0d0d-f0c6-46e3-8847-2cd30175e2ca,342023,38.9162966667,-123.71325,,2026,2026-04-18
8c27d388-30fd-4471-b6ac-363b9bd190e8,210788,-6.10285,177.331467,,2004,2004-10-23
8c299093-8bff-457b-97eb-cdbbd748a8ca,140600,53.4737,-13.9918,121.5,2010,2010-09-19
8c2deabb-575d-4cca-90b6-71ceb57a1f8b,342305,37.7661794772,-123.0778546287,,2017,2017-09-10
8c33cb0e-c3c8-4f42-b9c4-0c9cf3af6c51,325329,-60.86,-55.5,299.9,2006,2006-12-22
8c3b2aa8-10df-42aa-aece-56e487c2eeb5,210788,-8.8018756759,115.544777908,,2025,2025-09-30
8c40ea70-f693-4ba4-86be-8e85311b4949,342307,-52.9083333333333,-59.9933333333333,196,2018,2018-04-21
8c4e683d-0357-4738-b061-e5179800e92b,1530663,-43.0341,147.4553,,2014,2014-07-27
8c52955c-95cf-4ed3-983e-bdbd2c20f405,140598,36.46,-2.79,799,2004,2004-06-02
8c57a75a-d788-41e3-ab5e-30abc58baa4f,342098,-36.8639984131,176.3156738281,509,1996,1996-04-07
8c5c0061-4745-404a-8441-30405257cdae,534099,-10.1414515076,151.1508485351,,2004,2004-04-21
8c61a5bf-02d5-423e-bacc-079e896fa012,342305,54.054916,-166.22687,91,2010,2010-09-15
8c68ca87-7934-415b-aaed-f530e399e4a5,342381,-43.705,173.2667,66.5,1993,1993-05-23
8c721a75-fd92-45b2-91de-1b1f2b9776fd,341948,-38.11167,144.56417,10,1990,1990-03-30
8c795ece-f129-4cd3-aa29-4cb05f78a416,140607,41.55,2.8,145,2007,2007-06-12
8c89baed-e4df-4a6d-8e4a-951370b180bc,342036,-32.712983228,152.1568344852,,2021,2021-12-29
8c8ecff5-e40d-4a01-8598-7b8a6f0e9930,140600,57.3317,-8.6802,75,2012,2012-11-20
8c94efe5-d66d-48fe-9b2a-1e4407396591,140605,-34.4667015076,18.0167007446,,1987,1987-06-17
8c992799-c636-4c12-9b59-9fc0e930a309,342036,-33.8001016695,151.2779023303,,2021,2021-04-29
8c9c46a8-ba62-45fb-8f55-a3f39f170b96,342023,47.5712583333,-122.41468,,2026,2026-05-16
8ca56cc6-fd00-4362-8d3e-c2cde6e2aee8,140600,51.4735,-5.5155,69.5,2018,2018-12-10
8cacb7ff-acb0-4536-b90c-44f701c5054b,140605,36.466999054,10.9420003891,50,2001,2001-02-20
8cb0129f-8c56-40fb-a4aa-60ffc54e25b2,140600,53.767,-4.7808,36,2015,2015-09-25
8cb27dbf-78d6-40c0-bd04-3d86e755b488,341985,29.389833,-85.832833,51,2015,2015-10-09
8cb5d605-3424-4be6-b30c-4c190a9f7287,535784,-34.2299995422,17.4699993134,429,2001,2001-10-10
8cbbbfa7-7318-4ff2-a1d4-1fc4d29e73c7,140600,53.7753,-4.7762,32.5,2004,2004-09-17
8cc4e791-910c-443b-8acb-07f255072795,1805274,-14.68227,145.46964,0,2009,2009-02-27
8ccb0d02-e35e-4ef3-9322-b1cf3738ddd3,535784,-31.5400009155,16.5100002289,288,1993,1993-01-30
8cd01bd4-05ff-4781-b974-31f07b075884,140600,53.609,-11.9205,147.5,2016,2016-09-27
8cd7b0c8-77c8-4f80-8726-ad41a9ed35a9,341952,32.7609714195,-117.246623029,,2022,2022-10-17
8cdb1b27-fab4-4093-9cf3-2a2a5ca81353,140605,42.3382147281,3.2035211474,,2022,2022-05-03
8ce22f79-298b-4b33-9771-2257cc71ad19,140605,43.5495783883,4.0020669674,,2025,2025-10-17
8ceb6626-bb98-4304-ae39-d0e853a491a2,342036,-34.7498630449,150.8333879476,,2018,2018-09-29
8ceed259-b71c-4e55-80bf-b6cc737a7ae6,138803,23.5951874839,119.4991185785,,2020,2020-02-01
8cf4dd9b-6b33-46e2-8fa7-57bdb44b00fc,342384,-36.5406924767,-72.933141013,,2025,2025-12-05
8cfbdfd4-67a1-4fdd-a2b6-3f5ad9cbbe97,341952,34.4080485266,-119.8757351056,,2026,2026-01-31
8d00cb36-f367-4c18-8832-0d288be1fd6d,535784,-31.0832996368,16.9832992554,,1999,1999-01-27
8d08dcfe-4e49-4b85-a59f-14a2b2a2b784,341985,27.4375,-83.817,54,2014,2014-06-12
8d0fe479-ec1b-492b-8154-415e48516706,1805270,36.8045277778,2.8950361111,,2025,2025-12-12
8d1670b3-d039-4f9a-9557-3d49f6245e65,341952,32.8079033333,-117.26825,,2024,2024-02-09
8d218e08-04a4-46d2-bcbf-44fd71a85885,141694,32,-72,,1914,1914-01-30
8d24e0b6-6ee5-4228-a729-e05ea27bf349,342036,-35.2218383333,150.53813,,2026,2026-06-16
8d2d2929-990d-40a3-bddc-259afa0db344,325335,-60.88,-55.49,247.3,2006,2006-12-21
8d3383c6-63aa-4e3f-8643-47f15152ddf9,138849,36.4667,-8.6333,67,1921,1921-09-13
8d3d93cf-7611-438a-9b4d-a260c789d13c,341952,32.7609714195,-117.246623029,,2022,2022-10-17
8d42cde5-9974-45b1-860e-ecf8d2175743,342334,-31.851410661,115.7496174216,,2021,2021-05-18
8d4a5d99-0721-4906-8ec0-0d27876f1ca0,342381,-37.1,176.2,349,1992,1992-02-02
8d528aa4-32c4-45a1-9c8a-7ad541200c47,342101,-36.9781,137.418,,1988,1988-01-24
8d5414f2-860f-4201-b0fb-827df45fd488,140600,53.757,-11.674,294.5,2017,2017-11-14
8d5d517d-052e-4fcd-af05-a80cdd2a855c,140605,41.2099990844727,2.05999994277954,,1963,1963
8d603faf-4aa2-4744-9488-ab6d3bd1a670,457573,-8.2934912074,115.6118558333,,2020,2020-02-26
8d6b98bc-08f5-4689-9b6d-1c9ab6bb6fce,342023,49.14207,-126.46817,,2022,2022-04-30
8d72a64e-b6a2-40be-b352-43bad52879e6,1530663,-46.1630216605,167.534667556,,2021,2021-09-29
8d771ac8-2fd9-4b69-809f-292e37c88acd,210788,28.4525032043,-178.314697266,2,2002,2002-09-23
8d7ed88a-e645-4515-9c45-ede9ee0e9c65,534130,32,-114,,1948,1948-03-24
8d8b2854-28a8-47d6-a817-c2079c197ecd,140600,53.4027,-3.6605,11,2011,2011-09-21
8d90058c-9d02-481f-9972-d8358637f922,342305,38.1829916667,-122.96585,,2024,2024-04-15
8d952bd0-c5fd-48d2-a01b-0e9133124d31,140605,37.8200896022,-8.7941277718,,2025,2025-05-27
8d9e45a1-a844-4df5-be35-dcff81e9da94,140600,51.275,-9.2285,114.5,2015,2015-11-22
8da497e4-6943-46ef-b614-760fc3a725d4,140605,-34.0691305,22.19752167,,2020,2020-09-28
8da7654c-8461-4a25-82e2-574f93be58ab,140596,42.733333,-70.633333,54.5,1998,1998-04-14
8dade630-0602-4ddd-aaf3-49896686c1fa,341781,21.1669998169,-156.667007446,526.5,1902,1902-07-22
8db25b27-0e1e-4b17-aa33-0813c1c514aa,140600,53.609,-11.9205,147.5,2016,2016-09-27
8db59a3b-d15a-4a29-86eb-de71904fc9d3,535605,-42.5819,148.0604,,2004,2004-11-29
8dbfffda-3b3d-4ae5-94c9-1440f816a9f3,140600,48.5052,-8.6105,92,2019,2019-04-04
8dc38a49-044e-4bfd-982c-d8126c7b38e4,210788,4.1860627527,72.7717520959,,2025,2025-03-10
8dc8da51-34b6-4531-91f6-6fe9abcb3e29,140600,49.9073,-5.6523,39.5,2018,2018-03-18
8dcb3428-1224-4756-a9b0-6f886d9c34ad,342023,51.254383,-129.17285,263.5,2003,2003-07-09
8dd388f4-5647-4415-91f0-1453c5147a75,140605,36.69,-4.29,44,2002,2002-05-12
8ddfda9c-0f68-4639-8cce-2bea88c78504,342305,48.91858,-126.18977,,2024,2024-05-08
8de678f1-b368-4340-bf9e-c26608b19dc0,341952,34.0040714,-118.8035217997,,2024,2024-12-31
8deb061d-fd74-4d41-8eca-cc8281981da9,342212,67.112778,-57.2864,0,2009,2009-06-23
8df2aa1e-9b94-42ed-a743-f63c61eba2da,749548,26.7825100527,-80.0413820574,,2025,2025-05-14
8df96359-e3df-42d7-9519-b9f0c51b948f,157011,50.01040001,-66.67401662,121,2007,2007-05-13
8dfd1006-24e4-4eae-abbb-0ac3a1e7afcf,140605,40.9668901923,8.224080449,,2023,2023-06-25
8e04bd3e-586e-4efe-a360-1408839642e8,140601,33.6699981689,11.345000267,46,2004,2004-09-23
8e08e7bd-d32d-4f82-8f17-7b9af14df676,534099,12.5294008,122.2880726,,2025,2025-10-31
8e0f9ad1-1d49-4500-a653-ddac9ba8f3e9,215276,8.6381,97.6372,,1991,1991-03-12
8e14d1e3-cbde-4df3-9f92-1b1f0efbcc23,140606,36.84,-1.87,303,2005,2005-05-15
8e1b262d-57b0-46f6-9628-9578a6a30b4c,140605,43.2153615359,5.3412788084,,2016,2016-08-07
8e209e16-9dbf-4610-a06e-848d24f1d2c4,140600,40.02,0.56,76,1999,1999-06-01
8e27e16c-0b96-42d6-bcad-83274cc0cf0c,342305,47.6911552276,-122.4079470473,,2025,2025-04-06
8e2d6273-279e-4d4f-bc80-554b7e0a579c,141694,-26.7000007629,40.1166992188,500,1963,1963-02-22
8e32191e-4411-4a3d-a5a3-5321d5d32a11,138803,23.6690414351,119.557472226,,2024,2024-02-11
8e3540de-38ec-4960-a2cc-ac23838be551,342051,24,-167,,1909,1909-07-02
8e40c507-4c33-4eca-9037-4f72cfe68d31,342023,48.8136431384,-123.6064410998,,2022,2022-11-01
8e49ab05-e98e-4d9d-a514-ca2addb04af4,342334,-38.3562343123,144.7721169676,,2019,2019-06-09
8e500f1a-5421-415f-8f20-718c12997297,457573,-1.0320467503,130.5052175718,,2024,2024-02-06
8e559710-7bb4-4a79-96ca-e48b0f36e7ea,535605,-41.3462496851,174.7895642578,,2023,2023-02-12
8e5a3416-17e8-4d60-9fbe-0119935d770d,342212,67.388,-60.813,1063,2006,2006-10-29
8e60bc4f-51ec-450c-bcaf-cfa8b012680a,342272,-51.283000946,130.983001709,485,1968,1968-08-19
8e67dd3e-24cb-4849-a2d5-2450f024d7fe,140600,57.6712,0.6564,50,2007,2007-08-23
8e6d7a9f-486b-4946-b56a-bf3976bdbc8a,140600,52.8998,-14.0712,107,2013,2013-09-12
8e74c9fa-fa6f-4bf8-9d93-1a8b5ed03482,140600,39.77,2.47,144.1,2009,2009-05-10
8e7b3657-8079-489f-bd54-3a4fd3e72154,534587,53.66385,-136.58949,,2018,2018-07-15
8e82eb0c-be87-4872-9779-a49c52e63cd6,342305,54.048809,-166.246219,90,2009,2009-09-11
8e8890b4-4b5c-4129-a54f-070fe148b090,527127,-50.5116666666667,-62.5625,152,2012,2012-10-21
8e8de404-6636-4282-8e40-de8a4ef84031,140600,53.0457,-12.0897,122,2009,2009-10-15
8e939a0b-6545-4c7f-853a-7fab6da072fb,342023,47.5230936818,-122.3949740788,,2025,2025-04-29
8e98b0b6-3033-4664-96f8-40276fc645f1,1775208,-37.5,168.7,990,2002,2002-03-27
8e9b2daa-ec08-462b-ab8e-4a58cdab3b66,342023,36.94905,-122.0613944444,,2024,2024-11-17
8ea5baee-1e64-49a6-989e-c8ee1cbfe875,341950,-35.0847605,137.7498077,,2020,2020-07-25
8eabd99a-3fbe-4909-8c7b-5119c72a7795,140605,43.6411463306,7.1469610614,,2023,2023-11-26
8eb309a0-4491-4d46-8b5a-087daa431672,325325,-61.65,-57.05,466.6,2006,2006-12-30
8eb6ead3-6742-41a4-805f-c90967f6836b,341954,16.4524565312,-85.9309601783,,2026,2026-02-12
8ebbb41b-3f82-455a-92bf-249028bc3241,341786,7.7712262541,-80.1762636378,,2024,2024-11-22
8ec0e311-4d8b-4020-bca3-3a639aface73,140605,41.8400001525879,3.46000003814697,,1963,1963
8ec669e6-cfa3-46cf-9fd0-6cc0fe65d342,140605,42.72938396,16.03558559,,1983,1983
8ecbf627-4315-42fc-b371-b3e322459308,342334,-35.2587460807,138.3101650272,,2024,2024-01-04
8ed0c9f1-1805-427c-980f-3cfb5cb1f5bd,325319,-61.60833333,-58.73666667,568.5,1996,1996-12-6
8edb572c-aca9-4495-8d03-641305160d39,457573,10.1476581807,125.0036000943,,2023,2023-04-17
8ee2f5bd-e99e-422e-8afb-2e86985ce986,140605,38.2633799352,15.2446523692,,2023,2023-08-04
8ee63c0d-8f8e-43b1-87f9-7e8bf120b2ee,140605,42.237593054,3.2071591251,,2025,2025-10-26
8eec35aa-8bfe-4115-8147-712e84c36e3d,140605,38.4385220999,-9.0599745426,,2023,2023-07-08
8ef64cd0-38bf-47bb-a6f5-174d81c26524,342036,-33.99182987,151.2299716,,2023,2023-11-12
8efea5fc-5626-43ff-8096-712c20c8ef76,342334,-38.1594778333,145.1005555,,2026,2026-02-28
8f02da92-8bae-4f64-9d94-74b45e3aa3c9,140601,45.64861,13.78,,1934,1934
8f0db326-ea5d-4fd9-9ec4-0299cd97db96,420653,28.9198482987,-13.6714815714,,2025,2025-04-01
8f0fe6be-42ba-4ff3-a7e1-451e3e6b85ed,140605,42.387827863,3.1636613762,,2025,2025-05-19
8f139feb-672a-40d2-a93e-04d590d867f4,140605,38.5124938643,-8.9103090763,,2025,2025-06-10
8f18fc54-d183-4c78-99f9-9339f79c9a24,342002,34.81033333,128.81815,,2012,2012-10-19
8f1e8c5d-89ce-4a12-98b2-5fe11887de48,325325,-77,174,512,2013,2013-02-01
8f261b4b-0098-4061-acf2-380d114904b3,140605,42.3005248454,3.2928834902,,2025,2025-09-11
8f2ebb93-edea-41e5-b3e8-84d58d142148,342036,-33.079678185,151.6379182434,,2020,2020-04-14
8f39ac2e-285d-4628-85be-7c9b8e1ac418,341952,34.3204083333,-119.3768,,2021,2021-02-28
8f418a20-6599-42e8-b59a-a3295343c189,342036,-37.0720994776,149.9085962571,,2021,2021-04-17
8f46ef36-7af5-47b8-9e81-f4db672a6ca3,140605,-29.4772435337,31.2648095568,,2007,2007-09-12
8f4a7b98-defa-4417-b3d6-3f2c5e307eaa,342226,-44.7836667,174.0826667,833,2010,2010-01-20
8f4d185b-4277-4682-8016-d1c5f3eba9f9,342334,-38.3698945,144.822172,,2022,2022-01-22
8f542c48-bc60-4cfe-9791-b8f56f35bb62,457762,14.5293433333,-61.0880966667,,2019,2019-01-04
8f57a1d9-6270-4a67-b773-36859288fe9b,342036,-30.2054831,153.26693,,2025,2025-10-06
8f5ad07a-4cf0-4eb7-b648-936358237527,341781,-44.5562,-175.7555,921,2001,2001-10-26
8f65dbba-ac3b-4299-9517-041cd5c4a5bf,325325,-61.86,-59.26,266.7,2007,2007-1-1
8f6f6435-407c-4761-bec6-dc83675109b6,341984,15.872188337,-61.5955836367,,2022,2022-03-12
8f761d7c-39af-4a42-89f8-0892d4485774,140600,53.2823,-12.8875,154.5,2010,2010-09-16
8f7ac9f9-91de-41a2-8e21-0ecae1c694ed,153122,47.70533333,-59.5055,,2001,2001-08-06
8f7f86a4-70b8-4285-95c7-16813b5df2c0,410340,-28.48966,161.28492,1530,2003,2003-05-19
8f84309e-0189-44d3-9d8d-61079c0ace5c,138803,25.9178609426,-111.2080468804,,2024,2024-05-31
8f86ce8d-4e7c-4166-a19f-4bc22a025243,527142,-49.12975,-60.3644166666667,263,2010,2010-10-30
8f8d6a27-0d1a-412f-8da3-040741366c58,140600,52.7763,-13.392,144.5,2012,2012-09-23
8f91b1bc-f4ac-45cf-b559-f9367ce68a7e,140605,40.5999984741211,1.13999998569489,,1962,1962
8f94486e-7156-4fe4-9a36-c9c853b3a4d2,138803,13.8658051613,120.9421392101,,2026,2026-04-10
8f9a8541-8dec-4676-8b14-eb6b697d8e5d,140605,37.8815206,20.7213725997,,2026,2026-07-20
8f9da229-7701-4a99-bb2d-a883f7e3a63d,157011,44.068611,-52.5344,101,1985,1985-06-13
8fa21e09-4115-459a-9ac4-95d5fdc798e4,535623,-18.6608,146.839,,2003,2003-12-15
8fade971-f714-4e5f-a765-515c40e3e0a3,342305,54.060858,-166.241027,124,2010,2010-03-15
8fbde829-8915-4b1f-9275-0387ab0925f9,140605,41.3600006103516,2.50999999046326,,1963,1963
8fc529aa-d501-485b-bbb7-d9eaab25040b,342036,-36.8928917708,149.9169142079,,2024,2024-12-12
8fcdc752-18aa-4b67-a5b4-805ed29ab48f,342270,-16.5678268,145.51488525,,2023,2023-01-22
8fd79119-fd89-4060-9854-f8722b60de70,140605,42.3361967896,3.2016120031,,2026,2026-07-08
8fdff661-c75b-4f5a-8e54-648517fbe58f,342305,48.61694,-123.50194,,1981,1981-01-12
8fe7759d-6c07-48ff-b86e-0586f7d51dfd,341952,32.814705,-117.2738333333,,2017,2017-01-15
8fedef96-e902-4832-b5bd-753413ddae40,342036,-37.9852690784,177.3884081841,,2018,2018-12-29
8ff38313-772f-42d1-8b1d-60f670ddae20,342334,-38.1459421051,145.1141149164,,2023,2023-04-04
8ffb5021-3fb5-4b9b-af12-394381588b13,341781,37.6487,-25.412,0,2021,2021-08-18
900043bf-2174-49b3-bb3e-2ce9876296f1,210788,-20.513145,57.4130533333,,2025,2025-06-30
900985d3-5412-4c78-b4b3-9972138a8b03,341952,32.7611776,-117.245933,,2024,2024-08-14
90120f3c-3cba-43f0-a29c-2a1f8c4e7fb6,341985,26.4,-83.366667,55,1967,1967-11-15
9017cee8-714b-4fbb-a5bc-f733051a3027,342036,-36.2158166667,150.1318805,,2024,2024-06-20
901f06b8-836b-455d-9703-ce0827f1bf00,410335,-47.15533,170.1457,954,2000,2000-12-14
9024379f-1c7a-4375-93b1-c7ec82e2f0bc,342023,37.440219,-122.443587,,2015,2015-01-21
9029e35b-a3e8-4f34-a615-69b868b584ab,342305,54.059678,-166.203665,90,2010,2010-08-09
9033cd60-1a9c-4bf8-9ead-6e5fb4c84007,1530663,-36.7214391561,175.81560608,,2020,2020-05-15
903d82f0-44bb-4c79-9501-57dddcfddcfc,341951,34.409558192,-119.6854184821,,2020,2020-07-30
9042f750-7c8e-4903-9044-31701f841b8b,140605,32.8880004883,-79.5130004883,7,1991,1991-07-19
9048628c-e64c-4d40-8cca-63f766b665c7,140605,41.2099990844727,2.05999994277954,,1968,1968
904c3ba5-8635-4e79-bc89-66fa77b609ee,210788,28.5503849668,34.5251882749,,2025,2025-04-01
90515696-21b5-4290-b84d-bd47f1c224d3,1805270,43.6953816315,7.3096114453,,2018,2018-08-22
90555c92-04f4-4932-b720-043d95d94aae,210788,5.2552293302,73.1636177998,,2015,2015-04-17
905822c9-1ea9-4506-ac34-13dd8e6f60e3,342015,-38.1755,144.74533,12,1990,1990-03-28
905ad5dd-09b2-448b-bd9e-e146163dcda3,341950,-38.3560329202,144.7738258655,,2022,2022-03-04
90613908-ba4a-426b-ac50-54d1cae73b3a,1043781,49.66067,-124.82359,,2023,2023-07-08
9065cadc-0da6-46b3-ba18-829e478c8444,325327,-66.1480026245117,140.649993896484,213,2008,2008-01-14
906abad5-6292-43ec-ae0f-1365579cea6a,342332,-33.53193,151.41583,,2007,2007-05-06
9077ab52-397d-4a0b-b885-9bb08bfc8554,325327,-61,-55.72,109.8,2002,2002-2-1
907e4037-c905-434f-a8e2-303844ba09b8,140600,56.7333,-1.2833,0,1996,1996-09-06
90860793-f3f8-4e5c-a2d9-9d31c84600af,409949,9.57166957855,123.150001526,,1978,1978-05-15
90889b9c-657c-48e7-9aeb-f3653c0a124a,341952,33.7073883333,-118.2855916667,,2019,2019-06-07
908c2593-040a-4094-8f5c-d0f2e2018e3a,342036,-30.3743353644,153.1010159478,,2024,2024-01-24
9090cb83-103d-4d71-9793-3a1696a7030f,1530663,-36.1106222,173.880503,,2022,2022-12-06
9096fe14-e748-46e5-951f-b2d1a6736772,210788,23.3505385284,35.8683575047,,2022,2022-11-02
909ccb85-2e59-4442-a423-179a755354cc,325327,-60.9,-55.65,164,2002,2002-2-4
90a03d12-f583-4228-a944-f5ded13b11df,140605,37.7570711148,23.8972266659,,2025,2025-10-20
90a67fa4-e3ab-49c4-91d1-0091f4e82e38,342305,34.49183333,127.758,,2011,2011-12-08
90ab8bd3-f696-45b5-a2c5-a9177d6cd2ad,157011,49.09233333,-64.23,329,2015,2015-08-19
90b3aa17-24c6-4d39-b09a-ee28c4d39d25,140605,-11.57452382,13.49072539,112.5,2000,2000-03-19
90b79482-bbc1-4faf-b126-f2d9effb50fe,342381,-36.43,175.76,8,2012,2012-11-13
90c1b8c3-d187-45cf-a9d8-ef3afce909dc,140600,43.12,15.33,187,1970,1970-07-15
90cb3ad4-ea31-44ab-a40a-197c527fca2e,210788,4.343363,113.898111,,2021,2021-08-15
90d0789b-62ca-4b98-b9cd-01a91ee67d8a,325329,-62,-59.63,176.1,2002,2002-2-16
90daadb0-2005-4038-96e2-7686d8e60bc2,210788,-31.54661,159.06104,,2022,2022-12-12
90dd72f6-b0c0-4f54-8bea-3115aa4c09c7,325315,-78.2829971313,-177.917007446,636.5,1968,1968-01-26
90e2d138-3f04-443d-a290-2313c679e505,342381,-47.8298,168.7848,273,1994,1994-02-21
90e7b4f1-98ad-4c33-a289-c2b8156a2274,157011,42.943333,-50.4083,101,1985,1985-06-16
90ef0e3a-8d4f-453f-b703-76dff9e0f451,210788,23.8588472511,58.0864588961,,2026,2026-03-08
90f3a664-83ac-4b7c-8722-16e76e5de1a0,342385,-41.3485167107,174.7648659302,,2021,2021-09-11
90f74fa7-7531-401e-bca9-2137d8ca4b74,341954,20.5000492869,-86.9621895296,,2017,2017-07-22
90fddfb7-f552-4230-a8dd-a9b663757d90,1805275,-27.65,153.47,,1994,1994-04-20
9102dafa-e0fb-4073-b072-c9ffa7234b6c,140605,25.13566667,-83.35583333,63.9,2019,2019-10-21
910660cc-0e29-4938-8a05-9a9bff294884,749548,26.9390989342,-83.1149688255,,2020,2020-05-03
910d2de8-02e5-48e2-a2d0-3c023a7188de,342036,-33.8050174356,151.3037909415,,2023,2023-04-27
91150722-7203-420c-aa17-97d9b065a7da,140600,39.3154,3.301,120.7,2004,2004-11-18
91215070-3d25-4feb-85be-47ae53a27660,325319,-54.21,-38.04,172,1994,1994-1-22
9127786a-f85e-4016-a458-da28eeef9c97,140605,26.4125,-82.9625,40,1976,1976-02-29
912d63c6-4bda-435d-8022-f728cbb7b4c6,140605,43.3344423688,5.0294673698,,2022,2022-08-24
9133cc92-9828-4796-9291-17aa257a0df2,341952,33.7080990494,-118.2852802535,,2026,2026-02-02
9139c0b5-e5b2-4af3-b720-4b02c84d79d7,215276,28.3902087834,-16.2862998832,,2026,2026-07-04
913eeebb-74d5-46e3-baef-fe6ab36172d4,210788,-14.68708,145.44327,3,2022,2022-12-03
91464bcf-c965-4ec9-bab3-7c880a6c4f29,140605,39.7921205091,18.3428836226,,2006,2006-05-22
914e73de-b638-4334-baa3-06f49104ae6e,140596,43.730407,-67.646253,237.5,2005,2005-04-16
91577e97-cd9a-4b90-9011-fe3f9d4d3f48,140598,39.791,2.2913,645.9,2003,2003-10-15
915cb1f2-923a-41fb-be60-184dfc199816,140605,38.688605,-9.3624283333,,2025,2025-09-24
91637262-d5fa-4789-b552-445a92fe201a,341952,33.4040341192,-118.3668003148,,2020,2020-09-13
9169de39-0919-487c-91c8-fbff9c7c6524,140600,49.7157,-5.7492,47,2020,2020-06-20
916dfdf0-7948-43d9-b145-3a0b00cf83fe,140605,-34.2004504881,18.456755808,,2024,2024-03-18
91730c20-68d4-41cd-b325-c636345ed4dd,341954,29.023666,-85.5125,68.5,2018,2018-06-14
91784e58-dea7-425c-8f6e-4e1859b309f8,140600,55.41835,-5.53649,,2023,2023-09-16
91831d83-4a52-4ccb-8560-630c22134a1b,140605,34.783000946,-76.375,9,1998,1998-10-14
918c06ac-1293-40e4-bf5e-6d348de5909b,342010,-0.27971,-90.54489,,2006,2006-08-08
918ff932-d4c9-4478-bc20-e64be775eca0,210788,-1.0320467503,130.5052175718,,2024,2024-02-06
9194a6c7-0ada-48ad-aec6-c28dc184766a,140600,52.8373,-13.3668,138,2015,2015-09-25
9197bf9d-8021-432b-9f99-67a1806fe756,410340,14.6167,119.8667,500,1929,1929-06-17
919cf39f-1db7-41e0-a181-e68ce079c715,140605,41.8,3.14,78,2009,2009-05-07
91a3b840-ae5d-4bc5-89ff-5580b89ed356,342036,-32.7139167494,152.1420129503,,2014,2014-04-18
91a6c4b2-cf05-487b-b2dc-18eb8dd0479a,140605,43.2826009452,5.2926493816,,2024,2024-05-20
91b01ca8-e30f-437a-8af8-55c9655b8333,527127,-52.78,-58.755,146,2020,2020-09-26
91b48615-e56f-4567-b9a0-fab86624e0d2,140600,49.1967,-5.2998,53.5,2020,2020-06-22
91b95938-a43c-4fad-9a24-2265e8e573e8,342305,54.056462,-166.282587,90,2011,2011-01-13
91c00e9c-0a21-424e-b54f-7bc7980bb7e3,342403,9.8018719705,124.5974060521,,2023,2023-05-04
91c5ee2c-2d8b-4e9a-96c2-63bb89f68605,342036,-33.8500201236,151.276514018,,2021,2021-12-31
91cb3e33-2c25-414a-a506-364276a6e46e,140600,52.94747,-4.587863,16.8,2010,2010-05-17
91d34d57-1bac-4466-8932-a2559489f75b,140605,27.052333,-83.652833,56.8,2013,2013-06-12
91d81ae0-295b-4bd6-b6df-536da3fc522b,140605,36.35,-5.2,47,1995,1995-04-24
91dbe5a1-593a-471f-ab42-071e8761ae77,140600,51.1565,-9.9525,120,2013,2013-11-03
91e1a48a-c6a5-44c5-b0f5-34dbd4bf2052,141694,23.533000946,-81.8000030518,,1914,1914-03-18
91eac9dd-1d41-42b9-89d8-c66b42322bb0,535784,-33.7832984924,25.9333000183,,1994,1994-10-12
91ed0155-56be-4901-8975-af03878383ae,535784,-34.4832992554,25.6166992188,,1988,1988-05-22
91f24166-4a35-4547-85b7-99a350602978,341954,16.3363968904,-86.4717308367,,2024,2024-04-11
91f8730a-3363-4b62-99cc-4d65002fb3b0,342036,-33.0831779643,151.6500720605,,2026,2026-01-28
920151ac-88f6-4100-8a31-fd560f01d9f3,140598,36.66,-3.2,631,1998,1998-05-11
9206093f-f81d-4108-8afd-eaba040212f0,342023,33.8373350011,-118.3920387722,,2025,2025-01-24
920e4e81-ab6d-40fc-9f28-c193d0d0cc1d,342307,-49.76,-60.525,165,2012,2012-10-27
92117d73-6bfb-4897-aac2-062c285b54c5,210788,4.5897007374,73.4142905926,,2016,2016-03-19
92146e29-4f1a-4e53-bda5-fcba77ad527d,341954,28.669333,-80.1065,64,1983,1983-04-23
9217d5f6-044d-4c26-aa6f-cd0d47942687,239392,-54.24,-37.98,141.5,2006,2006-1-16
9222c465-768e-4a83-ba24-f841afbb6315,140605,41.3600006103516,2.50999999046326,,1967,1967
922ddbd1-33ac-4616-9bd7-056e4d8701b9,140605,42.25,3.50999999046326,,1968,1968
9231a79f-3e65-4546-88bc-5c7acbbc82e4,138849,16.733333,-110.633333,750,1989,1989-11-26
9235903d-063f-4861-93ea-7af25c638128,140600,48.4237,-7.5678,84.5,2019,2019-04-04
923d77d8-1cca-427b-bf0c-6dad0218fadd,342305,54.057109,-166.28631,99,2010,2010-01-03
9247f139-5561-4bd3-b9d1-981fe9487799,138849,29.7857999802,-23.1224994659,650,1972,1972-04-01
924c306d-7d57-45ed-b47a-6950cb312b76,1813559,54.03575,-133.703683,798,2012,2012-09-01
9250a9c3-ae64-4fcc-8194-370464ab1113,341952,32.7605044276,-117.2456201118,,2023,2023-09-06
9258ae5b-849d-4d5c-bff5-15042948db20,535623,-24.2906,152.859,,2004,2004-04-15
925f65ef-4fc4-45fe-ab54-5f94dfac75fa,140596,39.94,-69.340333,296,2002,2002-02-27
9269496f-b61a-4b6b-a6e5-60308478dec6,239392,-60.89666667,-55.61666667,132,1996,1996-12-9
927201c4-8e44-498b-bb14-a294031f9130,140605,39.42,-0.02,114,2003,2003-05-08
92778688-ba06-4c19-a7e9-2c18ec54342f,341952,32.8481088895,-117.2793477774,,2025,2025-10-30
927bd613-5638-4140-a055-6986fb9af27c,342023,37.8963361111,-122.7103722222,,2023,2023-02-18
92828216-5ff6-4790-b9be-e16b326dc59c,140600,52.7297,-12.6897,244.5,2010,2010-09-27
92863a22-020c-4f7b-bb45-4d4cf11a9f42,140610,-35.01667,152.775,23,1979,1979-10-24
92895427-bdf1-41fe-89d5-2824daec9e5f,140605,26.4167003632,-83.8321990967,,1977,1977-08-21
928fd472-dadc-48a2-834c-8b29d7fe4cc7,342045,-42.5833,148.042,,1985,1985-04-23
92965ec8-aec6-4784-af66-304e99991ee8,341953,-18.1849994659,178.524169922,2,2001,2001-07-25
929df8b2-5e72-46d9-acda-503515bc81a8,140605,38.6875833333,-9.360125,,2023,2023-09-30
929fb7fc-98c3-4abd-8fe2-3be798ffbeb3,210788,-16.0732166667,145.8322833333,,2016,2016-11-05
92a42b3c-948b-48c3-b52b-909de2f34d23,342403,-16.3815748615,145.5640085547,,2015,2015-11-30
92a7ecec-a36e-47a3-8f2b-5d8411c8445f,140600,49.8338,-6.4545,42,2020,2020-06-19
92abf6c5-c57e-4f33-8bcc-6e86468f5f18,342334,-38.4756869878,145.0272436784,,2023,2023-09-08
92b156dd-b04b-4fb0-8697-dc3c9192206d,210788,29.499555976,34.91636571,,2025,2025-03-01
92b533ed-1e63-4a44-9b49-ed18588449e1,342036,-33.3931085972,151.4869619131,,2026,2026-04-27
92b88990-cb57-43aa-a30c-3d889d903516,140600,39.1078,3.0195,107.3,2006,2006-06-22
92bdef7d-30ff-44d6-b1fa-b3ac240c6a2c,140600,57.7422,-13.835,75,2009,2009-09-05
92c1dc78-9e53-4e22-b981-027baa31c33f,1561957,-32.1054692372,115.7608379199,,2026,2026-03-27
92c584c6-3469-4716-bb6f-dfbfeaa38df6,140605,-16.31138394,11.52799551,83,1989,1989-02-14
92c93db2-8254-4545-994d-674881c38c20,140601,45.218665254,12.3287260249,,2018,2018-06-07
92d2e7c1-328f-430a-9f05-e57c285a1348,140600,39.933,3.4278,117.6,2006,2006-05-08
92d899ff-5cbe-4b38-8eee-ab9f81ecc307,342384,-42.9991556768,-73.5438762233,,2024,2024-01-27
92de57e5-a982-43a2-bae7-699840cf40c6,140605,37.8,-0.63,44,2004,2004-05-15
92e1d5a6-d167-4573-9ba0-8408c95edd5f,342305,34.76666667,129,,2012,2012-07-27
92e5e343-77b2-4cf9-b2d7-9ca5cd60f75b,140605,39.2788,2.9069,67.5,2005,2005-10-19
92e990c9-6c52-44c6-a8a4-1b800bd66527,1043781,51.828266,-129.5002,247.3,2015,2015-07-30
92f297d1-c962-4280-b535-834f84bc1c19,140605,39.2931,2.9107,58.5,2006,2006-04-21
92f93af7-419d-4af9-85c0-3c817be6ebc8,210788,21.280747358,-157.6761931396,,2023,2023-01-18
9300a8ff-9560-44f4-ac85-8d09f0879749,140600,49.8218,-6.257,42.5,2021,2021-03-22
9304b940-87ec-46a6-9d09-ff8fa0e27eac,140600,53.6567,-11.5262,114.5,2021,2021-09-11
93085fb3-453a-45c8-ba4b-569835eef49e,140600,50.713,-7.864,107.5,2019,2019-11-22
930c9a80-a847-42cd-b251-27c6e41ea023,140600,57.7738,1.2908,42,2015,2015-08-20
93176470-17e6-4149-b77b-5fa79c69d948,140600,50.0455,-4.8288,38.5,2017,2017-03-10
9319a859-6a77-4bab-9632-59733109bc8f,341952,34.4611492473,-120.0655273314,,2026,2026-04-05
9321c57e-f0ac-4963-812e-358e3177a53e,535623,-12.5716,143.472,,2004,2004-10-03
93295345-9173-4cac-9b71-80bf0a8ed9dd,1043781,54.1863,-130.67316,,2024,2024-09-13
933119f5-dac1-45e6-9aa3-e97d2e4ec64d,140605,28.3392962594,-16.8885684924,,2026,2026-01-23
9333c7a9-32c7-4002-a526-b0c155546269,342036,-33.8002539308,151.280036362,,2020,2020-04-10
933a5d64-e321-4609-9edd-d9b83245fb25,140600,49.1171,-6.5147,57,2010,2010-03-17
933cf12f-424c-4c7f-9db8-6fb99d73c7da,140600,46.7034,-2.232,11,2017,2017-11-22
93406d08-c90c-47ff-94aa-bb9f1e42c033,342023,37.494976378,-122.4993041233,,2025,2025-06-29
93479c9e-1c04-426a-8316-d70d6ee2c138,140596,41.483001709,-65.9329986572,366,1974,1974-07-19
93507316-7f60-41f6-9e95-02a6d4531cc3,140600,48.3778,-6.6,70.5,2020,2020-11-16
9357d444-6d5d-4b1d-81ed-c6240d26dda7,140605,42.289755,3.286085,,2017,2017-08-02
93610089-2703-49d7-82e3-c2e49716089c,342036,-33.3892762446,151.4859019413,,2025,2025-10-10
936508aa-34ec-43af-89d8-66bb63b6b3ac,140600,52.97237,-4.661414,36.3,2010,2010-06-01
936c1157-33ff-4c6c-b8dd-78bcdba17faf,342305,54.057398,-166.244348,112,2011,2011-02-19
9374d8d3-9101-4320-8efe-a408c4dbff34,342381,-36.02,174.7333,59,1964,1964-11-10
937e5123-4e81-4b2d-b066-765b864dd93e,535605,-38.3427521093,141.6123211158,,2026,2026-01-03
9383beea-01c8-4a04-a7e9-40f49e1f1550,140604,39.788,3.9373,480.9,2001,2001-12-10
938c6178-f0dd-4a63-97b1-426165ece189,140605,43.2115033812,5.3522717923,,2025,2025-02-03
939285b0-ecf6-40d2-9f44-0c1a2231a1c5,325329,-60.98,-55.19,256.1,2006,2006-12-21
93990fce-96b2-46e2-8981-b87cb6dfcf46,140598,36.36,-4.39,657,1999,1999-05-06
93a0630a-dafe-476d-b489-28ee3904fbd7,140605,42.3300018310547,3.52999997138977,,1969,1969
93ab6814-ab6b-48e0-869c-3a99309105cd,1805270,43.2287418082,5.3480326903,,2024,2024-12-25
93b39389-4ea1-46a7-b239-93b3f893befd,157011,48.604,-62.84133333,389,2009,2009-08-16
93b97a5f-7283-4769-903c-a704ad3dafa1,140600,50.0455,-4.8288,38.5,2017,2017-03-10
93bf7648-e8ae-4488-820c-e9a9abfb1baa,457762,20.3714726369,-87.0243276175,,2012,2012-07-01
93c36e8c-8d2f-45ed-bf77-3f99e1c8292a,341952,34.512825,-120.5044166667,,2025,2025-05-22
93c5fbba-84ec-49f2-99df-bd9e9d563335,342036,-36.7253494195,149.9886339326,,2021,2021-08-16
93cae2bb-fc1e-42a2-b138-ffc266fc0c9b,341952,33.545605,-117.7977666667,,2023,2023-12-13
93d2841d-ec06-4be1-886d-44feb472b851,140605,41.7592957979,2.9810674489,,2026,2026-06-21
93ded403-6f30-4c8e-80fe-ae1477a5dc90,342023,33.8366313679,-118.3941637187,,2025,2025-05-21
93ea39b0-b1ff-4439-a6f6-6b732d17f2a0,140600,53.300946,-3.952209,,2003,2003
93f31602-2522-42be-9d7b-b6375e222fbc,140605,39.5825,3.5042,68,2008,2008-03-28
940138a9-c1a8-47d3-b3b4-1a3621f3f63e,341952,34.0443552245,-118.9341047155,,2020,2020-12-14
9406a2c6-5739-41be-922f-3f1b501681e7,210788,26.5096378539,127.8831760495,,2022,2022-09-11
940cbbff-5b42-4ce7-a391-5cd2218d11c1,210788,-14.68227,145.46964,0,2009,2009-02-27
9413d1f9-c645-4cc0-b0d5-8abd3dbe2fae,527142,-49.31325,-60.2224166666667,242,2010,2010-10-31
941c264b-af9b-4d20-9359-52a0d436fa81,410340,31.6983299255,-63.65832901,76,1973,1973-03-16
942070eb-911d-4a84-9517-398e87ec2022,341910,-32.4500007629,16.3799991608,652,2002,2002-02-04
94255429-f813-46a7-9fc7-29d378e79f9f,534733,37.30736667,126.4505783,,2025,2025-10-15
9428fea0-3115-4df3-b783-a126d8435b24,140600,49.5495,-2.5168,28.5,2013,2013-02-24
942c8b0d-333b-4b53-a649-98d462425034,140596,42.233333,-68.5,157,1996,1996-10-27
94348a61-1ed3-40d6-96fa-994f9ee28b19,140607,39.2279,3.1406,91,2005,2005-10-01
943ae8fb-c766-4d3b-9eeb-a70eeea06343,140600,49.5495,-2.5168,28.5,2013,2013-02-24
9441af39-1e00-42fc-8b16-84d7b7b4f2b3,535784,-29.55,14.5833,438,1989,1989-09-17
944d92ce-8156-4e41-9719-2c1583d87c0e,341954,19.3836315203,-81.4169631056,,2026,2026-02-19
945427e6-f38a-4f16-b32d-a44639fe780d,749548,26.783401742,-80.0404364816,,2019,2019-10-16
9458dcba-066d-443e-ad16-651fbd98c17d,140605,42.6899852498,9.4481888993,,2025,2025-08-09
9460eb73-e3b2-487a-be26-14d032627a25,140600,53.017,-11.2345,133.5,2020,2020-11-25
94670607-8aaf-4c89-96da-101a6f47bee9,210788,26.0227079958,34.3255702397,,2024,2024-08-15
946a4cf5-bd46-4bc7-9588-c5913d82c048,535623,-23.3656,151.199,,2004,2004-04-24
946e8d11-4cd6-4791-be42-8492b65928b9,342023,49.8709968782,-126.7426403273,,2022,2022-09-24
94740ac5-a11f-409d-8f5c-e2a206e5c598,140605,42.289755,3.286085,,2020,2020-08-11
947692cb-7320-4075-b962-183866b99625,210788,8.7331051107,167.7244982066,,2012,2012-08-19
947d0017-3653-47f5-bcf8-b53f83b228f9,210788,11.2810192292,124.2557375877,,2022,2022-11-03
9481705a-0766-4b9d-9a7a-aaa4807e1e7a,1775210,-42.91,178.915,777,1996,1996-06-13
9487b668-baf7-4b5d-81c2-18d25a1eb560,140601,36.76,-2.27,62,2003,2003-05-01
948dc4d6-8381-47bd-b710-2790e6cbe39e,138849,17.6833,-60.9667,267,1921,1921-11-27
9494d7a1-46bf-454b-92ac-7c5599aeac1c,342023,32.8899288938,-117.7219156176,,2026,2026-03-21
949a66bd-26ef-4fa2-a0ff-90e5c80a50a0,534126,38.85,0.97,462,2004,2004-05-18
949e29db-ede2-4a9e-8213-93041dc865ae,140652,-8.015833333,12.60775,651.5,2009,2009-03-31
94a5a90d-233e-468f-9875-ad22b48b0ea9,341950,-37.87,148.162,,1984,1984-06-05
94a7fed2-0582-4a03-bc3f-06daae33789f,342305,48.142236314,-122.7870504436,,2026,2026-05-09
94acf9c0-c050-4161-9adc-5d4882d5e052,749548,29.3688916269,-94.70457525,,2007,2007-02-05
94b15689-dc17-4dbe-a7b7-1dfb796b0069,140596,42.265667,-69.0195,187.5,1999,1999-11-09
94b5eaf9-45a8-4a5e-958d-384c04ae6b32,140600,49.0826,-10.046,65.5,2019,2019-11-15
94b942fe-1cc4-4cba-8707-d2dc87807456,239392,-60.93,-55.46,148.2,2002,2002-2-4
94bfa2a5-e961-49e3-bbd6-256260096d77,140605,34.158000946,12.1020002365,89,2005,2005-05-21
94c7dd4d-f380-4fcd-a6f4-df0773ef89b8,140601,39.2976,2.7355,58.8,2007,2007-04-17
94c969b7-5212-4d8b-94ef-4bca407d75d3,140600,53.7633,-13.6165,168.5,2021,2021-09-08
94d025df-5ac2-40e9-a2ca-01baac466daf,342305,54.071575,-166.213314,102,2010,2010-03-15
94da2c13-506c-45ae-83e9-f3c53868bc6d,140600,39.9,0.89,146,1995,1995-05-09
94de0cfa-246f-44bb-9a99-4cd2a77dc3bd,342305,34.84683333,126.882,,2011,2011-05-02
94e6bad0-08b4-48af-b1bb-e14a7bd52b32,140605,43.2152867,5.3465699,,2026,2026-04-25
94eb84f8-0502-491e-864f-7fa0f0fcdb8e,325329,-61.26333333,-55.925,166.5,1996,1996-11-18
94f14a83-cc92-4155-8bb9-b5176d3f9c6d,140605,41.3600006103516,2.50999999046326,,1967,1967
94f7f96d-e440-4c2a-a904-1473a29705e2,210788,-22.3014858226,166.4362724398,,2023,2023-12-19
94fe9db8-c722-405e-8b6c-f6d3f69f9b57,341910,-32.1500015259,16.2000007629,519,2002,2002-02-10
9501d374-e6d2-4998-b653-55a55f973a00,210788,29.4997817435,34.9155829305,,2019,2019-05-25
95080c23-c3b0-46ba-8e26-e819d33ac97c,141694,-5.05000019073,-86.733001709,,1982,1982-12-06
950be475-e4ab-4b52-949f-05593214840a,535605,-35.5212833333,138.6951916667,,2025,2025-03-18
951228fc-7db7-4c08-ac19-0ab42f062632,535623,-14.8292,145.334,,2004,2004-10-13
9515843d-12d7-46c7-ae36-c6d9f377b695,140605,39.7674426564,3.37690019,,2025,2025-09-18
951c47be-1835-4300-89e7-9aec292c7501,342305,48.768,-125.29485,,2003,2003-04-28
9525e4af-e5c5-487a-af9a-9d78e840a1b4,342381,-35.916333,174.7035,61.5,2017,2017-07-28
952b5c33-8949-4fdb-99b5-e219b0b5506c,140600,46.1275,-3.2743,66,2018,2018-11-03
9533c1a4-0aeb-4ad3-9b6e-3bc853630de0,342334,-34.8867299455,138.4885739386,,2019,2019-04-03
95388ec1-fe18-4900-ba83-e4a0592008d2,342305,49.3024567912,-124.1694577313,,2021,2021-10-17
953c24e8-abcd-442c-a758-73a33ef3a2b0,341952,32.7667066313,-117.2447976206,,2023,2023-09-19
95446ada-b338-47a6-bfc7-4e3d90f74081,140605,-34.2217,18.4744,,2021,2021-05-02
954b7a79-5688-403a-84f1-04293033da7b,140600,51.96833,-5.123163,17.3,2009,2009-08-16
954eca48-ddab-46a7-86ae-c3dbae2c3839,342381,-43.05,177.8,331,1979,1979-11-23
95538bf4-5f57-4cc0-a5e2-9f28048091a9,342036,-32.7157219911,152.1491759114,,2023,2023-12-10
95592dbb-1d14-46a0-b049-e2c0c6e491bc,341952,32.7610066117,-117.2465547898,,2022,2022-08-06
955d168c-21a2-42dc-931b-5c2df26978fd,342332,-32.716083223,152.1419271163,,2014,2014-11-15
95678f0e-a1de-40b9-b86b-ef37297324ef,342036,-37.6299014027,176.185208112,,2024,2024-06-28
956dc46d-41ee-4e33-86c9-7d720211b5ff,140600,58,-9.364,140,2019,2019-02-26
95731e56-f1ad-4b03-b1a8-06f65aa915d1,342305,49.781914,-124.2186116997,,2025,2025-08-07
957e3846-ddaa-4f34-a8e4-c52b09f042f2,341952,33.46352,-118.49219,,2025,2025-10-25
95844b30-0319-40da-bc58-2ef6e0c64d2d,342381,-44.1887,171.9875,40.5,1999,1999-01-08
95929320-bb3d-424e-9a1f-40ce6ddf2dba,342334,-35.1389,150.733,,1990,1990-03-01
95970de7-d1d3-4dcf-bea6-46bc86515080,534424,-49.52,174.06,477,2012,2012-12-06
959c4bc9-4a70-47f6-b3ce-dc0101ea8ce2,534130,28.8012858426,-111.9228866928,,2018,2018-10-07
95a344f0-7879-4e75-96ac-81dffce36e0e,342305,48.43943,-125.17645,,2003,2003-04-23
95a8b520-dee8-4449-901d-dbd287b6e0a2,1043781,48.77552,-125.4003,,2014,2014-05-22
95b25f66-5a20-4f18-bc3e-46f7bd164713,342305,54.047979,-166.243583,86,2009,2009-08-11
95ba46a7-3f98-49f4-8127-d4df156f5cf6,342036,-36.8314191874,175.7941846403,,2025,2025-01-08
95c1eac8-f2ac-4cbe-9d66-4b716fd1bccb,140604,38.26,0.31,451,2004,2004-05-17
95c8b3ee-bd3e-4404-a546-76e9d19ae3de,1775208,-36.06133,176.0598,210,1995,1995-01-04
95cdfbbc-4280-4e2b-8156-8ba0c30dab62,1805270,11.6330003738,162.300003052,,1946,1946-06-02
95d6b3cd-9ce9-4bd0-84d6-52048485dc7c,341948,-32.14166,152.50833,,1991,1991-06-19
95deb3da-a203-46c6-bb9b-f51a6c2dca6e,1775210,-43.989,174.3855,576.5,2020,2020-01-26
95e3a36b-fcc3-4d0d-82fa-e5cecd2d074e,457762,18.4422969621,-77.1812891065,,2022,2022-09-14
95ebe487-10d3-492e-9c59-c84b5567278b,342023,37.5201416667,-122.51567,,2026,2026-01-17
95f1748b-7f56-419d-82a0-b9ee320e504a,341988,-41.8591722222,148.2887416667,,2021,2021-01-28
95f689be-665f-4dcf-a578-aa50c5032b63,140605,41.75,3.34999990463257,,1966,1966
95fa5716-b236-4f56-9e49-f43ccb0eb3a6,140601,39.27,-0.13,66,2002,2002-06-01
96023b36-87a9-4b0a-87af-d90da460d542,140601,43.41,16.42,47.4,1967,1967-12-16
96095d0b-5949-4d1f-b0dd-58df52947fee,342015,-38.3653049891,144.8231335082,,2025,2025-03-01
960d9433-9aa7-48c5-8982-46cbedb5b448,341786,4.82000017166,-77.4421691895,,2002,2002-07-02
9614b86e-d211-4606-88f8-46734c9e7c80,1805275,-11.1692,143.311,,2004,2004-09-29
96213b8e-6bc3-45e0-bff6-a8799bee9b1f,140601,43.36,16.22,58.4,1966,1966-01-24
9627ec1e-dcfa-45cc-8487-44b2a56f409e,325333,-67.9800033569,71.3099975586,,1987,1987-02-20
962d8f96-8217-4018-9eaf-8739cc08f119,342222,47.29665029,-125.27398248,1631.5,2023,2023-04-24
96357067-9f55-4e75-894a-66b261f3f2cf,140605,35.9119987488,10.7559995651,73,1998,1998-06-08
96392fbd-12e6-4de9-9573-3b45486e2491,138803,23.5692716667,119.682595,,2025,2025-02-23
963f1d68-6901-4909-b52f-670c38564a6b,341952,33.5135,-117.7579883333,,2022,2022-02-27
964b0734-bc04-4177-a1cc-4b67b672cced,140605,28.201166,-16.8319529722,,2024,2024-12-16
9657a481-8281-4ac9-b32c-9edb7e328dbc,140605,40.5999984741211,1.13999998569489,,1968,1968
965f175a-199f-4ac7-a1db-013881c46bd4,140600,39.45,0.02,134,2000,2000-06-21
9667209d-370b-4511-8204-94850c7cf4a9,210788,28.4390479713,34.4646799345,,2026,2026-01-09
966b51e6-2e46-4e04-877c-b9bf2a7a3245,140601,36.36,-5.2,43,2002,2002-05-14
9671f2be-2af2-489a-a065-d27fb8bd395d,140601,39.3466,2.6961,58,2002,2002-05-03
9674ee10-7a4e-4418-8f4b-dcce0c6c305b,1561957,-35.0908046079,117.9495913308,,2020,2020-12-26
96789128-0e48-4af8-a9d0-fadae19633f0,140598,51.147,-13.9148,262,2016,2016-09-13
967f2f4e-4b42-453b-b6f1-1cc4ddaed749,140605,-34.3451518292,19.0348179638,,2025,2025-07-26
96836266-5fa4-48e1-b8f7-07ebea980e41,140601,43.36,16.22,58.4,1966,1966-04-05
96862729-6c2b-46ae-bc62-a72816784c40,534099,1.491651736,125.2388625559,,2023,2023-09-28
968c66b6-05da-4818-87fd-199370dfd438,140605,43.2288855016,5.3479207173,,2019,2019-07-05
96908394-61b5-4ec6-8351-8d5ddcea1b5b,140605,27.616667,-83.466667,37,1966,1966-06-18
9694958d-4cd2-4ae7-8b0f-0d441943ac40,140600,56.7484,-1.2388,0,2001,2001-08-27
969c0a5a-871d-4638-bece-be91a27c77ac,341985,26.2195,-83.713833,75.5,2017,2017-06-11
96a3c126-c546-47ef-b99c-396ce0c257f0,535605,-38.3941290946,141.6464237537,,2025,2025-06-01
96a9aee7-6640-48a0-8cea-e640db2f71d2,140605,38.6881235103,-9.3614482069,,2023,2023-10-07
96ac9ac8-7d81-4142-88af-839ad4b34120,140605,42.3300018310547,3.52999997138977,,1962,1962
96b12f23-8bfc-460e-8f6e-01faa489882d,210788,8.6674101035,97.6625513469,,2026,2026-02-24
96b55881-57de-4004-8d35-a3dc358399bb,140605,39.66,3.53,58,2009,2009-05-13
96bacf69-c16b-478c-895a-08de1a021a57,140601,39.86,0.45,91,1999,1999-06-01
96c14b9a-a782-48fc-be9e-2934f4674c28,157011,49.304,-66.234,276,2006,2006-08-27
96c6e3f5-5f63-4a80-8eda-e0c436539fb5,535784,-31.2299995422,17.1100006104,225,1990,1990-07-20
96ccc525-8a55-408d-8c18-0f154996dfee,342334,-37.993583989,145.029313303,,2026,2026-06-23
96d07b04-cebe-45b0-b648-575022aa3623,140605,39.953,3.2932,117,2002,2002-05-14
96d52ed3-6cf2-461e-86aa-863d2e8efcd7,342305,54.05337,-166.257795,91,2011,2011-02-01
96d9361e-c1e8-49a2-8dc0-039c0cdc130d,140605,41.7214876434,2.9399987438,,2025,2025-02-02
96e14f00-d2d0-4b10-8e97-ba15c07c5912,140600,51.6255,-8.2545,65,2020,2020-11-13
96e4f4b7-c4ee-4f94-a3ed-8db491839fe5,342036,-33.4466077673,151.449078376,,2026,2026-04-08
96e9bf49-82ea-41f3-a9fb-4c3d89f4e36a,140605,34.4679985046,-76.3779983521,16,1999,1999-11-06
96f0c7a3-4c24-4f54-92f1-9d5f95b31ab6,140600,57.635,-13.38,82.5,2017,2017-09-04
96f9e455-7a3a-435a-9678-4e51af18f69d,341952,32.760934828,-117.2467113359,,2023,2023-09-24
96fffd3a-f1d7-433b-98e5-be5e06fc7996,325336,-61.07,-55.99,252.4,2002,2002-2-7
97034aca-4040-4602-aab9-59a080ec389c,157011,49.55816667,-64.85733333,321,2014,2014-08-21
9709658e-f20d-4ef2-9c30-3f6a41532800,140605,27.4345,-83.8045,53.1,2020,2020-10-15
970f5df7-433a-4d9e-ae3f-0237175e6f29,140605,-32.7642250061,28.2484226227,,2025,2025-04-30
9715de8a-b993-4e1d-8e0e-382905a541db,535605,-38.64,148.32667,106,1993,1993-07-28
971978f4-ba59-4074-89be-b8377135c7c2,342036,-34.0711765979,151.158121308,,2019,2019-01-17
971d54b1-bf5c-48bb-9f68-9692b00348ee,341952,32.66756122,-117.24519283,,2016,2016-03-06
9723a40d-bacb-4541-9a36-a4309945ea2d,140600,55.884,-7.188,32.5,2016,2016-12-01
972afa53-4c57-4b27-af7e-289025121052,341952,33.7397473604,-118.3753836654,,2017,2017-01-28
972ec874-10a6-4552-85e8-37b41b74c2e3,140605,43.5257515217,16.3903246573,,2026,2026-06-01
97324dd2-c77a-48c8-83af-2e706de052aa,325319,-61.23,-56.425,403,1996,1996-11-21
9736c154-51f0-44e8-9318-193063dbd68a,140600,53.3797,-3.954,11,2004,2004-09-18
973c75d8-1ddd-4423-b8f1-224fcb270fe6,140605,37.82027,-8.7942466667,,2024,2024-05-09
9746212f-bcd4-4fc4-a0d6-08306440f3ef,342305,39.5980616667,-123.7880466667,,2023,2023-04-13
974b67f9-0d00-486c-b699-79e665cc9231,1805270,43.3303837085,5.0431358361,,2024,2024-02-14
974f73cc-3e0f-4770-a6c8-8839e5c3f526,341950,-34.6010514951,138.4680581084,,2022,2022-12-09
9751db22-7664-4231-8a13-2f2dc3b19a1e,140600,53.108,-13.319,120,2016,2016-10-03
9756abbd-a638-4c64-afcb-203c49302b73,341952,33.770076586,-118.131824646,,2021,2021-09-26
975d5a23-c337-4123-914c-7b0ed0f5d24f,140600,55.0589,-1.434516,7.9,2017,2017-09-10
97613adc-ad35-4b8f-9944-79c875697c15,157011,49.0335,-59.85216667,300,2018,2018-08-27
97670a9c-45cc-4c8a-8ff7-adb2ec03ecef,140605,-11.1708041,13.7378936,67.5,1997,1997-08-13
976a8683-393c-40c1-8514-6e70d3734a8d,1043781,50.58389,-126.42672,,2024,2024-09-24
976f728d-4d65-4801-a058-5e0628e83906,140600,50.2158,-3.5085,28,2021,2021-03-24
9773f2d0-4681-4581-8b46-fe12135e178f,140600,54.0378,-5.0362,33.5,2018,2018-09-28
9779e043-69b6-434f-82d8-585f528351ae,342036,-34.3282466667,150.925505,,2023,2023-06-29
978063bf-8590-419f-8221-f4556c69e5d0,342023,42.7374116667,-124.5076216667,,2024,2024-07-21
9782f082-7e3a-438c-9ce7-09034e5ccada,342333,11.3375112137,124.1137355852,,2025,2025-04-26
97896cb0-f429-4ded-9649-6a5a636b8bc4,1530663,-40.2368,148.4107,,1970,1970-05-01
97913332-db41-4c3b-ba4d-32469bdc8ba2,342010,-0.30223,-91.35976,,2008,2008-04-18
9795f437-9fd7-45e9-bf3d-c1f3eef52047,140601,45.11,13.5,32.4,1975,1975-10/19
9799cdaa-9ea7-4deb-8f1d-dc96b4487e6b,210788,-16.844467984,-151.3353097066,,2025,2025-10-17
97a0ec89-cac9-41c8-817a-06c7729d4cd6,342023,47.3068166667,-122.5163416667,,2026,2026-05-18
97a7d5dd-615a-4812-b59c-d1b035ffb331,535605,-41.330871221,174.8311257362,,2018,2018-03-31
97ae8870-95d6-49bb-8ae8-d59cc2e51848,342307,-42.8489996543,-64.774577831,,2019,2019-07-12
97b134e3-b5d1-481a-9fda-d3cd32bc5601,342023,38.4175777778,-123.1075527778,,2016,2016-04-11
97b6318b-6e13-4c8b-825c-a18ca004b0f1,140600,51.42,-7.599,87.5,2010,2010-12-08
97b9f8bb-af56-492a-93e6-6c761fd2cb41,341948,-32.7170942278,152.1412833768,,2020,2020-05-13
97c10ea2-9f94-4504-9937-af2b7b53fe1a,140600,52.8845,-12.1907,139.5,2018,2018-09-25
97c72dc4-c6e9-4eb7-82c7-2d52538dbb25,239392,-53.72,-36.69,139,2006,2006-1-22
97cc5ac6-86f0-41c2-8a40-59998bd0d3d4,342381,-46.1398,170.8877,230,1996,1996-02-25
97d2ea61-9354-4d27-8c73-917121d7af08,140600,53.2265,-12.701,171.5,2017,2017-09-14
97d5b9b7-0a6d-4868-be51-c0b986d7ae07,140605,26.236,-83.46666667,61.2,2020,2020-10-16
97dcc898-58fa-40af-a36e-8237e6879ae5,140605,42.72938396,16.03558559,,2002,2002
97e0f4e2-4492-4379-98f0-fed3ba142b76,210788,-8.2621739236,124.3530295921,,2023,2023-10-03
97e43950-d260-4e7c-93d4-a9c41dec31bb,140600,50.9518,-5.1283,33.5,2012,2012-09-15
97ecfb52-51aa-4fc9-9a1d-8bc4ffbe2718,342305,34.6094818115,-120.791481018,198.9,2000,2000-05-24
97efe2b7-0f51-4903-9067-460fda3182ad,342023,35.53992,-121.092575,,2024,2024-10-31
97f5f50c-1319-42a9-8d65-d567f4efb142,342036,-33.7378185093,151.310984177,,2017,2017-03-26
97fdfeaa-23ff-4a59-9e05-17165f89a71d,342305,48.523925,-124.434655,,2026,2026-05-18
98060982-405d-4ddf-9326-d3fa6dc8bbc6,535784,-31.5900001526,16.25,396,2003,2003-02-06
980c1f9d-ee9f-4406-9ccc-5b655d48f932,325327,-61.6500015258789,-57.0499992370605,467.2,2006,2006-12-30
981454a0-1da1-44e9-a51c-0528783de931,210788,8.7330758979,167.7244870813,,2016,2016-02-15
981ac35a-ff05-4e3e-918b-2929abf0201c,535605,-43.2491,147.0666,,2001,2001-11-25
9823e3d3-6c58-47e0-873d-600ade35dfba,341950,-35.0848449175,137.7495789528,,2021,2021-07-17
982b699f-e54a-470a-a90b-dcc2678c0fe3,342385,-50.8333,166.0833,62,1964,1964-01-22
982fd3d5-6693-413e-88dd-1e6197db6947,140605,39.478,3.5008,76,2005,2005-09-27
9835f8a1-ad89-4089-ab6d-37f512740863,749548,26.7828889051,-80.0424206818,,2017,2017-04-03
9839a954-2d1e-4dae-8374-bbc8f28fbe9a,534099,1.478794,125.235109,,2018,2018-03-12
98415e11-1f84-4cf5-bde5-7893758f82fd,140600,52.9734,-4.506961,15,2013,2013-09-28
9846b708-9519-4689-823d-ca2176fc6b1a,341988,-43.4659732048,147.2489402748,,2022,2022-12-29
984bfb61-b5ff-47be-8aef-4845ed8bd262,1043781,49.11473,-126.47771,,2022,2022-05-06
98503645-67ee-456b-ab07-47c8f957684f,210788,20.9519665365,-156.693415591,,2023,2023-07-13
98564a33-a3d2-4db0-8935-0e5a567b70b8,140605,42.5268152222,3.0856679222,,2014,2014-05-07
986176f0-ec05-481d-89fc-d3eb37f8c097,140605,28.9182075052,-13.6645983858,,2021,2021-10-04
98683193-6a80-4915-bcf3-465a7782b713,140605,41.1100006103516,1.58000004291534,,1966,1966
986deace-223b-4fc3-b347-b75da2e350d4,1805270,43.2289265963,5.3477309052,,2024,2024-10-05
98774f46-a2c3-4b85-9710-c8737fd153b7,239392,-63.00166667,-60.51166667,46.5,2000,2000-4-29
987e67bb-4861-415f-aa9c-5ea0d972bf6b,342023,36.6125448709,-121.8958292823,,2025,2025-09-03
988c83fa-e9a9-4611-9106-21550635575f,1530663,-34.7133577763,173.0721152946,,2020,2020-10-28
98903a62-efdc-495b-be59-7c5f6c3ce321,140600,48.7913,-5.804,58.5,2015,2015-03-14
98961b02-a304-46b8-8821-0d0e9d7b79b0,140600,51.73792,-5.264064,12.5,2010,2010-07-25
989950ca-55c5-4c05-a519-40beb928dc54,210788,23.5287009896,58.7396448669,,2026,2026-02-14
989c820e-fc24-4953-a594-506d0fc0159c,1043781,49.4512,-123.74765,,2011,2011-06-08
98a2c320-4286-45c1-9bca-952c95c463a0,341781,48.7345630287,-123.1890525336,,2025,2025-08-23
98a85fe8-5171-4665-899d-c415beddc01c,140605,37.375,9.47500038147,138,2000,2000-03-07
98af1ea7-3392-45ca-b76f-7a79162f6c90,210788,-6.3564932051,39.3520553008,,2025,2025-02-26
98b2dd13-cf42-4ece-be25-420a169de830,140600,50.0455,-4.8288,38.5,2017,2017-03-10
98b711a4-1944-4e7a-b833-1f06cfddaaf1,140605,26.4,-82.966667,37,1966,1966-11-12
98bef20e-04cc-4fd2-9da2-a11ae1c9b485,342332,-33.9912179572,151.2309550667,,2023,2023-07-31
98c807c3-d483-4900-9b3d-26adf1cede1b,342036,-33.989836827,151.2341974066,,2023,2023-03-11
98cc9f06-8363-4db6-b635-d14a159aa36e,140610,35.9329986572,16.5170001984,,1972,1972-03-15
98d3d7ad-3f79-4063-874b-60c210ab4986,342305,48.1673411515,-123.7087743402,,2022,2022-07-15
98d65e54-05fc-4161-afe3-2135b8ddcb91,534443,34.3075,135.0775,,1990,1990-05-27
98e08713-e927-49c6-ab51-8599b71334b2,342023,47.6540875664,-122.4210720783,,2023,2023-02-17
98e4a85d-ca23-4815-ad9a-9d4faae66763,325319,-61.3,-56.04,311.2,2002,2002-2-2
98ec0399-e6de-4f59-89bf-9d8af677dc05,325336,-62.48783,-61.41317,122,2007,2007-01-03
98f57a15-fb46-4b6d-a962-292d552ce7bc,342333,-8.7921495841,115.1218182187,,2023,2023-06-19
98f6d1c8-ef95-4e89-a41d-e5f20d26fae6,140600,50.0102,-6.3675,41.5,2016,2016-03-15
98fc91fc-4e88-4b87-8c72-bf57013b7ec2,1530663,-40.8389383333,175.04817,,2025,2025-12-27
9902adeb-ed9a-47e9-8a3b-dbdb7832499a,140605,38.4080701479,-9.1948867326,,2021,2021-10-24
990bc429-f9a6-430f-a9d3-17779db5ebb8,527142,-48.64775,-60.3868333333333,320,2010,2010-10-28
9912b790-0689-46b8-8322-b460ecc0a694,140605,30.034333,-86.301666,40.2,2009,2009-10-10
9916b6cd-09aa-44c4-958c-5ea6191d25b9,140605,42.68335,3.6575,125.5,1986,1986-06-18
9922f740-697e-46ef-9bd1-f126d79774c5,342381,-40.2017,177.2967,,1986,1986-08-20
992a826a-727e-450d-b3ee-d462c3269e99,342023,37.9005805556,-122.7194194444,,2025,2025-01-11
992db363-2c97-407c-b5b3-73f3c50e5387,140610,-34.69056,153.2275,59,2017,2017-09-10
9931cc74-2dd4-477c-92f2-c5db2ceb8661,342036,-33.8500201236,151.276514018,,2021,2021-02-10
9936e07e-0573-4c0e-9818-a74538fc0bcf,535623,-18.7181,148.002,,2003,2003-12-14
993d7ef8-84b4-4848-9e7c-95e0b2b52f96,140605,41.3600006103516,2.50999999046326,,1969,1969
9943c25c-0749-4cdd-b94d-502c3d1a09cd,140607,39.1565,2.7477,159,2002,2002-05-24
994a365e-6789-470d-b941-69d57654ed6e,140605,41.5819966667,-8.8049366667,,2019,2019-01-22
995051d1-3a4e-4a79-b97f-693055496f40,140596,66.453,-57.912,581,2012,2012-10-27
99568eb3-f13b-4f75-aee2-98f579d7dc2c,535784,-34.75,24.1499996185,,2001,2001-09-17
99597a4d-e31d-4b24-ada5-5d7127d45046,140610,-39.955,148.938,100,1984,1984-05-03
995ff80c-c2b1-4ceb-b553-e009c70706f3,140600,53.276,-14.3165,132,2009,2009-10-08
99662705-e846-47d9-bdbf-f142fd72a62c,342305,54.05984,-166.221197,97,2011,2011-02-01
996cc96a-6f02-465a-9fd2-4abe8d6099b0,140600,55.2937667,-6.235494445,,2024,2024-05-23
997193c2-5ad6-4bc3-aa91-fb38c8176376,457762,18.3081697193,-64.8330648769,,2026,2026-02-19
9979405c-8f6d-4aaa-a089-41f1e7e0352f,140600,55.4362,-9.2788,130,2009,2009-11-13
9982164e-8314-4dcb-9aa0-9d9bbe1bf380,342036,-32.871954623,151.8561160961,,2023,2023-06-18
99869822-daff-494c-b17c-ccfa3e869967,140600,51.6145,-11.39,229,2012,2012-11-17
998e52ac-5f90-4e95-8840-de4147b6bba1,140600,49.3853,-6.558,59.5,2007,2007-03-23
9991031e-8b55-425d-bff5-987c0d59873e,535605,-41.0478592358,174.1975083923,,2024,2024-09-22
9997bb13-fecf-4b1c-a9f0-e7434d337858,140605,38.6817846009,-9.4260698907,,2022,2022-06-26
999fa71a-cb36-4013-8a90-6d529bd56043,342002,34.256625,126.7060917,,2015,2015-03-27
99a7a535-6a8a-40ac-906a-222cf332fdb6,140605,41.6756665303,8.8944997644,,2025,2025-08-13
99ad2b39-0d7b-4b6a-ac00-8864b097d276,342305,49.3150465787,-124.242664126,,2023,2023-12-21
99b0e2f4-9de8-4675-bb47-aeeb601f9735,342002,34.29323333,128.6364167,,2012,2012-10-20
99b63b41-db86-4a17-8cbc-9e4981e24672,140600,44.9473,-2.2235,70.5,2020,2020-10-31
99bda973-316d-42f3-8455-3f52944a2e36,210788,-8.284672,115.632822,,2026,2026-01-20
99c44bc2-1ef8-4a3a-933d-f1d33676e856,1805270,28.1957610258,-16.574307296,,2024,2024-08-12
99c832ff-881c-4605-9bc6-2941525fe28e,342023,47.5231444444,-122.3951916667,,2026,2026-05-18
99ca9c28-ae3e-41f4-8262-c28501e985bd,140605,42.3367043664,3.1974062718,,2025,2025-09-17
99d09f74-e367-45c5-a291-4284f0a82431,140600,49.9073,-5.6523,39.5,2018,2018-03-18
99d879d0-a588-4e03-9a21-13bb6ef5b084,140605,37.6348516141,-0.6920847837,,2026,2026-06-27
99e23116-84d3-480e-94c3-f43375c2bc3d,341954,20.447091,-87.044707,,2003,2003-11-11
99e4a5c1-3b3b-4fb5-a35b-cf8a1abea882,341952,32.7063210059,-117.1702539548,,2019,2019-10-05
99ea7608-48ad-496c-841b-dc8694357690,210788,-22.23723118,113.83941818,,2023,2023-05-18
99f33e4f-0051-43b7-b616-fcbaf51f9dbd,157011,49.08733333,-68.0425,114,2018,2018-08-06
99fbe754-e473-447c-9d9c-c7c08a91e667,341952,32.7194344571,-117.2570852656,,2024,2024-06-20
9a0095d1-a9b8-49fb-b2aa-6a10eeccc18b,749548,35.9100731,-75.5955333,,2019,2019-11-09
9a088602-cf1c-4f02-8125-1e77401da059,342305,34.05116667,126.1216667,,2011,2011-11-09
9a0d6931-1e94-420c-bf81-b228bbb59514,342023,37.5208466667,-122.51693,,2025,2025-12-05
9a148fdb-175a-451f-9b54-1615e6d41f28,140605,28.0835821973,-16.425627339,,2024,2024-07-25
9a194141-ba36-4ad9-90b0-2346ae8ecead,527162,-61.86,-59.26,266.2,2002,2002-2-16
9a2171ae-a7f2-4781-a109-fa154fff38bd,140605,45.0278921423,14.575211294,,2024,2024-09-02
9a250b2d-e0ae-4c96-9895-6a24b33a65fb,140601,36.59,-4.34,170,2002,2002-05-11
9a29dd1e-8356-4cb1-96a3-1da5eb3fd5b2,342036,-36.2686438487,174.795351671,,2025,2025-01-09
9a30657e-24b3-41f6-b12f-4e5794f4f64d,342307,-52.904,-59.0605,,2022,2022-09-20
9a353bd0-d612-46bc-a8c2-b55b95fc8821,140600,52.6137,-12.2902,200.5,2016,2016-10-05
9a3cc52b-8eaa-45a3-8e15-479606ec0723,140605,38.438452,-9.101929,,2013,2013-09-25
9a41c704-cb8b-4ec6-b619-fde76ef57365,140600,49.9205,-4.2122,39,2024,2024-03-08
9a47c44b-5457-4f3d-8007-b5dfaed5fe23,140600,67.283261,14.73092,,2024,2024-09-08
9a4a87ff-33f3-4493-ba89-397a10c8254c,535784,-31.2332992554,15.983300209,,1990,1990-01-26
9a4fb8a3-2524-43b1-ac7e-30198a4a83f4,140605,42.5057553731,3.1247615888,,2017,2017-08-26
9a565445-0cbd-43e7-931a-c217b0cd3e2c,140605,39.8152049343,8.4300079268,,2024,2024-08-21
9a5aa774-8bbd-42d7-b8e4-0c316529d05a,210788,11.2896407,124.2666095,,2025,2025-05-16
9a5df9e7-3d44-4ffe-8878-84f7f21a50ce,535605,-47.068773,168.186349,,2024,2024-10-03
9a66833e-21be-420e-9109-8ddaa702c9ab,342036,-33.3942518453,151.4865360886,,2026,2026-02-20
9a6b33d2-ee40-4ba5-9e59-48722c8a8d47,210788,-4.7151857081,39.3771385709,,2022,2022-12-28
9a7045a1-8b78-4515-bd63-73971671b93c,140600,58.571,-5.969,55,2016,2016-02-20
9a765f08-d3ff-49fd-b618-800e975ebde9,341952,32.8073830278,-117.2666158661,,2023,2023-11-10
9a78df66-f241-4f9b-90b5-928eae1605e2,157011,48.347133,-70.868467,,2018,2018-04-23
9a7e8fe9-1de3-41a6-94b8-9ab46c3d5e5b,140605,42.3300018310547,1.1599999666214,,1958,1958
9a816c2e-4b4f-41f3-92eb-57a6d0104d53,342036,-30.4319633333,153.0769361667,,2024,2024-07-08
9a8452cb-482b-46de-8def-67741173f0be,341781,39.614167,-69.652,2211.5,2008,2008-03-24
9a893a45-e5f5-4ead-8c50-c800ba05c8f7,210788,-22.312,166.435,,2022,2022-03-17
9a93919d-041e-4335-b6dd-1ee8f2a46cd3,342305,48.61694,-123.50194,,1981,1981-01-07
9a984465-c523-49c9-afae-8c1c80895482,342305,49.3306488103,-123.2624983931,,2023,2023-04-10
9aa070c2-05ca-48ee-9fe5-1f1d49bc6a08,342000,33.7785016742,-117.9540545119,,2025,2025-06-25
9aa85bcb-7ca3-41a2-994c-7810663d9e95,342036,-33.8452542691,151.2812088233,,2025,2025-11-19
9aacdac3-59bd-419c-8dbf-342bdd55bfdd,342305,54.064379,-166.223288,99,2011,2011-09-16
9aafd893-5e66-4d00-89d7-6ffcdaf352af,342333,-0.4678833333,130.7792666667,,2016,2016-01-29
9ab6cb50-93bd-4031-969b-82a035b4ef55,342023,37.5141,-122.5125716667,,2025,2025-05-26
9abfdcb9-588e-42df-bfb0-62ca5c37c2fc,342334,-37.912795,144.978327,,2019,2019-01-11
9ac90f61-bc00-456b-b1b1-2ba4d399c755,239392,-53.9,-38.37,129,1994,1994-1-21
9ad0eea4-f6ef-4cfd-983d-1f73b40489e9,140600,58.86572,-3.196504,18,2018,2018-10-31
9ad9bb20-703a-4efa-98b5-55607aaaa200,140605,39.3287,2.3633,326,2001,2001-09-16
9ae10c91-2e0d-4e43-8449-26294b7513e2,140600,53.687616666667,-3.9086,45.5,2014,2014-07-11
9aea6507-ad37-44d1-ad0b-cc97b2beaa26,210788,-21.9083333333,-157.9666666667,,1958,1958-05-09
9af0cddc-f1b7-47c6-9ef1-0469c3c845a2,325327,-61.19,-54.72,288.6,2006,2006-12-20
9af8668a-f11e-4b05-8ed8-86bcbd78f80d,1530663,-34.3783,154.665,,1981,1981-09-30
9aff53da-c202-4ace-9563-435d804c887f,140600,40.09,0.27,42,2003,2003-05-10
9b04ea97-cc0c-4cee-adc8-2ef6644a40c5,210788,-9.86425,160.8347,,2006,2006-06-09
9b088d76-7b41-4fe3-929f-a21f49e0ba1b,140605,36.75,-2.26,58,2008,2008-05-14
9b0bb90a-4247-4e08-837e-a7a71b7977ee,342381,-39.4692,177.9773,131.5,1996,1996-03-14
9b12ecba-c7f2-4c8b-9350-47bc432a7253,140600,55.414661,-5.132011,,2022,2022-09-28
9b1a98f6-29c9-44f9-a4c1-4f3bdfbf5226,140600,55.755,-7.4,30.5,2015,2015-12-02
9b1f23f2-769b-4a62-90e2-52a187c72574,140605,-3.22666666667,-39.2636,1.4,2003,2003-03-16
9b2600d1-8c8d-46e0-90ec-d708320d48ad,140600,50.716,-10.715,167.5,2015,2015-11-21
9b29e764-f98f-44d7-b9dd-49877197c275,534098,22.2614760602,114.3490450009,,2026,2026-05-31
9b2d5f0c-c4da-4baf-b984-5cf225c3eb23,140604,38.45,0.41,176,2001,2001-05-27
9b33411a-343a-4d16-ae74-9501cb2be406,140600,52.3048,-14.1588,164.5,2015,2015-09-11
9b3cb82f-b34c-4d26-87bf-ee3397d09cb4,342305,54.052443,-166.240045,91,2010,2010-01-03
9b41232a-5a95-4beb-a599-21a51807190f,140600,49.8553,-3.971,39,2021,2021-03-17
9b4475fd-ad74-498c-93a8-4ba3a07fa414,140601,42.72938396,16.03558559,,2011,2011
9b47767b-7987-490b-a69d-ac64febffa9b,325319,-71.45666667,-13.72166667,213.5,1996,1996-2-11
9b4e10e2-94d5-45fa-9417-d3ae0e6f5e71,535830,10.084515,99.822042,,1957,1957-11-10
9b551e62-d17d-4677-bd76-49a5515860d6,1043781,48.85755,-125.27645,,2021,2021-05-13
9b5c668a-6edc-4fc7-a27f-e195dc7a7f96,457762,12.173701325,-68.3310447304,,2022,2022-12-17
9b646c4c-4bd2-44d8-816f-2d2d607dc93e,138803,-34.5666999817,19.3166999817,,1968,1968-05-16
9b67f06f-71d3-48b1-8b59-944226b9390a,342036,-34.0698111528,151.1293234395,,2023,2023-07-23
9b6d0134-4373-4945-9226-41a3a54ea97b,140598,39.7896,2.2767,686.8,2002,2002-09-30
9b7427f9-096f-4fe0-b2e1-641fcde25930,341952,32.7266311032,-117.2568090346,,2025,2025-07-09
9b79e47a-77ac-407e-a392-d726e184d058,215276,34,135.75,,1958,1958
9b7bf062-b17c-4fa8-88cb-7dec184f2b1e,342036,-33.9921164,151.2311911,,2026,2026-06-08
9b81b1b8-b369-425e-bb12-ff3bf19be53c,210788,20.8077443761,-156.6159386513,,2010,2010-03-29
9b8e54a8-c039-4c21-afe6-ad445039996f,342036,-34.0720113968,151.1407243939,,2019,2019-02-15
9b956486-bc4e-4441-a2de-9c748b02ffd8,342010,-0.71585,-91.3404,,2009,2009-07-27
9b9bb125-1cf0-4e8d-97fe-d9cb78950f77,140605,43.3285727243,5.1005101277,,2024,2024-02-17
9ba17b85-08f1-4d50-a22e-624cbaa63ea5,342305,54.08039,-166.215851,128,2010,2010-03-15
9baa269f-8903-4219-bb1a-5a5664468fcf,749548,26.7829382534,-80.0434587805,,2019,2019-06-07
9bb3db1c-bdaa-4833-b5f3-fe5619f7f62c,1805270,28.0405975109,-16.4759620858,,2024,2024-11-01
9bba869c-6627-40e6-925c-1b8076a8363b,210788,-24.1128666667,152.71115,,2025,2025-08-13
9bc55bb7-b844-480e-a6f0-15579a22fa3a,342226,-44.6983333,177.3951667,1146,1995,1995-10-17
9bc9ab01-f740-4380-a1d5-930239c24c51,341952,34.409866806,-119.8416011961,,2024,2024-05-26
9bd3bdd4-df15-4cf8-aac9-eed679d54118,210788,-20.6383732695,165.0420507256,,2013,2013-11-29
9bd97d7d-d72a-4b6a-87e5-824120b03ccd,140600,50.11483,-4.993494,20.4,2019,2019-01-06
9bdd8a73-7fcc-43ac-8f08-25fa5785276f,140605,42.72938396,16.03558559,,1964,1964
9be53139-8103-4aa5-af01-2e4458e8124a,342334,-38.1114330583,144.6636118211,,2026,2026-01-13
9bea7c40-4d1e-4866-8bb2-c472f68ef267,535605,-41.3238220215,174.7906036377,,2025,2025-05-24
9befed86-5186-4abb-b5fb-70ae53ea5701,141694,31.9330005646,-63.983001709,,1972,1972-06-10
9bfaec6c-df78-49ce-8b4d-dbf3722d26cb,140605,42.72938396,16.03558559,,2008,2008
9bff6951-4383-497a-9298-b4feb9072c20,342305,49.397616,-126.894983,122.7,2014,2014-06-11
9c03065a-1029-4eda-a11c-d2abe57aecb1,342036,-33.7999056768,151.296425923,,2026,2026-02-16
9c07171e-853a-47fa-9564-a20f29228db1,140605,28.9186172024,-13.6645508647,,2023,2023-01-13
9c107aa7-9b55-4617-b9b2-0a301a425260,140600,44.248,-1.8843,63.5,2019,2019-10-28
9c143f86-aa21-4440-848c-2c8a101e2375,325319,-54.2601,-36.4288,207,1926,1926-03-25
9c1cf55c-fcbb-4fa3-afd9-bf13c9707d9b,535845,9.21500015259,123.483001709,1,1979,1979-05-14
9c214690-c3bb-415d-8aa8-599d7f01355a,342023,32.8570901878,-117.2617863214,,2020,2020-08-19
9c28660f-ea2b-42f0-8064-828bcc721257,140600,44.6364,-1.986,78,2019,2019-10-27
9c2ccb8d-ece8-4320-af57-ac7187c0e74a,210788,-0.564043517,130.284644739,,2026,2026-06-26
9c347b3b-8dfb-4f87-b87c-d0af877bd88d,140600,50.159813,-3.541319,,2002,2002
9c3994a2-f38d-4d78-b769-a59f32c615fd,140605,43.3312292954,5.2397563813,,2022,2022-10-08
9c3d74d3-578f-41b7-b578-73d7fc6dea74,140605,42.028737,11.934401,,2020,2020-09-14
9c44648f-a061-4f83-85a5-51b61e3b2e9d,140596,42.190667,-67.738667,199,2000,2000-10-05
9c4923ed-ff0f-45d6-9a44-059a21cb353f,534126,42.8125,3.84165,126.5,1987,1987-06-05
9c4cc015-bdc0-4b1e-9000-0645e7e2eb3a,342334,-38.3664311672,144.822947579,,2026,2026-04-22
9c51227e-ff98-4659-864a-36c39a459773,140600,50.319,-8.6841,56.5,2016,2016-11-12
9c5619b2-981e-4938-b004-9e9845cb420d,210788,-16.7593766784,-150.9965404514,,2025,2025-08-12
9c615867-6162-43e8-a984-86e5a0fcbae6,157011,49.14,-63.19266667,238,2020,2020-08-14
9c6980f1-4aad-478e-9d0f-098d190ca602,342332,-36.2152408676,150.1312692869,,2023,2023-01-01
9c6be489-53bd-46ed-acc2-81f8c50d5aa6,342036,-33.8396452206,151.2535634272,,2024,2024-01-24
9c71442b-c870-4541-a4f4-b15bac388022,210788,-21.0085098203,164.5795689671,,2005,2005-09-24
9c74b45c-b283-4a89-a20d-d57b400a5de2,140600,50.5435,-10.437,161.5,2019,2019-12-01
9c7d8342-7f3a-4112-a26c-68d3bebdd759,140605,41.5299987792969,2.76999998092651,,1962,1962
9c869995-9754-4802-8054-65424acb9174,239392,-61.12,-55.71,72.5,2006,2006-12-29
9c8a7a5f-55d9-4e1f-8529-8e2ed5df5869,341952,32.8150216667,-117.273605,,2025,2025-11-08
9c8e3877-421f-49c3-b2c6-6fcdbb68343f,342305,49.7826619033,-123.9965623122,,2018,2018-11-26
9c937362-8d6f-4224-84db-4beb8c9f52d8,140605,34.1539993286,11.9429998398,80,2005,2005-05-21
9c992eab-383d-475a-b095-d116ee6ba463,138849,31.7416706085,-29.5883293152,76,1981,1981-09-22
9ca29a91-d9d4-40ea-ae89-e9c85cdd3d9e,140605,40.7900009155273,0.439999997615814,,1962,1962
9ca7082f-14e3-471b-88dc-8300e63d1217,140601,39.57,-0.02,82,1998,1998-05-22
9cac18f3-f59b-44ec-b20f-09c7e3ec542e,342305,54.05641,-166.285004,93,2011,2011-02-21
9cb1052c-420a-4b45-a6b8-f6ee76232113,210788,-22.1322099046,113.8758269155,,2022,2022-07-28
9cb6e6fe-07ec-4ef0-b278-210fe2ff3b29,140596,44.383333,-53.3,249,1965,1965-05-08
9cbc6c0e-18ee-405e-adcf-f4488c1cb0f6,140600,49.725,-4.2003,40.5,2020,2020-06-17
9cc1aa6c-54b0-4690-8800-7733d7b2d074,1530663,-33.14,154.88,,1981,1981-10-12
9cc73b8c-2a7c-4592-b7d7-a14685bc6571,341985,29.13331,-83.19182,,2003,2003-10-18
9ccc9975-8082-4df0-9b21-37f1c5827045,140600,49.2782,-4.7503,50,2023,2023-04-06
9cd15273-5dc8-4b63-a5ad-2e9cf2fee824,140600,43.7823,-1.4934,22.5,2016,2016-10-23
9cd49a76-4540-4439-9819-9e83521467e2,140600,49.6225,-4.787999,,2002,2002
9cdacdaf-5521-4ec9-8521-b7b8f4078351,342305,48.4910486835,-122.687087433,,2022,2022-02-05
9ce282e8-0d12-4a1f-af55-cfac1046cc8c,140600,51.234,-6.3335,110.5,2014,2014-12-01
9ce79d43-69b3-4771-af6d-ba6a1c702c5d,140600,37.5,-1.15,192,2002,2002-05-22
9cec91ff-30e9-44f6-a4f6-97c104d6d3e8,342036,-33.9256983461,151.2590907371,,2026,2026-02-23
9cf565a0-feff-40bf-9775-2379920a0ba4,535605,-36.8987766245,149.9273202468,,2021,2021-11-21
9cfb9c7e-ef7b-4040-87a3-b1fb8633e6fc,140605,40.02,0.56,70,2006,2006-06-07
9cff3725-ef68-4417-8313-7d7de345795f,341985,26.7627792358,-82.7186126709,24,1981,1981-07-18
9d0664ee-3395-4432-a02f-d612a3b38388,1813557,-29.65,14.6167,451,1989,1989-09-17
9d0ba411-0155-4cb5-ac01-2991e9d90835,341954,29.033000946,-88.5670013428,448,1950,1950-09-23
9d164667-75fd-452d-8db8-57d09ba625f3,140605,39.16,-0.13,45,2000,2000-06-21
9d1a2300-b179-4f24-a6e2-9d727a2324ad,140605,50.4794334337,-3.5095997527,,2026,2026-05-26
9d1edd80-d8b4-4e28-a46f-260a86b11a47,138849,8.4333,-15.1833,2500,1930,1930-03-09
9d24bc89-213b-49d7-b4ad-5fa7a360aea2,342384,-42.50833,-64.642164,,2023,2023-07-13
9d29248e-065c-4f0c-b27b-0af99e346860,140600,52.4333,-14.351,170,2015,2015-09-11
9d3057c3-9e81-42b6-838d-5234cdd970ca,342036,-32.7888122178,152.1152275892,,2020,2020-10-12
9d390c74-7bf5-43fa-a4fb-79002034d217,140605,38.418611,-9.183239,,2009,2009-06-11
9d4a0d09-d6bb-4ebb-b2be-cc9329e862e1,140605,41.7126292251,9.4047842441,,2022,2022-07-13
9d4d8c48-b7e2-478d-acb7-531255aaa0ce,342381,-40.2078,176.9932,163.5,1994,1994-02-15
9d5465f2-783b-4f84-a29a-cf68f75157d6,140600,44.2442,-1.882,64,2021,2021-10-30
9d5a8f86-c6ba-4693-80bc-3128fdabbdb1,140600,57.51243,-6.409931,16.5,1988,1988-06-21
9d5e66b9-dc37-4abb-b762-455953e60cec,341952,32.8066525721,-117.2682392249,,2024,2024-09-01
9d62c17b-5f60-4fda-9f31-0c0fa82b2ad9,140605,42.6430176483,9.4650110019,,2024,2024-03-06
9d67640d-581f-42e1-a6e8-d36b609d8bf9,140605,42.3727351021,3.165286198,,2026,2026-02-26
9d710adf-afe8-4404-b28f-24c883690113,342036,-33.9912179572,151.2309550667,,2023,2023-07-31
9d79ac80-a7f5-4bc0-91a6-db8a5c742038,342305,48.4175,-123.41778,,1981,1981-01-09
9d818cd9-da2a-4130-a8de-51fc4820061e,342381,-40.7667,171.9183,,1982,1982-04-21
9d86100c-d69c-411e-9243-71b0d7297d25,140605,42.4803470083,3.1449750934,,2022,2022-10-05
9d8b5ab9-2019-4b58-af04-96aea79ea752,140605,43.3286281585,5.1007196873,,2024,2024-12-05
9d92913f-c235-4252-bced-c0f2e69e3f0c,534733,36.74674833,126.10902,,2025,2025-04-22
9d9949f1-8afe-4f46-bc9e-aa5dce80e6f7,1805270,43.1041183112,5.9635785897,,2025,2025-06-08
9da172a9-3d45-4e97-8033-4a34182c5cbd,210788,-22.3470459518,166.4178398058,,2023,2023-11-02
9da73298-778e-4945-bbd3-a9a7d3889f8a,210788,-4.6794166301,149.50328263,,2024,2024-03-22
9dabb0d4-69da-4a1b-9f38-015afb465e23,342305,59.5143584675,-151.5054623412,,2019,2019-05-18
9db0d1bd-e8ad-42f6-9e7c-659b78d50f33,140600,48.5052,-8.6105,92,2019,2019-04-04
9db3a2e8-0893-4f00-8d39-7a4fd33f43ba,140600,58.55,-6.896,44,2019,2019-02-22
9dbcd79e-2a6f-4ff9-9ccb-b2e077c0f194,341952,33.70653,-118.2862383333,,2026,2026-01-02
9dc6a04f-252c-406a-8b34-a7fa61674182,140600,49.1171,-6.5147,57,2010,2010-03-17
9dcc013c-05f5-4f0a-9c23-511da9534a95,342010,-0.26461,-91.37553,,2019,2019-03-15
9dd1fec5-3b7b-445c-a028-e4930c0989f0,342023,32.8568430392,-117.2605989335,,2022,2022-06-13
9dd50611-e963-43b3-9399-3f3a283732bb,140600,50.2752,-4.368,23.5,2021,2021-03-23
9dd8199d-3f30-4a09-84af-4a335bc3f679,210788,25.86957705,34.4216814148,,2023,2023-12-06
9de1ef42-7fcc-433d-b326-69838566a4d4,342305,54.055343,-166.248128,140,2009,2009-10-29
9de54ccf-b9a9-46ad-af1f-66a735124d44,140605,43.1648949926,6.5220275728,,2025,2025-06-28
9def8071-39d5-43c0-a2aa-d7f84cb3297f,341952,33.3497437284,-118.325014942,,2020,2020-12-20
9df5992e-4a2c-499b-9494-869793986627,342001,-12.471971941,-76.7983170268,,2016,2016-01-01
9dfad73a-74b3-466f-9194-2699927d9df5,527142,-49.505,-59.9933333333333,,2007,2007-02-12
9e004a76-1a4f-492b-bf4a-130b013b6ae6,140600,49.5031,-11.2776,149.5,2021,2021-11-18
9e07ac43-41f7-41c5-b29a-abe5a87e96d2,342305,54.055925,-166.267425,95,2010,2010-09-09
9e111001-3341-45fe-ad08-5ed94d735894,341973,31,-115,,1953,1953-04-03
9e18dcb6-ed25-4be9-ba60-fff7201ba3df,140605,42.289755,3.286085,,2016,2016-08-19
9e20b1ce-336a-48b4-a26a-894c482e0f0d,341951,11.7829999924,-86.516998291,1,1972,1972-08-09
9e265121-c6bb-4f61-a28b-802c5ab2cf73,342023,37.6047584678,-122.5004247589,,2025,2025-02-23
9e2b061a-a1ff-454e-a7d9-d8716c0458d3,215276,-32.2779000416,115.6212493243,,2024,2024-06-15
9e31a365-0432-4e57-89c6-6e101647b40d,140600,49.1171,-6.5147,57,2010,2010-03-17
9e38cbd9-ef77-4c83-b5b3-9a3b1a412afd,342023,33.8354777105,-118.3972834023,,2025,2025-08-02
9e40f989-1409-4907-8366-860cf0e35d76,325319,-54.11,-39.15,196,1994,1994-1-24
9e462372-2c85-4a99-84a3-cc009f2b0c1f,138849,10.9541501999,-20.0500001907,750,1972,1972-03-08
9e492411-678e-4189-b791-9bd0d94cafc4,140607,39.9743,3.3553,145.8,2007,2007-11-19
9e4d132b-cbb4-4122-b174-3c9c9b5df117,210788,20.0211921624,145.2223981036,,2017,2017-06-11
9e517b3d-eade-4cc8-9348-45b77291187c,140605,28.6523388889,-17.7595472222,,2024,2024-02-06
9e5614e5-a241-4908-9256-f1cb168df301,342305,54.073735,-166.226515,132,2009,2009-08-11
9e5bbae3-e95a-4a34-8096-8a30122a1191,140598,36.51,-2.18,534,2005,2005-05-14
9e5de2f9-7ff3-468d-b62a-681cf71e4a6a,342036,-33.3883568829,151.48535292,,2025,2025-06-13
9e62698f-d0dd-476a-8025-6039bf1416cc,457762,11.3190647678,-74.2004132643,,2024,2024-12-30
9e667c07-d831-495f-ac7e-97c0550743f6,140607,39.9208,3.4286,113,2004,2004-03-31
9e6b4a41-62cb-4ef8-b865-b0c3275a86c6,140600,54.1811,2.6191,29,2021,2021-09-13
9e712c1a-be02-4a57-818b-956e33dd6600,457573,1.4947237455,125.2406356484,,2019,2019-09-29
9e7846b9-190b-461b-936c-097a496b5a8e,210788,20.079949,-155.8672948,,2022,2022-07-07
9e7d0e47-774c-448a-85eb-46b7e50d51de,342036,-33.0677095792,151.6727998454,,2020,2020-06-21
9e864c9b-5b8c-46e2-bdfb-6bd41badb1aa,239392,-54.82,-34.89,340.5,1994,1994-1-15
9e8aafc4-dd30-4996-992a-150ee5ab6cbe,210788,-14.3154096603,-170.656463623,14.5,2004,2004-02-18
9e8e595b-ec3a-43f8-bde1-e7fbf1b61752,342305,49.2938257982,-124.1438534366,,2021,2021-09-06
9e971261-9fb0-41b4-beed-9238ea7b851b,342381,-42.8583,176.3933,907.5,1979,1979-10-03
9ea0ab2a-0e3b-41c5-b541-ad90524ffc62,342305,54.055519,-166.201503,90,2011,2011-09-24
9ea6ad92-a0c8-4938-902b-918be780568d,140598,36.55,-3.05,578,2002,2002-05-19
9eac830b-b9bc-44be-99bc-f94fee5420dc,341953,-20.40503,164.72079,,2023,2023-03-01
9eae9bc1-39cc-48c6-a3b7-4eb146623f17,140605,27.5755,-84.321,86.5,2016,2016-06-13
9eb3bcd6-7412-4c3a-a10e-715b4a8d3f0b,140600,50.859,-8.8945,118.5,2017,2017-12-02
9eba4bc4-18ae-4a76-bb9b-b1a88b5fd45d,140605,39.4338,2.5418,64.3,2008,2008-11-21
9ebfb03c-752f-4878-97e5-9f2592718115,140605,34.6529998779,-77.0319976807,12,1996,1996-10-14
9ec34d70-d65b-4306-9b65-a31ce784a4c8,140606,40.221,3.8593,392,2003,2003-07-01
9ec7b54e-ecb4-46ae-ae28-08a1461abc8f,140605,50.0659972222,-5.0649916667,,2025,2025-07-04
9ecd97a9-e9f4-4a3e-b9e4-2a5f32f20c23,341952,34.0430272961,-118.9367587185,,2020,2020-10-18
9ed319e7-da29-4e16-9ded-f83ac27cd989,140605,36.7467410057,-3.8711487874,,2023,2023-07-27
9edc6057-6184-4639-bd0e-1e7c87646c1e,341952,32.7611776,-117.245933,,2024,2024-07-24
9ee1199b-1e43-4d9e-994c-fdbe95ef8586,1438202,-46.6667,168.0417,26,1960,1960-05-22
9ee3ab4c-2224-4f57-99d7-a1c908175042,140605,41.8471828328,3.1393153627,,2026,2026-06-30
9eea99d4-e0a3-48d0-b31e-5bfdfaedb692,325327,-62.4000015258789,-60.810001373291,87.1,2007,2007-01-02
9eeff9e4-9d80-4f6e-9a52-7220def7abc1,342023,47.3067083333,-122.51922,,2024,2024-07-21
9ef2913e-8ea2-44d6-9867-55996e3c278a,210788,-18.2870668,147.6991918,,2008,2008-02-06
9ef6eb1c-5ca3-45c7-bdb0-54ae2d05b596,141694,31.8500003815,-64.3170013428,,1970,1970-06-03
9efbd3e6-cc8f-461f-aaf9-d58299f09821,140605,40.9118675848,0.8340343436,,2025,2025-07-21
9f014f14-a6f0-4aaf-a81c-212cfc3c515b,341952,32.8575177493,-117.2597422405,,2023,2023-08-27
9f058cb7-f24e-413a-8161-b44fae81570f,457762,11.9868366103,-61.7875644934,,2026,2026-01-13
9f0d46da-b74a-4e90-ab87-70981f0a0f7f,140605,42.3300018310547,3.52999997138977,,1963,1963
9f113c92-469e-4a5f-b71c-3ff06c17ae4e,140610,39.8170013428,-146.417007446,,1955,1955-07-25
9f194f5c-9989-496d-8db5-0dfea86bcfed,210788,26.7237333333,36.12305,,2026,2026-01-30
9f205009-0e3a-44fb-baec-d03b9fc4034f,140605,42.3457485497,3.2103902308,,2026,2026-07-07
9f24efb3-e0d5-42b5-9bbb-98e7a98cd194,342305,59.4820533002,-151.5800176933,,2024,2024-05-10
9f290771-bc7b-47bf-8b59-c5777cd760be,535623,-22.7361,151.443,,2005,2005-11-22
9f2c56a7-a2d6-4997-84a2-f5a5d77ca9a3,342023,48.60062,-125.282,,2004,2004-05-04
9f33316e-cd63-4f31-a98d-2b1a7f74630b,342036,-37.8010812349,148.5789745898,,2025,2025-02-12
9f37c39a-825c-45f6-9174-119ccec69410,140605,42.1137582,3.1663963,,2025,2025-10-04
9f3c4c68-db5d-4172-9d7a-bd0c3838730d,138803,-34.0785408019,18.7557125089,,2026,2026-04-14
9f41e142-b814-49d8-8bcc-47b894ea47f8,325329,-61.17,-56.06166667,172,1996,1996-11-16
9f49d148-03b6-4e0e-9698-8a1462adfac0,342036,-32.95138,151.75667,,2026,2026-04-26
9f5029e6-5238-4073-8631-2638a43d98ec,140601,39.88,3.86,76.6,2009,2009-05-15
9f55b837-d1aa-41cc-b618-5236aa655bea,341952,34.4075682982,-119.876866164,,2025,2025-11-08
9f5bf464-be09-4951-8cd1-b454209d687e,342305,54.059091,-166.212904,93,2011,2011-09-17
9f6135ba-614e-4c28-9bc4-544b3b2c7beb,210788,-17.6969067847,168.2623494236,,2015,2015-04-09
9f65afed-c6ef-477a-9662-3c33d9c463ad,157011,47.883,-59.72,423,2005,2005-08-03
9f6b772a-118f-4c0e-8952-b274d469580c,342223,-42.7,-179.9,1090,2015,2015-11-21
9f6ee915-cea4-470f-8c04-9a3c09dbb92a,140600,51.9095,-7.4065,55.4,2019,2019-11-24
9f739639-1072-47d1-925c-bd28ca90e5df,342381,-36.2,175.083333,,1993,1993-12-04
9f81cb66-8d28-41e8-9b29-7093ecbc6613,342305,54.075962,-166.230251,210,2009,2009-09-11
9f8a2d3d-4cdd-4268-ab0c-334ddab035e4,457762,14.4798195,-61.0258076,,2025,2025-10-26
9f90679a-ace2-406f-88ca-4048c4325a66,342305,42.5879672764,131.2185942476,,2024,2024-05-19
9f95d2df-a956-4a63-a526-b591285933d9,342036,-33.735468579,151.3958019192,,2024,2024-12-10
9f9c6f6e-4f40-4a81-ae9b-245a66df7e1d,210788,-17.6962332873,168.262613796,,2018,2018-10-26
9fa17ef8-4019-48ee-9cd7-218a1736cc85,534099,-10.54,143.86,,2004,2004-01-10
9fa4507e-92b5-436c-bb90-6f96700ffb3b,341952,32.7611069386,-117.2468009828,,2025,2025-07-24
9fa66202-de13-46ee-84a5-ffe2ac5f2589,140600,53.242,-5.2255,53,2022,2022-09-19
9faf46b3-ccaa-4acd-8fb6-01a77a2c4ff5,342023,37.494975,-122.4991111111,,2017,2017-06-23
9fb53dc5-f4ca-46f5-87ca-8bac3f4e4918,140600,53.4769,-5.366068,87,2003,2003-01-01
9fbd9480-660f-4d82-a428-d515ac0bf2af,138803,-34.3594883333,18.9063383333,,2023,2023-04-30
9fc5dd3f-99a0-476d-bd4d-76cbdd7421ab,342333,9.1980847021,123.2757447959,,2024,2024-05-19
9fcd8652-3e9f-4e2f-8390-200b069ac7b4,140596,74.989,-78.49,442,2012,2012-10-05
9fd379de-3b6e-4b7f-9ad3-fc3d9588f603,140600,36.84,-1.88,277,2000,2000-05-31
9fd9671d-d7ec-4082-aad4-a060456da8d5,140600,49.3836,-3.2481,40,2012,2012-03-28
9fdf4890-1b85-456f-9a42-bfeb40060743,210788,26.6354707045,127.8808554114,,2025,2025-12-31
9fe20bf0-21da-4b94-865f-3c7603c639d4,140600,36.71,-3.61,84,1999,1999-05-07
9fe4aff0-781c-4f9a-ae55-c2183af9cbc2,535605,-41.0291744814,174.879122549,,2025,2025-04-24
9fe7f5ab-afaa-4d81-b9ea-752bb1117875,342023,36.740028,-121.886984,79.6,1904,1904-05-13
9fedc274-2a35-4f2a-a727-fedcd50281e4,140600,36.45,-4.83,80,2006,2006-05-07
9ff437e4-ddc9-4806-8ddc-cb7e032dd27d,140605,43.1847547471,5.3890548421,,2024,2024-07-13
9ff7702e-ca42-4240-8a10-8e048ba3be1f,157019,39.9329986572,-70.8170013428,942,1975,1975-07-09
9fff4075-931c-498c-a974-ba195ce88b92,140605,43.5697825262,7.0883944631,,2013,2013-06-16
a00551db-eb9c-4006-87c5-c646d3d64ffa,140601,36.66,-2.65,47.8,2009,2009-04-11
a00e0147-3162-4ee7-8445-68c69ed764c2,457762,14.5282366383,-61.0880507033,,2020,2020-01-06
a013982b-d990-4c26-b3bb-2732edbeb1b4,140605,42.8173826058,10.3303694353,,2025,2025-07-31
a017e0db-f4af-44af-8550-914ef9d93049,535623,-22.6655,151.283,,2005,2005-11-22
a01d8d05-c1b3-4994-8833-eab30f94f6b1,342212,69.421,-64.393,1442,2014,2014-09-25
a0249cbb-c430-4b8c-8a61-d0aca358e9fb,341954,9.28009,-82.10158,,2016,2016-05-26
a0316ca6-60b7-4c7e-ad3a-b671ee4756cd,342381,-39.8078,177.4677,347.5,1995,1995-02-14
a03896cf-d83b-4108-971a-05043c150de3,341948,-27.97,153.42,,1981,1981-07-02
a03d1eaa-7ff3-4631-a68d-367597c4cf97,749548,41.4784763709,-71.3620457271,,2021,2021-10-20
a0406024-088d-4787-9049-6872a2550041,457762,16.1696114413,-61.777516712,,2023,2023-12-03
a0457e55-c86f-4a5b-9a3e-b14807e8319b,534099,1.4509984121,125.2162234629,,2008,2008-04-08
a04abee8-6ad3-4541-82ae-600ea8570c1e,342305,37.9641724835,-123.3047508097,,2023,2023-09-24
a052382f-2ea9-4f2e-90ce-cfc93d3ee6c2,342333,9.9450716827,123.3669782057,,2017,2017-06-29
a0543e6f-be19-4186-a14d-a897b99a87b1,140596,41.987648,-67.961615,183,2007,2007-04-12
a05d6041-65cd-4aab-b40b-66c3a409fcdd,140600,55.433424,-5.550702,,2023,2023-09-16
a0643fa2-0eec-4253-a46f-c9a7eebf3bb6,210788,21.2880521729,-157.8618197525,,2021,2021-11-25
a06756f5-e4d1-4396-bdbf-3e68ae0149a5,342036,-33.0861773514,151.6396415428,,2020,2020-06-20
a06e0381-e01b-46bb-a031-7e75b295efbd,341962,5.68972206116,-77.3388900757,,1998,1998-07-02
a074ec27-0b98-4166-ad93-fcc1177766ae,342417,12.811249733,-103.93977356,,1992,1992-04-18
a077ea7c-b232-4fc6-af18-b3adf4e4823b,534126,26.7830368379,-80.0414551704,,2018,2018-09-22
a07e3c41-c305-4b69-af98-6ea5b8f9d898,342036,-32.7132978973,152.1569978424,,2024,2024-01-20
a08648d0-729c-4906-b52f-b8d1517172b1,409949,-8.2874514702,115.6053232806,,2014,2014-06-08
a08a21df-d6de-40f4-9852-9218009307fb,342023,47.349891981,-122.3261775698,,2021,2021-01-31
a09196eb-e360-4255-857c-a88418c8eecb,140600,49.8778,-8.982,74,2021,2021-03-31
a095529f-fb10-478d-bf9f-86e8ee6e0531,527142,-52.6333333333333,-56.9599999666667,910,2011,2011-05-29
a0999ecd-405c-4028-b9f4-2e363612c314,239392,-61,-45.9,248.8,2006,2006-3-23
a0a12921-37fa-45bf-a255-643f7a51ffc5,534733,35.21896667,129.3385167,,2012,2012-10-18
a0a9a584-0f03-4f00-9707-9da73454c35e,140600,50.0078,-4.6325,38.5,2022,2022-03-11
a0ae2dad-208a-4aba-86de-6cb31386e15f,342307,-52.9866666833333,-59.51,216,2011,2011-09-10
a0b52ee7-8691-45de-85f8-d5225b9d0711,138849,47.3835043327918,-143.058504467705,17.5,2019,2019-02-23
a0bf07f8-c81b-4e45-927f-0bffa72cdf52,342305,54.056775,-166.272316,90,2011,2011-02-21
a0c76045-0813-482a-9616-2255770ba108,157011,49.292,-66.10416667,223,2009,2009-08-27
a0cb205e-b747-43a1-8c91-fc333b5a65f8,140605,28.9172229316,-13.6634143056,,2023,2023-09-15
a0d61fd6-6fd9-4875-88a9-b205d3fe4fd9,210788,-10.2617787062,150.7725906021,,2006,2006-04-17
a0e27582-3f15-4f80-be47-11e0531427c5,325319,-60.83666667,-55.62166667,342.5,1996,1996-11-24
a0e8815b-1f7a-4e63-af0c-a4b9bea0f0b1,140600,56.09949,-5.575851,32,1989,1989-08-04
a0ee8af4-f070-4a12-a399-496ee81db792,140605,43.2287418082,5.3480326903,,2026,2026-07-07
a0fa38b2-1ee5-489e-87e9-60878d3a33ed,140600,51.374,-7.8435,90,2016,2016-12-13
a1031d96-cfaa-40db-9ea5-e439f7007e47,140605,43.6973469782,15.8376808092,,2025,2025-07-05
a10a5fc7-a0b7-4914-b8a6-5523675ac58c,341973,33,-116,,1952,1952-03-12
a10ea30f-61e5-47ba-bab9-1d20c379e959,140605,42.73585,-70.65983,40,2001,2001-10-18
a115c2dc-550c-4dd8-9915-3008200517ab,342403,13.6961460914,120.8852315065,,2026,2026-01-08
a11bb03e-41de-48c0-a493-1b9790b2903a,535605,-41.3453574847,174.8213705777,,2023,2023-09-08
a11e8403-8e5a-42f3-a129-95eda170fd25,140605,42.72938396,16.03558559,,1965,1965
a11ff3bc-d94b-4c08-83da-522d682a31a8,140596,43.516666,-51.9167,142.5,1966,1966-05-05
a126a677-488b-47b5-a235-01284d91297e,140605,37.6547834049,-0.6504894727,,2025,2025-06-29
a12ba429-77ba-4201-b0b1-5c100704c148,140600,53.1873,-12.7183,176,2016,2016-09-29
a12fe126-af6b-4dd7-bc74-a6567464298e,457762,19.3013118108,-69.1733574495,,2025,2025-01-02
a136ab53-ec9b-461e-8531-3051e6cc14e9,534099,13.7278902567,120.8840503658,,2019,2019-11-12
a13bd94c-62ae-40ee-b6ec-cbb2772f4c41,341952,34.419423,-119.627412,,2020,2020-11-19
a13dc387-2d61-480c-b14e-c13bc5ff726c,210788,4.5958254,118.8643398,,2024,2024-06-23
a13f9ddc-3291-4e3d-b039-9fdc7297cf07,210788,19.959321,-155.8600786317,,2017,2017-05-19
a146eb01-092d-41b2-af5f-fb9e5034f579,342307,-52.9216666666667,-59.9083333333333,189,2017,2017-03-22
a14939ed-e478-4be9-a996-c7490ffec945,342305,59.4464283272,-135.2481826982,,2021,2021-12-02
a14e4a20-e408-4c28-8c95-ba1e83acf08a,342036,-29.363025,153.3739,,2024,2024-06-28
a154ab95-4b50-410d-958b-f22d4c06b094,140605,42.2503335469,3.1801419129,,2025,2025-09-27
a1581243-b885-4eb4-965a-2e24aa0113b9,342036,-30.1,153.216,,1988,1988-03-17
a159c69f-bda4-4296-b168-32317fe69f2c,535605,-43.1470857997,147.8522006997,,2024,2024-03-30
a166354b-d7ef-4522-8860-50a2b34787f3,140605,25.705,-83.004333,49,2017,2017-06-14
a16ba1fd-e995-47c5-92bc-4272749aff25,157011,50.72016667,-57.95466667,82,2006,2006-08-12
a1779c3f-4c29-4c8e-b24a-13152723c362,239393,-65.9235,-60.5668,0,2007,2007-01-11
a17beff2-613f-4c81-8ee3-9f0892049979,342333,10.1018731992,125.0701708393,,2019,2019-12-20
a180abda-f41f-4b67-9bae-cb59e8e63584,342015,-38.3668874204,144.8225226772,,2024,2024-03-09
a184d7ec-82ec-4ddf-b01c-ffd11fb604dd,342381,-44.2433,171.795,34,1982,1982-05-06
a18ba2f6-8bc9-47cb-8159-46f539d46c76,140600,55.29133,-6.253307,27.5,2007,2007-05-27
a1930ed8-3d62-4d05-a86c-a63950b25fb3,342000,33.7088896114,-118.4920355095,,2024,2024-07-19
a19aefe4-9250-44cb-a4a9-ba7acbdce0e5,140600,49.4665,-8.0645,132.5,2017,2017-11-23
a1a3761c-b65c-48b6-9724-13adcf7d67d3,342036,-33.8912622677,151.2823013776,,2025,2025-03-28
a1a70218-24dc-4cd5-b48f-040bad185568,341951,32.5499992371,-118.300003052,15,1984,1984-05-28
a1af639f-eb75-4a88-9d19-c1c5362e316e,140600,56.1683,5.503,27.5,1998,1998-08-13
a1b60ceb-e5b6-4c7b-989e-01cc0f023744,140605,43.3025742,5.3690743,,2025,2025-08-08
a1bc8682-b957-486f-9f6a-26a1f7add407,342227,-51.5066666666667,-56.2866666833333,697,2011,2011-05-26
a1c5491f-54cd-47c6-afce-3ef0035a29e3,140606,36.85,-1.86,318,2004,2004-05-12
a1cd43a7-af06-4779-91f0-3ff1e21fe342,342305,54.060709,-166.214814,95,2011,2011-09-14
a1d5bdb6-80cd-42ab-8f34-de5e4ff9f332,341987,-36.47,176.17,411.5,2012,2012-03-22
a1db0923-c97a-4bd0-bd91-3792a7acc9e3,342010,-0.04116,-91.52752,,2026,2026-05-06
a1e20370-8d1f-40ae-9aa0-dd0c82baf6e9,535784,-31.5832996368,16.5,,1995,1995-01-24
a1e634d5-1669-46c5-a461-f268d95b920c,341952,33.461275,-117.7063416667,,2023,2023-12-18
a1ed536a-d536-4501-87b6-a19cf2864a0e,534126,43.5055728963,4.09585823,,2025,2025-05-28
a1f29e62-93d7-4e5d-b9c4-0dddaeb772cd,140605,42.3300018310547,1.1599999666214,,1956,1956
a1fdb56a-fbdc-4a79-b1d3-027f24d1a049,157011,49.557,-63.99266667,175,2022,2022-08-25
a2059f98-beb5-46ab-b9ea-d734258aea2c,1805270,42.2418762713,3.2600910641,,2025,2025-07-01
a208b30f-ca7a-45c9-a4fb-a4f8b29ba3ac,210788,-23.1358244129,113.7962426012,,2025,2025-04-11
a20f523e-10d5-43dd-b6c4-7fc21da32251,457762,16.213887269,-61.5242770618,,2021,2021-11-25
a2153db1-ad94-48b3-bf05-3a76759f3b6c,342305,48.4035397268,-123.3500721031,,2024,2024-01-21
a21c56f9-ff53-4682-afe0-fceab3afd014,140600,50.0102,-6.3675,41.5,2016,2016-03-15
a2201695-8225-468c-a29d-72ecb44acd64,341937,-29.85833,153.716,,1977,1977-08-23
a22b28aa-e18f-4d6a-b014-5e482d7a42ad,342023,37.2415460841,-122.5801777619,,2026,2026-01-04
a22dc1bf-fedb-449a-a96c-287c6604469d,210788,-18.488372,163.098773,,2023,2023-03-11
a22fe581-6352-4cb4-bf45-4074d17c15b4,138849,-9.15,114.7833,200,1929,1929-08-30
a236d873-bb15-420e-89ad-87fcd1406fda,342036,-32.702045,152.156119,,2013,2013-11-02
a23cf97d-36bd-4416-baff-90927b906e99,140605,42.289755,3.286085,,2020,2020-07-09
a240ab68-ad2f-4590-b949-7896b714d12e,140605,-9.552954598,12.95791667,80,1995,1995-03-30
a246035b-2c89-40fb-9d3f-36a7bdbf5706,140605,39.28,-0.02,116.3,2008,2008-05-23
a248b59c-1ee1-40bf-9607-c3aea96bd02f,1530663,-35.67,137.63,,1964,1964
a24afe49-f633-4df8-b4a6-d36f6908f657,1561957,-31.9984324838,115.750004816,,2020,2020-03-02
a2516c22-5da0-4554-b542-10a015926eee,342036,-36.896228,149.923173,,2018,2018-12-29
a258a9c1-bf78-460d-8815-b305f315c37b,534099,-10.54,143.86,,2004,2004-01-10
a25ed0e2-d58c-4fef-9355-a99cad9ec8dd,342023,37.1948210684,-122.2088848284,,2026,2026-05-21
a263a64a-c0b7-4157-ae5d-2c5981197a7a,457762,16.8155166667,-88.0824277778,,2021,2021-04-16
a26a4f0a-25a7-4216-9a86-3d6542fc4b75,140605,42.72938396,16.03558559,,1987,1987
a2718c70-ba08-4470-af77-3ef3a2b5ee9b,140605,38.6849740166,-9.4340304346,,2024,2024-09-14
a27c6090-3fd2-471f-acfb-20b4962f4149,140596,66.624,-59.519,876,2012,2012-10-21
a2814593-0013-44a1-a2ef-ab9538e84b81,140605,50.19599,-5.984068,69,2007,2007-07-28
a28a340e-3bc0-4fbc-8ad0-7a5816ea0967,342403,-22.3,166.436,,2018,2018-08-04
a28faf28-5315-451d-9d25-7aa65146edd7,325319,-54.3400001525879,-38.6300010681152,221,2005,2005-01-16
a29559e9-c9f2-497d-ba32-b73db90ad268,157011,48.95900007,-67.33391676,142,2019,2019-07-23
a2996129-2dc2-45aa-beac-9f0ee34839f4,140605,38.0574804433,20.7945688,,2023,2023-07-06
a2a037ae-54d2-44b9-957f-e7ef071a6d43,140601,39.2422,3.113,57.2,2009,2009-07-10
a2a79c2f-daa7-44d5-aed5-f73c1baa9dff,140598,51.0577,-13.9077,318,2017,2017-08-29
a2ae324e-48ce-4103-b162-a6cc33bf8eae,210788,26.5001188234,127.841873467,,2024,2024-04-11
a2b792b9-332a-4f51-9c6e-0b15cba46dd6,140600,56.2416,-0.416,37,2015,2015-08-25
a2bb94e1-c182-4ef2-b9ef-42fb607550c7,342015,-38.03,145.08,,1985,1985-07-29
a2c249c6-5060-486f-8254-6764b0f27859,341952,34.4058575516,-119.8782965649,,2026,2026-04-19
a2c4c3c2-f755-4f58-b554-f8df09c788a5,457762,12.5221,-81.3703,9.5,2016,2016-09-14
a2c9455e-07fb-43ec-963b-9fa6a2532f87,210788,21.652113014,-158.0637500057,,1978,1978-05-28
a2cf9931-743f-46bd-8c88-f501f1d90cd3,341952,33.7584463898,-118.1191352947,,2020,2020-11-15
a2d700a0-8bb0-4a2e-a339-267b590e6548,140605,38.4087680227,-9.1984661348,,2025,2025-08-07
a2deccd7-478e-455d-bf79-38e7f4e398e8,341983,24.227417187,-110.122691567,,2025,2025-12-15
a2ec873f-d723-47ee-87f5-07ac9803d582,342015,-43.1364,147.2828,,1964,1964-10-19
a2ef4b46-c6f7-46ff-9e32-74a86f4e2bba,138803,36.6371887997,-121.9311732997,,2025,2025-12-28
a2fb8a16-e619-48ef-943a-bd65c94ae566,140605,28.4010571592,-16.3264111429,,2025,2025-02-02
a301e7a4-829b-43de-a685-b6aa192ca7fd,342036,-33.9256858226,151.2593894452,,2025,2025-10-20
a30d655e-5f80-4602-bf36-94a6275c9215,140600,50.0102,-6.3675,41.5,2016,2016-03-15
a3150446-bbe3-4056-8eaf-da45df409ac8,325325,-61.42,-56.15,312.4,2002,2002-2-2
a31b573a-e8d3-44ac-957f-e873d1d80cc7,457762,18.3444601973,-64.7876820648,,2026,2026-01-10
a31f10ee-e3ad-48bb-86a4-0daf00678cef,341985,26.35583333,-83.47966667,57.4,2019,2019-10-27
a329f190-028f-4853-b6ac-eb9d8db63f1a,341952,34.4063049794,-119.8785964821,,2022,2022-01-03
a32c883b-b2c6-4c23-ae22-5c6dca94dae8,325324,-61.795,-59.525,630.5,1996,1996-12-4
a3324c35-4169-49e5-a7a4-ef4254372276,210788,11.6749048998,92.7598499873,,2017,2017-04-12
a337e584-beb4-459c-a46e-d29c0b61a451,527142,-52.9616666833333,-59.6933333,235,2011,2011-09-16
a33c19c7-af62-480c-b13a-578779ea6f53,140601,37.3499984741,10.6169996262,223,1999,1999-06-03
a33e7196-d423-4b98-bf97-7f658ea57801,140600,49.5366,-9.7861,73,2016,2016-11-20
a34279fb-3898-4b3a-9c6d-ea2fb11d6dda,138849,8.4333,-15.1833,200,1930,1930-03-09
a3469d7f-fa1b-4133-8c12-73f9df4ea825,140605,58.99516,-0.1680633,121,2013,2013-01-07
a350cb37-cdb0-43c0-8751-79349881ed86,342222,40.3874740601,-125.622917175,186.3,2000,2000-08-29
a3582f73-c09f-4db5-92d0-c46ecbbc5065,342023,47.5629383333,-122.4075,,2023,2023-02-17
a35e2897-2f0c-4350-b8f4-db63728ed74f,342023,38.3057111111,-123.0176388889,,2026,2026-06-18
a3620f12-6446-499c-a996-f46cd2c41f34,140605,49.79666667,-66.51183333,308,2005,2005-08-21
a369c612-8a0c-4e2b-b86e-c865f150c3eb,534126,26.7828452765,-80.0414357122,,2025,2025-03-08
a36e3f46-611d-4cb3-b2ea-3b2293c4d0ae,140605,39.1928,3.0376,54,2006,2006-06-22
a3787474-cb56-44ea-a099-d02a7243209e,239392,-53.84,-38.35,180,2006,2006-1-9
a3804828-c265-4ea8-b55d-ddc20b11a101,239392,-61.2000007629395,-54.8400001525879,94.4,2002,2002-01-31
a38920ee-8ecc-44c4-81fc-d7f5fe2f5d9a,140600,51.6223,-7.4481,39,2018,2018-11-26
a390c6e9-5179-4d88-9160-4ed94af24d0d,140605,42.2451977472,3.2543023204,,2024,2024-07-15
a3963979-238c-4544-a943-a60636f9a550,140605,36.7,-3.58,66.8,2008,2008-05-09
a39dfebd-dc09-4bab-a178-cc6765995129,1805270,38.445006408,-0.1250419012,,2024,2024-12-21
a3a23eee-2c9a-437a-b0e8-622873c162eb,140598,39.46,0.2,608,2005,2005-05-23
a3a61e77-9c56-4a7d-96e6-cca84a5d4eed,341950,-34.5624383333,135.30797,,2024,2024-01-13
a3abded1-ce43-4df9-bd63-c72cbe860b4c,140600,55.312,-8.702,94.5,2014,2014-10-02
a3b0df0d-673f-4126-9c43-4a7a6fefa599,140605,43.0330237637,6.0961108268,,2019,2019-06-04
a3b49ad7-06c3-4372-b8dd-af3811053645,342036,-33.9922329866,151.2293041294,,2025,2025-08-16
a3b790fe-09cf-4db9-aa7c-0121bc5cf010,140605,43.1604385337,5.6122647943,,2026,2026-05-24
a3c45f67-ce41-4698-a130-46b991fd426a,342305,48.58615,-125.517483,132.5,2012,2012-06-14
a3ca31f9-7675-4afa-b384-e19e56929c1b,342385,-45.8008375662,170.7060374439,,2023,2023-07-15
a3d88f5c-792f-4aae-8892-8360660ebf5f,140605,39.1471105083,20.2470938945,,2020,2020-08-28
a3dd21b8-cbf6-46e7-93c6-0b0c28baf21a,535623,-19.9883,117.058,52,1983,1983-02-22
a3e18ff1-93c7-4130-8145-29c6fc210201,341990,12.5681031529,122.2398090806,,2018,2018-04-24
a3e6919a-c8e6-413b-9155-8885b67c52c0,342036,-34.0729466284,151.1510073137,,2020,2020-08-28
a3eb85cf-84f4-4c84-93cc-9d2c61d5a899,341945,8.5,79,,1904,1904-07-02
a3f03cd5-c710-45e1-924b-39c99de027a6,342381,-39.6945,177.7742,462,1993,1993-01-14
a3f702c2-e604-4ace-bd7f-96256a79d7a9,341950,-34.7189478733,135.8586468548,,2023,2023-05-02
a3fe1f93-4c01-430c-b832-6a4b9b1ee2ca,140601,39.38,-0.09,86,2005,2005-05-24
a4047f2d-0542-44bf-b010-01152dbd81c7,342334,-31.9963456512,115.7498295525,,2026,2026-02-02
a4072fe3-34ce-429e-b171-908478b696c5,140600,50.0455,-4.8288,38.5,2017,2017-03-10
a40dfa12-6324-4fe2-9219-a150626965f2,140600,52.7983,-13.1192,198,2008,2008-09-28
a41298ba-859d-4875-9d89-4a2a03796c10,140600,39.57,-0.02,82,1998,1998-05-22
a41f713f-cdd2-421c-882b-4e74d0889fb0,457762,11.2912700605,-74.193754001,,2024,2024-05-02
a4228c30-8b59-421b-8b59-0690be30a884,140605,44.9433947735,14.6905076692,,2015,2015-05-24
a4292324-9568-47a9-bac0-dda3664a15f5,342023,33.8324624422,-118.3927153545,,2024,2024-11-05
a42f4755-2249-4897-aa42-e81e3b932967,210788,19.6702742546,-156.0304003505,,2024,2024-06-08
a435a217-47a8-4302-b81f-eebf3738432b,342036,-34.0024622187,151.2259778549,,2024,2024-07-24
a439b0c1-2fec-4a72-99c3-858f7c7956cf,342036,-33.9034191683,151.2682635337,,2025,2025-05-03
a43ecb3a-3faa-4295-8626-da3205e97a26,210788,-0.5078693272,130.7377418642,,2025,2025-03-07
a447ddf6-a5e0-43cf-8085-f7758dbf05a0,140600,50.3585,-10.5625,156,2011,2011-11-22
a44dcb9f-ef20-40af-a431-04dc20640b04,140600,52.8983,-12.6073,207.5,2015,2015-09-27
a4566499-876d-4ca8-92f9-a1b85e241204,535605,-33.67,151.83,207,1982,1982-01-25
a45ce9bb-d45f-4a04-977d-81614478012a,210788,-22.2991132713,166.4369992589,,2025,2025-09-22
a463ec52-f98b-41ce-9449-abcf0e9aaeb5,140605,40.7900009155273,0.439999997615814,,1964,1964
a46c5deb-5dc8-4bc5-b855-bb5ac25ba3c2,342023,33.8350331031,-118.3963997558,,2024,2024-08-08
a47112dc-e380-4bd1-986a-f1899323ea67,140605,-23.028203,-44.532687,,1964,1964-11
a474a97b-c365-4cff-8d42-b63c9a2a6d85,140600,55.44052,-5.098019,10,2004,2004-05-30
a47e2e74-f974-42c2-bcc3-dd68989378e0,341983,24.0634613031,-109.8279796014,,2021,2021-09-03
a4835884-b6a4-4860-a6fa-8c5bba9c3093,342305,48.6799574669,-122.9734937847,,2020,2020-03-31
a48cd43c-1f5a-4f36-b023-a58846743451,342051,21.0750007629,-156.391662598,384,1974,1974-11-23
a48f6e68-3b8e-4d16-9394-fd10a2463c89,140600,57.7331,0.2238,50,2013,2013-08-26
a494a8be-ee32-441c-bb95-9f00e732f363,157011,48.23433333,-59.52433333,108,2017,2017-08-11
a49bca46-0d69-4a98-a19b-1c26c0148595,140605,37.93,-0.57,73,2001,2001-05-24
a49d8d3b-0c98-4da3-9824-ede1e28c0c60,140600,40.02,0.88,92,2007,2007-06-09
a4a3f1c3-8af6-42e6-aab5-9d62d001b2b0,140605,39.1912,3.0353,52,2001,2001-09-21
a4a96e2b-c256-4eb5-a299-fa1d8ddd758e,140605,41.2099990844727,2.05999994277954,,1967,1967
a4b3532c-d407-41ee-a583-450a790bcffd,342036,-37.6327216667,176.1846783333,,2026,2026-02-21
a4b822f9-247b-40bf-86b2-f75b659f2a9d,140601,36.55,-4.53,71,2007,2007-05-19
a4c0fd14-9b5b-4312-887c-e48e3e0fb78c,534733,36.67703333,126.1367361,,2013,2013-02-28
a4c56e13-c1fe-49b0-b399-884e74e70164,341952,34.1726858933,-118.8214999282,,2023,2023-09-27
a4cd463a-84d6-4caf-9d51-92bf92f01025,342270,-21.927825,114.1403361667,,2026,2026-05-18
a4d52e80-4909-41f3-878e-9233ee833cde,210788,21.2962334,-157.7019881,,2009,2009-02-24
a4d7677e-cd77-4975-8e00-73ab95f9ee3d,342334,-35.0753493129,138.4949832999,,2019,2019-03-16
a4ddd845-b75b-4063-9971-d1c13598353f,157011,50.10366667,-65.27383333,131,2013,2013-08-25
a4e65084-ac60-42e9-bd59-b3057d5eb553,325319,-62.9,-61,204.4,2006,2006-3-6
a4ee5dc2-dd62-48eb-a814-8c7c2ab0668b,341781,38.66355,-28.5685,0,2024,2024-09-20
a4f469f8-cf80-40c8-b223-ff44ab530018,342010,1.3782128435,-91.8204439246,,2026,2026-03-08
a4f8e4de-b24e-4002-bd9f-00e0e19df772,140605,28.9182461895,-13.6646682313,,2024,2024-10-10
a4fe1090-17b2-4d63-86c7-9b65074df257,535623,-10.45,140.75,,1982,1982-09-13
a5098aaf-5ba2-4aec-a7f2-eed661e9c4a5,342333,-1.21110999584,144.283065796,1,1978,1978-10-27
a50b6c28-8e34-48c2-928a-3c3230632852,140600,53.0258,-14.2608,109,2015,2015-09-13
a50ec0aa-568b-4830-bc2e-ff905cb70160,341983,32,-116,,1952,1952-02-12
a519f597-5174-4892-afbc-7da63a4d3129,1805272,21.2885282583,-157.8640928002,,2023,2023-01-26
a51ede65-40ab-4198-8090-377892ea0c17,140604,38.45,0.4,177,2003,2003-05-06
a5259ecd-c05a-4246-814c-7f69ca45a65e,341954,20.381222457,-87.0317849294,,2024,2024-07-25
a52ee9fa-3b52-4fc2-a123-6d7b21f41b6b,342036,-29.0594553,167.9578032,,2024,2024-10-17
a533887b-6559-4d24-b9e5-8e4de8d169f7,140605,42.72938396,16.03558559,,1982,1982
a5387c6b-26bb-4450-9113-d5b9287599a1,157011,49.52866667,-60.39666667,281,2017,2017-08-29
a53dab0b-0154-4c23-b8b9-047f0063dd42,342023,36.6217466667,-121.9034883333,,2023,2023-07-06
a541d1ba-c2dd-4f61-a196-31237b1a5c01,140600,52.8027,-12.3185,174,2008,2008-09-26
a5454434-0879-4735-ad28-c5f288d94a1c,342036,-34.4154408647,150.9016623247,,2024,2024-06-25
a54ea8f5-10db-4cf9-a0eb-185786c8fde4,140600,52.3638,-14.639,203.5,2010,2010-09-30
a553344c-1d1e-49b2-8eae-b67e44e43763,140600,50.2752,-4.368,23.5,2021,2021-03-23
a559599d-9f5d-43fb-998c-2ecc7e5dd2d0,210788,8.759946809,167.6651970062,,2011,2011-07-25
a55dfd0f-2b17-46f9-b34f-81190e055fc3,342036,-29.0594553,167.9578032,,2022,2022-11-30
a5625d9b-47ff-47e0-b3c3-4ff881a8cf76,342023,48.8139926211,-123.6070474831,,2021,2021-12-22
a566be44-9d21-4260-a4e3-29d95b2eceb3,140605,40.4346026567,19.4623322412,,2026,2026-04-14
a56b6187-ceb0-4eca-9ba9-a950800c7745,140600,53.1852,-4.6735,20.5,2010,2010-09-26
a5773db8-ba44-4d12-8168-8319240e01c2,140600,48.3779,-6.9895,70,2018,2018-11-14
a57efb95-1df0-4aa0-9608-79ef02f8732b,140601,45.64861,13.78,,1907,1907
a5833185-60fc-4cb4-ad71-e775d959c718,210788,-14.2968356,-178.1581081,,2025,2025-06-02
a589af93-c2df-45dd-9fc6-79dd056db65d,140605,38.5026583,-0.1301949,,2024,2024-05-05
a58dfdbc-f463-49eb-80bb-2a6fbb451e21,535784,-32.1899986267,17.5400009155,126,2003,2003-01-26
a595300a-f0c0-4c94-a35f-a07b22de6255,342023,35.28958,-120.8834216667,,2024,2024-11-18
a59e6889-a506-4c9d-a66f-b07872f897b8,140605,43.36415,4.3458,27,1992,1992-05-19
a5a462d0-a37c-44b7-829d-ff785c295cce,140596,42.85405,-67.882722,191,2001,2001-04-25
a5a990a9-46e2-465d-8eca-8b078bada74c,457573,1.4525883,125.2250546,,2026,2026-02-12
a5b20589-1052-4a3f-95fe-c5d8bf4ca94c,140605,42.1469870164,-8.837309161,,2018,2018-07-15
a5b8fce5-ac7b-4fc8-a03f-072f2ec5f539,157011,49.43183333,-60.5375,280,2019,2019-08-23
a5c052e1-d6d7-4420-8be5-802811e88a06,157011,49.82683333,-60.18666667,76,2014,2014-08-04
a5c9e85d-cdce-42a0-b965-a4dff1d1df8b,141694,29.5005607605,-88.1702804565,49,1973,1973-04-15
a5cfe613-c4bc-4ad7-baac-0a2f7e939fbf,341952,32.8142611111,-117.2741944444,,2023,2023-02-18
a5d62769-68b6-4c63-8790-f6572cc09a22,140605,42.72938396,16.03558559,,2005,2005
a5de331d-c2ce-4541-8778-2b1844937441,342381,-36.043,174.685333,55,2017,2017-08-11
a5e44962-5273-4eeb-983b-057f899ad2d5,341985,24.7961101532,-83.1336135864,53.5,1980,1980-11-20
a5ebe40a-c6b1-4c03-a092-83b8580fe5ae,140600,40.31,1.12,96,2002,2002-06-03
a5f25c9f-2242-4f42-b0d8-62b09fb844c6,342305,54.066549,-166.206707,95,2011,2011-10-09
a5f8b8a8-117f-43ad-8740-b599ea274092,210788,22.2205389007,-159.5837125527,,2024,2024-06-08
a5fd1ff7-e217-4838-a7a0-7fb412e36d02,341983,10.5751474303,-85.7085036399,,2022,2022-12-05
a6035aca-4722-4f99-9f57-10b8bfd6fb73,342212,70.499,-65.873,1141,2014,2014-09-26
a60e9be0-7a25-45e1-b16f-60a547c958e2,140605,34.4399986267,10.6809997559,35,2004,2004-09-25
a6106e88-7d75-409b-a681-3af68b2f6960,220324,15.48,73.79,,2007,2005-05-12
a619bb69-4365-4c41-86c7-763d5f23ebd9,140605,44.3265662935,15.0245123503,,2016,2016-07-31
a61fd5ab-e9c1-46ae-be03-3ab166f5008d,527142,-51.5833333333333,-62.5,,2022,2022-10-17
a6241760-d9e3-439f-b08f-d2a72bcd494b,140596,43.3330001831,-69.8330001831,168,1979,1979-11-30
a62aee5e-31c0-4ed8-9be2-485cac07686b,342010,-0.264746553,-91.3732291058,,2024,2024-05-07
a63b8bd2-356f-4dcc-9563-6afeb4ce2949,342333,4.5958254,118.8643398,,2022,2022-12-16
a644d2b6-e3fb-4978-a352-f83bdb4d6957,1561957,-33.6299354373,115.3385327807,,2023,2023-02-04
a6494839-635f-4159-9ef7-28d074ca630a,1561957,-32.1380609873,115.7440912422,,2026,2026-03-07
a64fb0e2-e7a6-4f79-8573-0397506e2a37,342334,-34,135,,1922,1922-03-24
a6564445-46ab-45a3-8feb-799595588a8c,140600,53.246,-13.0478,137.5,2021,2021-09-11
a65b9f78-b977-4ae2-ab6e-84b0688ffc8d,342023,51.899716,-130.676083,337,2003,2003-07-27
a65e8cb7-67fc-47de-8b45-6d2f464a900b,140600,55.90856,-2.128394,19.5,2016,2016-09-02
a664d933-93c3-4832-a0f8-faf2cd71c000,342036,-32.7141808357,152.1508842619,,2014,2014-04-24
a66d58db-c033-46e2-9bad-0305b4790530,140605,41.3600006103516,2.50999999046326,,1969,1969
a677ac26-8f9f-4f57-a437-71e35695b665,140600,58.96115,-5.096564,76.6,2014,2014-11-03
a67bb3cb-6af5-4c55-81b5-046b2f0b977e,239392,-53.62,-37.84,152.5,2006,2006-1-24
a67f14e7-2e0d-4aae-914d-5035596add46,140605,40.1658083,-8.884515,,2025,2025-10-11
a68692fa-9b4d-4e42-baac-9b73b71b423b,1805270,40.3612979014,17.3138769537,,2023,2023-09-14
a68d689b-069a-4f04-9686-4a9eb27b3bbf,157011,49.50383333,-66.32316667,331,2021,2021-08-15
a6920a58-d3fc-475b-b8d0-0195d56822b8,342036,-37.632009142,176.1838328093,,2024,2024-03-11
a696bc9b-fd73-49fa-a011-188da9626eb5,342023,47.5804954185,-122.4167240431,,2020,2020-12-07
a6a2fec5-e248-45a3-93ea-4b40b3116d23,140605,28.0499992371,-94.5500030518,60,1950,1950-11-21
a6a724ce-7e9b-45ce-9da4-407ed44cc3d7,457762,12.082736963,-68.283113843,,2016,2016-08-26
a6adeca3-cff5-4a42-917a-e04871297a42,140607,39.9333,3.4023,130,2006,2006-06-14
a6b725e4-677a-433f-a844-f66d42816665,140601,43.58,15.4,177,1968,1968-02-09
a6bc8876-4aa0-4954-8106-e00a2631c9b8,140605,40.0497296429,3.9218219939,,2026,2026-06-08
a6c078a3-51fc-414b-acce-bb417c473c5d,341781,37.592,-25.5947,0,2023,2023-05-14
a6c3a382-6fdb-4ead-8383-02627e1b0713,342000,33.5888437126,-117.8681259457,,2024,2024-07-20
a6ca459d-703c-4d71-968c-febf37742c9a,140600,53.4085,-3.6167,10.5,2024,2024-09-21
a6d4b721-ad83-47c3-b80a-6c8679780041,140605,42.72938396,16.03558559,,1955,1955
a6da7d7f-8960-4501-af4e-8d90644e9fe9,210788,21.015099371,-156.6389375113,,2022,2022-12-09
a6e3d1fd-6f7d-4021-9def-b07cd994e923,140600,58.3947,-5.6338,110,2010,2010-03-09
a6edd5f9-020a-42af-ba00-fce5e43a15a5,341952,32.7611776,-117.245933,,2023,2023-10-04
a6f38c56-040b-49c3-a67a-1b0cfab45101,140600,39.06,2.7,256,2008,2008-06-18
a6fd2770-b882-4b30-aa29-dd06bc5647fd,342023,48.303111,-123.017349,,2006,2006-07-21
a700db4c-6113-416b-98d3-2505d3b81140,534099,13.5219496391,120.9746647405,,2011,2011-04-02
a7057502-3510-4557-8984-551ddbd6044d,140652,-9.075416667,12.617,731,2009,2009-03-25
a70894c4-07ee-4e84-b77d-add4013e15ac,1561957,-33.6300064,115.3385727,,2024,2024-04-08
a7117d33-761c-4f79-90e0-577ce975a463,140606,41.73,3.38,184,1995,1995-05-17
a712a2d2-1f02-44e8-ba4f-7a398eecdbdb,325325,-71.5299987792969,170.110992431641,220,2004,2004-02-17
a716368f-5cb5-4d5f-a00b-ad571b3bd4e9,342381,-37.1,176.2,351,1992,1992-02-15
a718559c-201d-4604-82a9-f7d9dee4fd44,342036,-33.8394015437,151.2538191676,,2024,2024-03-15
a71ff789-2496-4365-ad21-7d5866c79e48,239392,-60.9,-55.65,164,2002,2002-2-4
a72203d8-b1e9-4306-b5b6-203905cde4ce,457762,17.6354642,-63.2326763,,2013,2013-08-28
a72684e7-0fc5-4eea-b0a4-de3f27c400bb,341790,13,-102,40,1973,1973-10-16
a72c06ff-c8fd-4e7c-9e80-904a82ee6276,342036,-34.002797,151.227019,,2022,2022-01-22
a72efe99-e0d4-4c1a-9516-d18affeb3145,140605,42.72938396,16.03558559,,1969,1969
a7324a0d-13e8-40d6-90b7-7ecdde7412cb,140605,42.3300018310547,3.52999997138977,,1968,1968
a73ab615-8359-4c58-8f9f-9b9b40b43d97,342381,-47.9427,168.5117,132.5,1996,1996-03-08
a7422cec-f703-412d-938d-5814de72d77c,342036,-33.84017082,151.2548473427,,2020,2020-05-13
a7479191-2f14-4815-8524-45250601812a,140596,36.266998291,-74.75,585,1969,1969-07-23
a74b1f17-2b1d-4d98-a666-6303d0960062,342023,33.8396179936,-118.3972986118,,2024,2024-11-20
a7507245-3fd2-4722-9342-8a38511e972b,239392,-65.90833333,-67.80166667,442,1996,1996-12-26
a754d801-bf59-4b22-954f-99eb20c64edf,140605,40.5999984741211,1.13999998569489,,1969,1969
a759bdcf-2f46-417f-a45a-d77d4e3bd24b,457762,16.2677938857,-61.8062861616,,2026,2026-03-07
a76346e5-dd8d-47f1-a035-7d51412bad86,140605,-34.1870737013,18.4272417791,,2025,2025-01-18
a76934eb-f001-4628-9724-dab6e2f63ade,140605,31.9710006714,-80.7539978027,10,2009,2009-05-07
a76d950c-6902-4d98-a7a9-f5d37be17272,140605,42.237593054,3.2071591251,,2026,2026-01-27
a7739372-d559-4849-8598-10152c8c6ca7,341952,32.8143051749,-117.274043686,,2025,2025-11-08
a776146e-e354-4444-b526-b0beba140109,325333,-67.4558,68.839,,1991,1991-02-28
a77cdc3f-de0b-43ee-820a-75d11fb727ab,342023,37.1939472222,-122.4029472222,,2020,2020-11-18
a785632e-c876-428c-9248-7db3e206b1e1,140605,34.5270004272,12.8059997559,86,2002,2002-05-15
a787b7f5-a167-49ff-ba34-3c0ebcde719e,341985,25.97245137,-81.7870769375,,2021,2021-01-04
a7902757-1cfe-4472-aa4a-ab88611bb4dc,140605,43.5169410925,4.0777461539,,2024,2024-09-03
a7953876-cd25-421b-9962-849ec1fd6bb0,342023,51.516533,-130.149033,421.5,2011,2011-07-29
a79ceacb-0799-428a-a275-e46835ce6893,1805270,41.5907462028,9.3632775094,,2023,2023-09-13
a7a1adf5-36e7-48d5-976a-7783320e0aff,342023,47.2474758759,-122.5538745118,,2023,2023-01-20
a7acae2e-8091-4e93-a557-3c95d04c2183,140600,49.9528,-5.7585,32.5,2021,2021-03-22
a7b1d1d0-693c-4a05-8fbd-a1a44f6e0191,140600,40.32,1.13,97,1998,1998-05-28
a7b6042d-dc2c-4182-b5c7-b5abd1cf5d56,341952,32.7476283333,-117.2534033333,,2025,2025-01-30
a7bf1e92-6b94-4ac5-a5b2-135a4845ac13,535623,-19.945,117.893,40,1983,1983-10-26
a7c8db41-d7f6-4ffe-8009-02578102af7b,140600,52.98,-13.7422,97.5,2013,2013-09-12
a7cd0327-7e08-405c-b6f9-de1fbfa494fc,535605,-38.4758247936,145.0286528694,,2023,2023-09-14
a7d1e619-e75e-44a6-8eb9-260ee75e482b,140600,47.4312,-3.8904,49.5,2015,2015-11-03
a7d7b487-73ad-45c0-8503-769c1c335d98,535784,-30.3099994659,15.4300003052,271,1992,1992-02-21
a7de69a7-83fc-4330-9866-5af8668f0189,341954,26.53166667,-83.48433333,57.5,2019,2019-10-27
a7e7a8b2-3c65-400e-a4aa-c3d83f3ec66f,210788,-23.4408510007,151.9093855273,,2025,2025-09-22
a7e9e68f-afcc-4abf-b740-88442802a7c2,210788,25.0290261407,59.7481279616,,2024,2024-06-01
a7ef53ee-8a1f-4981-85c6-ea03bf001b70,342045,-43.12943,147.9911,,1994,1994-04-09
a7f39a83-bc2b-4da1-8d1f-193725176423,138849,17.7167,-64.9333,200,1922,1922-03-28
a7f8c4c6-3d2e-4b30-a761-0f820e536c6f,140600,48.7913,-5.804,58.5,2015,2015-03-14
a7fd6a35-6f7a-48db-b27b-d770e716d2ac,140600,55.29414,-6.169385,18.6,2012,2012-05-28
a8087402-82d1-49e7-bdfd-e1c153644161,140600,41.54,2.91,109,1997,1997-05-29
a810d773-0cd5-4ea0-a0a8-c400a0e23963,210788,27.1846926995,33.9250136997,,2026,2026-02-20
a817fa98-0172-4f80-9f70-3693e0a9760d,342036,-34.0680764546,151.1413335804,,2023,2023-01-28
a81dfc3c-d7ae-427f-87c6-5262aeef5301,210788,-22.2991425784,166.4357283152,,2025,2025-01-29
a824dd70-deef-4a22-8106-3b22a73ffbca,342305,49.1455333333,-125.9159027778,,2025,2025-04-28
a82ad7e7-29dc-4d42-9c32-fb362d9df83b,342381,-44.6833,173.7683,955,1983,1983-11-25
a82d4177-aa12-4653-a218-05782df950cb,342381,-46.68,168.44,23,2010,2010-04-05
a8346928-be8d-4e25-8773-6a069b428335,325335,-61.0499992370605,-55.9099998474121,187.1,2006,2006-12-27
a83b8abb-a5cc-4324-8c4d-4c8d7fba24c5,140605,30.137166,-80.523766,38.4,2016,2016-09-23
a840abea-db54-448f-81db-c3abc9a65f45,342332,-33.0864299113,151.6401510806,,2024,2024-01-21
a846f047-0ba7-4c36-b55f-652832d9375f,342036,-33.741675,151.3203583333,,2026,2026-06-29
a84df3f7-1fd4-40db-8b21-89d790fbd302,535784,-30.1000003815,16.6667003632,,1996,1996-02-17
a8514448-0f9b-472f-862f-7b71dc245e89,325325,-61.29,-56.03,305.7,2006,2006-12-28
a85be1e4-54cf-4704-a0e5-757dbba8bfb8,140605,43.3520403375,6.7147355935,,2005,2005-07-20
a864da4c-c758-4944-a0b6-97771702631c,140600,53.6567,-11.5262,114.5,2021,2021-09-11
a86f366e-019a-4537-aa7c-127bab7de311,140605,40.1947266306,23.8075393438,,2026,2026-04-19
a8733453-81df-45f7-bbb0-363ead18048f,535623,-18.6608,146.839,,2003,2003-12-15
a87a3d3e-2619-403c-a461-d842d604fdb8,140600,40.51,0.96,73,2007,2007-06-10
a882880f-7673-426a-b236-c079242053ff,535605,-46.596126,168.333427,,2017,2017-12-18
a88483ee-eecf-4a00-ad20-7ef2d39e518b,140600,56.34312,-5.875494,22.5,1989,1989-07-30
a88c1a78-229f-4d53-a713-b4fd10aa11ec,342334,-32.1240446557,115.7584114261,,2023,2023-04-22
a890b077-fe1c-4b8a-a80e-9440bbe8f4b8,140600,49.7395,-8.455,131,2017,2017-11-23
a89599e2-7dec-400a-9a08-24aaaea44b0b,342305,48.4025616667,-123.349305,,2022,2022-01-29
a898f71c-2ddc-4587-b5e5-1d155ac9a96d,140601,43.41,16.42,47.4,1965,1965-07-17
a8a0acf7-b00e-40e5-9b34-0b972291184f,325319,-54.33,-39.04,236.5,2005,2005-1-16
a8a5e49b-c6d2-4b4e-a94e-0e6fe263db43,342305,36.7654724121,-122.049606323,601.7,2000,2000-03-10
a8ac00ef-c228-46ff-8448-ecb70677df45,342023,35.289745,-120.8838966667,,2023,2023-06-03
a8b33471-2d1a-4a04-9ef8-6d5c860a8e67,325319,-61.28,-55.71,161,2006,2006-12-29
a8bbf17b-8e07-4240-9032-8728641d4d8a,140601,39.63,-0.06,60,2000,2000-06-21
a8c1f01d-6ec6-4175-9ddd-2c40649b1a34,140600,50.352,-2.4599,27.5,2014,2014-02-16
a8c5e95a-7174-4f31-ae03-231c7da5dd34,210788,21.475,-157.7988,,2017,2017-05-25
a8cbf71a-7c08-492f-b64d-d15a3732eefd,342305,54.05212,-166.25463,101,2010,2010-09-17
a8cf83b8-037a-4f35-a6b6-17ec730784e6,341781,36.3670005798,-74.6999969482,1030,1979,1979-10-28
a8d4ea76-08d5-4c82-b249-8b9b93141cc9,342227,-52.2483333333333,-56.8233333666667,734,2011,2011-05-28
a8d8c634-e398-48a2-badd-4015c9b910d8,140605,42.3300018310547,1.1599999666214,,1961,1961
a8dcd3fa-8301-43a3-a530-63081224fd48,157011,48.796,-63.58583333,206,2009,2009-08-16
a8e2495d-c99a-4069-ae52-5486389024ab,410340,-5.4667,130.65,1500,1929,1929-03-23
a8e73d6b-633e-477f-b35f-74818bab59d5,342036,-33.9799571926,151.251318343,,2023,2023-04-24
a8edbbf7-28d4-4229-b5d5-9c907de09651,239392,-60.97,-55.91,211.7,2006,2006-12-23
a8f28000-b119-4ddf-aeec-eb6a8ce59a82,535623,-21.6594,151.952,,2005,2005-11-26
a8fa073c-f1cf-4545-b488-14e6289a4cd9,325324,-61.14,-56.18,405.5,1996,1996-11-16
a900221d-0e98-4b3d-a79c-bdd1d4dabe72,210788,-22.3004143328,166.4373727985,,2024,2024-04-21
a9071f94-ce79-4994-bf35-f7119e7d430a,342223,-44.351,179.4271667,1127,1995,1995-10-13
a91097a0-0e5e-4532-b668-41fa04026dd2,342305,48.5453,-123.01248055,,2025,2025-12-27
a914c2a3-3619-4c71-811a-d86b5ee1be3e,140600,50.62221,-5.162712,60,2003,2003-01-01
a917bc74-c490-43d6-839d-abea68287e47,210788,21.1314201943,-156.7045638261,,2025,2025-05-23
a91e6170-025e-4c35-8d81-716c93c87151,527142,-49.49,-59.9666666666667,,2000,2000-07-29
a924e596-4aba-4037-acde-bd14f041a10e,140605,38.63,0.4,113,2006,2006-06-13
a92c67c1-9f65-462c-ad1d-4d06d53c36ae,342036,-33.9792724132,151.2520204934,,2026,2026-01-25
a93216df-a366-470f-a3da-152852ed3cf6,140600,56.6381,-0.295,39.5,2023,2023-09-08
a93b0130-c358-4b4e-a3ef-2f690791537d,138849,-8.45,50.9,200,1929,1929-12-16
a947f724-9383-4d75-a863-e410b84b3a7f,1813559,38.305522,-123.065301,557.8,1965,1965-03-16
a94c6aa1-716c-40a4-9d7e-c803b978cefb,342015,-38.3550582257,144.7839864419,,2025,2025-08-02
a952591e-4b8f-4f3e-9f96-f96fe9c35dc3,140600,45.9516,-2.6993,55,2022,2022-10-30
a957046e-6d9f-4167-b25f-b3e4a3c98846,140605,36.7229533333,27.6887716667,,2022,2022-08-25
a95ad2fe-61cf-4a4f-906e-25e2fcd6be6e,535605,-42.8690337997,173.309501,,2023,2023-09-20
a9600d32-5672-4c1c-95bd-48217d9068ea,527142,-50.425,-57.85,163,2012,2012-04-18
a965b40d-1e54-4443-a830-d724c63fe049,535784,-32.4599990845,17.0100002289,320,2003,2003-01-28
a96c10bb-e19b-4ae7-bde5-a475231eccff,325326,-61.0699996948242,-54.6100006103516,189.6,2002,2002-01-30
a976c5ce-1c59-4b3e-8147-28f4e7f70278,138849,-18.3829994202,-72.6669998169,425,1962,1962-06-16
a97e9119-ec19-47d5-8937-21ff79148e6f,341962,3.50777769089,-77.4158325195,,1998,1998-07-02
a984ebad-d6ba-417c-8621-2c0f7a0417c9,341985,29.834833,-80.250667,90.5,1983,1983-04-27
a988428e-b4f9-4878-ac1a-c72492b47aca,342023,47.3076395862,-122.5177402308,,2026,2026-04-21
a992aad5-9b62-4325-aff6-4cc45e7a591c,341950,-38.3565539593,144.7735955391,,2022,2022-04-15
a99801b0-df87-47c1-a238-ff2f94d223b9,140600,50.0102,-6.3675,41.5,2016,2016-03-15
a9a27192-7037-405f-839c-5e3eb81c0bf5,342098,-46.888,167.0703,844,2000,2000-12-11
a9aad594-fde6-474c-878f-81a151e14f03,342305,48.837375,-125.2035533333,,2022,2022-07-02
a9adb99d-557a-474e-9dc0-cf5026a889b1,410340,-4.0833,128.2667,2500,1929,1929-03-24
a9b24a25-2342-432d-8e92-2252c32d8a01,342036,-33.9256859,151.2593896,,2025,2025-12-07
a9b8d10a-6aa8-49b5-8afb-1e1f8c3374b1,140598,39.5943,4.3817,662,2002,2002-05-20
a9c1cafa-ace7-4004-a0aa-db32ad3cd399,535784,-32.4399986267,17.0400009155,307,1993,1993-01-27
a9c775e3-bcb3-453a-a5a2-c890c48bbf8b,342334,-38.3565781735,144.7684811414,,2016,2016-03-04
a9cc5ff4-a485-4c84-9e3d-cc253ac2ef8f,342305,48.4561688418,-123.0798742598,,2026,2026-01-18
a9cfbec2-dd69-491f-b6a4-69efe72111bf,342023,47.5723017254,-122.4145748498,,2026,2026-01-02
a9d4b92a-55c5-43d9-ad1f-d0ed86d0b288,140606,38.46,0.41,176,1995,1995-05-02
a9d911d0-f3af-424a-9663-88ec5e2c4872,140600,54.7705,-10.0835,116,2016,2016-09-26
a9dde9a1-92ca-4b37-85e8-df25de62c8c3,140600,50.0025,-4.0132,38.5,2022,2022-03-08
a9e4f105-6ebf-4429-adcc-5c1503a15028,342305,54.067734,-166.236685,198,2009,2009-10-27
a9e9ec95-075d-472c-b4e1-64d64f468abb,534099,1.492845119,125.2604715139,,2024,2024-09-06
a9ed0d42-5777-4f1f-8e5b-84c64dbd8ee3,140600,54.5761,1.5488,13.5,2013,2013-09-03
a9f58268-f8ab-42da-be26-f601f840f2ab,1805275,-22.2009,150.94,,2003,2003-12-08
a9f863a1-c83c-4718-aad6-e3c50321eb7d,527162,-61.23333333,-54.63333333,347.5,1996,1996-11-19
a9fd65e2-09ed-4aa7-baa8-1f09d5437ae2,527142,-49.7236666666667,-59.457,262,2010,2010-10-26
aa02e598-c03b-4695-8c21-523bc80dd29c,341954,26.7833333333,-80.040555,,2014,2014-09-21
aa08f4af-6bd8-4904-8eb6-f19c7d964335,342023,37.247025,-122.419267,,2026,2026-01-04
aa0da9f6-1918-4680-95e3-ec47f9456556,140605,43.2850806991,5.309363151,,2024,2024-04-27
aa1622f5-0341-44ae-9f48-a67da4a7152e,140605,38.6936386881,-9.4402102442,,2025,2025-09-13
aa19da7e-cfb0-4d7b-bc38-00cfcd30aa50,140600,49.1182,-9.3827,77.5,2020,2020-11-18
aa230a4f-938f-427f-9190-b2bf22eaa650,341952,32.8530030406,-117.2666921094,,2025,2025-04-06
aa2beefb-7e90-4bc6-a507-04940aa6943c,157011,48.01233333,-59.68183333,334,2022,2022-08-13
aa322cd3-35df-4c50-aca5-2492274af7c3,342305,51.664766,-130.047533,350.5,2013,2013-07-21
aa380467-9e83-4ed7-b6ef-eb88ecdf42f1,140600,57.3741,0.456,0,1999,1999-08-27
aa3e9ef2-35e8-473f-9bda-f85c0a02b2cf,341953,11.5,165.382995605,,1946,1946-08-12
aa46b1cc-6018-4299-8b2b-ba43d2a951dc,140605,-33.6924917997,26.6661308,,2026,2026-04-30
aa4af07c-7498-4512-a4fa-1760c253cc52,1561957,-32.1099225788,115.7619713623,,2026,2026-02-13
aa4f681a-c717-4d95-a865-1b00ce2ce3fb,140600,54.100937,-4.448478,,1999,1999-05-12
aa572c0e-6030-4876-8737-5d365290ab97,140605,39.3636890418,2.835640661,,2021,2021-06-17
aa5a290d-8e54-43a0-8333-7dea02c9a3fe,342015,-38.3646345962,144.8232441425,,2023,2023-04-10
aa5e45eb-890c-4b02-8f6b-29e8f37f7504,140604,41.43,3.26,467,1994,1994-06-17
aa648e15-0092-4254-b0c8-e0b06e952ad6,140600,56.09951,-5.242208,,2023,2023-04-08
aa67519a-d5e3-40ba-ace8-8cda76fdba6b,140598,51.239,-13.7735,341.5,2012,2012-09-07
aa69f77b-fcf8-4490-9430-977930dfd0fd,140607,20.9829998016,-158.483001709,,1967,1967-07-23
aa7217d3-7f22-411b-b499-6953691382e4,342023,37.897001,-122.711687,,2015,2015-06-05
aa7c2203-ec68-4bd7-823e-69d0ee101e0d,342334,-32.0570334116,115.7395676161,,2024,2024-03-15
aa85061a-7330-4ea2-a34d-7e8ffca85e56,140596,44.104922,-67.417217,196,2007,2007-10-22
aa8a4692-b562-43ab-878c-f137e2210ea1,535605,-41.3493447103,174.7640490853,,2018,2018-08-12
aa901225-596c-4189-9ac8-59359b0a3a2a,535784,-34.0800018311,17.4699993134,286,2006,2006-01-13
aa92ec88-ca77-4ed3-92c6-1eb747bf04c0,342305,54.06174,-166.204134,91,2011,2011-09-16
aa95fb2a-d430-4410-9d86-06e24cc472ac,325336,-61.0200004577637,-55.939998626709,274.6,2006,2006-12-25
aa9c5e64-92ca-47a9-a938-5b398a0c538d,457762,-20.2920344,-40.2861759,,2025,2025-01-03
aaa449d7-13f7-495b-b6f0-67debaad4588,342036,-36.2685658697,174.7958542506,,2025,2025-05-15
aaad3486-161e-48f2-9b99-37896df7ac54,1561957,-32.1373419319,115.7447007081,,2022,2022-03-26
aab93270-784d-47b0-9d49-c638348e9ef4,140600,52.7265,-12.2263,171,2018,2018-09-25
aabd4d82-4f9c-478d-a66c-db82e3b056e3,210788,-14.6858,145.442,,2014,2014-11-23
aacc3725-f696-47e8-ad22-cd39a510dde2,140600,57.84,-1.9691,51,2017,2017-09-10
aad2c064-7423-4f36-a213-829f0cb6b746,140600,50.7325,-10.5235,154.5,2011,2011-11-24
aadcf17a-1134-4ce8-8ab9-ff60c4198ca2,342305,36.5228957227,-121.9402992962,,2026,2026-02-22
aae408c4-00d8-4a87-ade5-6e2f0e0e05e9,140605,41.8400001525879,3.46000003814697,,1964,1964
aae921ed-39de-44c8-9297-f6afe250766b,140605,40.1465625237,-8.8634332068,,2022,2022-09-04
aaeec0cd-89ac-4df8-9f57-693e5c282166,342036,-32.7146908596,152.151163212,,2023,2023-12-16
aaf68730-3b70-4a98-8825-c042c44a9a42,342023,37.8938633333,-122.7075416667,,2023,2023-06-07
aafdad44-0267-4a0f-aad8-672883b49715,342305,54.05614,-166.296654,97,2010,2010-01-03
ab0424d5-d9ee-4d95-89f0-efe52343da68,342381,-40.6975,173.6993,61.5,2000,2000-03-18
ab082900-6dde-48f6-a8f4-b070e2f46833,1813559,53.078883,-132.8761,1174.2,2016,2016-08-29
ab10bac3-0186-4122-81d1-30b5ff2cd244,210788,13.5248333689,120.9804271273,,2025,2025-11-16
ab15637c-6f3c-442c-b5a7-e19deb98351d,210788,-8.519532,115.510144,,2018,2018-01-05
ab1c96f1-3915-4efc-88f6-058fbc842e2e,342023,38.0508563,-122.9557391,,2020,2020-07-06
ab2204b8-1b3a-4945-9305-5f70b83135d9,140605,33.8030014038,-78.6169967651,7,1990,1990-11-13
ab2820a9-0bc0-4947-b54f-35e10cc64b52,140600,54.487,-9.872,96,2012,2012-12-15
ab2aff16-d194-4389-a715-88180d96bb44,341950,-38.3565539593,144.7735955391,,2022,2022-02-02
ab31baa6-2b8f-432d-8cda-10a924c1a11f,341952,34.3203070278,-119.3772699167,,2020,2020-12-12
ab3bda51-f93c-4a7b-a20d-94849b94acc4,534126,26.4244961497,-80.0485000584,,2024,2024-05-25
ab42f820-ffbb-41b7-93e5-70d70f502607,210788,20.7898707693,-156.5612852086,,2021,2021-03-26
ab49967e-79fd-4fc2-a7d2-5825b2a6aa74,342036,-32.716145388,152.1407532462,,2023,2023-09-17
ab4ea8fb-3741-4c96-921d-eca5ecf99d16,140605,41.2099990844727,2.05999994277954,,1969,1969
ab53a699-5a7e-4bc9-b324-af2dd2573d83,1805272,-32.0088223975,115.7492591095,,2022,2022-02-05
ab57e84b-0084-4540-bb36-a4d13edc2711,534126,26.7830561465,-80.0415015411,,2022,2022-05-18
ab5b760d-550b-4f17-8e8a-eddca19c09f0,342036,-33.9256859,151.2593896,,2025,2025-06-16
ab65b2ca-4474-4719-a1e5-a192e9285fe5,140600,50.736,-10.283,141,2020,2020-11-18
ab6c7fe0-25b3-42b8-87dd-139c6e130d35,140605,38.4114731732,-9.2134789245,,2023,2023-04-25
ab771c48-d977-40e9-979a-d57cede3bffc,140605,38.65,0.39,116,2002,2002-05-28
ab7deb1a-2d45-4890-a58f-e3a29959eda1,140596,42.916667,-68.166667,175,1998,1998-04-17
ab835510-02ba-4aa3-bede-98a83b5b17c6,210788,-5.7759726,123.8948447,,2019,2019-10-31
ab86061b-304f-4f78-a17c-9510f7b27fe2,140600,57.8319,-2.5796,0,2001,2001-08-24
ab8a9bdf-26ea-40ae-992a-0124ce81571d,342307,-46.0448263925,-67.6049776375,,2025,2025-05-11
ab9296e8-ceb2-43af-a77f-b52fdf379612,342334,-41.08332,146.75,,1976,1976-03-09
ab9947b8-f28b-46ad-9ad7-7ec90fcf3081,325325,-77,172,693,2015,2015-02-01
ab9db2d4-9177-47b0-95f5-910d7406ba05,140600,40.11,3.69,171.7,2009,2009-05-14
ab9fc08b-dd4d-4a77-88fc-d4bd37334d88,140596,43.534,-70.257,,2005,2005-11
abaa2352-aa73-4c11-86d2-e35ead6a67d7,140607,40.019,3.5532,148,2002,2002-05-16
abb3508d-1a2b-4d3d-821a-c12a2449dc8a,140605,39.29,-0.03,116.3,2009,2009-04-26
abba9ed5-d33f-4763-baaa-a12ff45a4d98,140600,39.0322,2.8365,139,2003,2003-06-23
abbfdae7-f4bb-48ab-b928-aa2ab478a37d,140605,27.8166777887,-15.7625629443,,2024,2024-03-25
abcd3098-6685-4bcd-b99d-202a95ed7ca6,342305,54.077721,-166.221649,124,2011,2011-12-09
abd4bdbd-2814-4591-bc5e-3718fe17599f,140601,42.72938396,16.03558559,,2008,2008
abd87b0d-d4ff-4309-983f-9e6c36783a69,140605,40.7900009155273,0.439999997615814,,1963,1963
abdec214-0d90-4d8b-a92c-d2dc767f2fcc,140605,43.3344446208,5.0291820668,,2023,2023-05-06
abe837fb-ced4-4384-8c0d-f6f3a6592ab9,210788,-5.7666667,39.2166667,,2026,2026-02-02
abf268e7-e0d7-4080-9203-7eea4ecab5c4,325319,-54.17,-35.76,232,1994,1994-1-13
abf53f07-73ef-4ed8-a446-f6e06b7880e2,140600,56.8931468801,-2.2115546238,,2018,2018-07-23
abfc790d-e86e-47e7-ba01-d61d5a54f903,210788,21.2753167686,-157.6845814346,,2022,2022-02-21
ac022586-485f-48c2-ae81-d03136452d6f,535784,-33.5666999817,17.5,,2000,2000-05-15
ac073d15-8bd2-41cc-b7f1-837af5a83755,342305,54.063209,-166.21233,95,2011,2011-09-24
ac15817c-f184-4b08-9a25-21b328833ba0,153084,40,-40,3900,1981,1981-05-05
ac1d3a33-28c7-4158-83d1-c7a46fc6d47f,140606,40.1159,3.7078,172,2006,2006-06-12
ac217a3d-0f39-49e5-a455-76108e31c998,140605,42.6509367989,18.0591418829,,2022,2022-09-09
ac265592-68be-4d0a-aca0-07174657569d,341952,33.6030700619,-117.8994044289,,2025,2025-12-10
ac2cea38-ad11-490c-bdd5-b7ee8a78622e,140605,41.7208013543,2.9401091598,,2024,2024-10-31
ac3334dd-2fd0-4a14-99e7-a394b0841cbe,534097,1.3936111111,103.9871916667,,2026,2026-04-19
ac38de0b-7c3f-4fe8-b1d9-e8bcc6517ed6,140605,43.3287444236,5.0990509981,,2025,2025-05-14
ac3e9d5f-71f4-4ced-b938-d1d92b19af42,140600,45.1111,-1.4302,23,2021,2021-11-01
ac42a0c0-5cbe-44ca-87d4-45f9329b50ba,534099,1.4843558206,125.2549444187,,2020,2020-07-21
ac4731d8-3e1a-47ec-ad8a-dd22152bb428,341952,34.0438270569,-118.9376907349,,2022,2022-04-22
ac4c7de6-18b6-4624-b2e7-45c063b5efe8,140600,53.6283,-13.7277,136,2011,2011-09-26
ac556325-cc43-41f3-b39e-ffee12e4e8d4,140600,56.725,-7.048,78,2016,2016-12-02
ac5ec7bd-6ae8-4794-a24a-d9ca4664fa8c,138803,23.6726940098,119.5880804771,,2024,2024-03-27
ac675f7b-9049-4da8-b31a-adfc29177c51,342307,-44.802118623,-65.7073246233,,2021,2021-03-27
ac6ff19a-505e-46f2-9829-1912caec2317,140600,53.381332,-3.2294226,,1930,1930-07-02
ac742468-d4fa-4f07-8ae8-b177122fcd43,341950,-38.3698945,144.822172,,2022,2022-03-27
ac7f0852-8f2b-4a6c-b0f3-983fb244afed,342036,-32.7139389856,152.1511337073,,2023,2023-11-17
ac8477af-ea11-4115-8080-06d1ab10c336,341985,24.866666,-82.986,49,2014,2014-10-22
ac8d7575-ce79-465f-ad5c-da1ddf5d97a3,342032,-42.794940495,-64.9417242783,,2025,2025-02-21
ac96daa0-67e5-455f-afc4-bc510648c994,341954,17.404255,-87.859756,,2025,2025-03-31
ac9acef8-8dd1-49ff-88a4-615f08aa5517,342305,54.068439,-166.237202,222,2009,2009-09-11
aca1f39e-fea9-42fa-944d-3c3bb0aebfb4,342023,36.710559845,-122.055473328,182.4,2000,2000-04-04
aca822ca-41a2-423c-8916-f0211cc648b8,1805272,21.894975,-159.6076966667,,2024,2024-02-09
acafb52a-bb41-4799-af74-8156000de40f,140605,41.6555346429,2.8635868032,,2025,2025-08-19
acb2286b-8008-430b-b8c3-95d967103425,342036,-29.6146038907,153.3386499435,,2022,2022-12-28
acb784d0-d36b-42d0-9598-bbb2aa2bd899,342036,-36.8081694444,175.2006833333,,2024,2024-05-19
acba51ef-d964-41ad-a4ad-6b95aa834430,341952,32.8145381744,-117.2744178841,,2026,2026-01-04
acbfc58c-f1ee-4990-90a2-d9e283bc4f08,140601,33.8190002441,11.251999855,42,2005,2005-05-13
acc3482e-fdb4-44d6-87d8-0d7094c4fc8b,140600,49.9578,-3.5702,38,2008,2008-03-23
accdc0af-3426-4c44-b747-bc8913ecd0c3,140605,36.06863333,-75.62935003,70,2012,2012-10-21
acd0115c-17c3-41d7-8205-92c9cc8826c8,140600,53.93535,-4.928664,,1998,1998-05-26
acd6c666-af47-44d8-b09b-dc74d486121f,181387,45.886667,-56.83,0,1970,1970-05-21
acdcea52-be76-4257-8b7b-3b4c392bf5cc,342305,54.066819,-166.214095,97,2010,2010-07-09
ace09ed1-4381-4570-92c5-5700b087f283,140600,53.0438,-14.3797,123,2017,2017-09-02
ace59293-8100-4f04-b103-622a8e7791b8,157011,48.97116667,-62.79133333,300,2011,2011-08-02
aceb3c51-295b-4b6a-a991-fe51537f4faf,341952,32.7609563172,-117.2466041418,,2022,2022-08-04
acf16844-a2ae-4bb0-a6b9-16cbad3b6c0c,140600,39.93,4.41,159.4,2009,2009-05-17
acf96e8c-b650-47e7-9047-bcb00184c7c5,140600,49.8452,-4.5554,39.5,2009,2009-03-22
ad01096f-1a9d-40c7-bc64-27d978c5d296,342305,54.0456,-166.224026,88,2011,2011-09-28
ad048ee8-66d8-4923-809d-19fb448d6f91,140605,42.3944972217,3.1536472217,,2024,2024-08-26
ad073b9d-0128-42d2-8862-688d96efda4b,138849,24.798330307,-30.1266708374,77.5,1980,1980-05-01
ad0dbdf8-96e8-4e72-9fce-867d1b9da505,140605,38.4348735403,-9.0599086199,,2022,2022-04-10
ad1336c0-6716-4f92-a5a6-7b5ffd50849b,325319,-54.3400001525879,-38.6300010681152,221,2005,2005-01-16
ad181301-24e0-4300-b25c-707b1f79f2d1,140605,40.5999984741211,1.13999998569489,,1967,1967
ad1cca7b-d07b-49f5-a27d-c4777318f935,140598,39.5373,3.6338,397,2005,2005-06-25
ad20d8a9-c1b9-4d26-9ab2-0896bf8b6d19,140605,30.047166,-80.313033,43.9,2015,2015-08-24
ad244920-f898-4d07-bb28-6c4de778f9ed,342403,1.4525883,125.2250546,,2023,2023-01-16
ad26a820-d6d6-452f-8b25-e3927dd2d53b,157011,48.348,-62.00733333,320,2017,2017-08-03
ad2ae40f-8f9c-41f2-9cdc-059f0e6ab825,140600,55.263,0.5018,45,2007,2007-09-04
ad2f0dbb-a036-495d-bf35-b0223978c8f6,140600,50.9525,-5.1207,35,2023,2023-09-23
ad322e48-56a3-476c-95b4-8127cf716787,140606,42.705,4.09835,322,1986,1986-06-08
ad354922-b22b-4a2c-801f-6fcefdfdeeba,140605,40.3562866403,17.3212396865,,2020,2020-01-18
ad38e436-eb45-4142-a096-048863b28c65,535784,-34.2999992371,24.8332996368,,1997,1997-05-05
ad3aa588-c2ef-4002-ba47-0846a6eb3e5d,210788,21.4736143597,-157.7164025831,,2020,2020-10-12
ad40b442-1ca9-46fb-a76c-58afa378178a,341987,-36.31,176.09,309,2012,2012-03-23
ad46616f-362a-4bca-8cad-4d8466bc5111,342023,37.1100787428,-122.2749963331,,2025,2025-06-27
ad4c6b49-84d2-4aca-895f-28b0fb733b10,342023,47.5731128683,-122.4166176588,,2025,2025-12-31
ad4f92b4-987a-404f-950c-8a0116842f1a,140605,52.80678,-4.753486,,1983,1983-08-18
ad59f29a-e58d-4f35-a63a-402a314131fb,1805272,-12.5,177.082992554,11,1986,1986-05-12
ad5c5b2a-0203-462a-be25-c0b2d0f57200,140605,-34.2014081709,18.4575383994,,2022,2022-05-01
ad611fb2-bcc7-41b6-a95b-70e9bd9bc63f,534443,35.3245383825,139.5691578679,,2023,2023-04-21
ad687c76-c5a7-4ad3-bc30-0d7da2ff948c,210788,-27.4143699968,153.5265116667,,2026,2026-01-26
ad6de3e4-5682-4bfb-837d-7efaea3ba11b,140605,43.3291658639,5.043947696,,2022,2022-07-24
ad71e67f-7959-426e-af12-3dadd42092de,140605,39.1698,3.0163,80.3,2008,2008-06-04
ad7dc02b-8bf8-4a74-9064-28b51e7d4420,140600,52.6112,-13.3923,168.5,2008,2008-09-21
ad86320b-5082-4795-9d11-abe88c2b2023,341952,32.8142866667,-117.2746966667,,2024,2024-01-12
ad8a2a66-4008-4310-98ad-88894000ae86,140605,39.7354,3.4865,47.3,2003,2003-07-09
ad8edbeb-f5cc-44e6-b482-724001a23b29,342023,38.3707616667,-123.07525,,2024,2024-11-15
ad94eb31-81da-4332-a4d0-c865c995a742,342051,21.9708333333,-159.3486111111,541.3,1902,1902-08-01
ad9aea23-5fc5-4ee0-bd3d-a5d8de2bdd3f,210788,-21.0297848198,164.6064029223,,2007,2007-10-06
ad9e00ae-fb20-4f2c-8585-f0658f7ede4d,341937,-33.766,151.8,,1996,1996-06-19
adaa441a-e564-4dd4-82ff-e0415b1a4ea1,342381,-47.8,168.9333,554,1986,1986-06-08
adad46f0-f21d-4966-9742-371848a8a2a6,341952,32.8074731921,-117.2666833913,,2024,2024-01-24
adb5874e-148f-412e-b435-81a5e4d5339c,210788,-22.3,166.436,,2022,2022-05-08
adbb8d5b-209d-4ed0-9981-7973eccc9c60,140605,42.3300018310547,1.1599999666214,,1964,1964
adc2d082-7f0d-4129-a90f-0caf9c9eb049,342023,38.9156590212,-123.71241414,,2026,2026-03-16
adc7d13c-272d-4e23-9772-5a924c801d33,210788,26.444859778,127.7726949379,,2022,2022-03-12
adcb2924-c9f6-46b6-b97f-af7bbaa291b9,140600,54.57985,-5.459729,26.3,2012,2012-06-20
add27c3d-f7a7-4caf-9afb-fa3e15d0aa10,457762,14.5282536,-61.0876683783,,2023,2023-12-30
add94e9f-c933-4b0a-a0d4-b36dac707235,140605,38.6938962712,-9.3705374129,,2025,2025-04-12
added214-9ebe-4bb7-a9ad-7d5ebd5464dc,140605,27.530333,-84.096,68.3,2013,2013-06-11
ade57cc7-c692-43df-ac7b-c40662beb6d9,1805270,43.5198173525,3.9709153632,,2018,2018-08-16
ade97af0-0fce-4543-bb25-d4e5d8fd9c69,210788,-22.3007927533,166.4365474316,,2025,2025-11-03
adf065e1-3f07-41b2-bc65-095929c2e708,140600,58.2026,-2.2798,42.5,2019,2019-08-23
adf641bd-9af1-4a16-9542-7a728eb3b0e2,342381,-43.7443,179.2863,481.5,1997,1997-01-06
ae02811b-0c7d-45a4-9a80-c09be8e0f94c,140605,38.7106552122,-9.4862108231,,2020,2020-12-18
ae0b68c2-aec1-4ef4-8b97-0bd8dc68c572,140605,38.5601304316,14.8732178962,,2025,2025-05-27
ae162cc1-b0b1-4ae7-8847-1facdfb9765f,341952,32.7611776,-117.245933,,2025,2025-06-20
ae1c9a5c-cedc-4583-b102-f742b563958d,140605,43.6560036812,-1.438199185,,2025,2025-07-06
ae2559bf-b61b-4c94-9540-8983ed8952cd,140596,43.839778,-66.82652,137,2008,2008-10-26
ae2e42dc-0f12-4047-8ad1-54594e7d4ab8,140600,50.892,-5.2947,36.5,2015,2015-09-29
ae3368f8-6ce6-405a-a7ff-dab817d0b149,342093,-42.7358333,179.989,1177,2010,2010-06-18
ae3a6532-9b66-4218-9873-81234cce37e2,325319,-61.02,-55.77,168.6,2002,2002-2-9
ae41cd00-e489-41d5-a7b5-790f8dd5bbd6,140605,48.0035754012,-4.5141319558,,2025,2025-07-27
ae45ba2f-5295-4040-b8ff-7c2042ddf431,140605,42.3942979594,3.155311045,,2025,2025-09-10
ae4d02ab-04b7-4e28-9819-85d8ca6b97b9,341952,34.164290804,-118.8841519188,,2022,2022-09-27
ae52afe9-def2-4d22-9280-2857d7a51e66,210788,-0.369500011206,-160.008605957,13,2004,2004-03-27
ae58c26e-4f1d-40e4-90ab-ed2464a41447,1043781,54.07645,-133.582266,357.5,2010,2010-09-08
ae5c1cc2-e084-42f8-bd6f-2cfdcbf5ef29,157011,47.035,-59.5633,456,1970,1970-04-24
ae61e9d6-e496-4730-afba-e10891fb5ae6,140601,36.58,-4.46,82.3,2008,2008-05-06
ae6b54fb-d917-419a-a4a0-05f7479cfce7,140600,56.87,-6.12,25.4,2014,2014-09-19
ae7025a8-636e-4456-82fc-1fef99c9f25d,140600,58.1123,2.6136,34.5,2019,2019-08-22
ae7ab020-491a-45be-9354-b5aac36f83cb,342010,-0.3713,-91.3813,,2017,2017-06-01
ae7eb9de-784c-4b8a-8c94-06e9ee8663d2,342023,50.0426257525,-125.2164042835,,2026,2026-05-20
ae829433-c290-4bc9-a983-fe8e259b916f,140600,52.034,-6.285,36.5,2011,2011-10-01
ae895f06-0003-4dc0-90d2-cd6537add39b,342036,-28.1962703879,153.576796587,,2026,2026-01-09
ae8f109c-505f-482b-8651-becbd226fa8d,342010,-0.26084,-91.38768,,2017,2017-06-03
ae936380-861f-42df-9aba-f43c06942162,534097,29.509818,34.92224,,2022,2022-01-06
ae9c6c30-10be-4d6a-ac96-d371586dadc7,341985,29.047,-84.575166,35,2014,2014-06-10
ae9e6bd1-5557-452f-a1e9-41b8860182d9,325329,-61.21,-55.87,144.8,2006,2006-12-26
aea56e2d-dac9-4553-8506-410cfac1631d,341973,31.024679,-114.830605,,1966,1966-11-26
aea9b207-4f74-4ce6-a6f4-2e752c425589,210788,21.414871,-158.201012,,2016,2016-02-13
aeac60da-8e02-455c-80a7-e74e38b82c5b,239392,-54.54,-36.01,134.5,1994,1994-2-8
aeb5add1-ce85-4e4c-8999-6673eda9d6f0,140605,41.8400001525879,3.46000003814697,,1969,1969
aebb4601-bb13-4c0d-aec1-d7a5f2993411,140605,42.2498778813,3.2309532592,,2026,2026-07-17
aec1f37e-4a77-4abe-a1b8-6f048c4f22e4,534443,25.0181366667,121.9997066667,,2024,2024-11-02
aecc3665-cc82-4b99-84e3-ba217a0f5a7e,138803,39.2442,2.8492,97,2004,2004-10-12
aed1ca16-6325-4cdb-8514-41204cd6f5bc,140605,43.4043919941,13.4195981934,,2025,2025-01-02
aed5f277-35bf-465c-b4ef-4e68e675f892,141694,35.8170013428,16.25,50,1972,1972-03-14
aed9675e-8cba-450c-8e59-9aeebccf9b74,140598,36.61,-3.84,528,2007,2007-05-22
aedf62c4-8a7f-416f-8f5b-e4eabf91f4b9,210788,7.294599453,134.4215440013,,2020,2020-03-16
aee6a766-4e27-4caa-93cd-a09da44dee2f,342036,-33.9256859,151.2593896,,2025,2025-12-07
aeeb71f7-3a16-4abc-94a9-b44feb8c6cbe,210788,21.649799,-158.065522,,2015,2015-09-20
aeefd138-29e3-454b-8cc9-542f03f79512,140600,39.9612,3.4192,129.6,2007,2007-04-23
aef3aff9-6e99-4cfe-ad68-02797c6a9c66,342036,-34.0697894708,151.1405005408,,2019,2019-01-17
aef884c1-366b-45f9-81ce-31cffd4e7654,140600,52.6572,-13.6217,146.5,2017,2017-09-06
af01832d-64d3-4958-9e49-f6d33f0f14b5,140605,43.3286920241,5.101172382,,2021,2021-08-25
af07c08f-2ce5-431a-88ae-13a796c826b5,342036,-34.0642290632,151.1562573913,,2023,2023-02-10
af0bd1d9-8af1-41e2-b06d-c264b991a32f,140600,52.462,-12.084,166,2021,2021-09-23
af186421-a373-4d2d-8b6b-9172b092893a,140605,-32.6857324031,28.3788632577,,2021,2021-12-30
af1e7505-b226-4146-a5a1-e1cfbae23841,342036,-33.7996333078,151.2954591331,,2024,2024-12-26
af295225-9fa3-4f58-ab87-9c5e88756d61,342023,47.2875513379,-122.5436668444,,2024,2024-05-04
af2ec947-11d1-4877-a250-777f03d0f30d,1530663,-38.7,173.7,117,2021,2021-11-23
af37ace0-0ef2-4350-8505-5b94cb8c4445,140600,58.6109166667,-3.5437833333,,2018,2018-08-05
af4354a2-c959-4ede-9cca-2df57541852c,210788,28.2114609517,-177.3685121646,,2022,2022-10-21
af4ba240-9719-4310-ba7f-186e6a602b58,342305,48.4175,-123.41778,,1981,1981-01-06
af552bf4-0ae9-4eda-a34f-c0325a2aa335,342403,13.6793048104,120.8741681547,,2019,2019-02-26
af5f0e89-a81e-4c88-9b25-32096153aab0,138849,8.5667,119.9167,1500,1929,1929-04-06
af644a12-b06c-49fb-b774-dcccdc86c4a8,341985,27.616667,-83.466667,37,1966,1966-08-01
af6d2c7d-7863-4614-b017-dd690686c270,342381,-49.6667,168.0667,586.5,1979,1979-12-12
af721901-4579-4472-a42e-358470bb97e2,140600,39.2336,3.142,93.3,2004,2004-09-01
af75c619-be24-4140-8942-2b6adb87f78d,210788,8.8282859253,97.8031125979,,2019,2019-12-30
af79f1f7-3cfd-47c6-b0c8-b560e79da06d,140600,53.2112,-12.08,124.5,2021,2021-09-17
af7ef17f-81f3-4e45-bb47-1a7859ccb94b,342305,54.066271,-166.235214,119,2011,2011-09-14
af811f4c-c7e8-4686-9e94-0c6084c0afb0,140605,36.69,-4.3,44,2001,2001-05-15
af8343d0-d930-45fd-abf6-6f91561bfb4b,342023,38.3069785079,-123.0573892593,,2012,2012-02-17
af8c998a-eff1-4033-ad98-86c78a3f956a,140600,53.4557,-14.0387,118.5,2021,2021-09-08
af9737b0-85fa-4d52-bcc4-461ceb9b5c81,535623,-18.9602,147.854,,2005,2005-12-09
af9970c1-0634-4323-9394-1506f8da6164,140600,52.558,-13.986,144,2010,2010-09-20
af9dfbd6-474b-42eb-90f0-9571b9525cf9,341952,33.8366846884,-118.3951545483,,2024,2024-09-26
afa3d204-590f-4e71-94a8-3a79a96e8c9d,341985,28.376902,-82.842522,3,1970,1970
afabefc6-bc59-4a47-b82a-fa2e5e1a7c17,140601,38.02,-0.57,60,2001,2001-05-24
afb38087-c915-4242-b163-cf247600f1c0,341954,26.89866667,-84.05566667,89.9,2020,2020-10-16
afbad8f0-5502-4f16-aff3-ef8047387238,140600,55.5401,-0.5028,31,2018,2018-09-07
afc35094-3ea7-43d0-8fc9-c5f18a15b63a,535623,1.4409446044,125.2125233195,,2017,2017-04-13
afca46cb-b5b1-4ff9-b9c2-2963811fd21b,210788,-24.4896474363,113.4109910477,,2025,2025-06-17
afcf2c93-27bf-45c5-822b-8ef21e5c2097,239392,-61.2,-55.7,94.8,2006,2006-3-14
afd41c04-b631-4d37-a0fb-872096e2e0c9,140600,52.5705,-14.0075,145,2017,2017-09-18
afdb6fd0-15aa-4981-a890-79b96f3b9898,210788,20.7358073498,-156.892230766,,2000,2000-08-05
afe4b7f8-243e-4aaf-9886-5947cb33a5b3,527162,-61.37833333,-56.12,316,1996,1996-11-21
afedeff5-137b-4df5-bab8-48445e798c57,140600,50.06,-4.576,35.5,2016,2016-03-10
aff3e996-09d1-4436-86df-271fff4d7d94,341952,33.3492554283,-118.3252583067,,2018,2018-11-19
aff99a70-8797-451e-8aac-68496e452fe3,140601,36.9500007629,10.4670000076,69.5,1967,1967-03-30
b005a738-ea1c-4a53-b2bc-03456080748a,341950,-34.719395693,135.858053416,,2025,2025-01-15
b00d9477-cd47-406c-aca6-2a1fde2b22cd,140605,36.1062669342,28.0732981192,,2023,2023-10-18
b015e155-256e-4f46-a11e-fe99b2e42e5a,140600,53.853,-12.5908,189.5,2016,2016-09-26
b01aa5be-9d82-4737-adc9-d3d270b7ea85,138803,24.350681441,-110.6766148657,,2022,2022-06-09
b02109d8-4d76-4755-99a7-8afaf6a35c5a,140605,28.9200351349,-13.6795566604,,2019,2019-03-08
b024f830-098c-4d01-84e4-a21329f9aafe,210788,19.9511228404,-155.8616577834,,2023,2023-02-01
b028e875-3da7-48d9-a7e0-92aa73b5ebdd,210788,21.2886776065,-157.863925199,,2022,2022-01-24
b02dcf5a-9e5a-460a-8414-fe55abde6eee,157011,48.29466667,-61.13866667,407,2013,2013-08-14
b0344a93-5494-4723-9ee3-8ac417c16e4f,140600,53.41,-10.8725,129.5,2013,2013-11-25
b0382104-a22b-46eb-a552-4d577a98c897,140605,43.330062876,5.0997731835,,2025,2025-06-08
b03de3e2-1103-4fe7-af32-adca19b0f955,140600,52.77364,-4.7594,27,1997,1997-05-18
b042bd9c-416d-44c9-b3d7-f8fd9287002e,140600,49.5595,-3.6205,40,2021,2021-03-18
b045d204-dc07-4817-84a8-94509140a767,239392,-61.01,-55.77,176.4,2006,2006-12-24
b04bcf7c-a5b1-42b1-b88d-a3fc095b4931,140605,43.1918209742,16.3696911779,,2024,2024-09-26
b05217a0-18a6-4d69-bc77-3d2beaa52d27,342036,-33.9256858226,151.2593894452,,2025,2025-11-17
b055df75-daf0-4c76-9c7c-73bab3e47f36,140600,52.7615,-14.5578,209,2012,2012-09-05
b05aefb3-8dc2-4bc0-a990-cd231d801eb4,210788,-26.8390824039,32.9397583008,,2015,2015-07-18
b063dc85-38b6-4d3a-93ac-9f5015e4b535,210788,21.2885282583,-157.8640928002,,2022,2022-06-14
b06ec2b4-0716-4b47-969a-d6f554082502,140605,42.3300018310547,3.52999997138977,,1962,1962
b0738407-11d7-43df-a97a-e4bc62e6e2f9,342272,-45,174.3,994,2017,2017-07-27
b07c00a9-17f6-4a11-93fe-d4975bac4147,140605,42.061855,3.210134,,2021,2021-10-01
b0845c0c-c62e-4b3d-893a-5119b7a79be2,342001,-29.9766058397,-71.3655454733,,2022,2022-12-26
b087908b-f37e-4e32-af0e-558ee071b89e,342305,54.055092,-166.260783,97,2010,2010-09-17
b0895682-7928-4f98-a766-4da16336ce14,157011,47.6755,-60.09916667,513,2006,2006-08-04
b08e3e39-ac38-44c1-8b25-45e13416ca36,140600,53.7312,-12.1973,166,2012,2012-09-17
b096e027-6b8a-4b59-a26a-b2c89c8dea3d,342015,-35.416,137.166,,1978,1978-03-14
b09c638d-8f02-45a7-89f6-d9dda2b6e7c7,342023,47.3074556315,-122.5177180767,,2017,2017-12-31
b0a1b06d-db43-4886-8cf5-55d84aefd896,342023,37.5089416667,-122.1106805556,,2022,2022-01-15
b0a4890a-727a-4553-b4f1-e425c0c4f276,140610,-33.7683,154.872,20,1981,1981-10-10
b0a87709-aecc-43d4-8998-f498e4689ca4,342381,-36.8333,176,103.5,1961,1961-09-06
b0aefd02-f449-4d8f-8f3e-c31ab58ad8cf,140605,38.3114822874,21.7833149783,,2020,2020-06-21
b0b231a8-24f2-4d9e-9724-9effb5ca1db2,140605,42.3891416667,3.1606138333,,2021,2021-08-26
b0b95856-068b-43a0-97d0-a810b0af3aae,140605,39.45,0.02,134,2000,2000-06-21
b0c1bedb-af22-47da-9329-342de8cca5d1,342023,38.908798,-123.6930726,,2026,2026-04-18
b0c49fd0-96f5-4e8c-bf7e-7dff4594c4db,342381,-39.9597,174.8972,21,1991,1991-11-16
b0c8f7e4-1719-4547-ad9f-9cc912d394ab,342222,42.7542037964,-126.709640503,2742.8,2000,2000-08-08
b0cd7f5a-2713-47fc-a955-56a695ab254f,342332,-33.8005496,151.2979212,,2004,2004-02-14
b0d0d732-1cf1-4676-943c-cb7ceb2ae691,140605,39.324995,3.1403916667,,2025,2025-10-09
b0dd7b9e-83f1-4ba2-a215-70c0c65f83b6,325324,-60.99,-55.82,152.8,2002,2002-2-7
b0e2a00d-4b9f-478c-b8c1-e96e37053603,535623,-17.1631,146.141,,2004,2004-10-18
b0e5ec06-ffbe-47ae-ae2c-943cef3878e2,535784,-31.9832992554,16.8999996185,,1988,1988-02-11
b0eee1a3-243f-4abd-98f4-2b643d742333,138849,17.7167,-64.9333,267,1922,1922-04-01
b0f485b1-b19b-4d1a-aa08-18eda894f7e1,140605,38.448461981,-9.0778418203,,2019,2019-12-15
b0f8de38-779e-423c-b760-f8133a99273c,140605,27.87461847,-15.3803283,5,2015,2015-10
b1033876-4914-439b-9567-45023959752e,140600,53.3517,-3.7307,11,2004,2004-09-18
b1064808-369f-43ff-b34a-07d3827851bd,140605,43.3291572901,5.0999362583,,2024,2024-05-09
b109c7e1-a381-49e8-bb43-d271c059cd79,157011,49.06816667,-67.89316667,230,2005,2005-08-20
b11144d2-7a55-4667-96e5-f4187c089906,341950,-39.025,146.292,,1982,1982-02-06
b114eeb7-e36b-41ab-a2a1-6b9909894e1e,140600,58.86867,-3.175502,21,2017,2017-10-19
b11cbd1f-b1d6-4829-aa0e-dbd9b2a53968,341781,37.6456,-25.222,0,2021,2021-08-16
b1217bc2-6153-4684-b2e4-2ffda17ea5d1,342305,54.079426,-166.220706,134,2010,2010-09-15
b1294bbb-8af3-484b-8710-4b1c1269ae9a,140606,39.7632,2.4477,138,2003,2003-06-15
b130d9ac-2052-4292-b31b-f636c6eea4de,342036,-32.712983228,152.1568344852,,2024,2024-02-24
b1352955-f512-4470-90b0-a95bf77f9b72,342332,-33.8398905491,151.2536080673,,2024,2024-01-31
b13e7178-8e9b-4396-b8db-be4568beeeaa,138849,-13.1667,-173.3333,500,1928,1928-11-03
b1448b56-0c3e-4213-9872-55dcbd63d8c2,342023,37.695799,-123.000433,,1974,1974-07-24
b1477143-151d-4000-b200-9fceea2d3947,140605,-34.6788831,20.2315283,,2024,2024-12-14
b14c639f-1237-4ee8-bbf0-8a23c47c53ad,140600,55.1598,1.3447,22.5,2007,2007-09-04
b150a258-3f56-45f7-a0b3-a47a65dfcb9a,141694,31.6983299255,-63.65832901,76,1973,1973-03-16
b15715a3-60ac-407c-8a0a-9e5a1389ee23,210788,-12.9678497894,45.063745914,,2008,2008-12-03
b1596af2-8274-4c50-bc0c-b5ae39cadb27,341952,34.4090159842,-119.8706377895,,2024,2024-09-21
b15ec792-e597-4651-8cfc-55dbfc2c61e6,140605,42.3060932179,3.2944730427,,2025,2025-11-19
b163fc95-670a-4edd-9dd3-9212f13ada92,1805275,-21.4051,151.875,,2005,2005-11-26
b16e7349-9671-4eba-8a99-6bb16a349d66,409949,13.7086062,120.8757067,,2025,2025-04-13
b173597f-331a-42d1-84ad-587d640f42c0,341985,25.23416667,-82.8182,,2018,2018-10-18
b17830c1-e84a-4e82-befa-91d1b0bcab40,157011,49.10316667,-59.938,283,2013,2013-08-05
b17f2f41-9f7b-4db1-b3fa-101e74b905d8,457762,15.5812304002,-61.4703971971,,2020,2020-01-01
b185ff3f-12d7-4cbf-baa8-96f6df5e37a3,341948,-38.00583,145.05683,7,1990,1990-03-26
b188a1a6-674e-47ca-8a09-4b9e5681a8f6,342334,-35.08476,137.749808,,2025,2025-04-04
b190335d-63c3-4927-a652-1f86406662f7,140605,42.4270886328,-8.8745424896,,2020,2020-09-10
b1944a0e-05f6-4b08-b695-9d1a56cb6a0d,239392,-62.315,-58.695,494.5,1996,1996-12-24
b19dbd5e-d96e-4001-81ba-d8b2b91c7f9e,342226,-44.6336667,-176.976,873,1998,1998-10-20
b1a4b03d-1fb8-4141-9924-37434f3451e5,527127,-52.985,-59.28,173,2015,2015-02-16
b1acb598-869c-48f1-b7ac-6bc520361738,140600,58.1633,-0.6377,48.5,2006,2006-08-24
b1aeeadc-afd1-4c27-a439-0b96e2f612c7,342023,48.6647416667,-123.4886383333,,2021,2021-05-08
b1ba9bac-a319-4a7b-a88a-d29faa4228b8,535623,13.7280778584,120.8837714165,,2023,2023-08-07
b1c1eced-513c-4851-a443-4a98fdf6ee7c,534733,37.30736667,126.4505783,,2025,2025-10-15
b1ca3e57-bcdb-4056-843c-8a7897eb3233,341948,-37.32333,150.06833,80,1994,1994-02-23
b1cd7c35-0b4e-4907-ad2b-3c5d6142a5c1,140605,41.75,3.34999990463257,,1969,1969
b1d38587-6dca-4f9c-b91e-505cb44df30c,140605,42.237593054,3.2071591251,,2025,2025-09-02
b1da9d2e-9a81-47cf-b814-7563064c1986,341952,32.9993383333,-117.278525,,2026,2026-01-16
b1e0e9f8-086e-4942-a543-701f1c7cbc86,140600,49.085,-5.4967,52.5,2021,2021-03-19
b1e398b8-35dd-4df1-9307-7927f5485cd5,342036,-35.2214866667,150.5379633333,,2026,2026-06-17
b1e8c064-9982-4b89-a54f-706879a7201f,341952,32.76057,-117.2462783333,,2025,2025-06-19
b1f2e3d1-8bce-4e87-8ebf-53cad75f752c,342305,36.58041667,129.4129583,,2014,2014-06-20
b1f593cf-5e36-4886-9f97-d91ea091c29f,342381,-42.8886,147.8137,,1965,1965-06-30
b202223e-3814-42d8-b5c1-5521e0294098,140605,35.93,-3.1,134.3,2009,2009-04-14
b205a6e1-0b84-4d9c-b96f-f8c1f8cf7c32,341952,32.7611776,-117.245933,,2024,2024-09-07
b208eece-9b6f-4f7b-a49c-6ddf097afb1f,342403,1.4908646871,125.2366417443,,2022,2022-09-04
b20ea874-897c-4bb8-98f4-7ce4b566921b,534126,10.56,99.3844444444,,1960,1960-05-25
b21468a5-8094-4f62-bd93-4d91adfcc9eb,140605,28.9183567437,-13.6689407353,,2020,2020-01-15
b21d4b6d-54da-49c2-99a9-24713f700b18,534100,9.04166984558,123.020828247,2,1979,1979-04-24
b221ada6-ae66-420d-bcd5-e513372233f2,342010,-0.3014349043,-91.6531495018,,2025,2025-04-19
b229befc-a909-4df1-b106-c713e95cd65a,534443,33.3422872088,126.2483633352,,2019,2019-07-24
b2325dfe-4ce5-4fd6-bf27-b6967055924d,140610,-28.85,102.78,,1992,1992-10-20
b239084a-5b35-4c55-b73f-05961d0aefd6,535623,-24.4813,152.714,,2004,2004-04-14
b23f05df-2b66-41e2-ac70-ff2c0f92959f,140600,57.626,-6.727,70,2016,2016-02-21
b247dcb3-475a-46ad-be67-12be451a6834,325317,-76.1930556,176.2961111,447,2008,2008-02-17
b24ccd87-c5f2-406e-92f8-c6101a2748ff,140600,53.9648,-11.1823,111,2018,2018-09-22
b255ae64-e026-4ee1-a1ab-6360541bb2d5,140607,40.1805,4.1482,253,2005,2005-07-03
b25ca193-2008-4181-88c9-3a7125d921cb,341951,33.8499984741,-117.866996765,,1910,1910-11-30
b264fec5-6557-4273-a0ae-c01df24aafae,140600,54.2945,-10.3445,118.5,2019,2019-11-14
b26bc00d-ca0f-494c-a437-e069713911e0,342036,-35.0128527833,150.8127133333,,2026,2026-01-24
b2730aa6-e242-4653-8f43-4365a9ecb799,342305,34.90543333,129.0769333,,2012,2012-10-19
b27b876c-6053-4747-8d63-841baa2e36e1,140600,48.5052,-8.6105,92,2019,2019-04-04
b27defc4-3a4f-4c7d-b52c-ef0a1658a457,140600,53.4878,-12.1402,157,2021,2021-09-17
b28768d9-ff47-4d00-b4fa-4b51cc80020f,140596,42.195333,-70.5565,40,1999,1999-11-04
b28b7319-1a4b-49a7-9639-7753e67acff5,140600,36.71,-3.6,69,2004,2004-05-09
b290077f-a524-43fc-b27d-cac7a50738d8,527142,-52.6133333166667,-57.065,750,2011,2011-05-28
b292b777-aca0-41fc-95bf-30299d6b5a0a,140600,53.5352,-11.6402,108,2015,2015-09-16
b298edee-ad92-494d-a321-8a95e9f2f177,342305,54.08021,-166.216969,130,2011,2011-09-28
b2a24370-fff9-4123-81ca-07726e98b605,527162,-61.23333333,-54.63333333,347.5,1996,1996-11-19
b2aa1166-dbd5-4f4a-8b38-80b7d8fb42e6,140605,43.317539215,3.5572464464,,2020,2020-07-10
b2b1fb13-01b7-4e1c-96b1-78daf4edc49c,140605,47.8014321851,-4.1796635167,,2023,2023-08-09
b2b8257a-44e5-4cc9-a38a-260cf5c18f79,325324,-61.18,-55.965,125.5,1996,1996-11-17
b2bbbfa1-c06d-4fd3-9472-81d9e9e84b8d,342002,34.256625,126.7060917,,2015,2015-03-27
b2c430f1-ae24-49b5-ae7b-e36d53f59c65,140601,44.98,12.63,29.4,1981,1981-09/19
b2cbe327-c0a6-4510-9999-e1adff00e86e,140605,43.3281590867,5.0786876681,,2025,2025-08-18
b2d1f4a7-11da-4742-80b8-5b2d4ab440a4,140601,40.1,0.28,42,1998,1998-05-30
b2d8563f-edbe-486e-9877-216def5236ff,140605,35.341999054,11.6829996109,46,2001,2001-03-10
b2dcb0ba-e8eb-43f9-9b16-70b46d7f3407,140605,28.5766952966,-16.329953234,,2024,2024-10-14
b2de82f9-1ec5-4bd7-a0f1-f38f55bbf0a7,341987,-43.099,173.4461667,79,2011,2011-05-26
b2e6291e-16df-47cf-ae21-7d528dc5dd56,140600,52.7095,-12.0585,248.5,2020,2020-11-25
b2e941a6-174c-4918-baa4-1879ee96da02,457762,12.0704746992,-68.2812529149,,2021,2021-04-30
b2f00083-1e90-4d16-97f6-29d2af8c0612,342036,-33.0860707243,151.6401835902,,2018,2018-09-23
b2f5293e-2c81-4fba-a0e3-e3219e58b65d,140605,36.0714083333,14.2588444444,,2024,2024-10-01
b2f904db-9f24-4ca9-935c-d5d28e1368b3,140605,38.6294127062,0.0310113654,,2025,2025-04-14
b3023a3d-c596-4587-93ae-eb96c939e106,140600,50.8858,-5.2343,35,2009,2009-09-28
b307cf39-cdfc-4199-abde-20dd2294bd7f,341985,26.97,-83.7772,,2018,2018-10-15
b30ccfaf-1665-4f25-9cca-939994948b40,140600,53.2730331421,-3.9195201397,,2021,2021-05-01
b3184a53-b047-491e-9e2b-effea4a59866,138803,-0.023559101,37.90620041,,1992,1984/2001
b31dd491-b231-4508-b954-890a6fd44855,140605,28.9188280665,-13.6640770835,,2022,2022-12-28
b321deb1-252d-4b4e-a9f9-026ad3b7b933,140605,50.31667,-4.563836,15,2005,2005-10-22
b328395d-441f-41ba-a690-e514e345d62c,215276,25.2128485834,121.6559587509,,1969,1969-08-15
b32f12ea-2fd8-4e03-ae06-a4a67fda1f7c,237820,-33.52,152.355,,1979,1979-10-02
b33e99e9-17a4-4c17-86cf-0a24265e58be,325327,-60.98,-55.83,202.8,2006,2006-12-24
b3459e83-09e5-4909-b70d-1c8ec0ec2edc,342381,-47.2,167.6833333,15,1996,1996-04-01
b3495d33-ab96-4518-aa88-44d50b5585f0,342381,-46.5648,169.7285,83,1996,1996-03-12
b34ca1ba-b417-4b0f-9653-dbc658fab459,342381,-40.8335,176.6915,345.5,1996,1996-03-01
b34fd8b3-9384-4f53-9216-ea5460e0485d,239392,-54.13,-38.6,211,1994,1994-1-24
b353b2db-bb46-4452-8fab-6e43fc342062,140600,47.7571817333,-10.0477065146,,2022,2022-08-03
b35c3cd5-569a-450b-b3f3-3a255edb3239,342036,-36.8989923176,149.9273723257,,2024,2024-01-02
b3603578-00c9-4ac7-8f00-74d6bfb8147c,341952,32.7618751261,-117.2465534411,,2023,2023-09-08
b3673331-3d0a-4742-b39f-ac4c189c9c8c,341983,24.3223033916,-110.3268773646,,2016,2016-12-28
b36a891d-289c-482c-b882-989a1612704b,210788,9.9489342264,123.3649858473,,2026,2026-02-10
b3705de9-e2a2-4662-82ab-6bc1475277d1,325329,-61.2,-55.7,91.8,2006,2006-3-13
b380ffaa-523e-4095-ac09-a7a753040692,140600,52.2045,-4.829295,,2012,2012-10-07
b386d6e4-5218-4989-a767-12c2e943d20b,1043781,49.3168,-123.256,,2011,2011-06-11
b38da855-fc80-4432-9c45-0a81f9c37a2b,341954,19.3828968742,-81.4168714732,,2024,2024-12-10
b3929cc6-b8f5-4f82-83b9-5cb83aa74d3f,342305,59.454701039,-151.7167962369,,2025,2025-04-01
b39ac161-f0fb-4ef3-a7d1-12cf91647957,140607,39.9,0.9,147,1997,1997-05-25
b3a268c0-dfb9-456a-98c4-5b9bfe15a4e6,535605,-33.716594,134.484232,,2024,2024-04-11
b3a64b07-dfe5-4fed-860c-7683dc210230,325319,-61.025,-55.96833333,302,1996,1996-11-22
b3aadf47-d8cc-40de-9d05-8fe49ab16170,342212,71.984,-72.497,751,2010,2010-10-18
b3af53fa-ea88-4c9d-bf2c-d39e03924bd0,342305,59.454701039,-151.7167962369,,2021,2021-03-30
b3b98b85-245e-493b-ac3c-04a59334b041,140600,53.31057,-4.1819286,,1958,1958-05-22
b3c98967-32d6-4440-8378-f489c04e23d1,342036,-33.0831779643,151.6500720605,,2023,2023-07-20
b3d061b4-4667-4658-9a1b-e373d051865e,140596,43.730417,-67.481707,231.5,2007,2007-10-21
b3d3d576-2544-4d56-bd9c-1b24efa45d0c,535605,-40.8182,173.4862,47.3,1907,1907-09-11
b3d9cce3-a718-4946-83e9-b6a619b16b3c,341781,25.5833,-74.75,200,1922,1922-02-13
b3e34b42-bf9b-4af9-8c23-f08e320924aa,527142,-49.49,-59.9666666666667,,2000,2000-07-29
b3eb72cb-cc11-4f30-80d6-c85901a23316,535605,-35.986325,137.6156,,2026,2026-02-15
b3ed64b1-799c-4905-b813-87f5de784773,342036,-33.08728,151.641335,,2018,2018-12-03
b3f5ff27-2242-4737-9f86-1be52ea24f56,153073,48.8829994202,-16.5170001984,4838,1996,1996-09-16
b3fce5f7-f338-4974-bc8c-31394d2b22f1,140600,54.6345,-9.013,,2020,2020-12-03
b4020594-ff60-4fbc-ad3d-3a98b7d97121,342381,-43.4748,178.5183,338.5,1998,1998-01-12
b405b99b-d453-4df7-a619-eb60e9f3aed2,341954,20.5000869722,-86.9616396768,,2013,2013-07-22
b41113c5-3835-4913-bc85-374fec249736,140607,39.7213,2.2792,218,2004,2004-04-22
b415f4b0-5010-41f6-905b-d90f570286b5,140605,42.72938396,16.03558559,,1962,1962
b41b303e-a39c-40cd-8a5a-5348283a7305,140600,53.3552,-14.3223,168.5,2017,2017-09-02
b41f1b2d-70aa-4824-a9aa-1f3550962480,535623,-19.925,117.925,,1983,1983-04-22
b427f3e2-34cf-4c47-a279-03dd0330236a,140600,53.7902,-12.3143,170,2008,2008-09-18
b4302246-ae11-4b1b-96cc-e0032d9c23b2,1805272,6.8966,134.1253,,1957,1957-10-22
b436b06c-e0ba-4619-8b58-78ec7338a2cc,210788,-5.7690361245,123.8948821688,,2025,2025-04-23
b43c58e7-eee8-4487-8423-59fc3c47ca37,140600,51.914,-7.406,56.5,2015,2015-11-29
b43f8ea4-1ebb-42d8-ad6c-c699415a420f,239392,-62.49,-61.41,136,2007,2007-1-3
b4492314-46ee-4c1c-960a-6e63941ecf07,342305,35.03561944,128.9706111,,2011,2011-06-02
b44d606a-a2b4-4463-8f08-d77ae2083fb6,140605,42.2849079229,3.2758837191,,2025,2025-06-30
b4547b88-b3f3-4ad6-bc33-d799978c1e65,341952,32.8074917691,-117.2669202043,,2022,2022-04-22
b459ee2f-6fbb-4543-9505-b140cc9075b9,140601,39.56,-0.02,80,2007,2007-06-05
b4606fd0-b4a3-43d5-b5dd-1c1de49fd524,210788,-4.6995993986,39.376182431,,2024,2024-12-25
b464e492-cbcb-4f29-a5cd-172f8755d6c3,534443,22.2000056,114.1350173,,2022,2022-07-12
b46f0395-cc9c-4d13-92ed-0734f6eb5af4,140605,42.3457485497,3.2103902308,,2026,2026-07-07
b47770d1-7c95-413c-8fc9-4afe0e86a601,342036,-33.891258,151.28224957,,2025,2025-03-28
b47e90ea-7950-40dc-9473-44f60b2650ed,341985,28.008833,-84.159333,47.5,2018,2018-06-15
b4825915-029f-4b6a-9a6d-daf60a80bf7b,342036,-33.0872829547,151.6415262364,,2023,2023-05-04
b48b0206-0855-44d6-bd08-1a4a0732e0f4,140605,40.8212403,14.077725,,2024,2024-09-03
b49021de-964e-44f5-a83b-6181a431eec0,341985,26.4,-83.716667,73,1965,1965-10-13
b495dd96-9a70-488a-912b-5736ac008038,342036,-33.6334368709,151.335511852,,2026,2026-06-18
b49a8a5c-6bb0-4921-adec-48dfd337f03c,325327,-61.65,-57.05,466.6,2006,2006-12-30
b4a1a97e-5b95-4564-b2f2-af7770cf5882,341950,-40.5512,145.745,,1981,1981-02-04
b4a85f4d-ee3f-456f-ba28-a1ae6d30d4f3,342334,-38.2274,145.026,1,2014,2014-11-13
b4ac8256-c14c-4122-9b88-e9f569642967,1813559,52.8265,-132.638,,2006,2006-09-22
b4b23bca-2435-4121-bb20-bb0fda20d36c,210788,35.2449790464,139.1645824642,,2023,2023-09-16
b4b3a498-4cda-42e8-8038-e3ef4f9ddc11,1043781,48.9071,-125.1423,,2024,2024-05-11
b4b7a263-e2fc-4e60-a77f-b1ea527ae41b,535623,-20.9869,151.202,,2003,2003-12-07
b4bc165b-0375-4539-9d84-47855321aa6e,140601,41.18,1.8,27,1996,1996-05-23
b4bf534a-2de3-48d8-941f-f1b84a0048bc,342036,-36.3572928656,174.8172134603,,2025,2025-08-11
b4c585cd-e47b-40f9-a2c2-9a32fbc1607c,140600,40.1145,3.704,166,2001,2001-09-28
b4ca67bc-7348-4cdc-b8c9-d8a4169a78a8,1043781,48.612,-125.25404,,2018,2018-05-15
b4d19cf2-0641-4fda-8836-856576fbd61d,140605,-34.1973514924,18.4331395875,,2026,2026-06-22
b4d72988-dc2f-47ec-a7f5-3530e8c7fa68,387695,-53.3983333333333,-59.4233333333333,1391,2007,2007-11-21
b4ddd7d7-2cb2-4360-b9ab-27399727f663,140600,53.0408,-4.472,9,2011,2011-09-29
b4e4e028-850b-4c9b-99b1-22dbb635630a,138849,10.7832999229,-20.569149971,125,1972,1972-03-12
b4ef4ccc-67de-4f41-b515-5ba34f1e3ba7,215276,-32.7601535548,28.2512002811,,2020,2020-05-23
b4f84894-8e35-4dc3-92b7-61c55fae8203,138803,21.509175,-157.83722,,2022,2022-11-24
b4fd1adb-6633-485b-82ca-915f953317cf,140600,41.08,1.34,63,2002,2002-06-04
b4ffe7d8-bf4d-4a23-9325-f6ec89346514,342305,54.067585,-166.233278,123,2011,2011-02-20
b508bff2-fc96-490d-bb00-00a316ebaea8,342023,48.8139926211,-123.6070474831,,2021,2021-12-22
b50b46eb-1d8e-4cea-ad1e-ef74cc58e3dc,325324,-62.45,-55.3,226.8,2007,2007-1-4
b513b913-8736-4932-a718-321699a1233c,140600,49.091,-4.9898,51,2024,2024-03-25
b5168c2c-07fd-439d-9dd0-a9d3a12afc16,140600,49.5495,-2.5168,28.5,2013,2013-02-24
b51e9f3b-a672-4ba1-9960-204480959ca0,457762,12.5221,-81.3703,9.5,2016,2016-09-14
b524f0b6-beb8-4d24-92c0-d7e1385dae29,342332,-33.74333,151.31,,1979,1979-04-10
b52dd309-3061-4055-a50b-017bc7f4c1a6,140600,54.17539,-4.405476,23,2008,2008-09-21
b5317ad7-69bb-4c61-914c-1db18efbd16b,140605,42.289755,3.286085,,2020,2020-08-06
b537740b-aac5-468d-82d0-50b09dcdff15,1530663,-33.3233,154.005,,1981,1981-10-11
b53c999b-4391-4ca2-b701-863ebb3070a8,140600,50.7166,-10.7639,85.5,2021,2021-11-21
b5420eed-3905-463e-9945-69c7ce051848,341952,33.5896441373,-117.8684326261,,2023,2023-11-27
b547354c-c22d-4335-a5c4-238e93a15ce0,210788,-8.3449382094,116.0508866487,,2024,2024-06-03
b54b356b-9e2b-4184-9b6a-4c87a4ea1e7d,140605,42.389983,3.160786,,2022,2022-08-31
b5506e32-3de2-4b19-bdd2-6e9d7957e4d3,1561957,-32.1097573008,115.761967739,,2026,2026-02-13
b55a1cf3-923d-4925-bac9-5f661cab0a41,534099,-8.5989044708,119.5197718218,,2025,2025-05-18
b5651742-bc48-4b57-a64b-10aa93adfb89,140600,52.7297,-12.6897,244.5,2010,2010-09-27
b5688704-700e-461a-932b-d8ee58382168,140605,37.1186136415,-7.620563514,,2021,2021-07-08
b56fcfc4-37cf-4e71-b3a7-c881a34aac99,342227,-53.23,-60.2383333333333,792,2007,2007-11-15
b572d6cb-b3fa-45c3-85cd-96878a45676d,140600,49.3836,-3.2481,40,2012,2012-03-28
b579e600-cf3f-4b7b-bccb-bfccc50ce968,342334,-38.368523749,144.821390018,,2025,2025-03-08
b57d5211-20a2-4c0e-966a-0cca2bc122e9,140605,36.32,-5.15,134,1998,1998-05-05
b584bf9c-8f7b-45e4-89e6-2e72e3c3dce3,1805272,-32.1373317307,115.744304907,,2026,2026-01-28
b58a863b-feb8-4eb8-8f8e-b3032ee42fdb,341950,-42.981915058,147.3255414442,,2024,2024-01-01
b59288c6-f1b6-4fc0-bc29-dcda60f0d807,342023,32.8571857587,-117.2616623661,,2022,2022-11-25
b59a976b-56f1-4adf-a460-9850594f368e,239392,-54.16,-39.22,210,1994,1994-1-24
b5a5444d-f7d0-425d-a6ec-63d44b352748,140600,40.1159,3.7078,172,2006,2006-06-12
b5aabc58-6c4c-426a-9747-a8aac1dffcab,341952,34.0457305556,-118.9317222222,,2024,2024-01-05
b5b25484-ef27-4444-9d00-2cf6429e854c,342305,54.07427,-166.201659,101,2011,2011-09-28
b5baa8fd-cf6c-4e5c-877d-444134389e04,342036,-33.3898646118,151.4862557205,,2024,2024-10-13
b5bef810-6ef6-436c-8105-ae0601908f74,140605,39.4036039953,3.2631511141,,2025,2025-10-25
b5c3e28c-77a8-4f7b-b65e-8a5131a6799b,1043781,49.35957,-123.7312,,2019,2019-06-15
b5c6989d-dddc-434f-ba6b-b5ea47308fab,341952,33.4614974859,-117.7204132567,,2007,2007-03-18
b5cdc0fe-a18d-4f99-b9c3-ebde085e380c,140600,48.5052,-8.6105,92,2019,2019-04-04
b5d74ff7-6b55-4413-982a-7a34da984fd5,210788,19.6333440764,-155.9945990275,,2024,2024-06-14
b5de5ff6-7e94-4861-9a53-23eee67b7609,1043781,48.75247,-125.57708,,2006,2006-04-29
b5e40d80-aa5e-4ba5-8782-58d15a53fb85,342023,37.697141,-123.003881,,1974,1974-09-01
b5e9ace9-09e8-440d-9d5f-f85014a9a906,342381,-38.7833,173.7,122,1981,1981-01-03
b5f18994-c3b5-4936-9844-b6ab4ffa2213,341950,-43.35,147.15,,1964,1964-10-02
b5f9ec5a-24b1-4e2a-82ca-eb94f20b0c4b,1805270,25.640736321,-80.0190992785,,2003,2003-11-22
b5fd4baa-7c67-4314-9c48-fc90ddfa511c,140605,37.1616880508,-1.8230527524,,2024,2024-07-25
b603b47a-90e6-4fc2-8484-b593e75df58b,140601,39.8596,2.7632,59,2004,2004-04-23
b60c68a4-33cb-4b29-b377-27e900a1b341,140605,42.460233083,3.1597447831,,2022,2022-10-08
b612824c-6582-4c30-94d2-28634575c9aa,342036,-34.0695940183,151.1294203545,,2026,2026-04-24
b618d0ef-e856-4ac3-8c7b-2720039bb1e0,140605,38.3675150703,26.2895061545,,2025,2025-07-24
b61e0d96-37bf-43d3-a925-5566654be839,534126,28.9196454859,-13.6717314124,,2020,2020-12-29
b624751c-6fdb-472a-a12d-6ebdd4b877e3,534099,1.4861535922,125.2560168426,,2017,2017-07-19
b62bd538-d3cd-4aa1-98a8-0abce9927402,342015,-38.3682328603,144.8214560952,,2023,2023-09-17
b633c1f5-9bb7-4729-b90a-ea22b3887c5a,342023,37.0785845582,-122.3991354532,,2025,2025-12-17
b638b882-6eb2-4864-afe8-9c45b8e52980,140600,51.6095,-6.1935,115,2020,2020-11-09
b63e7edf-0432-4bb0-8f27-f6e91e303d8d,140600,52.077,-14.4405,173,2015,2015-09-09
b6455296-d31a-4fdb-a8ef-0f3a753bfe0b,342333,13.5206335049,120.9930988933,,2007,2007-02-21
b64aa469-0d5d-42b4-bab3-3bc4cc3fe94f,140607,37.84,-0.39,164,2009,2009-04-20
b651ec15-9b44-4f0c-a90c-8f78af4a4df9,341954,20.4655502437,-86.9830660815,,2025,2025-03-07
b65944f2-c0cf-4f12-a3ac-647ba5d6bc85,210788,-16.7880861,177.5074315,,2025,2025-09-05
b663dbd4-598f-4de0-ab37-cf70c95b73ad,140605,-34.2006366502,18.4567938745,,2024,2024-12-09
b66c5bcf-13dc-4f8f-824a-358ae80ff7ff,342305,48.61694,-123.50194,,1981,1981-01-04
b6734cc7-7171-4ffe-be4b-f4fbc3f2e846,140600,36.57,-3.01,421,1998,1998-05-09
b67a8a9b-c7d1-4381-877e-19086f6a43c5,325329,-60.905,-55.76333333,233,1996,1996-11-23
b6817303-6410-4de9-83db-718271bb33b8,342305,54.063799,-166.21574,97,2011,2011-12-09
b68370e6-f9ae-45fc-8c17-296631c67245,140600,39.1848,3.0423,64,2008,2008-04-25
b68a50f7-03b5-47a7-aaf8-18bda70ff63a,1530663,-34.8291391394,-55.3160927072,,2022,2022-10-21
b68ec76b-5282-4d4d-8dfd-81590fa7f087,140605,42.3895382438,3.1606400622,,2024,2024-07-29
b69316cf-055f-4b7e-a6ad-62eb673d0e88,153122,51.751,-29.548,1911,2004,2004-07-17
b69899d7-43ad-47b4-8a26-9702dd390bb4,138849,-7.75,-81.6169967651,683,1962,1962-06-07
b6a0a878-57f4-498d-9e2d-b5f6f9720f7d,140605,43.2815446332,3.4424255317,,2024,2024-08-06
b6a43f22-b6dc-4394-8ea8-f99a95630409,140596,49.85,-52.4167,354,1973,1973-07-18
b6a756e2-7887-4a8e-ba72-4c4932c5ba03,1043781,48.48178,-125.23238,,2022,2022-05-10
b6acac2e-b8c2-4924-83cb-21e890f51b97,342023,47.30675,-122.5159916667,,2026,2026-05-18
b6b0d3fb-3edc-4eec-897b-de04acbf8ac4,1561957,-32.2928169066,115.6919662016,,2025,2025-12-31
b6b770e3-84b2-4472-afb6-507bf0b5c37c,239392,-61.16,-54.56,310.4,2002,2002-1-30
b6bb0270-38f8-4625-9d24-505c3cc2d7e8,140605,41.7210842464,2.9403000793,,2023,2023-12-15
b6c1f776-a4ce-422b-9d54-9fe39b938122,239392,-71.18833333,-12.25666667,313.5,2000,2000-4-2
b6c75d7e-2232-40cd-bc51-f2f8f64b54db,325319,-53.65,-37.22,171.5,1990,1990-1-13
b6cde01e-f6ce-4721-8b66-259902290f57,140600,52.9212,-14.0568,102,2016,2016-10-02
b6d47331-9174-4773-8355-2134b3e88709,342036,-33.8393886981,151.2538932818,,2021,2021-06-06
b6d8e5d4-9931-4063-b4da-2f86d895b8b0,140605,-30.0499992371,15.6332998276,,1987,1987-01-26
b6de3b01-5c24-4086-a4c3-aac727f91b5b,341950,-35.0837,137.749,2.1,2015,2015-01-22
b6e5510d-28fc-42b3-b83a-d1d585260e0c,342036,-33.0831779643,151.6500720605,,2023,2023-07-20
b6e7f29f-4e09-4fc2-8834-2fa0e212345d,342305,60.8,-146.8,12.8,2006,2006-06-24
b6f26681-6db9-4d6d-9967-65f0aa84a586,140605,43.2616916069,5.2904853743,,2021,2021-09-16
b6f67d19-2820-47f4-b339-7eb6c805e618,527142,-52.98,-59.6533333333333,234,2015,2015-02-17
b6fa9e8d-d8c9-46a2-aca6-6f409ea3985a,457762,12.2105266674,-68.3214159552,,2023,2023-02-15
b6ff08da-f1c3-4867-971e-a6b55c54a135,342023,48.48617,-125.13937,,2009,2009-04-29
b70351f3-c0e9-44a6-9278-dfa36fb4cf19,341952,32.7604033611,-117.2457142809,,2023,2023-09-23
b70b096b-3888-4fcc-bc86-ce4138683917,342305,48.8344942515,-125.1368025039,,2023,2023-03-19
b712e35c-ad25-4a58-b29c-044924bc9b2c,140605,-34.479575,20.5072533333,,2025,2025-02-08
b7165157-4e8b-4252-9da3-4f0e512c3c76,325327,-61.15,-55.68,73.8,2002,2002-2-1
b71bbaf5-8d81-4583-ba63-a25513096d08,342403,-8.0960389748,114.5315653229,,2013,2013-05-26
b71faa1d-5d89-49a8-9d18-dce9724da5c6,457615,-21.0354995728,-175.206161499,17.6,1993,1993-07-02
b7240a39-56a9-443b-9bca-4094c77ef94e,140600,52.85559710666603,-4.747301321302277,,2010,2010-06-01
b72f145b-6768-4a5f-8632-fa42f3ee676f,239392,-53.76,-40.95,134,2005,2005-1-17
b733fbe3-4a01-464e-bd27-9222f035a7ec,342381,-44.133167,173.362333,102.5,2018,2018-05-07
b73add18-92eb-410e-a77b-907305ed2197,140610,-34.13333,172.1333,0,1997,1997-03-03
b73df333-8130-4e2f-a4e4-7e95be52628f,210788,21.5258814244,-158.232190644,,2022,2022-10-13
b741ad87-ef3e-4b34-b348-00de88df7964,210788,13.463928698,144.6543905438,,2026,2026-07-01
b747d9da-9d66-4e9f-b676-50fced47dd6d,140605,36.58,-4.46,82.3,2008,2008-05-06
b74f09fe-9858-40af-bd22-3d6a1aa1c81b,210788,22.6759998698,121.4726918533,,2025,2025-07-04
b7549a6a-bb50-47f7-806d-17ab494b87f9,342015,-39.1117,143.478,,1981,1981-01-31
b75c107b-69eb-419c-a0eb-30d9f5837612,342036,-37.6343238861,176.1667011687,,2023,2023-09-01
b75f82c3-3fee-424d-a113-125eeaa98ce2,140600,58.3667,-1.9,0,1986,1986-05-03
b76d0a60-6a73-4b3e-a6e5-67db4f39b21c,140600,39.1863,3.0247,57.2,2004,2004-09-01
b775add2-9444-48ba-9c6f-5f381585bd15,342333,4.5994691532,118.8616750762,,2024,2024-11-30
b77cf06c-5b68-4f55-9c9b-94e4746f17f7,140605,-33.6177749444,26.8791026944,,2021,2021-03-13
b7843ba4-2b49-4482-994d-ee7a6027dd98,1805272,21.2885282583,-157.8640928002,,2022,2022-10-24
b78ac9cc-ccb2-4ae6-ab5a-69b6a628a908,140605,41.75,3.34999990463257,,1962,1962
b78f592f-23f5-47d0-b299-496dd6cf6f15,140600,50.4121,-8.6253,63,2018,2018-11-19
b7973f2d-1753-41c6-9dc7-2f0de2a18e2d,1043781,49.37548,-124.44867,,2007,2007-07-30
b79ef023-c8a6-46e8-88a3-ddc1726d5773,342036,-32.7160831931,152.1415408823,,2019,2019-04-29
b7a14af6-5b6e-4e18-805f-3edc81b5c5f7,325319,-54.1873,-36.4154,254,1926,1926-04-06
b7a35502-12d9-444b-8a3a-537e1c34bf78,342036,-33.9922329866,151.2293041294,,2025,2025-08-30
b7a6a908-21e4-4cc2-beb8-28c6f1108480,140607,39.9,0.9,148,2003,2003-05-10
b7af3c68-76e4-47d1-b935-e7ce5875dbed,239392,-60.88,-55.49,246.2,2002,2002-2-3
b7b55bcb-049d-416d-ac94-6cbe6b58f26f,140605,39.144615,23.678428,,2023,2023-08-17
b7b97f3c-f1f3-41f3-92bd-d64c6ea67651,342305,49.225213614,-123.9426553178,,2021,2021-03-11
b7c05fa8-1db3-4e65-b023-db5e70ae1fac,140605,27.616667,-83.466667,37,1967,1967-11-02
b7c48f63-b7d0-4e87-93c6-90d567d25e99,140605,40.7900009155273,0.439999997615814,,1966,1966
b7c82348-c234-47e3-80fe-a831da898564,342023,37.5209416667,-122.5161533333,,2026,2026-02-14
b7cbd187-714d-4f18-8a01-1857c307de88,342332,-33.79946,151.27875,,2016,2016-05-10
b7d2f437-fb6d-4bd1-8390-6a3e302e3f7e,341952,33.3750244799,-118.3532589981,,2011,2011-12-31
b7da1631-9b75-4601-8686-b85326a4cdc1,410340,31.8500003815,-63.6669998169,1025,1968,1968-03-07
b7dd937c-a02c-4ab6-bc39-f18cba17b6c0,140605,43.8033,-1.9931,74,2020,2020-11-03
b7df2e5b-485e-47f7-8a76-87b0e7da894f,342023,36.956741333,-121.9698479818,,2025,2025-11-09
b7e2a54a-f316-4f88-b8fd-d13fb57c89fe,140600,49.1171,-6.5147,57,2010,2010-03-17
b7eabab3-3177-4bef-8bbb-5b5fbae339d8,342212,67.387,-61.285,738,2012,2012-10-20
b7f14d4b-5854-4f96-8c14-a658e8d09135,140605,43.4338680489,3.8045302891,,2021,2021-09-18
b7f8b9cf-d360-440b-9238-37eda5f4e47b,534099,1.486567,125.256385,,2011,2011-09-07
b7ff631c-0b4a-4d51-a08d-c55b97d2e3e7,341954,16.8983329,-88.0616731,,2023,2023-07-26
b801991c-336e-4739-b77c-0efbfdd1a40b,140604,37.71,-0.23,424,2003,2003-05-23
b80664e5-3ac1-4250-b9c2-96a9dcfdfb2f,210788,7.24926,144.453953,,1953,1953-09-13
b808fa33-cfff-458a-aee3-edfea424ccf7,1765489,-33.633,152.10833,,1979,1979-12-06
b80d919a-8d6a-471b-8c8d-e0aa8115658e,535784,-30.2299995422,16.0799999237,227,1995,1995-01-25
b812e24a-bb06-4cb1-b3ad-f7b86d9491ae,527142,-50.2048333333333,-57.916,,2022,2022-07-21
b819077d-3a21-4a0f-bf34-d78f8ea8e857,420653,28.9178577261,-13.6688562101,,2024,2024-01-02
b823c8e8-05ae-48ef-b13d-1bc1ef86789f,140605,42.2484124295,3.2444670472,,2026,2026-03-25
b82988ae-a3f8-44d2-beeb-1bd4dc3043ca,749548,26.7833361035,-80.0400431365,,2024,2024-05-28
b82c1002-63f8-4971-ae2f-32954fa8ddb4,140605,32.6411377256,-16.9188854213,,2022,2022-12-23
b8305120-553d-4f49-9916-48226dbb4c49,210788,3.6542992322,72.8042795509,,2025,2025-11-27
b8383565-d9af-456c-b2e8-2addc66e24f4,140605,-34.1870675513,18.4278839893,,2026,2026-06-24
b83d1a3a-ad29-4785-b95b-b929e45baf9b,342036,-33.0831779643,151.6500720605,,2026,2026-04-05
b847db05-0e06-466f-b64d-756c389d1391,140605,39.261,3.1847,81.4,2006,2006-06-22
b84be1da-7fb3-4725-9a5a-eee66a28999d,140606,40.052,3.5355,269,2004,2004-05-13
b851226b-b442-4800-b42c-3e5da90fb44d,140600,52.8582,-14.7925,321,2015,2015-09-12
b854d29d-fe6c-443a-8eaf-3bee03ee00a5,457762,17.7135560385,-64.8889651902,,2022,2022-12-29
b85a28a3-919a-49c2-b38a-238484b4992b,341952,31.8971366667,-116.7129366667,,2026,2026-01-17
b85f3075-f563-4691-a338-2f48d4b59da7,457762,18.48967,-66.8446366667,,2023,2023-05-28
b862a5f5-e2e7-49ef-b7af-9389d041311c,325315,-74.6,-22.2667,1481,1998,1998-02-10
b8679b5e-dd12-416a-8689-1248e6338df2,1805270,42.2393044633,3.2080029477,,2026,2026-06-29
b86b81ae-a329-40c4-9354-2c9525f92cea,342023,47.31263871,-122.52723924,,2018,2018-06-15
b874c7b0-b135-43df-ae8f-8b1ea77feb8e,140605,37.738946,-8.803099,,2021,2021-05-27
b880ad92-8936-4751-8bae-96b754189ab3,535605,-40.9013888889,176.2294444444,,2022,2022-06-04
b8829e2d-5ff8-4038-9d75-7b3f18a4ece8,140605,42.3300018310547,1.1599999666214,,1941,1941
b888ec60-a95f-4e25-8728-b6ca2a163948,140601,43.5487379561,4.0021194489,,2025,2025-10-17
b88e61fe-3d7c-4a72-870f-875f26ce56c3,535623,-19.0817,118.843,81,1983,1983-10-30
b890beec-d1a4-494c-a766-fd1ee2fd75a8,140605,37.36,-1.56,112,2000,2000-05-31
b894b5e3-3b0f-4679-8299-d718dacd9fe1,140600,39.94,3.47,138.4,2008,2008-06-16
b89a6d8f-35ae-4d20-bdba-14f0b94c50ac,342305,56.0494171784,-132.7690892298,,2023,2023-06-29
b8a0bff6-5c1b-4495-a65a-c5ca96c09218,140600,46.7086,-3.6726,61,2021,2021-11-06
b8a47c05-6d09-417b-aa1e-41ee3c0037f1,341985,26.4,-82.466667,18,1967,1967-01-30
b8ab18ca-9e4b-4432-ad1e-96b2e405e6ec,534733,37.687275,126.2968917,,2022,2022-04-22
b8b3552d-191d-4564-82c8-686db05222f4,140605,25.662666,-82.996833,51,2014,2014-10-21
b8b5e83d-7f28-4564-bdc7-3690ce9132f6,342036,-35.1655911055,174.337498568,,2024,2024-07-28
b8ba32f8-2497-458f-9f1f-e3849b83ad20,210788,10.0802304586,99.817230829,,2026,2026-05-09
b8c04288-172b-4bda-8709-adbcb499df3e,342036,-33.8398888883,151.2534166667,,2026,2026-04-01
b8c8d2c0-b5af-40d6-b811-870d3ff600d1,341952,32.7670294805,-117.2445353489,,2023,2023-09-13
b8d00a88-d210-44d5-9b86-2029f9928cd3,239392,-60.9,-46.5,226,2006,2006-3-24
b8dbb915-ed78-4704-b10a-8058a00eb31c,534733,37.30736667,126.4505783,,2025,2025-10-15
b8e13b07-f083-4c5a-b1dd-420ecc371fe4,342381,-39.5487,177.1417,34,1994,1994-02-12
b8e4ecd1-b1f6-4f10-8a7a-bc74c1c8f166,535605,-35.8542501097,174.5885334953,,2020,2020-08-28
b8e8b4e3-f90c-4af3-bc16-2c1230095f2e,140600,52.4533,-12.3655,254,2021,2021-09-22
b8f35fcf-b140-4940-b255-3684db6328e5,342381,-42.3117,170.5333,,1982,1982-09-21
b8f8b9e5-5413-461c-8d57-f97f384bf705,342036,-33.9256859,151.2593896,,2024,2024-02-13
b8ff77b4-7658-4a09-b29b-55d89aec212d,342305,48.8705777918,-125.1580654939,,2014,2014-05-31
b906741b-327b-4254-a612-5ec694f5d1fc,342015,-38.3662774134,144.822826459,,2025,2025-08-03
b90e683b-6ba1-4066-b72f-1e2c54a4c9bb,342305,49.3059883372,-124.2063335006,,2021,2021-08-01
b913e4ba-e326-40b5-a348-4ebd3abb0805,342036,-33.073,151.6981833,,2020,2020-06-21
b916ee62-34c4-43dc-b2c9-6ed5ea5fd8e9,342222,40.39585495,-125.641983032,2221.3,2000,2000-08-26
b91e8a80-771e-46fa-9716-c5ea646a9c4e,140600,56.299,-8.1,88.5,2017,2017-03-03
b92360eb-d3cf-48e5-8031-0ac808d5b446,140600,53.1770589257,-4.2241610214,,2025,2025-03-30
b9281724-0f27-40a1-ba58-bc60cd4fcfa2,342381,-50.0693,167.8765,407,1990,1990-11-09
b92d8746-77c6-4db7-90c1-95736e45e871,157019,53.13116546199645,-4.305841383014362,,2002,2002-09-09
b9319f41-1084-4fc6-aa67-a9c5c2b6e6ec,210788,-26.616738,153.145671,,2024,2024-01-17
b9358085-3301-4a10-801d-0a435de8ed33,140600,53.2687,-14.3217,127.5,2021,2021-09-08
b939d00b-091a-4539-bcf0-21eaaaea2d74,140605,2.96499991417,-78.1835784912,,1978,1978-07-02
b93dfaf7-210a-4b5d-aed7-93bbfd4f0fd5,140605,43.329115,5.099967,,2024,2024-08-22
b9404fbd-b92f-43b0-8442-95a12d62da1c,140600,52.8473,-13.8963,101.5,2010,2010-09-10
b947b36d-55cd-4eef-aee4-af151531d5c7,457762,18.3076116026,-64.8689910062,,2019,2019-01-17
b951453a-06d7-4c9e-a6f6-73fd042c31ef,342305,54.052587,-166.243592,91,2010,2010-09-17
b9589a73-b0db-4187-8412-cd6455bd694b,140604,42.38,3.41,140,1995,1995-05-16
b95cb0c3-9f76-4c42-a9dc-0d8af7385928,325336,-60.86,-55.5,299.9,2006,2006-12-22
b9626489-d7da-4498-9221-b437be7c8ea5,342010,0,-90,,1938,1938-07-30
b96b7590-1967-4f92-ac1e-0699fc736842,239392,-53.78,-41.02,129.5,2006,2006-1-14
b970214b-93c2-4d6b-93b5-6bfc86e4addf,140605,41.90198,-69.27823,195.5,2004,2004-10-14
b9729ff7-fae6-493a-a5ba-988e48fcce64,140600,53.3580269005,-4.229136148,,2025,2025-11-08
b978e7d0-0574-4c36-9fa4-4a94de965e52,342270,-12.5540916667,130.8756416667,,2026,2026-06-13
b9809137-e31d-42c8-9836-c61e0a4b52c9,341952,32.7611776,-117.245933,,2025,2025-06-16
b9865e59-0047-4d01-9bab-fa58dc1ed3b7,342020,11.666667,92.75,,1939,1939
b988a3bc-43df-48a5-9c63-58a9e49ff5d3,325329,-60.7,-46.5,152.9,2006,2006-3-24
b9927945-ad6e-4775-9d8d-347f90389bc0,342305,48.1428066667,-122.7631608333,,2024,2024-03-26
b99810c5-bf75-411d-8675-8d83f34b42f0,140605,36.63,-2.78,56,2006,2006-05-12
b99bdc8c-b14a-45d5-9d84-db7585dd4e0a,1530663,-38.53,145.38,,1997,1997-05-12
b99e647d-6304-4e56-ae75-8a39861e5c31,140598,36.62,-3.65,422,2009,2009-04-16
b9a6f2ca-5b8a-4dad-87f7-8d9ab75df77a,341952,33.5381410922,-117.7908479963,,2022,2022-02-19
b9a9c889-0539-46f2-863f-6f9126cc9375,140600,49.8452,-4.5554,39.5,2009,2009-03-22
b9b197e7-29f9-4714-9a36-8e5d7317a2b2,534098,35.0494241659,138.860519905,,2026,2026-05-16
b9b74e5d-7770-4288-9192-7c2d0f010571,342381,-40.745,172.9573,26,2005,2005-03-25
b9be9232-aaf1-4544-94ab-c5404e48d3b7,342036,-38.653767321,178.1397170146,,2023,2023-03-28
b9c63b45-d4d2-4277-b772-369415de5e92,140601,38.11,-0.07,276,2004,2004-05-16
b9cbb18a-5b4a-4639-91c6-4684e638eb4b,420653,28.9226525222,-13.668022491,,2025,2025-04-22
b9d5f716-bab5-4257-afc4-b0599068cd23,325324,-61.34,-55.16,346.4,2006,2006-12-19
b9dff2ab-d582-4897-82cd-20e3e0b3d20c,140605,42.0599517988,3.212953398,,2019,2019-09-18
b9e661ef-2466-4fad-95f0-43a7ed18ba30,342333,-0.5619,130.2814666667,,2016,2016-01-31
b9f184e2-29f2-4cf3-bfc7-55b5ff19c3d5,457762,16.3765587726,-61.5275232256,,2022,2022-09-24
b9f8669d-c328-4fd5-915d-e78edf34e523,140600,43.51,16.37,34,1964,1964-02-18
b9fd1728-76d2-4af5-a51a-1bfe0246c2f4,1530663,-37.85,148.28,,1971,1971-04-25
ba030807-d432-41fe-85b6-5b16ada4b909,341952,34.0495109151,-118.9450639719,,2024,2024-12-31
ba062bb6-7224-4e45-b1d6-22af07378253,140600,51.6038,-4.613,18,2009,2009-09-15
ba0eb4ad-b402-402f-88c4-2b0ba090401d,237820,13.7442815267,120.8710614228,,2023,2023-03-23
ba1aad51-8568-4043-809e-91a0b9fe9299,342334,-35.1879565584,138.4664737328,,2020,2020-04-10
ba21225d-32ac-458f-8ee3-fd749b459893,210788,-17.981072395,179.2193706367,,2025,2025-09-20
ba290897-fe98-416a-92fc-1d7ae221d7df,157011,48.82016667,-62.95233333,384,2011,2011-08-02
ba31c3cd-2084-4dae-a5aa-fc43c1de50e6,341781,38.37836,-28.08039,0,2023,2023-06-17
ba398746-292f-43a6-ad32-a4b646324637,342305,38.3005,128.6585,,2012,2012-12-26
ba3d558a-ab56-4acd-8d8f-246ef24b15bf,140600,52.94731,-4.598348,20.3,2010,2010-05-17
ba449cd3-daa9-498b-98ca-4baf8a9481d3,210788,-27.58249,-144.37666,,2014,2014-10-04
ba4aeea8-7c38-4213-8541-d6d203b6e8a4,140598,39.6398,3.753,582.7,2007,2007-10-24
ba500134-f9ef-4777-888a-094e47ce246b,534099,7.3356082,125.7636466,,2026,2026-04-26
ba550832-1447-4261-aa27-801b823a692c,210788,8.757365,119.8330666667,,2017,2017-05-01
ba60f995-b221-4b4d-a648-eb7d10fc30b6,325322,-61.3100013733,-57.0299987793,1476,1996,1996-12-09
ba64b5ec-6643-4360-ab02-5b8637539d79,140605,41.5558911349,9.386299338,,2026,2026-07-14
ba6de607-5328-467f-9f83-ad6081a37327,341954,19.3823129037,-81.4175796339,,2025,2025-05-01
ba77baac-233e-4b45-a84f-428f45985394,342023,47.3069671545,-122.5165854069,,2025,2025-06-23
ba7b4ef7-de31-4d8a-a817-7f6aa8b0ff27,342010,-0.70053,-91.33129,,2013,2013-04-07
ba7ec5da-553e-47ac-8c11-02e82c47ccc0,342036,-33.3626301623,151.5038743355,,2024,2024-12-14
ba874c0d-0ce6-40da-ba59-e3345ba42d3e,342023,32.8571857587,-117.2616623661,,2020,2020-10-04
ba8c6c98-95da-4aa9-ad3b-414b06818fda,457762,16.4479458845,-61.5422860329,,2022,2022-10-01
ba963d93-a8d1-41da-84aa-57595aa93938,342305,37.9015,128.8473611,,2020,2020-02-04
ba9ec3db-8c9b-4635-87c9-39197577340e,140605,28.9179668186,-13.6825914059,,2021,2021-09-29
baa43845-f369-4c33-845a-8e5ebd829369,341781,37.6568,-25.3575,0,2022,2022-07-24
baa95e19-0b54-4b1f-a2fa-2feb9c05b849,527142,-51.5066666666667,-56.2866666833333,697,2011,2011-05-26
bab51ba4-df30-4a36-9d23-b8c7075a6bd6,342381,-43.418333,173.6995,87.5,2018,2018-06-02
babd4b14-6ea8-4d66-aa6c-be4ff91b1aad,140607,40.0085,3.5332,148,2004,2004-05-13
bac6f141-2531-4724-939f-b0cea900d604,341952,32.8073966509,-117.2676808387,,2023,2023-10-27
bacbff25-8bc5-438e-a168-d89fab5fa239,1043781,48.75563,-125.60561,,2011,2011-05-01
bad1bce4-7246-44e0-9136-577122cc9254,342305,54.058131,-166.2453,140,2009,2009-01-11
bad7a704-0871-4b24-bda1-21ab2fae16aa,140600,51.3362,-5.5165,38,2016,2016-09-16
badba47d-c924-43a6-aeb0-1970380482b1,210788,19.7046556116,-156.0506792514,,2025,2025-05-07
baddfff2-b987-4b74-a689-75bd9b67ba0e,210788,3.6197954683,72.7247623811,,2025,2025-02-08
bae27239-efb3-445d-ab34-10daadcd6a97,140605,37.54,-0.9,80,2002,2002-05-22
bae694de-175c-4695-a8da-0c6fe91669f8,527162,-60.82,-55.66,454.6,2002,2002-2-3
baea9e64-724d-4026-b4f1-f57a01859fc0,342305,42.0418982108,-124.2645463562,,2024,2024-12-30
baf1f7fa-cd83-44f3-a229-54946d29cc68,527142,-49.6238333333333,-59.7549166666667,222,2010,2010-11-01
baf580a4-a5e6-44c9-a6d6-e194e88fe13d,139174,29.716999054,-81.0329971313,22,1967,1967-12-17
baf9837d-9141-4daf-8610-cfecc1e8f70f,140605,41.9098383449,8.7219355353,,2022,2022-10-14
bafbf6a0-2a53-48c2-a22b-058843f63d73,210788,27.4974942647,34.1081554689,,2026,2026-03-03
baff3b1e-aaf1-4757-9cea-9f68d6a27bb4,140605,42.2479172886,3.2525448874,,2021,2021-08-06
bb0483fe-e13c-4def-9a22-3a5f4bc263b1,140600,55.345,-9.091,48.5,2021,2021-02-27
bb08f4a3-ae3e-405e-b316-170cba7630cc,140600,48.4237,-7.5678,84.5,2019,2019-04-04
bb0eacf1-ccfe-45f9-853a-8a433e12b444,140600,55.873,-7.803,72,2017,2017-11-30
bb14605d-590a-4d6a-ae31-aa980debc73b,325327,-60.82,-55.66,454.6,2002,2002-2-3
bb18729d-e47a-416f-89a1-7c4a62257976,140605,42.25,3.50999999046326,,1968,1968
bb1c6b58-2b45-45db-b0a3-2880ccb497cb,140605,36.8229524778,-2.4474681473,,2026,2026-06-07
bb235445-e239-4892-88fb-76761bea0ed6,342036,-33.9256859,151.2593896,,2025,2025-11-01
bb25e6ea-ae6d-48af-b70d-924c7fe60666,342334,-35.3033434178,138.4465021268,,2024,2024-02-27
bb2b0706-33bc-491e-8b28-b6d336ed71c8,140605,32.8344644086,34.9688593385,,2021,2021-05-15
bb33a85a-f7ea-427c-a54b-b3df4f59e8a5,341954,20.3679419277,-87.0360581846,,2008,2008-01-17
bb393575-496d-44c9-9d38-1c1ac56ae526,457762,15.2435851031,-61.3740090871,,2025,2025-12-15
bb405b66-1c65-4ca1-8ee6-47d81fb313e0,140600,58.032,-5.761,61,2018,2018-03-05
bb43bf31-4439-458c-9f62-e74b7fbe3c8b,140596,48.791667,-63.0833,371,1961,1961-11-21
bb49926c-7f45-4e14-90f6-b6c55de93161,342305,54.063262,-166.217668,95,2010,2010-07-09
bb53b908-e9af-4cf5-8cfc-c86172ef8f31,140598,39.1255,2.5748,581,2004,2004-04-25
bb5967e6-5067-41eb-984d-ecf329565d7a,140600,54.28456,-5.56245,7.3,2016,2016-05-22
bb5e2163-864a-457a-8395-ac7cb4378c5b,342010,-0.70053,-91.33129,,2005,2005-04-20
bb62d3a4-19ff-4ef8-8420-ca0d870d193c,140600,46.103,-3.8949,72.5,2019,2019-10-24
bb66f1ee-5a2d-40db-be4b-bfc8e5c61a84,342023,47.9495743712,-122.302703979,,2025,2025-11-22
bb6d1f8e-804b-4b30-9230-b8741d40aaf4,210788,12.8113002777,144.423873901,13,2003,2003-09-28
bb709fba-2e1d-4675-ba83-b9b5794d64c4,342334,-38.2867966667,144.4993883333,,2026,2026-04-23
bb79f727-49ce-4906-af7b-75bc65c98cba,140600,53.1148,-13.3147,115.5,2011,2011-09-29
bb81c836-6473-4750-ab7c-9a28c9840ce1,342023,38.616626,-123.375456,,1976,1976-04-10
bb859e7d-3672-4f4a-8618-e062d1ad40f5,210788,19.639994,-155.9969261,,2021,2021-07-04
bb8b2531-8d79-42e0-aa20-dd931600e272,138849,8.5667,119.9167,2000,1929,1929-04-06
bb9acf38-2db7-409c-a3fd-0b55b8b76705,341952,32.7609216423,-117.2466721242,,2022,2022-09-22
bb9fb88f-c335-4663-bc72-6b40cd11e884,140605,41.3600006103516,2.50999999046326,,1969,1969
bba794e5-31b2-4813-81f9-c62910582d69,239392,-60.95333333,-55.55,88.5,1996,1996-12-9
bbaa4e49-f1d5-4270-8931-5265d7b85c95,325319,-53.9,-36.48,212.5,1994,1994-1-12
bbae559c-593b-4901-bed6-5dc641cf95b3,140605,-34.1417876947,18.4332099821,,2025,2025-12-16
bbb4731f-c1a9-4313-a113-e19b145252e7,140605,33.1980018616,-79.1149978638,8,1989,1989-10-25
bbb9ba06-d262-4634-bef8-4957759b2b45,341952,32.7611776,-117.245933,,2023,2023-09-28
bbc4fe61-de6c-41cb-b03d-60065597c82d,140605,40.5999984741211,1.13999998569489,,1966,1966
bbce144e-4fc8-475e-9f22-e850f022dc61,138849,40.938331604,-35.5499992371,742.5,1982,1982-02-14
bbd774b1-5c44-4f8b-9b42-d7b5927607cf,342023,36.9489666667,-122.0617305556,,2024,2024-11-17
bbe02a4b-e9a7-480d-bcc4-1e6382dd6844,181387,64.794,-59.142,478,2011,2011-10-13
bbe4c3e9-d91f-4903-90c7-31458f41a3ac,157011,49.478,-64.48233333,349,2022,2022-08-26
bbec0cca-9df1-40c8-8284-f128074fd2ce,342381,-44.2695,172.5757,75.5,2001,2001-01-03
bbef9136-89fc-4934-9a96-075d3f43e38f,342305,57.656877,-133.719016,291.7,1903,1903-07-14
bbf6a8ff-d396-4a44-9c5b-ed7b549d3b9a,210788,22.677779795,121.4815412038,,2022,2022-05-30
bbf964f8-f4f7-4e53-b640-e07a7c345981,140605,-34.1625097812,18.4317648411,,2021,2021-05-02
bbfec909-d41c-47d7-81af-833bb4cc387c,535780,16.95043,41.8077,,2013,2013-03-08
bc09251f-8ee1-4f49-88be-a6e7ce9c08fb,157011,49.75983333,-59.403,255,2016,2016-08-04
bc0ffa93-15fd-4049-ac6e-ce39a93f5528,140605,38.6885497501,-9.3610050157,,2024,2024-03-13
bc146f30-a5d6-4834-887d-46ad817dfb79,210788,-22.3012257961,166.4361535324,,2024,2024-02-26
bc215627-40ca-4a5a-ad20-696b5e5830ee,140605,38.64,0.27,70.5,2009,2009-04-23
bc257900-0295-4fad-8d05-c839a46aff6e,341952,32.7609600089,-117.2465969434,,2022,2022-10-04
bc2de50c-c1f8-4990-b9fc-18d23ffab7b5,140605,37.1000138889,-8.3768222222,,2014,2014-04-17
bc35655c-0a3a-4791-8825-9bb040cd18c8,239392,-66.9783325195,62.811668396,,1986,1986-02-06
bc3a06a9-22af-469c-912d-7e0c8a098d18,325319,-61.09,-56.17,391.3,2006,2006-12-26
bc3d866f-f67f-426d-9ae9-c9cb7612a618,140606,39.9695,3.5207,140,2003,2003-07-02
bc427d05-323d-4693-9421-f733c850b365,325335,-61.0699996948242,-54.6100006103516,189.6,2002,2002-01-30
bc46d7f6-9f90-4a8c-b002-29b3708b0bd5,210788,-28.0982752468,153.4563967759,,2023,2023-09-16
bc496441-1392-4229-9cff-e83e624d09a1,140605,38.4379702437,-9.0610964627,,2025,2025-08-15
bc4e85b4-34cb-404a-bc58-9384b360af8f,325324,-64.74823,-62.6060366667,,2026,2026-02-19
bc563e5d-fb8d-42c6-bedd-f9ada314c57f,210788,29.4242403578,34.9723459996,,2019,2019-10-31
bc5e681d-f69c-4e18-8a09-3b1b27d915a5,342334,-38.1458130476,145.1136608122,,2017,2017-03-10
bc638844-0e16-4a3e-8b38-ce3ba0d3efca,457762,9.3882,-76.1791,9.5,2016,2016-06-01
bc6911a4-56aa-4a2d-b490-eaa075ea0e04,1438204,-43.3395,-179.9973333,435,2011,2011-01-06
bc6d0c3e-af17-483a-89fe-6d79523b8c6b,239392,-60.98,-55.9,175.3,2002,2002-2-8
bc734ea3-53c1-40b6-9a37-6dc6f754fc1a,342036,-33.9920459638,151.2289363151,,2024,2024-02-25
bc7ad18a-90c7-4eca-bb87-f7b245a9d67a,457573,1.4602984127,125.2266660332,,2022,2022-12-19
bc7d5bc0-f2d6-4143-b30e-8298c784c863,342023,33.8364293265,-118.3960083126,,2025,2025-12-09
bc829ab1-02f6-47cc-8148-7d8163d58664,140605,42.3890381521,3.1602780709,,2022,2022-10-30
bc8753ef-c8ae-4060-b4f6-ae47f9362b0d,342023,32.8571857587,-117.2616623661,,2024,2024-11-23
bc8eb132-e7c8-49fe-b3c9-549c0f831f49,535784,-34.3499984741,23.5499992371,,1994,1994-10-08
bc92854d-0bc0-444d-b44a-76a7a402aefc,157011,42.475,-64.73,0,1975,1975-05-17
bc9aa340-ffea-4d4c-8e5f-6e0e18da8760,140600,50.6165,-8.897,118.5,2019,2019-11-21
bca2cd2a-2b7c-40f6-bfe7-52a177e49b21,140600,39.1397,2.6158,466.6,2003,2003-05-26
bca57125-1970-40da-97ea-abe190cd0b52,341952,34.4086916667,-119.8726283333,,2025,2025-11-07
bcab9714-f91f-4e1f-81a2-051f569955ed,1043781,48.76515,-126.08006,,2010,2010-05-16
bcb04876-354d-44a3-8b9c-74d64759fb8a,140600,58.098,1.866,42.5,2019,2019-08-22
bcb39875-adc7-4fba-801e-5256812ab554,342305,54.06322,-166.212928,97,2011,2011-09-17
bcb65239-a14c-42a6-b1bb-e0c44bf57bce,341983,10.5768071304,-85.7111518178,,2022,2022-12-05
bcbabd20-3c54-4e42-bf50-ae47311235ad,534733,11.4,79.76666667,20,2010,2010-02-01
bcbf5594-05b4-436e-b7d9-22c17e13b174,210788,-22.13186648,113.87730417,,2023,2023-05-18
bcc900b8-e873-48b8-a6a9-9a7d33a33437,140605,41.8400001525879,3.46000003814697,,1963,1963
bccd1faf-dff7-4f33-8113-f585250a9401,535784,-31.3299999237,16.3099994659,343,1994,1994-01-16
bcd03c64-bf6b-4f8b-a726-1d74514f0e01,140607,42.39,3.41,138,1999,1999-05-25
bcd6d526-51c4-4802-92b2-f5f0b8355331,342036,-33.0831482617,151.6474517589,,2020,2020-01-15
bcdc449c-3411-408a-b456-cc0c8b262fb8,342305,54.056529,-166.235452,97,2011,2011-09-28
bce4e013-34e6-4e76-b17e-7cea58a42f43,325327,-60.98,-55.19,256.1,2006,2006-12-21
bcefae71-8bcd-4be0-ac63-7268cee97db0,140605,43.4914717855,16.3641451299,,2022,2022-08-17
bcf6b4ca-aa6d-4c14-91e5-908995fca817,210788,-16.6711044817,146.0893174176,,2025,2025-07-30
bd036ba3-5262-458d-bb91-015d8f304fba,1043781,51.2599983215,-130.289993286,1462.5,2000,2000-07-02
bd091d44-bbd9-44b0-8bf1-dffa78417d49,140600,39.5372,2.3363,80,2005,2005-06-17
bd15bc64-bf1a-414b-9666-edc3a5d9c6b8,140600,51.1467,-6.0653,50,2024,2024-03-14
bd192f0d-8290-45ab-9432-866534c54002,140600,50.0468,-5.5558,27.5,2024,2024-03-06
bd22c8e6-0ffc-404b-9eaa-6826ed2713c2,140600,56.2943,4.835,0,2019,2019-08-23
bd26c495-5819-478b-9160-b6bb2c3dbcef,140605,43.0253394231,6.3778722425,,2019,2019-06-22
bd29b5ee-471d-4ce3-9f98-cc93fd31ef78,140600,46.7516,-2.9576,39,2020,2020-11-07
bd2d1873-fe83-4b67-9013-45ce173fe37c,140605,41.75,3.34999990463257,,1966,1966
bd341b5e-1d4e-467c-a39d-27ed846eb966,140605,41.3600006103516,2.50999999046326,,1962,1962
bd3bf2e0-884a-4bf0-a725-07a5aaa0aabf,342098,-40.72133,170.5908,651.5,1997,1997-07-18
bd4104de-76e2-405b-9daf-67f3f385d2de,342036,-33.9256859,151.2593896,,2025,2025-06-22
bd459e95-586c-4488-91e9-44a923e87800,457573,-0.59072,130.603752,,2019,2019-01-07
bd49d3a8-8e11-4891-b4e4-19005e3cd41d,210788,16.7295035,-169.5336477,,2017,2017-08-19
bd5413b9-e001-40a7-a38a-f7144dbe388b,341973,31.345058,-113.6412,,1967,1967-11-03
bd5a2b98-117e-41ac-a3b4-a88b9d726817,140601,39.6586,3.5354,55,2004,2004-10-13
bd5c1d9f-5c54-4b25-b9c1-94275ce3507b,1805274,-14.68227,145.46964,0,2009,2009-02-27
bd63a14d-05d0-43fa-ba72-99f08690e488,342010,-1.21718,-90.42328,,2008,2008-04-28
bd691dc9-d2a2-4149-b005-4d029cdacf67,342023,36.6272166667,-121.9400866667,,2025,2025-04-05
bd6e72b9-da1d-4227-a8f9-7d027e8200e0,140605,41.2099990844727,2.05999994277954,,1969,1969
bd750d33-aac0-4d48-a050-2ef561604de7,341952,32.7611776,-117.245933,,2023,2023-10-05
bd7b9194-3d52-4adb-b045-205ce3b42928,140605,50.125068455,-5.0885903179,,2022,2022-06-09
bd7f6866-fe65-4218-b431-e990b3e87d4b,140600,52.95418,-4.598023,21.4,2012,2012-06-27
bd86d188-f7c4-4360-9f30-28f64f3c1bcf,140605,42.2393153078,3.2061028745,,2026,2026-06-29
bd92e09d-ca2e-40b1-a639-a218fdf4d720,342036,-32.7141870247,152.1509838885,,2024,2024-01-14
bd9b13db-d890-437e-88d7-503282ea2326,342305,54.059029,-166.201372,91,2011,2011-09-24
bda41cc5-6bee-4b62-a015-8e9acb6c5063,138803,40.0665,3.3922,465,2005,2005-06-29
bda8bac8-417d-4104-afea-87f11b14d8a4,140610,-35.2033,152.393,37,1980,1980-02-08
bdaf6227-878e-48ba-8018-d13d2524a9c7,140605,38.409323577,-9.2029509097,,2023,2023-07-23
bdb3e833-62b1-4ecc-ba9a-ad3c711ac829,342332,-34.0725195884,151.1472845078,,2016,2016-12-11
bdb9df72-4f69-4fd7-b822-930c0e84aab8,342334,-41.1625,146.3411,,1978,1978-12-10
bdc21556-6e9f-47f5-a7d2-19165dc02b6d,342023,47.349891981,-122.3261775698,,2021,2021-01-31
bdc7a80a-b9e8-47ea-9187-978c3c5386d3,140607,10.7832999229,-20.569149971,125,1972,1972-03-12
bdcf6c04-2274-4496-a512-6406ca5ce0eb,140600,49.1974,-4.1021,44.5,2011,2011-03-16
bdd2f341-268c-4663-bc45-059015bfcce3,1530663,-35.1536,136.4801333333,,2024,2024-08-03
bdd84080-11db-42ad-ae92-36e7056874a6,140607,40.0085,3.5332,151,2006,2006-06-15
bddd40fd-2aa8-4a29-b607-68632867659e,341952,34.3868983766,-119.5166554302,,2019,2019-01-20
bde1b6b4-874d-40ff-9eea-0e70c8274d26,457762,18.4088632975,-68.6158922683,,2021,2021-01-19
bde82963-5dce-425b-ad85-70131dddaa09,140607,39.9308,2.3905,119.6,2004,2004-05-20
bdec9c2d-2720-4f07-9d44-ad55b90dbf80,1530663,-34.2075649402,18.4609740973,,2021,2021-03-27
bdf51bc4-2e53-417c-a1d7-fb62aaf456e3,342212,67.363,-59.252,1386,2008,2008-10-15
bdff658c-25d8-4e72-bcfd-0325dd083029,342010,18.3467284811,-114.7257676294,,2023,2023-01-21
be035896-5510-4198-9263-2d96893fff89,140600,40.44,1.06,87,2000,2000-06-08
be0d5cf1-004d-4fd4-8104-ea6e65d32343,140600,40.21,3.8978,328,2002,2002-05-21
be0f8e01-3981-42c6-a6a9-d0091e9ed306,140606,38.87,0.97,469,1999,1999-05-20
be140b00-abf1-41f5-a22d-6c7568ece932,140605,43.246325866,5.3687075359,,2022,2022-12-25
be19e894-e77a-4425-a1d9-d025d07c2ec9,410340,-27.63175,163.7385,1692,2003,2003-05-18
be21291f-1ecf-4fd4-9ede-77de7251ce6c,342010,-1.26277,-90.3581,,2022,2022-03-31
be2463ec-f7b1-47e9-be85-db3aa3a76a6c,325327,-60.99,-55.82,152.8,2002,2002-2-7
be2861ad-7050-441c-a97d-a6e770692bf2,534130,31.35,-113.625,,1966,1966-08-17
be2f33c4-e614-46ab-b5d1-7767c3d77638,534099,-10.918,143.911,,2004,2004-09-27
be36d2ac-32cd-47bb-8b19-6bd97a345856,140605,41.75,3.34999990463257,,1967,1967
be3cffd8-4017-4c27-a03f-076547c5cc08,342305,54.05455,-166.226542,91,2011,2011-09-13
be41b2c4-dd1c-434f-b5e5-3730c912c145,457573,1.4769078244,125.2352705727,,2013,2013-12-18
be48121f-6b50-44d2-8d89-1167e2035abf,342305,54.046115,-166.2307,82,2010,2010-09-14
be4cf62d-3d77-40b7-85c1-0630947e35ee,140600,45.2771,-3.2773,247,2019,2019-10-25
be54dd53-d7b4-4cba-a8d3-42604d67cfa2,535623,-21.2222,151.058,,2005,2005-11-27
be5a86f9-58b4-4a69-a0a8-164db9a56183,140605,38.6886135571,-9.3625103502,,2025,2025-09-24
be6995f9-2e52-4269-9b5d-fcb57939bf32,341987,-37.09333,176.2533,393,1998,1998-01-22
be6fc57a-0032-4a4b-afb7-f3b022534c29,342023,35.5333216667,-121.0857611667,,2026,2026-04-18
be78a2b8-0359-4176-be10-0cff598840df,342305,57.0126616819,-135.3028392792,,2025,2025-09-28
be81bde5-4cf1-47bb-83c7-adf8c9563ab5,457762,19.5905207045,-96.381855011,,2017,2017-09-13
be89c182-7131-4c0e-8b1b-ef2d13b6a75c,457762,18.4423530938,-77.1812639491,,2023,2023-01-05
be92fbed-f5a2-4092-a28c-5cc9c62b12a8,239392,-54.26,-35.49,120.5,2005,2005-1-23
be9d9ef8-a4da-472b-b35e-f3a3875af4ab,140605,43.2613195774,5.2875190028,,2025,2025-04-27
bea168e4-756e-4f16-9834-15b5e5f3b6a4,1561957,-32.6011524167,115.650596972,,2026,2026-03-17
bea5e8dd-41cc-439d-912c-27d0cc8bc80b,140600,47.0931,-5.176,75.5,2022,2022-10-24
beae12c0-3ebc-48a3-84e5-544e7b4bafc5,1043781,48.51092,-125.13737,,2005,2005-05-03
beb0520b-6c0e-4af5-85e2-4bce820c45a4,342036,-32.7133322158,152.1561377807,,2023,2023-11-26
beb673a2-f36f-40b1-8469-dceb8c93d47e,342381,-38.1,174.1,105,2015,2015-12-07
beb8820a-e7b9-40cd-9076-bcb424fb78c3,342036,-35.0110826318,150.8247978779,,2024,2024-01-26
bebbbae9-36e0-4e26-bda2-bdf3006c2a2f,157011,47.2135,-60.33366667,188,2019,2019-08-14
bebdc96d-972c-4596-b036-07c2da4a864a,140598,39.5806,2.0022,764.9,2007,2007-07-02
bec3406b-e253-4a11-b3bf-a449e7e29857,457573,-8.2897887016,115.606941498,,2023,2023-11-01
becbe387-05a0-4b25-8114-7dabbf5f5bf3,457573,1.5035947685,125.2445807281,,2019,2019-01-21
bed14bf1-2c1c-4ea9-bdd3-e19416cff948,342036,-36.892012,149.915335,,2018,2018-04-05
bed68c5b-07b5-40ef-b112-ab226bbc17a7,342036,-33.0852462,151.6349517,,2023,2023-07-16
bee07382-ed2b-4e8c-8f9e-80c4b93bbd16,1561957,-33.6300084278,115.3385388266,,2022,2022-06-20
bee78ea1-6084-4b3e-95c8-2d41f4af0c20,341954,12.1707741983,-68.2885158062,,2017,2017-09-25
beeec14e-8d53-4646-b2c4-b5ad404cc308,342381,-45.73,166.64,40,2008,2008-10-25
bef437c8-173c-4176-b5a0-e9d84506a431,210788,25.5118708366,34.6507863877,,2017,2017-09-04
bef76636-5346-4e8b-a39d-33cb7432727a,342305,54.057359,-166.223275,93,2010,2010-09-14
bf009d91-b870-436d-810f-3934274dd1b6,140601,45.64861,13.78,,1913,1913
bf061407-165f-46a3-aa04-c8573198b3e6,342381,-50.7883,166.625,110.5,1979,1979-09-19
bf0dc3be-a555-4e77-9dfe-b754a96145a0,140600,52.95237532547131,-4.603042163332891,,2010,2010-05-17
bf16e79f-5e0a-467a-a407-8be4458b4b38,140600,51.2615,-8.714,105,2010,2010-11-30
bf19144e-e349-493f-95c7-79c2311848a6,140600,52.02055,-11.2944,180,2000,2000-01-01
bf1bfa0f-4a5c-4922-a249-81b54faf5149,341952,34.0969748822,-118.8389360398,,2022,2022-11-22
bf1e3bf0-5387-461c-8d3a-754839f0ddaf,342000,33.543832355,-117.8000258467,,2026,2026-03-21
bf206e01-c080-464d-bf63-73537b07760a,140605,39.8173,4.1944,59,2006,2006-06-18
bf26d2eb-d209-461a-925a-acfdca50d647,325331,-66.77533333,72.603,529,1991,1991-02-24
bf2e578b-21dd-482c-b636-90f45a6c8407,140600,56.40635,-5.503317,14.5,2017,2017-09-04
bf3237e5-97e0-43bd-b7cc-2ba56c274168,140607,20.9829998016,-156.783004761,,1967,1967-10-30
bf3a3c1f-56d5-4d56-8800-e93ee544d5cc,140600,37.98,-0.49,,2007,2007-06-01
bf3f4556-3bfe-4183-aa0e-d53f823cc8bc,140600,50.7422,-4.9592,30,2017,2017-03-08
bf46977a-391d-40a7-8a81-6fd361e2744f,342305,54.074377,-166.2286,130,2011,2011-02-01
bf4ab96c-5820-46c8-8f4f-b6a61501d426,342305,54.05749,-166.278952,102,2010,2010-03-15
bf51fa18-fcac-4feb-a446-e74f424be4a8,342036,-32.7128386928,152.1561960685,,2023,2023-02-10
bf586433-bfe9-4f91-b10f-333460f598e5,239393,-77,170,853,2015,2015-02-01
bf5d7401-b61e-459d-b091-b4d4dfadffb6,140596,43.518365,-68.080627,196.5,2008,2008-04-22
bf643530-9392-42e4-a145-e532ebecd8bf,341952,32.7609541269,-117.2466227926,,2022,2022-09-01
bf69ca75-0882-4f25-be9f-aa292d795b35,535784,-30.2999992371,17.0300006866,157,2006,2006-02-22
bf71a992-4021-443d-a201-bcd86f7db0ba,210788,28.184617,34.638117,,2013,2013-10-01
bf76f2cd-c9dc-45d6-8a4e-7090a894df80,342036,-33.8397677452,151.253312616,,2024,2024-12-12
bf7d1e4c-6df1-4471-ae0a-4d4b955a3d70,342305,53.2520884424,-132.073441184,,2025,2025-07-28
bf852e59-f48f-4f98-919f-69edab889433,342036,-30.6461521697,153.0029213388,,2026,2026-02-07
bf8ba9f9-600a-4d93-8d0b-448c8bdcfe04,341954,19.3698626496,-81.2665681445,,2019,2019-12-30
bf8ffb9d-ae42-4313-95d7-4a7357c0e032,535784,-31.3833007812,17.1833000183,,1990,1990-07-20
bf964c95-e84f-460d-8c66-7d16026e51b5,1043781,51.51067,-127.8657,,2008,2008-05-22
bf9c0084-7c35-4b69-8329-1b81755948dc,140605,48.6052,-5.4205,56.5,2024,2024-03-26
bfa29c91-2010-4222-b779-7eab49197886,140605,32.1254426183,34.7841950879,,2025,2025-04-18
bfa70c07-9cb9-4e49-8e4e-156494a155d7,140605,-34.0331870355,24.9337638616,,2026,2026-07-06
bfb00e5a-4307-4036-bc5d-9c80e9ce8605,138849,14,-61.6667,1750,1921,1921-11-25
bfb8c257-7663-4b39-bb21-a09d3515eb6e,140607,38.44,0.4,173,2006,2006-06-13
bfbed951-f7bb-4d6c-aba9-e503c8d3eb89,342036,-34.0693248186,151.1296177238,,2025,2025-09-23
bfc9d0c0-dbdf-4081-894f-e61945e5fa84,342305,54.059579,-166.241445,130,2009,2009-10-27
bfd18deb-d72c-449a-b66c-37ecc1778e6e,140600,54.1315,-3.3992,9,2009,2009-09-20
bfd5f346-549b-4e2d-87f9-325af2c81379,535623,-19.985,117.817,43,1983,1983-06-25
bfd80abd-085f-4226-a48a-4867d768cad3,140605,28.04160695,-14.33123589,5,2015,2015-06
bfdb7c04-9382-4c88-8efe-d38024bf1867,342036,-33.915979899,151.2641408429,,2021,2021-09-03
bfe20e5c-4c4e-4610-b7fd-adfe301fa69a,210788,9.10832977295,122.923332214,2,1979,1979-04-26
bfe4b372-6311-4e4c-97d5-de006e8b4a84,157011,49.694,-66.189,338,2022,2022-08-30
bfec131e-1894-45d4-a0a0-a5be0db3708d,140605,40.02,0.88,92,2001,2001-06-02
bfef733f-4fd6-4fcb-9a78-addcf1341558,140605,42.7117281522,9.4562221926,,2024,2024-03-07
bff489f1-f389-4af3-82ca-c7c9fcdf8c6e,140605,39.8936,3.3654,92,2001,2001-09-28
bff956bb-7242-4ba0-8050-3874c251c73b,325324,-60.7,-46.5,152.9,2006,2006-3-24
bffb4cf2-9a38-4dbb-8fc0-e2a4b16247bf,140600,54.555833333333,-5.4295,47.5,2018,2018-02-07
c0015bac-bc0d-4987-a09e-e12f459c19f0,342015,-33.02,152,119.5,1993,1993-05-05
c008a4ec-ff0e-4ead-9c5f-fc0f39c8a557,157011,49.40583333,-66.95766667,310,2009,2009-08-27
c00e3f3a-76ff-44e9-a30a-5cba0e7ffe7e,210788,-21.0180877008,55.2381948937,,2025,2025-04-13
c0139b70-a0b6-4537-af4f-7b4dd8ea07c1,140605,49.751,-60.39833333,141,2005,2005-08-25
c021a575-b416-490c-91c3-c2de1cb5894f,342010,-0.2657765102,-91.3739586667,,2024,2024-05-08
c0252c6a-5f50-4526-8331-d023ba3b21eb,140600,56.578,5.1243,29.5,2018,2018-08-24
c02a8076-62d5-48dc-9721-9f552777b2bd,325322,-69.23,5.1505,,2005,2005-02-10
c02d8cb6-b00d-4540-a236-923f2cb02167,342036,-33.8397861591,151.2535651271,,2021,2021-10-10
c0354153-2180-4440-8a79-9729d1e7bd70,140600,51.404,-11.459,298,2016,2016-11-27
c03ce2d3-4539-4b0f-8bf4-d68c280f67fc,534100,8.600906,124.473211,,2026,2026-06-28
c0431350-0fae-47ca-9662-c1bdc36bb922,1805272,13.5,144.8,,1995,1995-10-06
c04cd5d9-084d-420c-83ec-b146307c4d28,342305,54.06224,-166.204986,93,2011,2011-09-14
c054794a-83e6-4db4-8862-af01b89c3cb8,140600,51.3655,-6.6905,85.5,2012,2012-11-21
c05758c1-1164-4f74-b065-ca97730a7b4a,342036,-33.086398068,151.640202438,,2023,2023-02-19
c05a28db-e2c1-43e6-866f-000226a06682,239392,-68.4651641846,75.4433364868,620,1991,1991-02-18
c05d3628-b97f-408a-956c-f602e5d46606,239392,-71.535,-13.735,358,1996,1996-2-25
c062c623-f17a-4e81-848b-5c5667ad5fd3,342381,-39.805833,177.444667,313.5,2018,2018-02-27
c0691797-9991-41b7-a212-4c2ed0a48ce6,140605,42.3946340686,3.154967774,,2024,2024-11-22
c073d371-0f2e-49d2-a90a-a5deaa181418,534099,1.4249141,125.2258365,,2023,2023-09-18
c07be62e-f07c-47f1-b67a-383621ca81da,342032,-42.7944267383,-64.942153575,,2020,2020-09-05
c07f5689-4d88-479f-a136-1801c09b77d7,342381,-41.1533,174.2692,18,1995,1995-09-07
c082a74f-42c2-412c-8908-9de1d8eae91f,342036,-32.9410083333,151.7706,,2025,2025-01-27
c088f1be-1eae-4ce9-a6d6-cb45ae24b84c,1043781,49.6096,-124.78765,,2014,2014-07-10
c0900110-56d8-43c9-b17a-f3b35c9bfe26,1805270,36.0265703635,14.322274011,,2024,2024-10-01
c0984854-0a4b-4fa0-abd4-4e01bbb5a393,140601,36.3499984741,11.8999996185,316,1999,1999-08-01
c09d5726-af19-498d-9488-eabab0577422,342023,33.8372696714,-118.3929724619,,2023,2023-10-14
c0a1243f-d304-4166-8898-629435a59ca9,210788,21.5825179014,-158.3611929381,,2022,2022-11-19
c0a87984-7f4d-44ea-8e42-bf13687b03ea,140605,28.9196454859,-13.6717314124,,2021,2021-10-08
c0ab62a3-d577-4021-9c44-8531eacacc8d,1805270,43.2287418082,5.3480326903,,2024,2024-11-06
c0b078b7-85ca-47e8-9a3a-60d48a862664,410340,14.6167,119.8667,1500,1929,1929-06-17
c0b5fd7d-c7eb-455b-bc2b-d44c19fb2de8,342305,45.0350008762,-124.0089007761,,2022,2022-08-02
c0bfbf8c-0ba5-4d6c-96bf-296ea7969181,325319,-54.99,-36.01,152,1994,1994-1-18
c0c7b368-f849-44cb-990f-b7b6f2956fed,140600,51.4255,-8.302,87,2012,2012-11-29
c0cd9214-606f-4487-8e6a-e3666baa2502,140596,62.518,-59.971,1335,2014,2014-10-13
c0d7108d-c1cf-40e2-8dec-19f6734e6c0d,140600,49.975977,-3.814378,,2002,2002
c0dc5f32-81b6-4a2f-bcbf-12f4920b3601,140605,42.72938396,16.03558559,,2012,2012
c0e3458b-33da-48df-8166-3f6b6617e95d,140600,48.7913,-5.804,58.5,2015,2015-03-14
c0e9586a-a703-49c0-b545-ce4038331eeb,341983,24.3346547789,-110.3284523919,,2025,2025-12-13
c0f354ce-a70b-42da-a947-7761757253b3,341952,32.840065448,-117.2847995079,,2024,2024-08-18
c0f76621-b524-4417-ab2f-fae9e66a8a3a,534425,19.3546498516,72.6483706154,,2026,2026-01-04
c0fad490-036c-461f-abb6-395a20ed6c54,342023,38.4174354517,-123.1059848896,,2012,2012-10-18
c0ff3989-2660-4188-a5d5-da29438a5bac,140600,50.06,-4.576,35.5,2016,2016-03-10
c104cfcd-ba7f-432c-be43-23b80bbe9a61,341952,32.8146898643,-117.2737464601,,2022,2022-07-02
c10ddcf4-e5c0-4840-8250-9a92d9c8a1c5,140605,36.6981684,-2.8430000997,,2025,2025-11-22
c11668d8-6183-4a4e-ae69-c505203fc098,140600,59.794,-4.866,65,2014,2014-02-19
c11a59dd-4847-41c2-b310-989167e3e025,140600,52.6068,-12.0485,131,2015,2015-09-22
c11ce711-6a1a-4655-a793-0616b6ca5cd2,341985,19.6669998169,-87.5,,1960,1960-04-17
c11eb409-f6f8-4eb3-a1d8-a29ab0d36a6e,1805274,-14.68,145.45,,1989,1989-11-14
c12880cc-1af8-45f5-a544-69f72eadee0a,535605,-41.3466368035,174.7890344739,,2017,2017-02-06
c131582f-9479-46a4-a21b-7ca1aaaeaeba,140600,47.5453,-4.5374,56,2017,2017-10-26
c1380749-c9b4-4862-9635-1b4605f665b2,140600,56.18481,-2.559388,12.6,2019,2019-08-07
c13c44fa-b5e6-4009-8c76-210d56024226,410340,34,-70.0167,2000,1922,1922-05-15
c1405d81-ec54-488d-ace4-e0f4c6cbd5c1,210788,12.0392303271,92.9869345405,,2024,2024-03-25
c147e767-4f5f-4083-8f9e-fc59ff374886,1043781,49.18678,-123.32968,,2016,2016-06-13
c14c14b5-6fa0-4212-b7ad-2ed0dddeb241,140605,41.5299987792969,2.76999998092651,,1962,1962
c15438b3-9f4a-41fc-a746-fe6d2b14c2d6,140605,40.1685222222,-8.8888833333,,2025,2025-10-09
c15e524e-5968-4656-9807-338cd915d156,140605,38.35,-0.03,92,2000,2000-06-03
c16245ff-6e0d-48d3-baa9-d97e7f67bfb2,140605,41.2099990844727,2.05999994277954,,1966,1966
c1673372-a732-47e1-9493-74bf7bc121d4,210788,-22.3117779148,166.4370074496,,2018,2018-01-14
c16abb80-6e92-464a-a111-bca773b165ce,325340,-61.635,-58.78666667,403,1996,1996-11-28
c1739f84-1448-4148-8563-e3490a0109c7,140600,50.0102,-6.3675,41.5,2016,2016-03-15
c178c92b-dae2-444a-b266-00aa8ed85cf8,325331,-67.1917,78.2317,198,1987,1987-02-25
c17dbee2-a630-4a89-a481-825c4e2d28d0,342305,54.05443,-166.237517,93,2010,2010-03-17
c181782f-e446-4c7f-a9a2-4be1a52ccfc2,342403,13.696068,120.913094,,2019,2019-12-31
c184f95e-7882-4bf0-b3c1-4c77e9f73beb,140600,51.73755,-5.229196,,1982,1982-10-24
c1935462-7356-419d-9393-0522208998ef,140600,52.7873,-13.6658,116.5,2015,2015-09-26
c19d45d6-cbea-4fe4-848e-96c87bb97275,239393,-77,176,587,2012,2012-02-01
c1a00bab-3bf8-4bb4-96d1-6899946db224,140605,39.3074,2.9223,50.1,2007,2007-04-17
c1a6b01c-8db6-4130-876d-35a983de429f,325325,-77,172,640,2013,2013-02-01
c1ac8777-6ce7-4ec0-ae26-2515b3108029,140600,52.982,-14.1805,103.5,2011,2011-09-27
c1b278a6-5b5f-4598-b181-2f61140a4643,342381,-46.917833,168.159,,2018,2018-11-17
c1bafdd5-30c5-4bbd-9c1f-6fd96c780524,138803,25.7298308694,-111.2525932478,,2024,2024-04-29
c1bf661f-abaf-43eb-bd1f-921477105ef4,1043781,49.34185,-123.523,,2011,2011-06-09
c1c3390c-2fe4-4c7f-8aec-a129e87adb41,342305,48.1472456382,-123.1849580604,,2023,2023-08-28
c1c936a6-274e-4c6b-8a7f-95bb727589f8,535605,-38.3993738301,142.469030634,,2024,2024-10-07
c1cc0b15-36bb-4f96-9fcc-6661b791ade9,210788,29.499947334,34.9162049734,,2025,2025-06-28
c1d238dd-ccca-4099-86e5-4e2fe83c951f,341952,33.7931689527,-118.407133168,,2026,2026-02-28
c1d662c0-25d4-4994-aadf-edd04954d13b,342305,36.7652015686,-122.047706604,683.5,2000,2000-07-20
c1e05ed8-4ca7-438d-8aa0-0e0e4ff0ebb8,140596,42.550368,-70.36176,129.5,2004,2004-04-20
c1e563e9-c51b-4c16-a35f-ad81539e3563,342385,-46.7180333,168.3871833,26,2016,2016-02-14
c1f0f267-9c7c-45f1-b486-4e29435c9fa2,342015,-37.425,150.005,53,1996,1996-05-08
c1f5020c-5ba0-4db3-ab05-3523cc2d700d,210788,-5.7690361245,123.8948821688,,2024,2024-05-07
c1fc3012-9328-4fa7-879a-29a590064c2f,140596,44.346035,-67.48497,99.5,2008,2008-10-27
c2058a9d-d93a-4260-b0ea-81719ea9d9a7,140605,42.237593054,3.2071591251,,2025,2025-11-20
c20d3fbc-2931-4f6a-b87f-5986bc00bb46,215276,-21.7683313616,114.1651142445,,2018,2018-04-12
c21295d4-0aa5-449c-a03a-eb41a5c73cd3,342333,1.459706,125.234603,,2016,2016-12-26
c21759ad-a9ec-4d82-b146-b916ec0b304a,141962,-31.2000007629,15.4799995422,552,2006,2006-02-21
c219ef8c-b83d-414f-b3b0-42a18db1f59a,342036,-35.857220342,174.5320746773,,2026,2026-01-08
c22486f4-075f-405d-8758-e02484e29c74,140605,41.75,3.34999990463257,,1968,1968
c2299c4b-473f-4816-bfe7-37dc3b130754,140605,42.3908171311,3.1642271797,,2024,2024-07-20
c230ba61-38b2-48e1-bf6f-c81e51209dbd,140600,50.0567,-5.3807,15.5,2022,2022-03-14
c2365265-d375-4096-b90b-a1bdb84a8556,342036,-33.8397857467,151.253515205,,2024,2024-11-28
c2416394-94c4-4c0f-ba95-c1efcd1985fc,342045,-43.0502,147.4861,,1966,1966-12-01
c24e51f3-a92a-4a31-bfb4-a6bd3c941fa5,342305,54.052931,-166.206773,88,2011,2011-10-09
c25811f8-90b5-4749-b4a4-808d400d933e,342023,54.10038,-130.561,,2020,2020-09-17
c25ba289-1f9a-4c0f-bc31-f16aa0a8fbd3,140605,39.2234,2.9054,90.2,2004,2004-02-11
c25f99fe-c191-4599-8e3d-789ffafa4b60,138803,13.7288666608,120.8830686023,,2019,2019-10-25
c2691d5f-644f-4c38-91e7-d02ae96a4184,140606,36.65,-2.4167,329.5,2000,2000-05-30
c26ed3f5-79bd-464b-abf5-b4fdb66927c4,342023,37.769578,-122.466135,,1962,1962-08
c274a356-ddb7-4312-9827-85e815e909b4,342023,34.3979411871,-119.7310409796,,2021,2021-04-03
c27ace1b-cede-41ca-9b4c-bca2f793ba80,535784,-34.0999984741,17.6166992188,,2001,2001-10-13
c28278e7-cf7f-4d93-bc95-85c6d3427395,535623,-19.9733,117.82,42,1983,1983-06-26
c2896a2b-ccd1-4aae-b1ff-05cac98549dd,1805270,43.3284600389,5.0997519719,,2023,2023-03-22
c2922d64-ec6d-4124-88be-ed31308a9557,457762,18.3109381009,-64.6246568128,,2021,2021-06-04
c29853a7-044f-4faa-8854-e5d4857d21b1,342305,49.279334,-123.236292,,2021,2021-01-07
c29c29b2-37be-4de5-b874-fb95512de94b,342334,-34.7891583433,137.8599418295,,2022,2022-12-22
c2a1226b-3631-41e7-9667-8243b1861382,140600,52.605,-13.3998,170.5,2013,2013-09-09
c2a9122f-1672-4cf5-a9be-9406ef68b436,140596,43.824817,-66.99879,179,2007,2007-10-21
c2af8762-c006-4c90-9d11-a2ad21453a94,342036,-37.630969,176.18418,,2023,2023-03-07
c2b210c0-738c-4379-8eac-f096e0485941,210788,22.6766415904,121.4733357504,,2026,2026-04-04
c2b81d06-3525-49d2-ba2c-bfb3af5373ad,140605,27.616667,-83.466667,36.5,1966,1966-04-15
c2be12ca-3792-4b13-8cee-7da33ce12189,140600,57.8838,-3.3446,36.5,2023,2023-08-25
c2c4525b-4144-41ed-b8c7-05454697798c,342015,-37.30083,150.07833,83.5,1996,1996-11-28
c2c9257f-690c-40b6-b36c-ad399a055210,341952,33.5900361949,-117.8701364489,,2023,2023-05-24
c2d26513-3eb3-48ab-b4a8-2a4d69947ea4,210788,29.5309824148,34.952937786,,2026,2026-04-12
c2db12f0-527d-4ef8-860d-7a23a163be19,342023,49.4501294445,-123.2404068018,,2026,2026-05-26
c2e1a8b3-0a59-4866-a405-1fe274ed2137,140600,48.4237,-7.5678,84.5,2019,2019-04-04
c2e803f0-5536-4ba6-b396-04fb13070461,210788,-21.82918624,114.06873276,,2023,2023-05-18
c2ec8258-96c2-4cb8-b032-70561ebff7f1,534099,-3.705995,128.1031983333,,2018,2018-04-23
c2ef69f6-b781-407b-8dc7-f1de5bcfdaff,140600,39.57,0.18,157,2007,2007-06-05
c2f8d338-a9e7-49c5-bfbd-5536a3eab9ea,342305,54.0696,-166.20465,97,2011,2011-09-14
c2fce49c-bf81-40ba-94c8-98bcf8d5f66f,140600,52.948,-4.857,29,2013,2013-09-28
c2fe81bf-2b91-4761-b44e-b178e767c05a,325329,-60.88,-55.49,246.2,2002,2002-2-3
c30412e2-d215-40be-895c-311e94e36153,342010,-0.29786,-90.55091,,2013,2013-04-12
c307efcc-f92a-44f8-8b07-19ff0938cae8,342332,-33.866195,151.1474,,2025,2025-03-26
c3114271-4e5c-4c18-90bf-5594b78c083d,140600,53.2112,-12.08,124.5,2021,2021-09-17
c316ee0b-6af8-43c7-9248-df7ed4df2d44,534099,13.6676987883,120.8806546758,,2014,2014-01-01
c31b886f-ae9e-437f-9ca1-6f4a9519a2b5,341952,32.8712466667,-117.253455,,2023,2023-01-24
c32255c5-7386-49bb-8263-2a60f6f89b6b,534130,31.2856282997,-113.4803081997,,2023,2023-02-25
c32556ac-a9cf-462a-b355-357525f323d0,342307,-52.9183333333333,-59.9983333333333,226,2012,2012-07-09
c3310ba0-9039-4c18-8425-6b808ba3e5f7,342381,-40.779,173.991,22,2004,2004-09-12
c336238c-bfcd-4ec1-9415-dec29bde01a4,342036,-33.3869092444,151.4843133783,,2024,2024-11-06
c339811e-2073-4824-824a-3cfe3fa21dd9,535784,-32.0499992371,16.7833003998,,1988,1988-02-11
c33c81be-f67b-4f6e-b1b8-18380441e42c,1043781,49.37178,-123.67555,,2007,2007-06-26
c345ea11-2143-425e-bc5f-d3febd5a3a06,457573,1.4525883,125.2250546,,2023,2023-01-05
c34dde64-3eb0-460c-b0f7-35c3fde037bd,215276,23.5642616667,119.6845466667,,2025,2025-01-13
c356682b-9632-4702-9a86-dd5d546d3cf1,342381,-44.040167,172.030167,17.5,2016,2016-05-13
c35b8bdf-cb7e-4364-b14c-80ea446b87ca,325324,-61.28,-55.71,153.6,2002,2002-2-1
c3676521-777c-4169-b89e-0d4a0611c979,342381,-46.66,168.34,28,2014,2014-02-20
c36e6500-8bb6-4ab1-ac99-b08b32becf8c,342400,29.8829994202,-80.1829986572,283,1967,1967-07-19
c37317e3-c9da-48a4-ab64-84c077ec2cbc,140605,38.4354398523,-9.0603887299,,2026,2026-06-05
c379b9a4-c5b5-4d25-92c4-fc9f7b8e1106,239392,-53.72,-37.89,131,1994,1994-1-19
c37e30ab-926b-4a54-910d-d3be71ddd6f8,210788,-22.1331503486,113.876426499,,2025,2025-05-22
c38447d2-f5df-4c83-a6b0-f1ad30256481,210788,-8.508398,115.5189,,2019,2019-12-29
c38935d2-6af3-4aa8-9544-dee31a62cccf,341950,-38.3562343123,144.7721169676,,2017,2017-01-26
c38ebe64-c8ec-45a6-a5eb-b8b4cd8a18db,140600,52.2273,-13.7767,197.5,2013,2013-09-07
c395164b-437c-43e9-a79a-d2d12904d506,342036,-34.007764783,151.2273207233,,2015,2015-11-24
c39885dc-5644-498f-813a-e0f045770ad1,341952,32.7611776,-117.245933,,2024,2024-07-27
c39cc31d-9a38-4316-8098-376a7dfd41f1,410340,25.033000946,-67.6330032349,,1979,1979-04-10
c3a36218-472a-4f29-a35a-aee47fee7917,140600,49.1172,-6.3755,62.5,2024,2024-03-10
c3a8588d-53d0-4d8a-a6ba-6ff320b6cfe9,341954,21.2045717179,-86.7214255146,,2015,2015-06-03
c3b0e22a-166e-42a9-89e8-6dd8d8771606,140600,41.1,1.31,42,1994,1994-06-16
c3b48016-63e6-4086-88ef-7fe91a4780bc,342332,-33.8390522537,151.2448642775,,2025,2025-03-07
c3b964b8-6155-4113-9cc7-dceff8308239,140600,56.62,5.08,30,2020,2020-09-02
c3be1a80-7232-4fa5-b76c-8d52eca0c2a8,140605,-34.1991403354,18.4550078586,,2021,2021-04-30
c3c723be-34ff-4890-b0af-e162e9347bce,527142,-51.7650000333333,-56.5366666833333,741,2011,2011-05-26
c3cf3fb5-4bda-45c3-b604-971acfd2cb71,210788,-19.0554471667,-169.92497,,2026,2026-04-30
c3d68644-025b-4322-9509-17578bc1745e,341984,13.36287851,-81.3376771,8,1980,1980-12-16
c3ddf96a-6697-4449-afcd-6bb78d938c1d,210788,-4.35,55.83333,,2009,2009-07-29
c3e84039-c8d5-4fc4-8706-c6f88d9b70cf,1530663,-38.3205069933,144.7226348574,,2024,2024-09-21
c3ef45f5-9b22-48cb-a681-901d76cd0591,140605,-34.1800003052,17.5,344,2001,2001-10-09
c3f782cf-5fae-416e-8482-91ae7477afbd,157011,49.27316667,-63.59383333,248,2020,2020-08-14
c3fd4b6a-7401-4b26-8b6c-aa12cd065d4a,239392,-61.34,-55.16,346.4,2006,2006-12-19
c400ef78-2fe9-4062-b06e-ee7db2df85d3,527149,11.129,-75.23483333,480,1998,1998-12-07
c404d0b9-98ff-4dbd-be2f-4685253232f1,342226,-48.6105,167.8691667,550.5,2019,2019-11-19
c408b403-99a6-43dc-b85b-0343203d998c,239392,-68.0106,77.2389,337,1991,1991-02-17
c40fb9e1-3f42-4915-bc92-b0141da42001,140605,42.3463281334,3.211105845,,2025,2025-11-29
c4162659-5770-4d57-8631-764df64df716,325332,-61.0999984741211,-56.1199989318848,458.2,2002,2002-02-10
c418800f-124c-4683-a65b-325c5ed9bd8a,239392,-60.82,-55.66,454.6,2002,2002-2-3
c41beb00-5c09-445d-897a-39b4549481fb,210788,21.2886046091,-157.8631281857,,2023,2023-01-28
c4248f5b-1130-479c-b786-abcea6c30990,140605,39.8268,4.1734,59,2009,2009-03-12
c42fe744-7505-4fb8-bb2f-8395627117bb,341954,26.7829122741,-80.0416048574,,2025,2025-09-06
c433dac7-06f8-45cc-8b40-2d2d17086202,210788,-8.2953799473,115.6125840025,,2013,2013-05-06
c439a022-822a-42cd-9d1d-0f5519f34912,325319,-53.85,-38.47,131,2006,2006-1-10
c441110f-b154-4a53-bb47-9522025b2151,342036,-36.215691,150.131826,,2019,2019-01-01
c448fc34-5232-4c41-a093-e32e7b2d067a,140600,55.90833,-2.127506,16.1,2001,2001-07-14
c44e7306-bd8d-4e1e-ba2a-0d28dc91ef68,342023,47.4600288499,-122.3715452107,,2020,2020-09-08
c453ca67-a721-4763-9936-019c5840ab22,535625,-1.86699998379,175.567001343,,1951,1951-08-08
c458dac7-1934-4f1a-acb7-fe07580255dd,410335,-48.5315,172.174,866,1998,1998-04-30
c45e0013-eb73-42ba-bf0b-00c6689f273c,140605,37.3845308235,-8.824335232,,2025,2025-08-15
c4633af1-d451-4f17-956f-30754ea17b02,342023,32.861555,-117.25763,,2025,2025-06-14
c46b3424-41fc-4514-aa84-2248afaa4532,140605,42.3899036997,3.1606417282,,2025,2025-08-16
c46f2eea-028a-4af6-bcc6-6619b2c3e822,1805270,28.0637081544,-15.4185474546,,2026,2026-05-02
c477acf4-fde3-4d74-9f46-cb632f74a5c4,140605,39.536525116,2.4495649338,,2023,2023-06-25
c47c2c28-cfd5-433a-92e6-68e1a008a5d3,140605,42.3300018310547,1.1599999666214,,1944,1944
c47ecdcf-7939-495d-9d95-e0146701521e,342023,47.3503211497,-122.4226338207,,2025,2025-04-09
c480e3ae-fde2-4ba8-a23e-423662bfe8d9,1805270,-9.519416667,12.8505,111.5,2009,2009-03-24
c4869232-978f-4b01-818c-b68c76e40544,140605,25.858166,-83.634833,68.4,2013,2013-06-13
c48cacb0-908e-489e-b2e5-390f01faf4de,1805270,42.5142541475,3.1343073665,,2023,2023-07-02
c4973437-75fa-4dee-a294-944e48a2091f,239392,-76.0329971313,168.350006104,280,1965,1965-01-13
c49afecd-e8f6-4298-b917-6477f1ba1660,341954,11.3259311862,-60.5493235465,,2020,2020-11-22
c4a3586d-02f2-4f2a-9c5f-62718cbe0039,140600,57.1118,4.7078,0,2019,2019-08-24
c4a7aa74-0393-47f2-b098-f6213aa056ea,342036,-32.7171303261,152.1419271163,,2022,2022-03-10
c4aa301e-0375-4154-b88d-03a16fc75981,1805270,42.4526183682,3.1623888052,,2022,2022-10-14
c4b455b4-791b-4f16-be93-e8579cde3ac7,140600,39.6154,2.3539,66,2004,2004-04-21
c4bb4f81-b934-42d4-8547-b523097b8598,210788,19.4805767349,-155.9331501977,,2025,2025-02-26
c4c25b24-664b-44fb-b540-d257925bd252,342010,-0.6111739898,-90.6446759775,,2025,2025-05-28
c4c92cbf-d3a9-4b86-832c-7c7471d1a59b,534443,33.5211533333,133.75412,,2022,2022-05-17
c4d1816b-2219-4422-8de7-0509ab95b9d3,342381,-43.8515,173.551333,87,2018,2018-06-02
c4d48827-31b7-43ce-98ec-b78d2b913228,342015,-38.2115310501,145.0352171844,,2025,2025-12-05
c4d9667b-3ca8-4dcf-b239-e41d3f6f9b90,342305,48.6487661,-123.5042512,,2020,2020-09-22
c4dc68c8-5746-4924-bc88-4f11d20a6de0,749548,-23.6248508508,-45.408595095,,2017,2017-06-11
c4ddae47-cfbf-4fcb-babc-febb16fda152,140600,39.29,-0.02,117,2004,2004-05-19
c4e0d7a3-e831-4627-8ff0-2ba450bee041,342381,-37.0792,176.2478,399,1996,1996-04-16
c4e528e0-e1d6-4b82-9a61-d2de02690ed6,1530663,-38.0602777778,145.1161111111,,2021,2021-09-26
c4ea06df-6c46-4086-8db4-c9ce9fd06b2a,140605,42.3300018310547,3.52999997138977,,1962,1962
c4eca9c9-46f3-48f3-aea7-ff722262640f,342036,-33.3624151029,151.5037026741,,2024,2024-10-03
c4f0d57a-ef9f-4db0-94bc-8cbecbf1c44c,140600,46.7529,-2.954,30,2019,2019-11-02
c4f5342a-7540-4206-a5c8-3a81fcf443cc,342305,54.238483,-132.831883,258.2,2015,2015-06-04
c4fe0611-14df-44ce-962b-0a3abd87961e,140600,47.8015,-6.4278,71,2022,2022-11-17
c506506e-b8a6-4777-9e70-637492878382,341952,33.8476744589,-118.4005765244,,2026,2026-01-04
c507c06f-a10a-41bc-89f7-5e3b95e01f3d,342023,33.8360264724,-118.3924565603,,2025,2025-01-30
c50d39ab-fc2d-45d2-a2a7-078c8ed73bdf,140600,39.7944,4.4371,130,2006,2006-06-17
c5159ed0-0a86-4866-a5af-01a56d807f46,140600,49.5495,-2.5168,28.5,2013,2013-02-24
c51c9813-c443-42b9-b9d2-c62e582e7720,140605,39.3089,2.9024,54.5,2005,2005-02-04
c52830e0-71e9-418b-97a9-7c5000b4ab21,341952,32.7611776,-117.245933,,2024,2024-07-24
c52be472-fdf8-4db3-957f-5b38df07fc87,140600,48.5052,-8.6105,92,2019,2019-04-04
c530e345-3617-4c3e-b078-c47a6d14c94e,457573,-2.3661756075,130.5155556271,,2022,2022-09-30
c537d5cd-f4e8-4b78-bf2b-36280ff9b6aa,140596,42.733001709,-70,186,1980,1980-04-30
c53d22bd-20ff-4079-a258-98bf2832c5eb,157011,47.73966667,-59.5865,375,2006,2006-08-04
c5421719-4e39-4789-8fba-de1548b8aa71,535623,-10.34,143.55,,2004,2004-01-31
c54c34a9-e716-48d1-a879-8524538192f4,140605,38.070911501,15.5081488803,,2013,2013-08-20
c5592c85-0a3f-4fca-9aeb-3400a6f2737a,342036,-33.83879745,151.27800605,,2024,2024-01-13
c55c17d5-e047-437d-b08e-a1d2bc9481d5,157011,48.701,-62.6095,393,2021,2021-08-09
c56060e1-088f-4bf7-bf28-0ba2acf75fc1,535605,-41.3479134904,174.7795156008,,2022,2022-05-19
c5692ca2-031b-41d9-b3e0-f66fd2e76d01,140600,53.0308,-14.1525,99,2010,2010-09-10
c56f07a1-4592-4385-8c93-c279f92cc871,140605,39.3687716215,-9.3780900165,,2025,2025-10-08
c573e5a1-12f3-4323-8c89-a1b552c92851,527127,-51.8416666666667,-57.4016666666667,219,2020,2020-09-25
c579fc5f-98d2-4be0-b8a2-e9aac5e29584,210788,25.0240077249,121.9848420978,,2025,2025-05-02
c580464a-599f-403c-a911-9902514e712c,1805274,-8.0942945358,117.7965803744,,2012,2012-05-06
c58ac067-f621-42cb-935e-2b681839a806,140605,38.487625379,-28.1659091948,,2025,2025-08-08
c58ea844-2567-4447-b9a2-29c495645f05,140600,54.09108,-4.79736,,1994,1994-08-01
c5961c79-47c2-4cc2-85dc-5c77a8d53523,534443,34.315,135.095,,2000,2000-04-23
c5995d00-408f-4a7e-b934-9a7a1d8de9dc,342036,-34.06910516,151.1297643,,2020,2020-11-18
c5a2f4f3-86a7-4d21-a7e0-157ad0cbe3f0,140605,42.3300018310547,1.1599999666214,,1956,1956
c5a7d115-0683-4bda-aa1f-fc34723db3aa,342036,-27.4264369323,153.5441488042,,2022,2022-12-06
c5aedde3-3928-4ac8-95f8-e1a348932e67,140600,52.93940968317713,-4.620126270741921,,2010,2010-05-17
c5b46bd7-8d5d-44e4-9ae0-e47c2a868caa,342023,37.4942665171,-122.4991236271,,2026,2026-01-01
c5befce4-57d2-4110-8002-12ea8daab628,341952,32.7611776,-117.245933,,2024,2024-08-15
c5c40da5-ed00-4dea-9467-d6e770de55a1,325317,-66.916,145.35,,1913,1913-12-28
c5cdbe2d-ce97-4521-9c2f-780ca0aaa320,342002,35.05871944,126.3282667,,2015,2015-09-15
c5d41a06-5243-45a3-9e8d-1f7c5e53f8b1,140605,-7.243708333,12.79423082,25,2002,2002-03-20
c5dcb9cd-e14e-486f-ab95-6833fa8851fa,140605,43.2574877261,5.3729552273,,2025,2025-11-05
c5e22338-4a9a-45d3-aa08-8b5603b2dcc5,457762,32.3549444788,-64.662658281,,2026,2026-01-03
c5ebe40d-8532-4a3c-9f78-6ccb5610b08b,140606,38.89,1.01,278,2001,2001-05-29
c5f17eb6-66cf-4767-9db9-5c6720894dc1,341952,32.7608880344,-117.2467263441,,2023,2023-09-09
c5fda6bc-0b09-4242-8e25-892bfb3109c6,239392,-61.03,-55.86,149,2002,2002-2-8
c6006bc5-6cdf-4c9a-9dae-49b19a6a449c,341952,32.8344562143,-117.2609062414,,2025,2025-05-29
c60a4e23-68f3-41f4-af09-63968b92a1b5,138803,-34.07836177,18.75427751,,2026,2026-04-23
c60f3b86-9fb6-44b3-a21a-4a2016292a60,210788,13.3817584701,144.6296479607,,2022,2022-07-29
c61365fd-fdca-4e6c-9ae6-ce89aedeb640,342305,48.764805,-122.518395,,2026,2026-04-17
c61d7686-b93b-4bdc-bc8e-fd56f696127d,210788,11.2896407,124.2666095,,2026,2026-07-02
c622d1bd-888f-4fc4-ae3b-83c87c1e7e62,342036,-36.8988644411,149.9271798001,,2023,2023-11-25
c62851a7-5183-4112-bb4d-cd0c4f2be7dd,140605,42.925,3.08335,27,1992,1992-05-30
c63583ab-5ed3-40fd-b641-be5c09619e55,140600,37.54,-0.91,81,1997,1997-05-19
c63c2ba8-29da-4f13-aef1-6109b06e976e,342305,54.05378,-166.249552,136,2009,2009-10-27
c644d7c4-7ec9-403f-8293-2f981b39abf2,325325,-61.34,-55.16,346.4,2006,2006-12-19
c64bf997-5849-49a2-8d97-85249ae60e45,140600,53.2018,-12.1057,128,2018,2018-09-16
c6550b7f-e5f0-41be-a00e-809cbf88fef6,140600,54.391321,-5.574794,,2024,2024-05-26
c65caa17-8a1c-4655-97e3-d29834a7e6f2,342023,37.0790445,-122.2679283333,,2026,2026-02-28
c664027f-f0c2-42b4-942d-c1ee0ee22164,342036,-33.8500201236,151.276514018,,2024,2024-03-09
c66c7c81-4ca0-4da3-b452-084f0b35d0fe,341952,32.7666357913,-117.2448253736,,2023,2023-10-01
c672c442-fc9a-4d97-98e8-295f6c621abe,409949,9.75,123.349998474,1,1979,1979-05-08
c67a7bb3-ef42-400f-b48b-903418c998cb,325325,-61.43,-56.12,292.6,2006,2006-12-28
c6862e20-e469-4b45-89b5-24e1223fa515,140605,40.7900009155273,0.439999997615814,,1967,1967
c68bf32b-851e-4e9e-a8ff-58ef5fb76f61,341954,24.5669994354,-82.1330032349,,1938,1938-06-22
c692a6b5-68d1-4117-9b20-4ee34f2de20d,342305,54.051189,-166.255185,84,2009,2009-02-11
c69538f6-f79c-4333-bced-2cd10d54b17b,1805272,-23.5,152.08,,1990,1990-09-04
c6995000-bebb-45fb-a01f-b0deb4aad8d4,342305,49.3706041322,-123.2927826544,,2023,2023-12-31
c69e9a8c-8b36-4d60-9e24-5d05c8c833b6,342305,54.052088,-166.243508,91,2010,2010-09-15
c6a5fef8-7ad6-413f-946d-239a2e7147e6,140605,38.533742,-0.131464,,2018,2018-05-31
c6a9e5d5-c0cd-4cc5-8981-159d3e9e047f,140600,39.84,0.72,92,1996,1996-05-15
c6b0d10f-e0fc-4577-8150-214090f0da39,534126,26.7831999109,-80.0423408568,,2026,2026-04-26
c6b7bfa4-4ea6-4fee-8168-b27cf9c43a3d,527142,-52.8299999833333,-57.32166665,778,2011,2011-05-31
c6bf2701-6025-43a3-a439-850bd46e0c9b,527142,-48.6833333333333,-60.22,,2000,2000-07-28
c6c90d96-d77e-452d-bb3e-5643320e3728,140606,37.23,-1.65,555,1995,1995-04-28
c6ce203e-d9ec-4edf-8f4c-0297b8d0d05a,140600,51.771,-6.7213,35.5,2020,2020-11-26
c6d35a4d-71e1-469e-af03-f106e54f324f,342036,-33.7994301272,151.2829117222,,2019,2019-07-01
c6d7cc39-7369-41db-98bf-b41d4d6feacd,140600,60.2875,0.5783,150,2011,2011-09-02
c6de34da-e284-4650-a012-13b0492293ae,342036,-36.894882,149.923709,,2018,2018-02-03
c6e40940-4b5d-4ec7-bf4b-bf5d1212e1d9,457762,12.173701325,-68.3310447304,,2022,2022-12-17
c6e88610-104d-48fe-aa37-92aa30511964,239392,-61.84,-57.34,280.2,2006,2006-12-30
c6edb366-b782-4a3c-8e8e-6b47cd24e2bd,140600,50.06,-4.576,35.5,2016,2016-03-10
c6f42761-2da6-4b4b-aaef-80a16e6eb4ed,140605,28.0038251675,-16.6588936127,,2022,2022-10-26
c6fab60f-79f8-40ea-891a-91fd744a6a1a,342036,-36.5097655078,174.7855117545,,2024,2024-06-02
c700d2b4-2cd2-4ff6-af8d-697db526b6ba,534099,1.4525883,125.2250546,,2012,2012-08-28
c7097fae-2d9a-48c7-9cdf-ab75a9d48ec6,140600,49.3836,-3.2481,40,2012,2012-03-28
c70f83a0-7a91-4d4b-bf44-6ffc7ec5171c,342010,-1.2259548539,-90.4760050066,,2023,2023-07-08
c710e6a1-44c6-43f6-b0c8-c673548195ab,140600,36.6,-4.35,139,2004,2004-05-06
c71ad968-4efb-4cdb-a650-622869fc6f95,140605,42.2341502433,-8.7507676608,,2025,2025-07-29
c71d07d8-f35a-49f6-8e4f-5c66a186d2ae,1805270,41.7207304927,2.9398697075,,2023,2023-07-26
c72153e2-5ac7-4d67-8957-3782430c79e7,342036,-33.8402233869,151.2528543666,,2023,2023-04-29
c728f75f-00a7-4aa7-836a-59d26eb60bdc,342403,1.4525883,125.2250546,,2026,2026-07-11
c72c766e-d91f-4cf9-b705-2b3ed91f726b,342023,36.6058533333,-121.959975,,2023,2023-02-19
c7334f18-a825-4214-b152-7d58afc1e534,342036,-33.9921164,151.2311911,,2018,2018-08-04
c7353929-4481-4257-bd1a-f560b7bdf2a1,534126,28.1635090442,-16.4289033785,,2026,2026-01-15
c73cdee9-fee5-4cc7-88ac-d05641211bb8,342333,-6.69999980927,147.882995605,5,1979,1979-06-18
c74832d0-045f-4b83-a68c-87b9a414999f,140605,38.6881626847,-9.3602462781,,2023,2023-09-30
c74db5a4-a3b4-4ef4-9369-a7649e560eef,140600,43.36,15.77,154,1969,1969-04-19
c74f7e4e-0593-46f5-aad8-9f13dab21b16,140605,42.72938396,16.03558559,,2003,2003
c7539bc2-d42d-4720-b485-e98ada0fcdda,157011,48.793,-62.9705,389,2014,2014-08-17
c757cf9f-50d4-4996-840a-bb2129539967,325319,-54.47,-38.74,219,1994,1994-1-23
c75c51c0-445a-424f-b476-5d7ab4df59a7,341952,33.5899729,-117.8687359,,2021,2021-10-02
c7635895-0292-4546-a889-dbc7530155a0,1043781,54.20467,-130.62498,,2024,2024-09-13
c76b194a-1e14-48da-8570-460d1e521721,140600,53.01374,-4.562972,23.4,2012,2012-06-25
c773a0d6-1e23-4f03-8e21-d1fb9e8e9de0,341781,42.166668,-55,200,1986,1986-09-02
c77bf70c-8f0f-4a68-bf09-86f3dd79f3a6,325336,-61.99,-59.93,302.2,2007,2007-1-1
c780aa59-eecb-4a9a-8ad7-5a683c8a6228,140600,50.0102,-6.3675,41.5,2016,2016-03-15
c7850b5f-c20c-46de-b02d-2db991356e89,342036,-32.717437107,152.140792969,,2023,2023-11-26
c788456c-d9b8-491e-85af-1202abf5977e,341952,32.8075761997,-117.2673498997,,2025,2025-02-14
c7907f56-8cc8-4580-bd17-7c25afbcda57,1530663,-42.619,148.0373,0,2009,2009-01-18
c7955462-789b-4d86-bcbd-4a9c087e6918,140596,43.6829986572,-67.4670028687,225,1980,1980-05-31
c79af35d-3c26-49cd-8ae4-9fe1068cb9a9,325319,-61.14,-56.18,405.5,1996,1996-11-16
c79de557-e9f7-49b3-aae9-b318cd25ff38,140601,37.93,-0.46,112,2003,2003-05-04
c7a412ce-1664-4626-a265-0c3c8a773e61,140600,48.4237,-7.5678,84.5,2019,2019-04-04
c7aa2d01-ba99-4228-bb19-bd7f3dfdec53,535841,13.7278927428,120.8839643763,,2019,2019-04-29
c7ad4ec2-348a-4270-91dc-940a033c2030,535605,-41.3448315212,174.7744358843,,2024,2024-07-28
c7b5e482-5ac6-4f34-a991-d998ea55f734,342036,-33.8398927291,151.2532716403,,2025,2025-11-23
c7bbab97-4bfa-4ea5-bf41-ca341a326250,140600,49.3836,-3.2481,40,2012,2012-03-28
c7c0db50-249b-4539-a2da-7b667a9b3ad6,341948,-38.25417,145.00333,12,1990,1990-03-30
c7c9df90-01db-4fc2-9620-9e8cd12d5f3e,342010,-0.5673388,-90.1420081,,2013,2013-01-16
c7d0ded5-c5aa-4e02-ba02-805bc4c49f26,325322,-71.8557,174.033,1972,2008,2008-02-25
c7d6028d-0d89-4207-ad44-322b3633e233,342403,1.4525883,125.2250546,,2026,2026-07-09
c7de75c1-1996-4ef6-bea1-ba4ccdb60151,342036,-35.8316175126,150.2044533292,,2026,2026-02-16
c7e22e70-e3fb-4b54-b4d1-d1c768bf076a,457762,12.8909472928,-61.186826198,,2025,2025-07-08
c7e66ee8-d2cd-46b9-80c4-db3f90bef6e0,140601,45.64861,13.78,,1929,1929
c7eb6718-392e-40ff-95f4-f52792fef03a,215276,25.5829366667,55.5788716667,,2025,2025-04-11
c7f397b7-0bcc-4d3d-b31d-7c129b424d5a,140605,-34.1187853,18.4595832,,2019,2019-04-11
c7f9a52a-23e9-498d-ad5c-bf62e02986d6,140605,42.3658368228,10.8756738405,,2019,2019-08-30
c7ff41a0-aaeb-4065-b36b-36d10fc6b70f,1043781,48.47118,-125.18747,,2023,2023-05-14
c804aef1-5be2-4d35-a9c2-30e324b5ed9f,342334,-38.0105405,145.0845086,,2017,2017-11-29
c80b2a21-b056-43cf-8475-245e43273a4a,140605,-8.22885857,12.86229431,139.5,1999,1999-03-16
c815dc4a-cde1-4ebd-981b-55cb4f53ae69,140600,45.1594,-2.2019,57.5,2020,2020-10-31
c8225f97-d73b-4b0e-9d18-d830aee5333d,535623,-22.8811,151.207,,2005,2005-11-21
c8274376-b78c-4cf0-afb7-b8cb41f70680,140600,55.02101,-1.38514,13,2017,2017-09-02
c82bb99f-4052-4cd7-8994-cfc676760ec6,140600,42.73,14.96,207.8,1948,1948-03-30
c83275f9-1f9d-4ef7-b4d9-c8b6a83b1f3f,140600,39.6638,2.2072,137,2003,2003-07-10
c837dd1b-24c1-4a91-845d-38b277179335,140605,39.13,-0.11,45,2003,2003-05-09
c83d02a8-dbd2-418c-97d1-09a072a8d18a,341781,39.8330001831,-67.4580001831,2532,2002,2002-07-26
c83fbad0-59c5-4f03-89cb-94dfacb9e34a,410340,17.7167,-64.9333,267,1922,1922-03-28
c8430372-da89-4025-8b25-dbf28df7eb75,140600,48.4237,-7.5678,84.5,2019,2019-04-04
c84ba9c8-fac0-49d8-88d1-0800b69b85d3,342036,-34.0688580856,151.1297699976,,2026,2026-05-20
c852e24f-22fe-4001-a24d-8080baf8bdd8,341781,41.4169998169,-70.6669998169,,1983,1983-07-02
c85900a7-6aa4-4c1c-b584-0940240ebbe2,140600,56.922,-5.997,34,2018,2018-11-30
c85da033-4aa8-47a5-8689-978aa3365aa0,140605,43.4350260891,-2.8953480717,,2025,2025-05-25
c862c9c5-5a1a-489d-882c-87347931ef50,342036,-33.9256859,151.2593896,,2025,2025-06-15
c8683d92-fdea-46d4-a3fa-de133c3df597,534099,12.5494250228,122.2539978167,,2026,2026-03-10
c86f3480-6d13-4a64-8d0f-3d2332bd8dcb,140610,37.9000015259,-174.766998291,,1955,1955-05-18
c875a5f9-1fb2-4f2d-90b8-19a97165863c,342023,33.8381657487,-118.4010134547,,2026,2026-05-07
c8798e80-041c-41b8-a333-9bd5f2e6895e,140600,54.0498,-3.8542,24,2015,2015-09-23
c8847ab7-5a0c-4ce5-a663-7fa2b47906f7,342227,-48.2066666666667,-59.735,,2007,2007-02-11
c88ad02a-c2d8-472d-a706-18c85713ae84,341952,32.8147816667,-117.2740583333,,2017,2017-12-02
c88ef90e-bb92-4942-9c21-8eca6d2eb037,140600,51.409,-4.7937,30,2010,2010-09-15
c8931daf-cf14-4e14-9213-ac4a10090e6d,140605,32.0852999,34.7817676,,2014,2014-05-30
c898583f-b6e4-41b9-84d8-5dc7ea998245,342305,54.066263,-166.236763,130,2010,2010-09-20
c89f4fd7-fd90-4996-b971-321f2b039da4,341985,24.94533333,-82.929,46.7,2019,2019-10-22
c8a46974-150a-41f8-b257-ba95251b9627,140605,42.4612482788,3.1636275718,,2022,2022-04-29
c8a78f71-7a04-4bfe-9b6c-71120358be91,140606,37.81,-0.41,159,1999,1999-05-14
c8ac905d-e74f-44c6-9757-a9ac43c01bf2,534097,1.249645067,103.8214516096,,2026,2026-07-13
c8b1a356-c640-44d3-a751-374a9a08b329,140600,52.4627,-14.1337,157,2015,2015-09-11
c8bac094-3f5e-4fb5-9d0b-2a9e85b4184c,140600,52.1465,-14.132,173,2015,2015-09-10
c8c15ba9-5a56-475f-9df4-385e7e01b5a2,342023,38.3159777778,-123.0720111111,,2015,2015-06-19
c8c62579-2fbe-4a14-a36c-170ed05979cb,342305,48.61694,-123.50194,,1981,1981-01-06
c8ccd5c3-88f9-4644-9be2-d3afb7cc4134,535623,-18.3797,146.621,,2004,2004-05-01
c8cff4bf-b783-4518-8bed-f254579ccecd,410340,28.7,-20,,1905,1905-03-24
c8d54515-4964-474a-bbe9-b47a2152a178,140605,43.3287444236,5.0990509981,,2025,2025-05-14
c8dba280-a731-44f0-9dbd-7cb28b18fc86,534130,29,-113,,1953,1953-04-20
c8e354b4-2b52-436d-be83-f3ade2faa8de,140600,51.6208,-5.5273,33.5,2014,2014-09-11
c8ebc956-5f79-462a-94a7-678b09bd960c,342036,-33.7412916667,151.3090366667,,2026,2026-05-14
c8f3c285-7dfa-4acc-a2a6-03b514d4eae2,342334,-38.3573670684,144.7730437509,,2021,2021-02-12
c8fe683c-aa12-4c06-8920-aeeb46ed4865,140600,52.1563,-6.1158,38,2009,2009-09-27
c9093cd8-9975-42a8-b6d6-284e989deabe,138849,10.7425003052,-20.1258001328,36.5,1972,1972-03-14
c90bf8f0-ed58-41f1-a247-02aa43a583e7,342015,-36.9683,150.045,67.5,1993,1993-08-04
c9161a42-4f1b-4c7c-843c-9076bcbd83d8,140605,43.1891282339,5.385145169,,2026,2026-04-04
c91c2a85-5b4c-4931-a4be-cd6ed91f2bc5,157011,47.836,-60.31933333,479,2013,2013-08-14
c921f763-93e9-4d96-9ba8-7b17d545aeed,140600,50.1727,-4.6758,31.5,2022,2022-03-11
c927dfb1-f59e-47dd-a94b-d7c1d857b64c,342381,-43.59,173.9,108,1979,1979-04-07
c92aa564-e88d-4e4c-8a63-49a1ddba90a5,140605,43.6938660754,7.3084350415,,2025,2025-07-24
c9327794-28fe-43cc-8fb9-086fe9e2fdf9,140605,37.7994421178,23.7896114588,,2014,2014-05-17
c936a009-22f2-475b-ac6d-40b7767afaa7,342036,-33.9256858226,151.2593894452,,2026,2026-03-05
c9427fdf-18e4-4809-a6e4-39f464e8f0a7,342023,37.4945966667,-122.4990616667,,2024,2024-11-30
c9486982-cd0c-48f9-a524-2ff18b9570ff,157011,48.85416667,-63.82766667,212,2007,2007-08-31
c95296be-9ea5-419d-8cda-74f1643fd5cb,1765489,-33.616,152.05,,1980,1980-12-09
c95aba0c-aeed-47c4-8df2-c86c0a30d4a9,210788,8.8416121831,167.737752091,,2009,2009-06-28
c96255aa-dc45-424f-a26c-103d40c8d6bb,140605,39.6751971801,19.7081322223,,2022,2022-08-26
c967c9f1-9970-4dff-9a4f-95392c706153,140605,37.783000946,-25.5,,1963,1963-05-08
c96c2663-4979-4188-9b81-bbd1977ee697,140605,43.6806806174,7.3184512848,,2016,2016-07-23
c9736575-1deb-4fb7-a426-118c73211fee,140605,42.3832926888,3.1589533899,,2025,2025-02-05
c97e7405-6167-4f39-80e6-fee72dec467a,457762,12.1596027943,-68.2815823054,,2025,2025-03-06
c9833605-7993-43a1-b888-92c44ccea9c3,342036,-33.3886031303,151.4855648007,,2024,2024-10-13
c98b0b34-8ef7-4aa2-80c1-2508a1841a21,342036,-32.7118077249,152.1537624206,,2026,2026-05-14
c9901d2d-3b0f-42f1-8a59-ce9476b13d5b,157011,49.27033333,-66.53916667,288,2007,2007-08-26
c993856b-130b-46b1-87f4-f2bff8abda1c,341951,18.366404,-114.719641,,1974,1974-11
c9991f45-fdac-4dca-b7a8-bcfeebbfd675,341985,27.8322222222,-83.5152777778,33,1975,1975-09-18
c9a28aa3-9c30-4dd6-9739-9bf2df476b52,342381,-44.4678,171.5927,52.5,1993,1993-05-09
c9a72029-3dcf-4c7b-9cfe-9a505777fa9b,341954,29.333333,-80.878333,20.1,1984,1984-05-21
c9b04b3b-2cae-46ae-b74e-2b926fc1258f,1813559,54.270716,-134.030433,1120.5,2016,2016-09-11
c9b675d4-0984-46bc-9825-521d43402d7f,140605,43.7773713943,7.6745959711,,2021,2021-07-15
c9b9a9b9-63b9-487e-9977-e60223a324ed,140607,23.644,-166.2688,,2006,2006-10-14
c9c20793-1bd1-440e-9e6f-0aa70e3b967e,141694,34.6829986572,-73.3830032349,,1914,1914-01-28
c9ca0e34-8b43-4aaf-8436-56f5bf753255,342023,38.5667216667,-123.33445,,2025,2025-11-07
c9ce58d6-5a5b-4f9c-80b6-009741915bce,1043781,48.97992,-126.30318,,2008,2008-05-05
c9d547af-23d6-438f-96e3-83c7b6c31dbf,342305,54.066691,-166.236122,128,2010,2010-11-09
c9d7e480-8a93-4aba-8e04-9cdd2bc2ae71,342036,-35.6119588944,174.5418785518,,2022,2022-10-29
c9ddf719-9fea-4d6a-9966-d1bd4065e3b8,535623,-10.32,143.75,,2004,2004-01-31
c9e2e324-19cc-42e6-a384-6449d7f31b84,140600,57.6788,-0.236,50,2007,2007-08-27
c9e530fc-c43b-44d0-b8b9-55a4363c6129,534126,26.7828452765,-80.0414357122,,2025,2025-03-08
c9ea4a68-1877-4b62-b7be-8cb364ecd7fe,140600,57.7594,-2.3175,0,1999,1999-08-25
c9ef72bf-3687-4936-bc23-92684506b82c,140601,39.84,0.72,92,1996,1996-05-15
c9f5f0e5-33c0-4eb8-9ea5-9fd939c61ea9,140596,42.186168,-66.739517,211.5,2001,2001-10-07
c9f993fd-0f45-4ae9-a3d0-c62bacdf1a10,535784,-29.3999996185,15.9333000183,,1993,1993-02-05
c9fe621d-ae44-45f4-8fb6-a92caa57ede0,140601,38.36,-0.03,,2007,2007-06-03
ca06fbdd-2506-4c6e-ae8e-0bf25dedcc37,534097,-8.75,145.096664429,52,1979,1979-06-07
ca0d8f65-3ab4-4b97-81c6-ad19074c74c5,342305,60.88,-146.7,0,2006,2006-06-23
ca147712-41e1-407f-a5c8-83af1f346308,138849,35.125,-31.3783302307,77.5,1981,1981-09-23
ca19421c-dc05-49f0-8a1f-a8e0a97cecdd,140600,51.4827,-4.2752,18,2012,2012-09-17
ca1b3535-cc36-419a-9ac2-2db773acdaf6,342305,52.5999984741,-131.470001221,0,1993,1993-07-02
ca1fc679-090c-4d6a-9797-044965c22f81,1530663,-35.1513333333,136.4744866667,,2024,2024-08-01
ca2275f0-4fe5-44e8-9a99-02fb3567a419,534126,26.7825791261,-80.0432670006,,2018,2018-04-18
ca2a32ef-a77a-4fc3-9c6a-6d99118b0525,342036,-33.0831779643,151.6500720605,,2023,2023-12-30
ca31abd2-dacc-4215-aa16-14afdbc242b6,140605,42.237593054,3.2071591251,,2025,2025-09-02
ca37cb9b-3860-4315-8415-c77e633e6d90,138849,-0.5167,-11.0333,500,1930,1930-03-04
ca3c53c3-4705-482c-bc13-8faf595508de,342010,-0.7635968866,-90.2902152941,,2012,2012-03-16
ca3f1501-f2f3-4a99-8392-9d61eb1a9bf8,1043781,48.94225,-125.39893,,2010,2010-05-08
ca4447ca-746c-4edc-9f3c-4114dbdf25b3,140600,39.2279,3.1406,91,2004,2004-05-07
ca48bbbf-d56d-4a43-8d94-a799988de633,342305,50.396,-128.239166,160,2020,2020-08-10
ca4c6245-3848-4696-af6d-f1e18d2fa595,535605,-39.0845887305,174.0041701868,,2019,2019-10-26
ca5adadf-e025-4828-8ea2-f4e80337942a,341952,32.8409435573,-117.2820991626,,2023,2023-07-07
ca5e8f46-a214-4067-8477-3e4154cc43c2,140605,42.2439799173,3.1859783997,,2024,2024-11-27
ca646a64-bc5f-4e18-b213-0d2079e440f0,138803,-34.3672013,18.8985908,,2026,2026-04-24
ca697f06-8ac0-4833-ba5e-8d79ca635ffb,239392,-54.33,-38.26,235.5,2005,2005-1-16
ca6db871-3203-40ae-956b-1f3a5386cfdf,342305,49.8286111111,-125.0533333333,,2020,2020-10-31
ca7381b3-ff2a-4431-af0b-65172590fe02,1561957,-32.2570697913,115.7489385621,,2025,2025-03-06
ca7e6145-52c0-4796-95a2-6e9bfe037f4b,140604,39.2245,2.4803,423,2006,2006-05-25
ca822b38-9ed0-486c-b130-89648d14f79d,140605,42.4601558793,3.1588633692,,2022,2022-09-08
ca89c41f-f5bc-4585-baa1-67783b93c0ae,140600,46.7118,-3.7184,64,2020,2020-11-08
ca8d8b29-d369-4809-bf17-22968e59c329,342036,-33.3882840502,151.4852675277,,2024,2024-10-07
ca95dd96-2a7b-4932-b751-6055653d82d3,140605,-34.1910904929,18.4342006782,,2024,2024-12-31
ca9ce8ee-521d-488f-8153-93c1e60469af,140605,42.2447380505,3.196448758,,2024,2024-05-15
ca9ed094-daf1-4f35-a4fa-068086484542,140600,49.1171,-6.5147,57,2010,2010-03-17
caa42b48-0d06-417e-825b-e349cc70ed02,140600,39.2762,2.9421,56.2,2003,2003-12-09
caa9f79f-78a1-4ed5-804b-1f92724de331,342305,54.079212,-166.21952,142,2009,2009-01-11
cab5a7c8-352e-47aa-9e86-a42adeeaf091,341781,38.7126,-28.68193,0,2022,2022-05-01
cab953c3-fccc-436c-a1b0-d5971f436507,342305,38.30833333,128.6055556,,2012,2012-09-26
cabf2f61-10ab-4a21-a69f-6f9d066220bf,210788,29.4970685398,34.9109556828,,2019,2019-06-21
cac33aac-d4d7-41de-8214-d65f87ad3df1,534099,1.4525883,125.2250546,,2026,2026-07-08
cacdbc40-393d-4089-8943-e5426c70f618,535605,-35.2,150.73,59.5,1993,1993-10-20
cad5d7ec-5321-4577-b721-0afbd2f280b6,1530663,-37.9885666667,145.0483472222,,2022,2022-07-10
cadc77cf-46c2-4378-b6ad-aaf979eb7496,140605,38.686917572,-9.3609761381,,2023,2023-08-01
cae29340-03d8-4ed3-8a11-4ecc94d2b5dd,140598,36.57,-3.86,674,1998,1998-05-06
cae92056-ff6e-47d2-af5b-31b0d86d0ec4,140600,41.4,2.31,61,2002,2002-06-07
caeb4d29-14d5-4447-9836-e7ac9feffb25,140600,57.0647778333,-5.8933116667,,2016,2016-07-09
caf14764-ed8c-4761-9b45-86de86dd506b,210788,26.205855695,34.2197558891,,2026,2026-04-16
caf5c7e8-b62c-47d2-ad7f-b0d14ae48d1d,342036,-32.7188031955,152.1725343677,,2020,2020-02-03
cafc8b1f-6413-42ff-a28c-3967944b93d4,140605,39.9721,3.3791,129.8,2004,2004-06-07
cb046fbd-a077-4813-ae4f-50fb1d78af4c,341952,33.7379050664,-118.3929860783,,2020,2020-12-20
cb08c0f9-0972-4293-b40d-325d014bbf65,535784,-36.5999984741,20.6000003815,,2000,2000-05-21
cb0f9eaa-c7dd-417d-b94c-d34fe81a4464,140596,42.9000015259,-72.1999969482,157,1977,1977-11-30
cb1aa723-9fdd-4299-a459-5bc6f37df3de,342305,54.049004,-166.242307,90,2010,2010-10-09
cb1f1afc-1b5e-490b-b5f5-b2d935b99927,342036,-33.839759,151.253477,,2020,2020-04-28
cb245e46-4867-4d83-950e-d0707fc02c60,410340,-22.7167,166.0967,2000,1928,1928-11-28
cb26c795-e544-4267-b493-189fff6efd97,140605,41.2099990844727,2.05999994277954,,1968,1968
cb2b9b59-9c83-434f-b8ad-6d6709d54679,140600,52.139326,-6.247991,,2003,2003
cb2fac61-9ab6-460b-9d1f-105f3b76e80c,534099,-20.9869,151.202,,2003,2003-12-07
cb384a48-084b-49b7-aaae-7fd91c0cc39a,341952,32.7611776,-117.245933,,2025,2025-06-23
cb3cc43b-6b9c-4072-b4d8-a635888436ee,325319,-61.26333333,-55.925,166.5,1996,1996-11-18
cb4084bb-d992-4056-907a-1c1b5b3bfb94,534733,35.75,126.25,,2012,2012-04-23
cb491213-e422-464a-b9e5-4a282f096d46,210788,-3.8958390083,131.223222641,,2013,2013-01-08
cb50b0a4-a019-4d90-8296-df6f7cf0581e,534527,13.6835888226,120.8868465054,,2019,2019-03-02
cb554156-b731-48aa-b8eb-5aafe8cb8573,342305,49.3162510001,-124.2414377406,,2021,2021-05-23
cb5aa952-b87d-47c8-a25d-9243dd62fb03,210788,28.4076881409,-178.281768799,12,2002,2002-09-22
cb5f4778-8147-47b5-a20e-677a99b643ef,140605,42.3300018310547,1.1599999666214,,1945,1945
cb63ce08-862f-4530-beb7-8398c33ca2fe,342023,49.33222,-126.92758,,2022,2022-04-28
cb6904c6-39cc-42a9-ac3f-ef4828ae7779,140605,37.0036506667,-8.0092048611,,2009,2009-08-29
cb6cac56-5150-41f2-ba97-e9806bacf579,140607,37.86,-0.38,161,2002,2002-05-24
cb71bf02-ad29-4a43-8725-880898966430,140600,57.761,-1.2716,39,2003,2003-08-29
cb76e659-b0d3-472d-b7ae-cc56b61bd1ef,140605,41.8400001525879,3.46000003814697,,1963,1963
cb7d0569-ac04-4085-94fd-c14c1a1e7c83,140600,48.4237,-7.5678,84.5,2019,2019-04-04
cb7fffe0-ab95-4dd7-9973-14b0f546422a,342305,46.9827999403,-124.026639372,,2026,2026-03-12
cb855d50-df2a-40b8-b88c-af270e8a1e97,342334,-38.3655449908,144.8230198324,,2025,2025-11-13
cb8ca4cf-c9d2-4aa0-9f63-19723ec08cf0,140596,42.144447,-67.246775,92.5,2007,2007-04-05
cb8f3e62-0eb2-452d-a65d-946bfc1092ce,342023,37.695799,-123.000433,,1974,1974-07-29
cb921513-66a7-45bb-bfa2-27c95134fa7c,140605,43.4282194887,4.9384221852,,2022,2022-02-08
cb9a138c-a9b8-4fe3-8103-96687ce6e281,140605,43.0063039127,6.1926159544,,2023,2023-10-07
cba14e95-0833-4c34-b7d1-cc55700a7460,342305,53.53055,-133.1139,248,2022,2022-09-12
cbaae458-7b37-4b90-9b5e-5399de5bfa50,534099,1.4935216667,125.236635,,2019,2019-01-05
cbb46486-b268-4d07-a866-ada518d1d784,342010,-1.23015,-90.4737,,2014,2014-06-02
cbb962c9-ad22-4dcc-a60e-893ece67ce43,210788,-5.8271018102,39.3870756403,,2024,2024-10-30
cbc1c482-d493-41f8-b893-4d87bc0279ae,140605,28.8578054543,-13.8244724351,,2026,2026-07-02
cbc44ef1-3a6c-4579-9ec7-d74370e7ef52,140600,50.0455,-4.8288,38.5,2017,2017-03-10
cbcc5d6a-16b7-4264-8dd7-85d7cd32408b,140600,53.42855,-4.431358,15.5,2006,2006-09-02
cbd12fec-de41-4f07-89da-e71348e40ccd,342222,47.29696379,-125.27443949,1598.7,2023,2023-04-24
cbd52bc5-ef4b-4a8b-acb0-d91805838f3c,342305,49.3155727371,-124.2163124004,,2021,2021-12-19
cbda7f59-9e7f-4309-8623-8064c241e1aa,341985,26.4,-82.966667,37,1967,1967-09-04
cbe0a15d-a433-48ab-8cf9-c4aa31136cb5,420653,28.2380734548,-16.4014891908,,2024,2024-11-20
cbe85c1a-06ce-4dcb-b05a-45cc24912fab,140600,56.10524,-5.563514,10.5,1989,1989-08-01
cbed37f0-9f89-4f55-9f97-7002f3cc295f,140600,57.8763,0.2698,68,2015,2015-08-20
cbf200a3-7019-42e8-838f-9ddbe44d01d6,457762,-3.83666992188,-32.4000015259,2,2001,2001-02-06
cbf7a978-2987-45e3-b1b1-fc186a9947e1,342000,26.833333,-113.183333,,1975,1975-02-17
cbfc62c5-d315-4cbd-9299-b3c9c2374982,342305,49.2258114068,-123.9431891062,,2021,2021-01-16
cc02ea22-b70c-4c46-975c-75bff42eeaa4,210788,-1.86699998379,175.567001343,,1951,1951-07-02
cc083e14-1c23-4e0c-be8e-b13c35258fc3,210788,-23.4401173817,151.9137262965,,2025,2025-10-28
cc0d2234-498a-41a6-a208-6428116236c5,457762,16.4242405493,-61.5347027779,,2025,2025-07-20
cc1765e1-f441-405d-8666-b07fb6cba341,342023,47.5314658434,-122.4001693094,,2025,2025-05-26
cc18e353-a5a7-4d3d-a5fd-fe03f85c9e55,140605,-16.64416667,11.4267703,113.5,1989,1989-04-24
cc1ac018-383c-4572-ae53-bf5932df3125,341985,27.616667,-83.966667,55,1967,1967-08-02
cc216310-49da-4308-ae0a-b97f7f16e75b,210788,21.2885282583,-157.8640928002,,2022,2022-03-01
cc2ed515-0b84-47a3-8f14-b5e8b4f0c96c,341950,-35.522650198,138.1852060184,,2024,2024-05-16
cc326a8c-dcc5-4d28-ac16-c924ac4462f0,140605,43.1852103025,5.389677734,,2025,2025-08-13
cc36e92f-ecc7-49a5-907f-504899f2c029,140605,41.2099990844727,2.05999994277954,,1967,1967
cc3dab01-bae2-4f88-a840-fe1038797310,341954,19.3834907975,-81.4175368338,,2026,2026-01-08
cc431d9b-6caf-4e4d-be88-1ae78fcdae37,342015,-38.3565539593,144.7735955391,,2022,2022-04-15
cc4d0b0e-786c-4d4a-8b2f-8b0c8a07c51d,210788,21.8963867182,-159.6074300144,,2024,2024-10-21
cc50a5ee-5c9c-45cd-8b0f-f0dfc7e39828,342036,-35.525797893,150.4155908429,,2009,2009-12-06
cc57f6cb-a75e-41d9-9d8f-cc40689c882d,325319,-60.99,-55.19,232.8,2002,2002-1-29
cc5e462e-8aaa-4a55-8eb2-75ed55d3ef47,341983,24.8187612258,-110.5671488866,,2016,2016-09-05
cc6a1095-587b-4630-9dab-4edf16be2408,1043781,48.89435,-125.17912,,2010,2010-05-07
cc71b997-8835-41bc-902b-e566b58e9d49,140600,36.84,-1.87,303,2005,2005-05-15
cc784f08-e895-4753-8a79-0f52a6f976f0,1043781,48.72301,-125.66821,,2024,2024-05-10
cc7fdd1f-29ac-46bf-8643-b474dd7e87bf,1765489,-39.365,148.793,470,1984,1984-11-27
cc860368-3357-414a-a249-f72e17bf89b0,140605,39.2997,2.736,60.1,2002,2002-09-24
cc8ac48b-0a72-488e-9b60-717617f938f0,342007,-16.0111637272,-5.7222176716,,2025,2025-09-22
cc90987b-c34d-471a-8bc1-4e972778f565,140596,42.4,-70.05,85.5,1996,1996-10-23
cc9348d4-c963-4ff3-8f30-09c368335163,535784,-34.2599983215,25.5200004578,330,1995,1995-05-10
cc9855e8-9ce3-4896-9bb7-b5f55cf2c698,140605,43.2106444509,5.4564407754,,2023,2023-09-15
cca29b3c-dd16-48ec-97e8-748f2c6cff82,342305,54.063118,-166.239795,139,2010,2010-11-09
cca77eaf-dda5-4682-8566-cfbd24a7f38c,210788,-22.3009874621,166.436336462,,2026,2026-01-01
ccaec7bf-0b34-4772-97d4-0dd9ca75d7df,342036,-31.4540324,152.9314408,,2023,2023-05-12
ccb56f03-3dfa-4176-b8e8-16b5eb2731b2,1813557,43.577331543,-2.27449989319,495,1987,1987-06-30
ccba56c7-e5bc-4fb2-9957-35746894abc0,420653,28.9186739645,-13.6649994587,,2024,2024-10-03
ccbebc3b-e9eb-40f5-84fd-b2bfd8fc7ef9,140605,38.6587972576,0.0849163905,,2024,2024-09-06
ccc455b0-b42d-497c-ad56-907397270d84,140596,42.062595,-67.844597,190,2003,2003-04-10
ccca916d-0a67-4118-ac40-4d59b48557d9,341786,28.9480866667,-113.5612416667,,2024,2024-07-13
ccd1ec54-e2e8-4697-9532-21204ff32998,1530663,-39.283776,177.866271,,2017,2017-02-01
ccdf7626-9370-4864-9b65-61c44cbac5fe,342305,54.079077,-166.197718,104,2011,2011-02-19
cce3372d-1863-4586-b758-aed21b510d4a,140605,43.1861244395,5.3915256863,,2021,2021-07-27
ccea172f-dd1a-4bcc-bec4-ae9cc7c82797,342305,54.052105,-166.254793,97,2010,2010-09-09
ccef9b9f-fdef-46e8-8973-2416ce26c56c,140600,53.8888,-12.1822,188,2016,2016-09-26
ccf7dcc1-db78-48c1-b2b2-1e62ccecf848,342305,54.056699,-166.223952,93,2011,2011-09-17
ccfcbf7b-fa9d-40ff-85ca-601da50f876a,140601,36.1920013428,11.7829999924,244,1999,1999-08-01
cd0555c1-6dea-4bd1-86d3-109d21ec361b,1805270,41.7207304927,2.9398697075,,2023,2023-07-26
cd0ef557-b84f-4281-bb79-34e6979306d2,342002,34.256625,126.7060917,,2015,2015-03-27
cd127f13-659b-460a-8ca2-587ca56c1d7d,1805270,42.3663297208,10.8758553118,,2024,2024-09-07
cd168f32-1a63-465d-b3de-f85c358cd752,140600,49.9073,-5.6523,39.5,2018,2018-03-18
cd1ef7b0-b43c-4f6e-b822-0afc02bf00c3,341952,32.7303174724,-117.384537076,,2025,2025-12-04
cd226581-1864-4176-8ea2-ae22b9367bf2,342098,-36.864,176.3157,509,1996,1996-04-07
cd2be8ac-793b-4a9d-b8ba-bf77eb29c950,341948,-38.02317,144.74517,12,1990,1990-03-29
cd36807a-8ea0-4336-b472-435c6845cc41,140600,52.8082,-12.149,136.5,2021,2021-09-23
cd3a8627-7d71-46f8-aa28-e682cab48b6d,140600,48.4237,-7.5678,84.5,2019,2019-04-04
cd3d67be-986d-4f63-943a-a0657ec0c997,141694,37.26499444,129.3279556,,2019,2019-08-05
cd41e9f7-8a9a-4343-9f79-7fa36d5db816,342036,-34.7497446892,150.8331862263,,2023,2023-12-25
cd4931a5-b36c-4bb8-9e90-6a880c30647b,341952,32.8594605634,-117.2617829964,,2017,2017-12-30
cd51ff52-6f60-4718-8def-91fb9fe21304,342259,-39.9,178.2,1100,1995,1995-09-11
cd58c3b0-6d0c-4b7c-95cf-1e87edc46c42,239392,-67.71,77.2733,360,1987,1987-02-26
cd5d1498-e58e-4935-a7ad-db14217c7ca4,342381,-36.265,174.798333,,1992,1992-01-01
cd5fae41-55f7-4b1d-89e1-64d11fa9ced2,342305,34.6040420532,-120.806472778,208.9,2000,2000-05-23
cd631298-fb5d-47a6-a03f-5c841a068113,138803,38.9117624885,17.0175709461,,2022,2022-08-26
cd6cad1b-e43f-4d5b-ba57-9da63c79d7f8,527142,-50.1036666666667,-58.0816666666667,283,2010,2010-11-03
cd751978-be64-47bf-a472-39df61d23e2b,210788,-4.6498483311,39.3825833102,,2024,2024-08-14
cd7a8f0a-7b80-4e64-abfd-91e856fd7b65,140605,32.3009986877,-80.3740005493,8,2010,2010-04-27
cd805ba9-6928-4133-8597-04d9b424ca1c,140600,53.861,-11.3033,117,2021,2021-09-10
cd83bbc4-c511-4b4c-874e-eaec2a32f591,140605,44.18417,-67.3915,239.5,2002,2002-04-21
cd87a570-f399-4444-8467-72e9ab1bd03d,140605,42.9295,-69.102,172,2002,2002-10-18
cd91ae79-a6b6-4b6b-837e-3949d75a49df,342212,67.098,-59.116,1275,2008,2008-10-15
cd9848ee-95a8-4279-a321-c44c27b4001d,140601,36.64,-4.04,274,2002,2002-05-12
cda2ca54-17c8-4abe-974b-cecd15e3bbda,457573,12.5294008,122.2880726,,2025,2025-10-31
cda5162a-5782-4ff6-880f-8f4d15321517,342010,-0.29786,-90.55091,,2008,2008-04-22
cda83729-c1bd-4ced-84fc-818ef86bbb0d,140605,39.95,3.29,108.6,2008,2008-06-16
cdaf5368-ab40-4343-91be-283b74a4218a,210788,20.6316742111,-156.4955821185,,2009,2009-08-28
cdb83d65-585b-470f-b152-b2c089de80a5,140600,49.3836,-3.2481,40,2012,2012-03-28
cdbf6b57-e887-4d7c-8a1d-888f63f2de49,341952,34.3727783333,-119.4778133333,,2024,2024-05-02
cdc69992-6555-4167-a0a9-02b33c783f4a,342036,-33.0864742296,151.6405789948,,2014,2014-10-28
cdd5cab6-b104-4f10-9a09-e02912ba39e4,140600,52.1533,-6.1175,38.5,2016,2016-09-28
cddc5ed2-ca85-4354-8def-c9ec520b90c3,341952,32.7672228,-117.2451981,,2023,2023-10-06
cddf3e50-7abd-4065-97a0-59666f18b893,342023,37.7582466667,-122.2622533333,,2020,2020-06-11
cde5fd7e-eb8b-4a74-a23f-4cf5dbb8162a,140600,49.3853,-6.558,59.5,2007,2007-03-23
cdeb5c6d-24e1-46d0-a23f-fac65246d633,325336,-61.19,-54.72,288.6,2006,2006-12-20
cdf18db7-ecf9-461d-b48e-4de981769199,457573,1.475367,125.235436,,2018,2018-03-10
cdf3d719-7cbd-4f8b-9824-307f1cdad52b,140605,42.4107446336,3.1646790656,,2024,2024-05-11
cdfa660b-2679-4091-b418-073c9ba6194a,140600,48.7865,-7.0287,60,2023,2023-04-08
cdff24bd-dfe5-4ca3-8406-2537bce0a5f1,1805270,41.9638810588,3.2286843121,,2018,2018-09-21
ce03f761-a50f-4766-8157-db22b491db6a,341954,21.9222027778,-84.4862222222,,2019,2019-12-15
ce07e864-5fc5-4f7e-b300-b816ba5d76b0,140606,37.88,-0.29,372,2002,2002-05-23
ce11d9fc-c2af-4ba0-bb8d-ddf0b61d3184,140605,39.2432,2.9358,66.8,2006,2006-05-10
ce173f80-5743-4ef1-a6fd-ea107fdeace3,342036,-33.3934480594,151.4868397422,,2025,2025-10-10
ce1c659c-4439-4029-9c9a-0ee69c28fcb6,534111,-35.0848,137.749,3.4,2015,2015-01-19
ce299790-2ede-4976-8666-42916777ddca,140600,39.86,0.3,80,2003,2003-05-21
ce2fb052-b4f2-4edf-8fdc-500715861ec7,210788,28.9734573757,34.6988481435,,2009,2009-07-21
ce32c14e-f26d-4d96-ade3-aa0c9668021a,140605,-12.11138394,13.47799551,98,1989,1989-05-01
ce37d1ec-1516-4cf2-9048-f17628f08df6,210788,-14.6461241046,145.4535504336,,2013,2013-10-09
ce3b9af1-8869-4b9b-81d5-abbe24d7d720,210788,-5.6352372,133.0292053,,2018,2018-06-12
ce445aed-6ab7-41c8-a662-ab28558717bc,140600,57.255766741,-5.8278004825,,2023,2023-09-23
ce520396-27a1-4229-8cd8-8435e0760bd1,535784,-30.0666999817,15.6167001724,,1999,1999-01-29
ce599564-d4d2-443b-9f0f-dc948aed0ca6,140600,48.5052,-8.6105,92,2019,2019-04-04
ce5d1496-d0f2-4f86-b590-03349607e918,527142,-50.0583333333333,-58.61,181,2011,2011-02-04
ce645a5c-6c6d-4050-9691-68324b1e11d1,342305,54.056027,-166.268981,91,2010,2010-09-09
ce6fed10-a856-4c41-b689-7389f3f85983,342002,36.48707778,126.1944944,,2012,2012-10-08
ce7b5f76-fc5e-4563-92fd-d75e3415708c,140605,28.91616685,-13.6679655463,,2024,2024-03-23
ce7f278b-a5dc-42d5-8079-a7691698c3f5,410340,31.8933296204,-63.6666717529,750,1973,1973-03-14
ce861a76-f6d8-4dc1-accf-426f69bf6b59,140600,49.1974,-4.1021,44.5,2011,2011-03-16
ce8d0a7c-9412-4deb-a908-9157f65f2438,140600,46.1204,-3.27,66,2019,2019-11-06
ce8eeeb6-30a6-4b3d-abba-896cc7c3bbb6,157011,48.4955,-62.66883333,382,2010,2010-08-30
ce97129e-d8a3-4b77-8322-40f548ad6c04,153122,55.466,-36.474,1250,2004,2004-06-15
cea09bd3-3c4e-4518-a7b3-6d6a49229df1,341953,21.4768,-157.77571,,2017,2017-05-26
ceab40cc-e92c-4418-84b9-ebd8f1cf83a9,140598,51.608,-13.7462,292,2021,2021-09-24
ceaf3944-ad8f-49db-b11a-6c6f3a6b5d79,342036,-33.6334349997,151.3353614,,2026,2026-05-31
ceb913aa-c999-4802-9e0d-980b51ca59ef,342023,39.3084339106,-123.8106815586,,2019,2019-07-17
cec3c7ea-88e3-485b-8239-bee461ac892b,157011,48.947,-68.223,323,2021,2021-08-17
cec89781-f6bf-4449-8cfe-a44ac8e6b99b,140600,51.816,-6.0755,114,2010,2010-11-27
cecbaadb-06bd-44e6-8ab3-a4d3c8c605c7,342305,54.05556,-166.266748,91,2011,2011-02-19
ced21985-0601-4e4d-a62c-b8d7c1754cc9,342381,-41.0917,174.3725,11,2001,2001-09-07
cedbd2ea-5bbd-4b75-911a-2ec8fd4af19d,342036,-34.2945366667,150.944595,,2023,2023-11-12
cee1f5f6-d4fe-42d8-a1c0-9a0bd78ab4f3,342023,47.3070398866,-122.5171722193,,2026,2026-06-14
cee611df-7d70-4306-98df-9a5d7eab3aee,342010,-0.71585,-91.3404,,2014,2014-02-26
cee83f88-197c-409f-a9ac-7b6122347d25,534099,1.4644466667,125.2301883333,,2013,2013-04-19
cef0135a-59d3-4ae5-abbf-cfcdaa86c9b6,140605,43.7264551992,-7.8040106369,,2013,2013-08-02
cef1f75b-3540-44a3-9d0c-a25c633b5fd6,342023,37.4947783333,-122.4986333333,,2025,2025-06-13
cef8eb59-df18-4eeb-b4a7-95024002d024,342036,-34.0718618831,151.1462786992,,2022,2022-01-28
cefd8093-9671-48d5-b5c8-408bbd4abc19,342015,-43.1364,147.2828,,1964,1964-08-01
cf0423f0-5174-4e1c-a24c-acf37b9acbbd,140605,38.2282912937,15.2455360834,,2024,2024-04-28
cf096e05-cae1-40a0-94e2-9103bd910417,140605,40.9211483886,24.3903468177,,2023,2023-08-16
cf119ee6-3704-46e4-8220-01376d9137f4,210788,-17.1135883333,179.0641383333,,2017,2017-05-18
cf1636e7-6c5e-4dd3-894d-954913c456c1,140605,41.3600006103516,2.50999999046326,,1963,1963
cf19726d-eb3b-4e7f-90fd-3f5086e799f4,342036,-36.2099291498,150.1297042934,,2026,2026-02-19
cf1f7433-97ec-4e52-ba79-34b1a929ca4d,140600,56.17929,-2.54969,17.5,2002,2002-09-15
cf268047-62c4-4335-ba68-47dcebb29d53,140605,36.2574043274,28.1683254242,,2025,2025-09-02
cf2ad870-17c6-46a8-895e-a0769650627c,342305,34.75,129.0166667,,2012,2012-01-27
cf2e7c44-4400-46ca-8878-da1930a5bd66,342036,-32.7141077037,152.1522439082,,2020,2020-11-27
cf34625e-1fe5-4243-bdbf-f073a8e734ca,1805272,-4.08666992188,39.6791687012,1,1964,1964-11-16
cf383c3b-5cfb-48c6-9c55-8627f88c5678,342023,36.9489566868,-122.0622107133,,2024,2024-11-16
cf3fe5b4-dfca-4a7a-a45c-b9b88cb74e2a,140607,38.46,0.41,173,2004,2004-05-17
cf43122e-09db-47d5-86d4-c7d4f47dc67d,527127,-51.15,-62.4,188,2009,2009-06-12
cf4afdd0-e260-4488-bd48-165628f56339,210788,13.6913220578,120.8435211068,,2023,2023-05-20
cf4ec0c8-b299-49b7-b288-847380ce9e75,341954,25.66616667,-83.1965,,2021,2021-10-25
cf5431cd-ad33-4f41-b7ab-117d99ff2fc5,341952,32.840065448,-117.2847995079,,2024,2024-08-18
cf56812a-88ee-4394-9219-1f9724f8f4d0,140600,46.9962,-3.4512,53.5,2022,2022-11-12
cf5981c9-63ad-4e1f-bd59-d094f1f92c46,341952,32.8571857587,-117.2616623661,,2024,2024-06-08
cf63843d-e5f8-415f-9d06-5e7bd11755d5,210788,-0.5651183626,130.5176483375,,2022,2022-11-11
cf66e99d-fd6b-4d6e-9cb0-b17977bb64a2,140600,53.9972,-4.9777,29.5,2013,2013-09-25
cf6de5e9-8275-4570-a26f-6ce9f55fd80f,140600,39.9342,3.3062,108,2003,2003-07-08
cf7231d2-b276-49f9-9445-099e537ebb75,1043781,53.835416,-133.762183,976,2010,2010-09-13
cf77dcf1-923a-4c4e-9b6b-0ccd8ee4f358,342381,-40.7237,172.8375,26,1994,1994-03-20
cf7e3a18-27a7-4dca-8e20-84a5d498f411,239392,-60.8800010681152,-55.4900016784668,250,2006,2006-12-21
cf83cc17-5238-409d-8500-927dd9f88897,140600,50.0128,-4.2242,38,2022,2022-03-09
cf88efd0-cd36-4812-a118-5f0c942ac57a,342036,-30.176492069,153.191117033,,2024,2024-09-20
cf93b4ed-eac2-4a20-b83f-12a55ed942d1,341937,-11.583,144.033,,1979,1979-02-12
cf98cb9e-0443-4cd7-a7ab-d90ae4df706e,140600,53.276,-14.3165,132,2009,2009-10-08
cf9d640f-5468-4d9e-b45d-37d256db78ed,140605,43.4384941237,3.815754149,,2022,2022-12-31
cfa3c9e0-b2c6-47d4-923a-a4e71ad3b6cd,210788,25.3263450038,34.7470830584,,2024,2024-11-02
cfa95e58-9d25-4e97-aff9-b96a1b23032e,342000,33.6710504939,-118.4216284398,,2025,2025-04-27
cfacdb96-92e5-4b75-b11b-81db6894bd26,535623,1.4791442044,125.2363842509,,2013,2013-10-08
cfb1bc99-baa9-466e-b974-0028756f9983,535784,-27.4833,14.9167,313,1989,1989-08-01
cfb7a55e-b370-4a3e-a6f8-b5e7b847829f,157011,47.56433333,-60.40883333,327,2012,2012-08-13
cfbaa4a7-5583-40f6-a87e-101be7a98256,341786,25.1783294678,-112.910003662,,1953,1953-09-14
cfc250a1-8da6-4507-a2ea-f834829b7500,342305,54.061,-166.224339,99,2011,2011-09-16
cfc68e8f-5358-4c80-bdb8-848011900b96,140605,39.422,3.4376,74,2001,2001-09-21
cfcca0a3-d932-4fec-aa02-dca170d2a57f,140605,38.1611870025,20.47908023,,2024,2024-10-11
cfd17cb8-218c-4a48-bfd8-ac2761e9d31e,342222,40.3938674927,-125.642402649,2218.4,2000,2000-08-26
cfdaa675-1f81-44bf-8de7-626f57f1cc0c,342305,52.5910786714,-128.5190414035,,2023,2023-03-26
cfdfad95-12ea-4617-9981-2b25a73013e9,534424,-43.6713,176.618,420,2004,2004-12-31
cfe22cbd-172b-43ad-8d84-7825446e3ac5,342036,-29.4790893493,153.3640444295,,2022,2022-12-27
cfe98a96-2d38-4c7a-996c-4ee9f2a2abd3,342098,-37.5663333,176.9045,447.5,2012,2012-03-26
cfed8759-faf4-46c6-ba89-9a411dccfefb,210788,-14.9159475709,145.6907473131,,2026,2026-07-17
cff3c210-e104-4f56-b0a3-ca173644df24,140653,53.28,-35.534,2544.5,2004,2004-07-27
cff8c893-c58f-4e53-9b24-abb6f92eb119,140605,39.3636890418,2.835640661,,2021,2021-06-17
cffc3862-4be3-480e-b449-56b841c18a40,342036,-34.069246,151.111329,,2024,2024-02-27
d001e0de-5ede-4400-a642-329df1b4a97b,140600,51.2097,-5.2478,36,2015,2015-09-16
d006d0ae-32f8-4029-9983-8bcb2359a795,140600,49.96569,-4.697369,82,2012,2012-02-23
d00ecd8b-1f56-4650-9005-5b9bbe723433,140600,56.39242,-5.514744,12.5,2014,2014-07-27
d017506b-a45f-4689-bace-eb6d1c4f7867,325319,-54.62,-35.53,122.5,1991,1991-2-1
d01db74a-6644-4dec-a53e-c288ff9609cb,527142,-52.3700000166667,-58.105,181,2011,2011-07-05
d02627a9-fe16-4e96-b984-164ae4319539,140600,51.819,-7.075,76,2013,2013-11-10
d02a6654-afeb-4e07-9326-4559845ee3f2,341948,-45.83416,170.63441,0,1952,1952
d0314263-1d05-42d5-9e1d-da404c3e0883,342010,-0.3713,-91.3813,,2022,2022-04-08
d0387353-a8d5-4ef0-bd9f-408e73c4d11c,140598,41.16,2.44,786,2007,2007-06-14
d0401915-dc24-4d37-b364-866039130fc7,140600,54.308,0.502,0,1998,1998-09-08
d0449e69-c320-4472-8e82-0a07662e7011,140605,-29.6766666667,17.0713888889,,2023,2023-07-07
d0482160-aa1b-4ac3-a222-8186b013c5ef,1530663,-32.0600013733,16.1800003052,453,2004,2004-02-09
d04af88c-3310-4282-9f07-10f69f6fe864,239392,-61.845,-59.17,259.5,1996,1996-11-27
d0529d4c-4f2d-4704-b72b-5594dd329528,140605,39.85,2.74,63.4,2007,2007-06-19
d05bd1a9-6eb9-407b-be9a-7d7634ce2dc3,534443,34.315,135.095,,2002,2002-04-13
d05ef639-541a-46a7-ad58-3517d551f783,534563,28.1666698456,33.4500007629,,1941,1941-07-02
d063d64f-3730-4157-8cc8-06eb5cb80f5d,210788,20.8809283333,-156.6874216667,,2023,2023-06-04
d0672b4c-0daf-4b77-a8f4-e5d52de78c7c,342305,54.080641,-166.217246,132,2010,2010-09-20
d06ddca8-87f6-4e40-bf1c-b2ce8a7d942b,1043781,49.4434,-124.59047,,2010,2010-07-10
d0788960-da5b-4f8d-99cf-b043f4a93eca,342036,-33.3624772629,151.5034371859,,2024,2024-09-01
d07fbc79-6057-488b-a1aa-f62a89d5327a,342002,36.0999984741,126.300003052,,2006,2006-03-16
d087a93f-57eb-46d1-83d5-9c4d47632549,342036,-34.0013506347,151.2239340467,,2021,2021-02-15
d08f55f1-c3e2-4c53-becb-03779779f319,140600,53.2207239059,-4.1660378873,,2025,2025-12-08
d093c5ac-2a0a-4fd5-8e8d-e6e89e055adf,1530663,-36.09496,173.8672744,,2023,2023-11-30
d09ad81c-bcd4-4e29-86bd-073b0a38d673,342023,48.94702,-125.12323,,2003,2003-04-29
d09fa31e-bada-41f3-ac0e-aa3522b2a5dc,140605,39.719,2.493,73,2002,2002-05-06
d0a5f51c-051b-4bd1-bba4-0a6b19f80d16,140600,55.2688,1.8046,21,2012,2012-09-04
d0ab76f6-a9f7-48ac-a6ce-a0fb9615d514,140600,50.8915,-5.2895,35.5,2012,2012-09-15
d0ad60b2-43b1-4d58-8ae6-97dfaae2ce5a,342015,-43.0265,147.9283,,1976,1976-10-15
d0b71865-f81c-48c1-8f02-45951310d4fc,341952,33.983795166,-119.6657409668,,2026,2026-01-24
d0bb2bf0-d770-429e-b2c0-c112f5034bb0,534126,41.53,2.79,140,2004,2004-05-25
d0bfa080-9fe3-4e17-b378-baee74c72777,535784,-31.2299995422,16.0900001526,461,1988,1988-02-24
d0c72cac-9be5-4218-9f33-9168f62c0885,140600,59.3425,-5.3317,50,2011,2011-11-21
d0ceed2a-c802-401b-ad70-f80235938fde,342036,-32.712983228,152.1568344852,,2026,2026-02-10
d0da6a1e-32f6-4f29-a45d-18b477431814,410340,23.9169998169,-63.966999054,,1979,1979-04-08
d0dee036-399f-4c68-aefd-ae030d9aaeaf,341952,34.4204833333,-119.8986133333,,2020,2020-11-15
d0e0c760-13ce-4ede-83f5-30a162b81477,140605,42.3300018310547,1.1599999666214,,1955,1955
d0e42971-f928-479b-9d04-0f91a9b3f52c,341952,32.7609600089,-117.2465969434,,2022,2022-10-04
d0e82b96-42d7-47ad-a4d9-6ed48a07dba9,140605,42.72938396,16.03558559,,1953,1953
d0eb54aa-33f6-4bd1-8d72-c2cbd68e0afa,457762,11.2684,-74.1922,9.5,2016,2016-02-25
d0ef14d9-9de1-4c8b-bf9c-33e3db147199,140600,48.3297,-8.7807,90.5,2021,2021-11-14
d0f2e789-ac49-4373-aca5-8ba4d6503a83,342226,-48.9623333,169.8386667,914.5,2018,2018-11-28
d0fb2dbb-bb3b-4279-9764-b881bb6ce3eb,341954,21.7866666667,-72.2291666667,,2023,2023-04-02
d10033bd-8f11-4e45-b80b-c79fecdd0074,138803,26.7226,-80.0344,,1991,1991-04-05
d10bf37c-43f8-4015-991d-db893370ce65,140600,52.3892,-4.8292,24.5,2021,2021-09-17
d111dc05-4324-4b0a-9bf7-b48ebbe99d46,140604,39.1128,2.5862,590,2006,2006-06-06
d117574b-23ed-406a-baeb-92e044f985bf,140596,44.15175,-67.190342,154.5,2007,2007-04-15
d11d242b-1007-401b-8cd8-17ce01ea3395,140600,50.4636,-8.1751,59,2018,2018-11-19
d12cbf33-7a99-4c5a-b555-1e774d346226,140605,47.6726587969,-3.2582958788,,2025,2025-09-23
d13172b8-82a4-4b61-ae80-7461a4a0ae81,342305,54.062889,-166.238357,119,2010,2010-09-09
d1362e97-375d-4ae4-8c49-85aa27e1906c,342036,-33.7422449256,151.3185466797,,2025,2025-07-25
d13a3481-10a1-40b5-a60b-60591bb79841,342381,-43.8295,-178.4872,443.5,1999,1999-01-07
d13df51e-03b5-4300-8a79-13de7a659b86,342036,-34.739677,173.117745,,2018,2018-07-12
d141b464-b77d-4d18-b297-a76c31131e43,140605,42.2378268776,3.2062371348,,2024,2024-09-20
d14aa968-0095-4630-a9e7-ad363ce2765c,341952,34.4325394711,-119.8004077739,,2022,2022-01-03
d14d3747-b137-413a-92a4-ee5b614cc03a,157011,48.681,-61.0105,355,2006,2006-08-19
d1511221-63c1-4709-b86e-a232dd328a0b,140605,-34.0526972222,22.8686027778,,2022,2022-11-05
d1581d6d-1a0c-4cb6-875a-e06c86f35f00,342036,-33.0864742296,151.6406862831,,2015,2015-09-16
d15e4288-5a6b-4bf2-9a75-334c05549d9d,140605,40.1189,3.7437,168,2008,2008-08-18
d163931a-0533-4c63-ab16-db14c17c6b63,140605,42.72938396,16.03558559,,1971,1971
d16edbbb-4b5d-4155-bfd5-8e4e0743cb0c,535605,-39.096001,173.981134,,2018,2018-08-11
d1737832-d85a-4955-aa8d-cb858f455af4,342015,-28.783,153.933,,1939,1939-07-16
d17bf43c-0c94-4e38-b8d5-acca82aedad5,140600,53.51524,-4.259536,49,2003,2003-01-01
d17eaf6d-81af-435d-95f5-7b24ef37bd9d,140600,53.942,-11.9105,183.5,2016,2016-09-25
d182068b-8b4f-4b7d-8824-39a743c5f339,140596,43.118057,-50.9014,111.5,1982,1982-06-06
d185769e-1232-4890-91ac-68614997de9d,140605,42.389842,3.160731,,2022,2022-10-06
d18fbc94-fd73-4494-ab03-177555e17d65,1561957,-35.0238112662,117.2340774536,,2021,2021-02-12
d19793c7-135a-4e5d-965e-cce4e32cdda6,140600,50.0102,-6.3675,41.5,2016,2016-03-15
d19fe4b3-3c28-4017-b7e1-495e999aa998,342036,-34.0694158613,151.1296847986,,2026,2026-07-03
d1a902e9-4670-4303-969e-4c7ef21c577f,140605,40.9802500976,17.2587258166,,2025,2025-07-13
d1af8eef-0dd2-4f68-a010-a2bfa8fa48df,210788,13.6979566,120.8294358,,2025,2025-10-12
d1b3a3a9-2513-47fd-9014-e342a2ea4aaf,140600,46.7551,-2.9488,41.5,2018,2018-11-01
d1b7c3d8-3d40-4761-a721-14c5f6257edf,140605,39.1937,3.08,62.2,2005,2005-12-15
d1bf1f27-bf1a-4ca9-bf5d-0c4809e04f3c,140605,27.8743055,-15.38140386,10,2014,2014-05
d1c6e533-a914-40de-b2b6-d9e8744179f1,341950,-34.7185331211,135.8588761836,,2026,2026-02-22
d1cd58ed-e7f6-4c2a-a6af-adef4159b389,325325,-60.87,-55.5,252.4,2006,2006-12-21
d1d4656c-e60d-40f4-8a0a-300b8990b8b9,141694,42.55,-65.4833,0,1980,1980-08-30
d1d9a6b2-d28a-4e53-a341-44897e02173b,341952,32.7609838914,-117.2465878973,,2022,2022-08-24
d1e32762-8dce-4ed2-a57e-b53fbf96113b,341950,-35.0849,137.749,,2006,2006-06-02
d1e72a90-70d1-408d-a291-9d4027d51c72,342036,-35.0072330978,173.936178565,,2024,2024-01-02
d1efc01c-bf7a-47d5-89c0-8407d5a144f5,342381,-44.0252,-179.1443,295,1994,1994-01-11
d1fd6d14-818a-4915-9d43-bb8d29ff98cd,140605,44.8212315968,14.8798139727,,2025,2025-06-05
d203039e-8c9a-4e06-a89b-27b154aafede,341954,17.9183823458,-76.8200435938,,2022,2022-07-05
d2074422-c6f2-4639-aff5-95736a1fafad,140605,-34.0799,22.17,,2016,2016-10-30
d20c1951-8997-4649-a35c-73138a353390,140600,46.0541,-2.0621,29,2022,2022-11-13
d20e5659-92c1-4e5d-92fd-7d7d9effe87c,342305,36.58041667,129.4129583,,2014,2014-06-20
d2136584-0b77-4871-bd7f-6285844c6ca1,140605,42.4774067117,3.1570351977,,2022,2022-07-10
d220b822-89b5-4714-9b08-7aeada0198ae,140600,58.4032,-2.5708,33.5,2006,2006-08-25
d2273460-13fa-4adf-83e3-61406d5d12ad,140600,54.100937,-4.448478,,1999,1999-05-12
d22bce3e-8f64-4708-9b41-46d7c6686887,140606,39.2464,2.8475,97,2001,2001-04-09
d233a6b1-5d8d-47bd-84e7-efb9a97daa9e,140605,42.72938396,16.03558559,,1993,1993
d239ae3e-1dcd-488b-805e-16533569c767,342023,40.0208666667,-124.0680611667,,2025,2025-05-28
d23f7b11-6ff4-4cf5-a466-54b5984f09b8,325319,-54.12,-38.84,203.5,1994,1994-1-24
d247f615-925a-43ae-9cad-80f2abfa0c5f,749548,34.2142139446,-77.7880943754,,2024,2024-03-30
d24d659f-f200-4fc3-af3c-8a2eb88f38d3,140605,27.616667,-83.966667,54.8,1965,1965-08-26
d252b02b-2089-4276-80bb-22ac8e69d3bb,342334,-38.3562343123,144.7721169676,,2021,2021-03-05
d25bcaaf-9cfd-4be2-98df-77ded13d1e64,140600,39.286,2.7752,71,2004,2004-10-18
d261525c-e926-4a20-9654-de73cc3a3e53,140605,-32.2799987793,16.3899993896,380,1987,1987-06-24
d26721e8-062e-4147-ad76-3dc93fd37938,140601,43.51,16.37,34,1963,1963-12-18
d2790dd5-b34a-41be-a342-85e7356c1398,140600,56.5857,-7.3022,170,2009,2009-11-21
d280b7eb-0b44-4798-9a3e-98def230e0a9,140600,50.6355,-8.217,124,2020,2020-11-06
d284f17b-107a-4a45-9bae-1adde3b35c6d,140605,26.334166,-83.536,61,2014,2014-10-26
d2894463-d398-4a2f-a84f-01c919aa3a4a,140596,43.1959486959571,-70.1987803250695,111.3,2019,2019-09-26
d290855a-7e7d-4d87-96bc-f3ed7b67b628,342023,36.5738790079,-121.9854830354,,2013,2013-08-04
d29881d7-3dd7-4440-8a92-3313507e5423,342023,36.9489448974,-122.0620806262,,2024,2024-11-16
d29c29ad-1699-469b-aefe-09f90d47335c,342011,-29.25083,-177.90333,,2011,2011-05-18
d29e4242-240f-45b3-8138-768a11144c4c,325325,-60.99,-55.82,151.2,2006,2006-12-25
d29f2495-c77b-40bd-b80c-d5448a2b7005,342305,47.25053,-122.5532083333,,2026,2026-05-17
d2a28a1d-8f3f-4bcc-b9e7-fa7d75b63c39,457762,18.3426327,-64.9808337,,2024,2024-02-24
d2a8f169-80dc-4b5a-ad2f-b18d3cdb127f,140600,49.1974,-4.1021,44.5,2011,2011-03-16
d2ba0ba4-5e91-4e08-a2fd-27b2056081cf,140605,-7.07902958,12.01182447,151.5,2002,2002-03-22
d2c0cdd4-dd2d-4fb9-89ee-fad5c3c82925,140600,54.0765,-11.0425,230.5,2017,2017-11-12
d2c760b0-c7f7-4917-8e10-7cbf935c5ed6,141694,31.6830005646,-63.6829986572,,1972,1972-02-27
d2ce49a6-252b-45ae-ad20-f5170b960da3,527127,-50.9785,-57.7465,117,2017,2017-03-22
d2d7d96f-15b4-40f9-8e95-1e1cf8bb0498,140600,59.99932,-1.18635,,2016,2016-07-27
d2e02efe-ec05-4110-9b9b-7ffac176093c,140600,50.713,-7.8635,110.5,2010,2010-11-23
d2e63f61-0f8d-46db-a89d-b0168cf158cc,140596,43.366667,-69.966667,168.5,1996,1996-10-25
d2ee4dbc-b68b-4b1a-99f2-051b5a8878a5,325336,-61.0200004577637,-55.939998626709,274.6,2006,2006-12-25
d2f2c143-1914-418a-9e3d-1d5819c32497,342305,54.060176,-166.221587,97,2010,2010-09-20
d2fa9616-3a87-4035-8e7b-497850b92d0f,342305,49.57265,-124.66848,,2018,2018-07-07
d2fedbb3-f0c2-4987-a73c-72ce8d15c461,239392,-70.84333333,-10.59,258,2000,2000-4-9
d3048a69-0db1-456c-a828-31e9eb3b1284,342023,47.9501776093,-122.3028129175,,2023,2023-05-13
d30bee95-b987-4159-ab34-82a42aab0c65,140600,50.7422,-4.9592,30,2017,2017-03-08
d3125b45-351c-4c0e-838b-25a7547979cf,457762,17.91425,-66.2245116667,,2025,2025-07-10
d318acfa-3920-4403-b5fd-0ff18609a132,342305,54.064242,-166.215908,97,2010,2010-09-17
d31c0475-b9d2-4c4d-ba43-6b9f24ae58e0,140605,38.4124132484,-9.2199668446,,2025,2025-10-18
d328877d-d0cb-4c7b-853f-64bf0842b3b0,325324,-61.21666667,-54.53333333,578.5,1996,1996-11-19
d32de737-d166-454c-8089-3fd062100154,140600,40.43,1.05,86,1995,1995-05-10
d3356fd9-3724-47c8-b89f-b529f7fd3c2f,457762,12.1185601466,-68.9683761914,,2012,2012-07-31
d339160a-7bd0-4a12-b4f3-49e9adb70ffc,210788,-0.1704883333,121.65902,,2026,2026-05-26
d3420123-c561-476c-b481-9b878266dae4,140598,39.1362,2.4513,498.1,2004,2004-01-21
d345be89-c40a-4549-afef-c536c4c506ab,140600,47.4333,-3.8894,51,2020,2020-11-10
d349d7c7-c9e9-4f66-b03e-9567d9b8b4dd,140605,41.1100006103516,1.58000004291534,,1963,1963
d34ec95a-6323-4fb1-9a17-0515032fecf0,140600,49.1171,-6.5147,57,2010,2010-03-17
d3520bec-10ea-4be1-90bf-d57f4d427afd,140605,44.8978751325,13.7874068026,,2021,2021-08-11
d356c7a7-8e4e-47ba-a0f0-5d82d11168ef,342036,-30.108614462,153.2074091244,,2024,2024-07-02
d35862cc-d720-4296-b73d-eef49cb6d978,535605,-35.0847743684,137.7495524998,,2024,2024-01-03
d35eaa7a-5fa0-4846-9656-9b82db947729,140600,51.5875,-7.4915,80.5,2010,2010-11-29
d361af2a-d9e9-437e-8a33-873cdac1c9a0,1805270,-14.5329999924,-168.132995605,,1939,1939-06-12
d366ce26-2034-4950-887f-3324be4821e4,157011,49.69833333,-61.23616667,279,2018,2018-08-25
d3746bad-1a8d-4ad5-b70a-c13864f8b871,239392,-54.78,-34.92,362,1991,1991-2-1
d37b9246-f3c0-40f4-b217-6be23e7d5a3e,342023,37.4960513414,-122.4972039344,,2021,2021-05-01
d385d45a-fefe-4bb0-ba64-1c7e697a38ad,341987,-36.2633333,176.1293333,308.5,2021,2021-02-26
d38c0bbf-a841-4b35-9f15-d5894e8e6b93,341952,32.8074058578,-117.2669685614,,2023,2023-12-24
d39254cc-5018-45cd-a3aa-65bed21635ef,1530663,-38.3283333,173.5988333,146.5,2022,2022-10-27
d3952cb1-f7a8-4caa-930d-0968441a3763,1805270,42.579138513,8.7262807418,,2019,2019-06-28
d39f8890-c73d-40dc-a0b5-1b10b9eb9834,140601,45.64861,13.78,,1903,1903
d3a3cb7c-dbc5-4fea-80bf-2c9456920eb1,342381,-39.784833,177.55,435.5,2018,2018-02-27
d3a869a5-3440-4406-aee4-a81ff56aa177,341952,32.8517775376,-117.2714682919,,2025,2025-10-18
d3abf68a-3bd3-48b9-8a55-1ce7a35f6ae0,342305,54.06024,-166.223452,99,2011,2011-09-28
d3b00bf4-7a96-4243-92a8-0bb4473f030e,342023,47.52303,-122.3950633333,,2026,2026-04-20
d3b37989-ba9e-4eda-98f0-da3509903ece,342334,-35.05,117.88,,1988,1988-01-24
d3b9c27b-7194-4eec-bdef-fc2e92ae05af,534130,31.325,-113.7566666667,17.4,1968,1968-06-11
d3be1fd1-4198-4b0d-943d-28a461a611d3,140600,54.076666666667,-5.73,31,2017,2017-02-08
d3c64867-4894-418a-9f1b-5f6b3159ad6a,325325,-61.67,-58.85,390,2002,2002-2-16
d3c911e5-13e4-4d8b-9c91-58a90c10cfc6,1561957,-32.2570312297,115.7488496746,,2025,2025-04-07
d3d22174-85ae-43c5-a2c0-b3d8321b1ab6,527142,-52.2733333333333,-57.6683333333333,314,2012,2012-09-09
d3d8d45c-eae0-408f-b3b8-422bfba615ae,140605,28,-82,,1931,1931-02-14
d3e0a1ea-4696-4d55-94e6-b233770474b1,140600,53.934,-11.1965,217.5,2015,2015-12-14
d3e62989-bbb3-4579-8d18-d941a3c83616,1561957,-32.256897961,115.7487243901,,2022,2022-02-10
d3ec1e57-fb2b-4163-9411-b0a466378d74,140607,40.0523,3.54,269,2006,2006-06-15
d3f25629-1282-4ea8-a137-3c39b67330a2,1765489,-33.4881,131.074,373.6,2015,2015-12-11
d3f97bd5-04af-439d-9b6a-7b8e40c18476,157011,49.168,-63.658,341,2005,2005-08-16
d3ff7273-ac47-494f-8202-7e6ba7490a35,342305,54.042482,-166.226595,82,2010,2010-09-09
d40ae1c6-f006-4f1c-b90c-07418cfc38c0,535784,-31.4200000763,16.2299995422,366,1994,1994-01-15
d4106e9b-b87c-4e19-bd5d-9ccad6a86bb7,140600,50.3671,-10.6007,81.5,2021,2021-11-20
d4190e54-c1aa-42c2-ba80-36f426125dc4,342305,35.03766667,128.675,,2011,2011-10-31
d41bf419-e21c-48d1-848f-269d1aaa7eb4,140605,24.4249992371,-81.7958297729,91,1983,1983-07-02
d422f485-88c3-49e0-86ca-aca4772ec98e,342023,49.538,-126.91075,,2022,2022-04-27
d42a1d28-447c-4a9c-b6b1-0450f000ab5e,140601,36.1920013428,11.4420003891,184,1999,1999-07-25
d42e0f1f-4ccf-4de0-a972-ef0e6f59bdd6,140600,56.9062,-0.7817,35.5,2006,2006-08-29
d4364045-3c31-490d-8632-021666f7300c,140605,53.42471019978871,-3.0159151421908494,,1999,1999-09-29
d43a3079-e5f6-4380-8a05-7a3974a78aa7,342036,-32.7141735531,152.1507815075,,2019,2019-04-26
d4427c20-1b44-470a-954e-0e8d0eb8a729,157011,48.02683333,-60.937,336,2013,2013-08-14
d44b60a8-f85f-4214-8889-8ed99649cd18,342036,-33.3886113038,151.4853648043,,2024,2024-09-03
d44fc6e2-09bc-453a-bcd0-c31f2262d288,342212,68.65,-64.122,1286,2006,2006-10-31
d454a29e-a46e-4fd4-b677-312363809425,342036,-32.7134479535,152.149768463,,2021,2021-11-03
d45bc2ed-99ff-4b1c-939f-0f258fc30f27,342305,48.61694,-123.50194,,1981,1981-01-06
d46212c9-32fc-4ec2-9ee3-985dae84486f,140605,42.0736111,3.2055556,,2023,2023-09-05
d465af64-c058-4151-aeb3-3a5a5c383c84,140600,50.0455,-4.8288,38.5,2017,2017-03-10
d46abd9d-9f5b-454c-8869-ecfb1c8c6341,341952,32.9342493927,-117.3094040846,,2023,2023-05-20
d474915f-7964-40c6-b6f1-efb939194841,342036,-33.8005496,151.2979212,,2004,2004-07-17
d47a101c-07bf-452d-86c1-54c6c24ae47d,341790,13,-102,225,1973,1973-10-16
d47f129d-5c25-42b7-8ff8-6cbd7145d72c,140605,31.466999054,-81.0839996338,11,2002,2002-07-23
d4834d73-f2ea-4b08-877e-b5d9cc111978,140605,42.3607065668,3.1641187939,,2025,2025-08-19
d487567b-e436-4924-bd46-8a3d02497537,342223,-42.7,177.8,998,1998,1998-12-01
d48d1092-c8c0-4b8d-afce-d3dd97f532ff,140600,52.608,-14.0002,138.5,2021,2021-09-15
d4939bd9-26ad-44ab-a970-72bd40d2f253,210788,1.8207966224,73.4021360175,,2026,2026-05-05
d4986b16-2010-4cfe-a0ea-2140e6e174f0,140605,43.0127343301,6.3920634985,,2021,2021-09-06
d4a3f289-6b78-4eac-bdc1-5cceef37133c,341952,32.817984494,-117.4724913675,,2025,2025-05-29
d4ac5f5e-8c61-4ff9-a03c-1c4ec6caade3,342036,-34.0712374303,151.1407568725,,2018,2018-07-07
d4b598bc-9b5d-4dd4-bb29-cd3494ae6766,140600,58.721,-7.244,51,2015,2015-11-21
d4ba5e68-ce80-4671-a20f-b36e53d65a53,342036,-34.0696968124,151.1294232384,,2021,2021-10-08
d4c0fc50-3663-4bad-86d8-c8e7e650bd72,140600,52.7292,-13.9942,123.5,2013,2013-09-12
d4c3df51-de32-4d38-8cd9-674af5e3e0a7,140605,30.22295,-80.347333,42.7,2016,2016-09-22
d4cb3376-bb92-4f99-a69a-6e4c624d4108,342222,36.5650558472,-122.579406738,3061.6,2000,2000-11-29
d4d0574f-0874-4be7-bfc7-5ff2e151f9b9,140605,43.3915215775,3.678783861,,2007,2007-09-03
d4d742e9-eacc-4804-913a-760447627832,527142,-48.64775,-60.3868333333333,320,2010,2010-10-28
d4e520b6-4171-47dd-af75-7eb300d90ab1,140605,30.034333,-86.301666,40.2,2009,2009-10-10
d4ec29bf-d77a-404e-803d-f16d95b948fa,342385,-34.39667,172.8883,38,1997,1997-02-27
d4f1cb4d-4856-4ac8-accf-a92001b316bf,140605,40.5999984741211,1.13999998569489,,1963,1963
d4f50775-11d5-4490-a80a-84c14878b6f2,140605,42.387827863,3.1636613762,,2025,2025-09-06
d4fa987a-56fb-4e5f-941d-4e8cb48816f1,210788,27.7953491211,-175.866546631,1.5,2003,2003-08-01
d4ff81fb-4164-4d4c-82aa-e21cdcd70a02,535623,-21.2427,151.245,,2005,2005-11-27
d5045514-77b4-4d23-af86-9a4f64bd7532,157011,48.2855,-60.62883333,442,2022,2022-08-21
d512311d-7f92-42d2-a015-e4e21e259752,157011,45.21167,-55.42667,141,1985,1985-06-06
d518bcf4-ca61-4d4f-82ba-6ba8bfc26728,140605,39.9659,3.4294,131.7,2005,2005-08-24
d521468b-e5ae-473a-a353-c1788f7b8510,140605,43.6566819044,7.1676156463,,2021,2021-07-22
d5279276-1de4-49ca-ae91-1dd832f8bac9,140605,42.17983,-67.38183,199.5,2002,2002-10-09
d52b9194-6a8a-4684-816a-8375e2a94861,342305,54.049979,-166.247763,82,2010,2010-08-09
d5308ce4-f56b-4c51-b519-7f1db3d0435d,157011,49.31516667,-60.39033333,273,2018,2018-08-24
d536b04b-5d2b-4874-a13c-2f06fab43d06,210788,7.3392618,134.4593843,,2023,2023-03-16
d5391936-2155-48a3-b3f5-dad180c7c257,342036,-33.9256858226,151.2593894452,,2026,2026-02-28
d5406b78-a006-4c9d-b3bb-6e71caf112f3,457762,10.3205,-75.5806,9.5,2016,2016-04-05
d544c0b3-0a3f-477a-a977-e09c2411e32e,140600,57.1098,6.4381,27.5,2018,2018-08-22
d55149ed-46c3-4a2b-a3ae-cb0292c3d8b9,140605,41.9638889,3.2283333,,2017,2017-02-03
d55c949e-0e1c-4486-9a5d-00a54caf25ef,210788,21.5085,-157.8295,,2017,2017-05-31
d5635aff-4562-4727-b0f9-4c236acbcb65,210788,-4.4746934479,55.2459674529,,2023,2023-08-09
d569c9b8-e721-4477-87b5-84121bd93553,140605,42.3830992665,3.1585512708,,2024,2024-06-01
d56ed127-819c-422f-a7c2-caa629083d1f,342023,36.9491972222,-122.06095,,2024,2024-11-03
d575e0b6-4f88-45e8-8196-1ea2a084b0de,534097,9.98,98.62,,1994,1994-09-05
d57931e5-08ff-43bd-9b2d-61e929683679,534733,36.38585,126.3783528,,2013,2013-08-21
d582109c-e557-4151-b9a0-3fe458307164,239392,-60.83666667,-55.62166667,342.5,1996,1996-11-24
d58aa36f-e1d3-4a99-9588-980c8e231fe9,342305,54.071617,-166.211809,102,2011,2011-02-01
d5929956-f36f-4af7-bf0c-3056942245f7,342381,-43.3058,178.2425,330,1996,1996-01-05
d599fac1-782c-421e-bc6f-7921d2c2896e,140600,59.99852,-1.199636,,2016,2016-08-04
d5a23b4a-a177-4b79-9dd2-1003f40cd21d,140605,37.7130517001,20.8656009659,,2026,2026-05-30
d5a83f65-fff1-42cc-9e3c-b86016a5211e,138803,35.0731,-20.6052,,2021,2021-08-26
d5ab5bf5-f520-46af-8593-a6a60754cada,341952,32.7611776,-117.245933,,2023,2023-10-18
d5afa8b5-5b0c-4396-b9ca-e7194c9aa496,138803,33.2671916667,-119.4870694444,,2023,2023-12-11
d5b52c84-11f6-46cf-84f9-4ec19f8b53bc,140601,42.72938396,16.03558559,,2005,2005
d5bac533-aae8-4ee1-aaff-2aa6f108295d,140600,56.6493154182,-5.9876410291,,2017,2017-04-29
d5c00dcf-37d8-40ef-b30a-0b5430599cfe,342036,-32.7132242916,152.1541639599,,2026,2026-03-06
d5c4701b-9e2a-40ad-b6a9-e338a8cc4e47,420654,55.66,-56.72,1281.5,2004,2004-10-10
d5ca61a3-a6fa-4596-953a-bae6bfeaa04a,342045,-42.655,147.987,,1984,1984-08-21
d5d1d3b9-389b-4ae6-bd3b-5a34d0fe5e7b,140596,59.472,-67.389,292,2009,2009-10-12
d5ddea8d-14a7-4d76-9b19-db8378482cb7,140600,53.785,-13.6027,183.5,2013,2013-09-21
d5e56c5d-5154-4fbb-82ef-55ce4886f0c2,341948,-33.8399237002,151.2539084498,,2021,2021-07-25
d5eac8b8-328c-4f2b-bd69-b1f93d384333,342036,-33.81611,151.24777,,1977,1977-03-03
d5f1fe8d-31df-4c8e-b86f-5768b7646f9d,140600,51.1505,-9.96,125,2016,2016-11-22
d5f78b55-0cdb-4311-a2a4-81a0b5478726,140605,42.4806119191,3.1330135837,,2024,2024-10-26
d5fc21b3-51cd-49c9-9aca-47a8346a03e0,140600,50.0455,-4.8288,38.5,2017,2017-03-10
d6008bf2-ca91-4b1a-ac10-d52bfb1ec05e,210788,29.4974917667,34.911116468,,2016,2016-10-20
d6057ae4-5f15-488f-a2b5-60eeec63872c,140600,49.863,-6.7782,54.5,2024,2024-03-05
d609186c-13e1-4a4d-a704-a2f3f6c38e18,342305,47.5243589842,-123.0450190811,,2023,2023-08-31
d6119673-abe0-4ae8-86e1-6b222c3af0a5,210788,22.3576963535,120.3796756271,,2025,2025-02-25
d61507df-9a00-4002-a5fb-e4484ac18228,210788,-24.1098508404,152.7177213114,,2022,2022-08-29
d619b42c-9306-4dc3-a99a-d56af6c550a1,140600,50.15,-10.597,153,2013,2013-11-15
d6200e6f-9b61-4f7f-8bf5-bcaaff2aa248,341952,34.399475,-119.7017366667,,2024,2024-02-10
d62861cf-f43e-4ad1-b41b-fc75c364d8e6,140596,42.1669998169,-68.7829971313,198,1971,1971-11-06
d62f43cb-a300-40a0-8085-e05bc95f8806,157019,56.69805222409459,-5.726971613774074,,1995,1995-09-28
d63395ab-ec9b-4c95-bc94-5dc6dbac0f5b,140600,49.5148,-10.8324,81,2020,2020-11-21
d637fbac-1f2a-4f2b-956d-3c8aec5b151e,342023,48.60482,-125.17022,,2009,2009-04-30
d640e112-1fa0-4ca5-9f63-ddb0add416a6,534099,-23.8524,152.339,,2004,2004-04-16
d646ade6-6bb9-403a-b59c-005094eec1df,341953,15.1999998093,145.75,,1945,1945-05-31
d64a0235-24d0-4153-8fe5-52761450af37,325329,-62.9,-61,204.4,2006,2006-3-6
d64cb497-3e63-4c13-88fc-fda4d822ddd7,342023,47.3073832544,-122.5170066278,,2025,2025-07-25
d652b94a-9ed2-4431-beb3-3974805e5afd,140600,56.593,-14.719,97.5,2018,2018-09-25
d65a2578-00d5-4563-b6c6-ef00f5a54bef,342036,-35.7127464535,150.251230225,,2021,2021-03-01
d65ee705-6e82-45c0-bca3-3c4776f4625d,325340,-61.1,-47.1,1531.3,2006,2006-3-17
d665baa4-9b8d-47b4-8da5-b5e7d5aab953,239393,-63.0379981994629,-59.1730003356934,666,2000,2000-04-28
d66b139e-8d1e-42d7-9387-18db67901f4c,342023,47.6871984287,-122.4042896084,,2023,2023-09-04
d66f2271-007b-4a49-950d-c776c916aa50,140598,52.1162,-13.0298,352.5,2012,2012-09-11
d670df32-c8d5-44fe-8603-0c0f0477a44d,140600,57.069,-7.058,71,2017,2017-11-17
d6752dcd-4d7c-485b-a56f-abf2eb73fe06,341952,32.7609421413,-117.246618401,,2022,2022-09-17
d67bb6a4-619c-49f9-ba5c-3124bec4a465,140605,38.11,-0.07,274,2007,2007-06-02
d67fde36-3790-4fd4-85c7-fd5025d71888,341954,11.90664,-71.28186,0,2023,2023-04-20
d685e8ad-77e6-4414-aca3-05833f6110b6,140596,29.168333,-80.033333,320,1984,1984-05-30
d6887128-3ea6-4f08-a277-1c86965e6c24,342305,54.065709,-166.23582,121,2011,2011-09-13
d68fa593-4fb0-47ce-acf5-ddd554a506e5,342023,37.193245868,-122.4012197467,,2021,2021-12-05
d6985447-6e64-4a09-a6ec-4bf7856f6395,457762,18.4764593075,-66.3137055242,,2022,2022-07-18
d69d0732-8fdd-4a48-b04b-5734fc743e44,140600,49.1171,-6.5147,57,2010,2010-03-17
d6a47187-7814-4eba-b083-c194c1901287,138803,11.8830003738,-144.800003052,50,1969,1969-10-18
d6ad8411-91b1-4adb-a04d-12b4824198e0,341953,20.4125003815,121.917221069,6,1987,1987-04-22
d6b1c97c-e4a2-4530-9161-7e59980891a0,534733,24.4235852767,118.2169675492,,2014,2014-06-25
d6b516a4-4296-4ead-bdf9-722f297fdc0c,140605,35.0324038172,34.0426163672,,2023,2023-06-26
d6b8d9e5-02bc-4dcc-a89c-9eadaae360b0,342023,49.969532,-125.207215,,2022,2022-05-17
d6be7523-7f4a-40d5-b8ff-f1639785e232,210788,4.5958254,118.8643398,,2025,2025-06-22
d6c6c729-099d-46d1-a61a-1ed2b2f81f12,140605,42.471335957,-9.0029039606,,2024,2024-08-23
d6ca7d6a-6789-4e80-aa23-23c35bc8f8d3,210788,21.4566580784,-157.7764779883,,2021,2021-09-04
d6ce3384-8fdb-4e7e-8d77-669f7f006ebb,534733,34.64796944,128.5622389,,2015,2015-01-14
d6d15948-e76e-4e0a-9920-d57a651b44ea,410335,-44.362,177.8816667,1144,1995,1995-10-10
d6dba4f6-ff84-4068-87cb-79e6cffbcd1c,210788,-17.583331,177.088696,,2025,2025-11-22
d6e1d8e1-b62e-419d-a82f-6ce36e034b26,239392,-53.91,-36.99,127.5,2006,2006-1-23
d6e74ca6-e94a-4d2f-a8f2-b99ec5da8471,140601,37.5159988403,9.02099990845,86,2004,2004-09-08
d6ee8488-2329-45d1-8a69-b69f72adc65b,534099,1.4446355444,125.2357315742,,2026,2026-03-10
d6f20d05-cef9-41c5-b548-e1c112b6ea9f,140605,27.7897564915,-15.7250258415,,2017,2017-09-29
d6f7f1cc-11f2-4a62-9886-586113739f91,210788,-5.7759726,123.8948447,,2019,2019-11-01
d6fc5838-fe60-4b66-ae94-d93956b9d824,140605,36.8232156229,-2.4483368267,,2026,2026-06-07
d702e86a-5624-41a1-9e74-adf214de4f0e,342015,-43.216,148.283,,1938,1938-10-21
d70c07c6-0b37-4b7b-919e-b9c9f62254b1,341952,32.7606242308,-117.245501667,,2025,2025-10-17
d712ac15-0b78-47be-b5bb-7288bcfd34d4,140605,36.7,-4.08,55,2005,2005-05-12
d717a7ee-4ab6-4220-b7e1-1c08fb2a216f,140605,43.3183999266,3.5583224792,,2022,2022-10-19
d71f67a3-775c-49b1-9369-344d86f31401,140596,44.79,-54.26,191.5,1995,1995-10-15
d723b411-61ba-48d8-a53c-b4f9b3555980,535605,-41.1051,173.2393,24.1,1900,1900-05-24
d728fd5f-d202-4483-9b52-5e404fce7a2a,325319,-61.36,-56.04,354,2002,2002-2-2
d72ba76b-a6f2-4820-ba69-723dfabf7241,210788,11.5,162.25,,1946,1946-05-23
d72fcfb2-5a5e-4682-9be9-16e1b97b077b,140598,46.632,-4.9274,243.5,2015,2015-10-19
d738550d-2069-482a-aaa4-5d653acc0f9e,140600,53.45,-6.11667,,2014,2014-08-23
d73c8ded-8dcb-4b00-9731-77ec50e665aa,1438204,-43.4176667,-176.0983333,358,2023,2023-09-09
d7432eff-a0e5-4d19-a0ee-9a955e727c18,342305,48.61861,-123.53444,,1981,1981-01-07
d74bd3dc-b976-4443-82a5-1f981a444cc7,342381,-47.9783,169.7,751,1983,1983-10-10
d750de51-9954-40da-a327-98f55c47f8c3,140605,42.72938396,16.03558559,,2011,2011
d7591734-b1d1-4f2b-95a5-c36095e2a9e6,140600,39.56,-0.02,80,2007,2007-06-05
d75d1dd8-9c4d-40bb-af4f-6008718d2339,140605,37.0747,-8.6863,,2024,2024-10-14
d7606cb3-22ac-4f67-98c4-b2465c23b41a,210788,-8.0998358132,115.640977199,,2012,2012-03-06
d7629e2d-a7b5-470f-ab6f-1ec4d09c9744,527162,-61.14,-56.18,405.5,1996,1996-11-16
d76ddc6c-75e7-4955-a5e7-a2619464ff67,140605,38.3266498257,21.8847829215,,2025,2025-08-19
d777bf08-787b-49ad-9060-1bfbcb7039b8,140605,32.8352276042,34.974481757,,2024,2024-05-18
d77c1d73-134f-4cf8-b660-424aabdad286,342015,-38.357143055,144.7733011117,,2024,2024-05-18
d782ebb7-b085-482f-9408-1e417da9b814,325325,-61.6,-57.28,431.2,2002,2002-2-14
d78ca06a-6fbd-4215-928a-18022e589450,140605,36.51405,-75.16303,34.5,2007,2007-02-11
d79239fe-426c-4ac2-b789-810188ce5cb2,140605,42.3300018310547,3.52999997138977,,1969,1969
d795cb99-a3e1-462d-8ee0-79ab5852d721,341983,24.2842596987,-110.3289545081,,2025,2025-06-14
d7a2c771-cc9d-4d5e-8570-e0ee52de3cea,342023,48.87508,-125.4256,,2021,2021-05-14
d7ab45ce-9647-43c0-99c5-49a3c94b92e8,140605,-34.12339,22.12039,,2019,2019-03-18
d7af259e-1c5c-47cd-b283-70325cde324c,342036,-33.7996546464,151.296270651,,2021,2021-10-22
d7b603e6-c50b-4ae9-9ea4-455678387903,210788,-22.3002299864,166.4360057111,,2025,2025-11-07
d7b997e8-7b40-4a09-aeb9-5d5ab1b559eb,325329,-66.9329986572266,65.9169998168945,185,2001,2001-01-26
d7c0a82a-553c-4731-a432-c41d9d821cae,342036,-33.9256859,151.2593896,,2023,2023-06-21
d7c6300f-c791-40d5-a296-1c376ee04876,140605,28.9201409878,-13.6716807469,,2023,2023-01-10
d7cb52c6-747f-4bdd-a7f7-06809f9390cc,342305,48.61694,-123.50194,,1981,1981-01-07
d7d22565-ed09-4dcb-95d6-0c8cafce1c06,527127,-50.4016666666667,-57.9325,149,2012,2012-10-15
d7d7c479-82f7-4de5-bcb8-53059a6df550,140607,40.1179,3.7485,162.9,2005,2005-03-16
d7dcd033-d4e5-400a-a170-181452a09826,342381,-36.9833,176.25,365,1992,1992-02-10
d7e40273-5da1-4dc2-8067-32e54b0a9f14,140605,39.6728562333,19.6989514917,,2022,2022-07-25
d7eadd5e-a4f2-4ed7-94c1-e511dc59873f,140600,39.8105,3.8813,375,2001,2001-10-01
d7f63ec8-c793-4542-82a3-69f5ca43718b,140600,49.1171,-6.5147,57,2010,2010-03-17
d7fcc45c-64dd-4327-8372-868610e876e6,210788,-3.3437478847,40.0421859158,,2022,2022-11-10
d802caae-7757-4196-bfbc-b899f819f35f,140605,36.67,-4.28,66,1996,1996-05-02
d80885de-6d63-4a75-85b7-3030175df8a2,140600,58.755,-5.785,57.5,2014,2014-12-01
d80fd0a2-ec5e-40c0-869c-88526d063848,342036,-36.36747,174.8373283333,,2025,2025-11-01
d8140511-d62e-4320-8caa-9d077f60bbc8,157011,48.68166667,-60.94966667,351,2005,2005-08-27
d819fc3d-8d95-46c8-809a-7555ca066dad,140605,39.83,0.71,95.5,2008,2008-05-27
d8257054-c760-413d-a369-1925244e6d55,410340,32.2000007629,-64.1999969482,725,1971,1971-09-03
d82b02b3-8275-4168-95e6-f7a46547c00e,341950,-38.3572943544,144.773026873,,2021,2021-05-08
d8312fec-f25d-4ffe-a1eb-de40c851d9f4,140600,39.7753,3.6998,82,2009,2009-03-13
d839fb57-1534-4c47-bffd-45d88cac9700,342036,-34.06938041,151.129731136,,2020,2020-08-05
d8436cdb-8c49-467f-9ca4-f8035f6cce51,342036,-34.0631864671,151.1565430747,,2018,2018-07-30
d847dd0d-fed9-407f-a3f8-73ec948abb55,140600,48.5052,-8.6105,92,2019,2019-04-04
d84d7c70-6c4a-4ef2-ad56-b21f7f46478e,140607,38.67,1.08,127,2001,2001-05-30
d8503961-efa3-49e2-9fc7-c8f762ec4786,457762,16.1742621651,-61.7798236746,,2024,2024-07-20
d8535038-be9c-4e73-a720-2ad00857ba14,342305,54.04861,-166.236861,86,2011,2011-09-24
d859fa32-378f-4c62-8e20-1469b1029fdb,342023,36.8204135398,-121.9866814471,,2024,2024-10-20
d860769c-289c-452c-8539-60c47e4ddaf3,140605,43.176875333,6.603393741,,2022,2022-08-01
d8652f14-e210-415c-99a2-f0f791bebc6d,157011,49.246,-59.97466667,245,2007,2007-08-14
d86e926c-2cdd-4195-93e5-c0c3ed8e93bf,325315,-72,-178,969,2018,2018-12-01
d87331cd-56f6-480d-ba00-9a909a93587f,535845,9.17778015137,123.447776794,,1978,1978-05-10
d875c31d-5d87-4c79-995f-c0dbde6bfcc2,342010,-0.6201529331,-90.6529895327,,2025,2025-01-30
d87c0c1b-f30d-4ec6-9056-dd1d6ab6a4be,140596,68.491,-59.519,636,2010,2010-11-03
d881883d-5db6-4090-bc96-0900067b7b15,140605,32.1699981689,-80.2789993286,16,1998,1998-04-30
d8886e62-97de-412a-9e35-8f557625e2a8,140605,42.4071139848,3.1576210592,,2026,2026-01-29
d88bc3c8-764b-46cf-9e50-0176e693c5a7,420653,23.8112616667,-75.1199983333,,2016,2016-08-13
d88e3799-cf79-491a-967e-bdbb0ef2da37,140596,62.765,-61.43,440,2013,2013-09-28
d893aa05-7098-4fae-8154-f9c39b78a887,140605,42.3463281334,3.211105845,,2025,2025-11-04
d89a27f8-2306-4c07-9f1c-01b2e0d19aaf,387695,-53.75,-59.3333333333333,1088,2006,2006-09-03
d8a0919e-3ee0-4d3e-a3d1-bf0efefa6518,342010,0.31283,-90.40129,,2024,2024-10-11
d8a736af-43f8-423a-8f41-37cd97bf1cec,140605,43.1656686991,5.607306473,,2025,2025-07-21
d8ae1405-846b-4692-941b-e3219256c788,140605,39,0.18,111.5,2008,2008-05-24
d8b2b0a0-1049-447c-b671-7aa443607d27,341985,25.298,-83.203,59.8,2013,2013-06-15
d8b4ed63-8b3d-4697-b536-6ee58fa7bb36,140605,38.11,-0.2,,2007,2007-06-02
d8bba196-91f0-4227-b04c-89abfb88695d,342305,54.051744,-166.2553,82,2010,2010-10-09
d8c37198-378c-4af4-934f-6ae58c90e0c3,140605,36.8233862136,-2.4482640962,,2025,2025-10-07
d8ca074c-dd40-4aa5-9417-147d6e7e1bfd,342015,-38.3685278577,144.8222663266,,2025,2025-03-19
d8cfb470-02bf-42e1-b374-e36759637fdd,140605,38.4144753803,-9.187820977,,2022,2022-06-10
d8d3bbf0-0c97-41b4-b693-0d265ac2485f,342023,36.6057366667,-121.9599833333,,2023,2023-02-01
d8dc18dd-8665-4223-ae54-97fe669d0b10,342332,-33.1573062903,151.5321259918,,2024,2024-05-30
d8e131ec-cb82-42df-a310-71472e396455,342305,54.057979,-166.221433,97,2011,2011-03-01
d8e72a6c-5a9f-42bb-81cf-384a9b59c34e,342305,48.5050027778,-122.6774777778,,2023,2023-03-04
d8f12f59-1f24-454d-9351-8d24236d7610,140600,59.307,-5.499,54,2015,2015-12-07
d8fb412c-e892-40c5-8848-61aa35ebe3d0,140600,57.212,-13.424,106.5,2020,2020-09-20
d8ff2c54-c9b7-4646-9fa2-8d2a620f08db,457762,18.0213451891,-63.1130221036,,2026,2026-05-18
d906d951-d45a-4cf9-902e-0d9dabc33af3,342036,-33.9922329866,151.2293041294,,2024,2024-03-30
d90cf6fe-e065-4273-8ac1-cd3b05767dd7,140601,34.6489982605,12.5530004501,64,2002,2002-05-16
d912d403-d4f3-4597-b2fd-d820640109fc,341985,27.9500007629,-82.4499969482,,1930,1930-06-30
d91ca2ae-5fda-4eaa-b23d-994a2a34e292,342381,-39.8,173.5833,88.5,1981,1981-02-13
d92272a9-c7c5-4e85-af32-090b797c6ad3,210788,27.957988739,-175.802185059,2.5,2002,2002-09-26
d92999e5-8b75-4ee6-a380-ce1c5d69cfa1,342381,-40.8183,173.12,37.5,1984,1984-08-05
d92ede80-f0c7-4afb-9ac8-a63da4fd5916,140605,30.412683,-80.7763,25,2016,2016-09-26
d9369f27-099e-49bc-a1bc-d2359e4e3e1a,140605,39.2957,2.6958,66.4,2005,2005-03-21
d93b469a-1557-46df-89d5-81cea5d9fa2f,341950,-38.0081272092,145.076417215,,2017,2017-08-24
d940c12a-d048-4fa9-9dff-fdf3b5bdeceb,341954,16.2737165766,-86.601504587,,2025,2025-03-28
d94a9ac1-5575-407c-9872-37433167d893,239392,-61.34,-55.49,148.6,2006,2006-12-19
d9512679-31ba-4475-b0ab-cbfe30567fa8,534443,34.3315,135.1535,,1992,1992-05-17
d9578218-7f74-4db6-ac00-0d8a12af1c64,342334,-37.9917746989,145.0436499732,,2024,2024-12-25
d95e8d07-e388-4640-9e9e-ffe5f1efd08e,342036,-32.7207997,152.1414358,,2025,2025-12-26
d966c8b6-214c-4b48-a19d-4bd3faef679f,342381,-45.4615,171.1818,88,1992,1992-05-15
d971dc05-0469-49f5-8126-f591906dcf47,1561957,-32.089998003,115.7528921411,,2025,2025-12-13
d97a30cf-cc9f-4b94-a6aa-adef3ed729cc,140605,38.9,0.21,99,2003,2003-05-07
d97fdde0-8208-46ca-a3f2-932d177ebf8c,140600,51.981,-11.8015,588.5,2018,2018-11-21
d985d653-857a-40d1-b897-27fae28b2ad6,140605,37.431303333,-1.5087316367,,2023,2023-08-20
d989a777-725d-49dc-b186-635642bef6f1,341786,10.9389971296,-85.7326464254,,2014,2014-03-14
d99168d7-5b58-487c-8ef4-41d237d7b346,138849,41.721,-29.999,1084,2004,2004-06-30
d9968389-84ab-4b6b-80a5-82216e6b0fdf,342010,0.2821,-90.49147,,2017,2017-06-13
d99de50d-c17f-4582-b483-b2eec401dd01,342015,-38.3562343123,144.7721169676,,2022,2022-01-09
d9a234e8-7c99-4aee-9d6e-73481c7a3606,535784,-29.1599998474,15.3800001144,175,2005,2005-01-25
d9a6e0d9-a229-4507-81ac-b4439d112ebe,342036,-27.4964277017,153.3976694929,,2023,2023-08-30
d9ac8c09-acf3-4167-8910-ffe7d3fba2ae,140601,39.5572,3.5114,69.5,2005,2005-03-10
d9b160e4-0771-4aeb-9729-93a9602eeacf,140600,50.4339,-7.1906,55,2020,2020-11-29
d9b70f19-dc07-4d7c-b045-55c5a8f08039,341984,16.2869614906,-86.3007786138,,2026,2026-07-03
d9bcf5bf-bcd3-4c72-a0d6-0114231e9e73,341952,32.8077073337,-117.2670601773,,2025,2025-12-06
d9c27eda-f3e2-4009-8699-d5ff03686e95,325327,-60.97,-55.91,211.7,2006,2006-12-23
d9c9f7f6-fde5-4fe0-b479-bd244ba9d436,210788,-4.6169203927,55.3892766159,,2025,2025-04-22
d9d506ec-3ed2-4a2e-9695-43e981892085,140600,53.3513,-3.7312,11,2011,2011-09-21
d9d88d76-4967-45cc-bd0e-2b6ca7be8f51,342036,-33.839763,151.25323,,2014,2014-03-16
d9deb8de-c284-499e-9dca-65a49bd622a8,140601,39.8567,4.0861,62,2002,2002-05-18
d9e5356f-6298-40df-b1eb-1932c856bf66,140605,42.237593054,3.2071591251,,2025,2025-07-06
d9eb2950-7b50-4691-ae99-018c84cc8816,342023,37.698255,-122.999751,,1973,1973-07-16
d9f3110f-ee34-4f25-920d-3ed846a13048,534099,1.4770820906,125.2423157543,,2018,2018-08-27
d9f8f911-75e4-4ad2-bd58-8539d5e8ac0c,342381,-40.9748,173.3955,40,1990,1990-03-17
d9ff8e72-dc14-4731-95e7-a5a9cc21e40f,342305,54.051383,-166.239164,90,2010,2010-09-17
da02631a-34d3-41d7-bc23-6fe7585bba4d,535623,-18.8593,146.786,,2005,2005-12-10
da067f3a-1c60-460a-a848-b1b1eb2808d9,140596,51.01,-50.31,920,1996,1996-11-14
da0f5698-db7c-49ee-913a-e0cd026308c8,140600,41.68,3.38,232,2003,2003-05-17
da160aa1-c3f1-453b-ba54-84c7342b652f,342015,-43.1364,147.2828,,1964,1964-10-01
da1b1f83-3441-4c3e-aee3-622f84f65d9f,157011,49.59916667,-60.67083333,289,2006,2006-08-20
da20a9bd-a01e-4bd9-b5ae-497141a6f5fd,342007,19.9169998169,-79.1500015259,,1937,1937-04-23
da270552-d3b0-4f64-b58f-18b5743d6838,140605,36.8231340842,-2.4482831731,,2025,2025-10-18
da2e778d-25ad-4738-937b-fe2da9e49436,140605,42.72938396,16.03558559,,2001,2001
da373a71-ab2a-4c7e-8434-667702cb710d,210788,3.8840395974,72.7267525817,,2025,2025-12-24
da3e04da-351c-484c-976a-9ca8eb2dd7c8,140600,51.3715,-11.465,309,2020,2020-11-17
da4879a9-f255-40ac-837d-4191b3996306,342305,54.06573,-166.224223,102,2011,2011-09-16
da4adb1e-99d7-4897-8c66-b8b016447e1f,341950,-34.6204101938,135.4695618179,,2024,2024-01-25
da51f503-dc4e-44bc-8e32-7f88d67870f1,342023,36.6044177741,-121.8893317275,,2022,2022-07-02
da556a1d-a7fc-4848-ba46-ccf75f1c7213,534099,-8.587188,119.495201,,2008,2008-09-18
da658981-6e1f-4022-8cf5-25fdd9d3d4cc,140605,43.179317823,6.6432761773,,2019,2019-01-15
da6cb6a8-4ea7-4d84-bea8-9e9750785e10,210788,11.2896407,124.2666095,,2025,2025-05-16
da769888-33e5-481b-8ee8-76f8d5614f9c,140605,42.3848872133,3.1629122657,,2024,2024-06-26
da7edb9a-bb94-41f5-b355-fa8f7a9d235f,140600,54.670253,-5.657108,,2024,2024-04-21
da84afe9-88f1-4c08-bbc6-5825a336293e,341954,19.383161,-81.417282,,2024,2024-05-15
da89819b-2d3d-4e8d-acb9-eee40bf644c3,341952,33.5834297,-117.8613619997,,2022,2022-04-25
da8c7a41-7866-4471-a2fb-8ab41042a5c2,534111,-37.85,144.95,,1916,1916-05-01
da9397b2-672d-4a84-ad4c-2fcb81cfb05f,342036,-34.0704987544,151.1568852207,,2024,2024-11-08
da9ab020-748a-481b-af60-66e41e331ab8,157011,49.12166667,-64.48,222,2018,2018-08-04
daa346fb-d506-44f8-b5c9-e2abfbdde7c5,534733,36.48707778,126.1945472,,2012,2012-08-08
daaaa868-9f7a-4fe6-b829-e4e849cf587c,140598,39.8095,3.8923,374,2003,2003-07-06
dab2c30c-8991-4bcc-9a2c-9b458b954e9a,535784,-32.0499992371,16.6166992188,,2000,2000-02-01
dab97088-7185-4f7d-9db8-45dd26a42a6a,535784,-32.1833000183,16.3666992188,,2002,2002-01-27
dac08cac-297a-46c0-b481-3a2d3b8aa00d,210788,-22.3301007121,166.8332066432,,2023,2023-10-21
dac66a71-f2dd-42e3-b626-650cb4fde29b,140600,50.352,-2.4599,27.5,2014,2014-02-16
daca6334-5a4a-43c4-80aa-711e692a0e62,342023,49.72952,-127.15155,,2022,2022-04-25
dad339fc-8af9-49b8-9b8b-a1b32b74bee0,140605,41.3600006103516,2.50999999046326,,1967,1967
dad74787-230d-4438-9f23-7b5f308b40b3,342305,48.4175,-123.41778,,1981,1981-01-12
dada40c6-1b39-43d0-b481-08e818ab7ba0,325324,-61.36,-56.04,354,2002,2002-2-2
dae50df0-3065-47cd-847a-c150ee271c7b,342015,-38.3646788299,144.8233013917,,2021,2021-12-29
dae8c1da-b5eb-446d-b569-75756607b59b,342015,-38.98333,148.4875,,1996,1996-11-21
daec4851-a370-4d24-8e28-842e2192e66c,140600,52.8247,-13.4665,126.5,2017,2017-09-05
daf254e9-1e89-4bf6-9b72-6a531ae33d0c,749548,26.7827939086,-80.0407692024,,2023,2023-07-26
daf8308f-d272-4b29-b0ad-41677e06c2a0,527142,-49.12975,-60.3644166666667,263,2010,2010-10-30
daffae2a-4c82-4282-b8d9-b37c94e4a3e4,342223,-44.70233,-177.2985,1100,1998,1998-10-11
db06816e-e1fe-4911-aa35-15f14f1bf9b7,1043781,48.95643,-126.38335,,2021,2021-05-09
db0d9b19-ad4f-405d-9125-3c5db3dd4526,342305,54.06697,-166.212002,97,2011,2011-09-24
db1026d8-d619-4aab-8599-735ab2a230c5,140605,39.29,-0.02,118,1996,1996-05-26
db18b6f1-3306-4dc2-b32b-9b105e50448b,140605,5.08300018311,-4.07499980927,85,1964,1964-05-30
db205d47-d4cf-47a7-b8c5-efb184395288,341954,24.5669994354,-82.1330032349,,1938,1938-07-09
db268789-b786-48e1-854c-c4126d537641,210788,-27.5256223069,32.6839333817,,2024,2024-12-21
db2942ad-dab3-470b-9987-80fd6f7bd379,341952,29.838250008,-112.6508033333,,2016,2016-03-25
db2c928e-5eb0-49c9-aa91-85f2add1fa75,140605,38.8343086479,1.4015291005,,2025,2025-09-22
db3109da-f0de-4a62-a6f2-199c7591d6fc,342023,47.4814716667,-122.3628083333,,2026,2026-05-16
db356f83-05f3-46f1-b551-bb9f971737f4,140605,28.9178952905,-13.6688991254,,2024,2024-01-02
db3a427d-ec7d-401b-a259-53d14e8a144f,140605,27.87399608,-15.38187124,5,2015,2015-08
db42b9a9-8189-498b-88b9-bf9ad6ed14ae,140610,-33.78,157.7,,1982,1982-08-24
db4afb5b-cc87-4484-a324-d0993916fd99,527142,-50.11125,-57.8306666666667,297,2010,2010-11-03
db515aa4-4704-4971-a203-b38cea012fb2,527142,-50.4333333333333,-57.8833333333333,153,2012,2012-04-17
db5833f2-bf45-4267-bbf0-9e1f26614657,325336,-60.99,-55.82,151.2,2006,2006-12-25
db5cc4f9-fe4d-48b2-a871-650eaf37e591,342036,-33.9256859,151.2593896,,2026,2026-01-29
db604a98-7e2f-4633-8432-f2f8181a9603,210788,-17.3156325,178.3686036111,,2025,2025-11-24
db68126e-9b6c-4fff-8c48-babd14e6e641,140605,37.6454428143,-25.4722456352,,2024,2024-06-17
db6bd345-1149-4919-a305-6495a0fe96c5,341952,32.8143051749,-117.274043686,,2025,2025-11-08
db7416ef-6d5e-410d-86d3-a05c99eb0995,534099,-14.216,144.116,,1979,1979-02-24
db7a384b-3802-4638-915a-ac08231a2f47,325329,-60.98,-55.78,173.9,2002,2002-2-9
db83ca17-bef0-47f2-b76f-efca1fe24d63,342036,-37.0727470149,149.9083457707,,2025,2025-01-31
db8682bf-4793-48f8-8f80-0c60976b593b,210788,19.4240280829,-155.911836536,,2024,2024-09-05
db8fbf29-1542-4c96-b5d9-ffdac817724d,210788,5.8906093006,95.2546070372,,2026,2026-04-13
db95cd9e-83ac-41b1-9939-d0b35a6feb76,140605,30.9720001221,-81.1900024414,14,1999,1999-05-06
db997e37-241c-410f-a324-eef625495f92,342334,-38.3314271099,144.3286041503,,2024,2024-04-12
db9ec088-390d-4d6c-9dd7-68845804dfb2,140605,41.4,2.3,60,2003,2003-05-15
dba3410b-df01-4ffe-b6b3-d695c30ab736,457762,19.9246162134,-75.1455417148,,2023,2023-03-07
dba817a8-6550-433a-bad9-b6b5de5fc78e,140605,42.72938396,16.03558559,,1991,1991
dbac557c-e8c1-49cb-8a60-adae93f7a81a,140605,38.437502051,-9.0617091981,,2026,2026-06-28
dbb022eb-6772-4ffd-9937-4a332f6c3fbe,140605,43.66036,-68.70771,146.5,2001,2001-10-21
dbb325b6-a61d-40d5-9d3c-91c30b202f0c,210788,21.594445,-158.1102783333,,2017,2017-08-12
dbbbf730-c8ee-4be7-95e5-37fc114fe22c,341952,32.7611776,-117.245933,,2024,2024-09-10
dbc3d2b0-b69f-437b-93d6-2b6b82c5bff1,140605,38.6661887256,20.7696387383,,2023,2023-06-22
dbcc031f-1bb6-4877-8261-29edbfd7260a,140600,49.9073,-5.6523,39.5,2018,2018-03-18
dbd0da22-8c34-408d-a2e2-924c5318def3,325319,-60.98,-55.78,173.9,2002,2002-2-9
dbd94f5c-a3b3-42e6-99c7-8c8ecbd0810e,534733,34.64796944,128.5622389,,2015,2015-01-14
dbddcceb-a208-4c40-83b6-c59cd0cea3ff,341952,33.75003,-118.1223445,,2021,2021-11-04
dbe2b9c6-d0ce-4c12-9785-beecd874353e,140600,60.92168,-1.872821,,2001,2001-07-30
dbe6e5ea-498b-4773-b4cb-add588efc110,342036,-33.9161456763,151.2625135406,,2019,2019-03-24
dbefcc46-a164-41d0-949d-286201ed239b,140605,42.3300018310547,1.1599999666214,,1948,1948
dbf76d5e-2163-47c2-ab1b-b17b11ad0ae3,140600,46.4848,-3.8732,69.5,2017,2017-10-27
dc00e1b1-94ef-4d11-a4c4-edabf32a6582,341952,32.7619754872,-117.2463791756,,2025,2025-10-10
dc0b669d-d831-42d6-9c77-3f89d2e0b802,342305,57.0985906606,-135.4019694755,,2025,2025-02-16
dc103c75-5c16-4583-a3ba-11044cd47c34,210788,1.4593222222,124.7663805556,,2024,2024-11-05
dc133de5-daa8-407e-87ba-a3d3cd44ced4,341950,-38.3571219111,144.7731515787,,2023,2023-03-24
dc1955d8-5ba0-4f52-928b-cb23ba9e39b4,140600,54.318,-9.92,56.5,2018,2018-11-10
dc1d0a43-16ae-4377-9889-9c94fab45ba9,325329,-62.9,-61,204.4,2006,2006-3-6
dc207303-2634-466c-b6e5-01d164faf8de,140605,42.9375,-68.21519,169,2001,2001-10-20
dc23c36f-0669-40a3-9066-da38a606940e,342385,-46.7101917,168.2195389,38,2016,2016-02-08
dc2b6e57-e7c0-449d-9e8a-9f37639d7c39,342023,35.1747378175,-120.6359480777,,2025,2025-04-28
dc331e18-93c6-4699-ac14-9204de44297c,341954,24.369333,-83.262166,62.1,2013,2013-06-14
dc388845-013b-43aa-85c8-e34df4d7df0c,239392,-61.795,-59.525,630.5,1996,1996-12-4
dc3f591e-84ef-45c1-bd03-cbfe1da6721c,1043781,49.70248,-124.80019,,2024,2024-06-14
dc4a38c3-78f4-4c02-a2fe-06ffb681e5c8,210788,25.2458083,34.7956424,,2026,2026-04-23
dc527357-8f81-4187-9938-1b9f74fd0dfe,341781,41.016666,-56.55,0,1986,1986-09-01
dc549310-ae17-42bc-9d36-ad57742a7b46,157011,49.13266667,-63.05283333,173,2013,2013-08-30
dc5a7f29-0f56-44a8-a522-9fa6f30b0f47,325319,-61.635,-58.78666667,403,1996,1996-11-28
dc5f43d5-2022-4c26-9add-6b350c88ab97,140600,53.6522,-13.6507,135.5,2008,2008-09-16
dc6273f5-678f-47e9-95bd-aa68340a2bb3,342305,54.064218,-166.215214,95,2010,2010-08-09
dc6808e0-475c-4b13-ab01-b3a57467f3c7,342305,54.056015,-166.235585,79,2010,2010-09-09
dc6b33cd-7a5a-4f8b-a476-8644d8262253,342036,-33.9255945503,151.2593932636,,2026,2026-03-01
dc6f2c0f-58b6-4ff3-98a6-d8aa8f3252a8,342023,36.8095283333,-121.7552333333,,2026,2026-06-16
dc790144-ccf3-4153-956b-3ddd3def5d5e,140600,53.4337,-12.8822,140,2011,2011-09-22
dc7d6dbb-4c0e-4794-9c59-96a9209c77d5,140600,54.13763,-4.472488,12,2010,2010-09-26
dc840721-d862-468f-8c17-b1b2e20a5200,1805270,28.2394847456,-16.4035920426,,2024,2024-11-20
dc870d49-0c98-4a19-bf03-0155c38996b2,140605,42.2518676536,3.1449660698,,2025,2025-08-08
dc8ba53c-d85f-4f2f-ba7e-6951197469ea,342036,-38.6536866667,178.1395721667,,2026,2026-03-21
dc9914c1-3061-4414-9173-62f8a811593e,140600,52.1242,-13.8595,202.5,2016,2016-09-17
dca1cab3-bcda-44ff-8e15-e6cdfe296e6e,342023,47.3497466503,-122.3273577808,,2021,2021-04-06
dca585be-3013-45b3-9402-e89065fbfc8d,341952,33.5890716667,-117.8680716667,,2026,2026-03-04
dcb1ab2c-c6de-4e57-be46-8099e3216257,140600,56.72063,-6.23753,13.5,1994,1994-07-02
dcba4c50-0d13-44b9-8759-42f63c70a680,325319,-60.8499984741,-42.9500007629,284,1964,1964-04-14
dcc3ef48-298b-4810-9a26-999b378ead62,342023,48.95658,-125.70644,,2004,2004-05-07
dcc8e1ae-1348-413b-921d-92a1b3e6d635,342036,-32.7178202608,152.1411291137,,2026,2026-06-27
dccb71be-2ba0-4043-8db7-a3dfa36fd32f,342381,-49.2933,174.21,514.5,1983,1983-11-12
dcd1dd5a-3a12-4fdf-a80c-3227ab27d28c,342010,-1.29029,-90.4989,,2022,2022-03-30
dcd9f4d4-62d3-4d84-a9cb-126072782ba6,341950,-37.4083,150.292,166,1993,1993-08-02
dcdfd60e-1165-48ff-8e48-95378e72f404,342305,48.89145,-125.54269,,2014,2014-05-16
dcebbc51-e35f-4031-9b38-fdafe472201f,140605,42.3300018310547,1.1599999666214,,1947,1947
dcf43ff6-2962-4523-b8d2-0b85a0654434,210788,-16.9270835216,145.9898827193,,2026,2026-05-24
dcfca579-a260-4fba-a0d8-41aeea404897,140605,43.5124398071,4.114407306,,2014,2014-03-13
dd02d133-04f3-4d9b-b210-5bfc65ebd12f,140600,57.71434,-5.70698,,1990,1990-06-05
dd05c4d9-6ab1-48bc-b38e-737254ab6229,140605,39.9208,3.4286,113,2004,2004-03-31
dd0d9556-441f-4727-8d7f-ae78480dc179,342036,-37.2628881471,150.0501738014,,2019,2019-01-17
dd135688-8bfc-439c-972c-9cbd6bb239cb,341988,-40.7422639122,144.9794961955,,2021,2021-04-03
dd16c1ef-43d2-4252-9fad-3712ea5eaeea,140600,39.31,2.48,174.1,2009,2009-05-12
dd1c409d-a8bc-4652-941e-a32ce059c565,1561957,-32.1241879146,115.7591481963,,2023,2023-04-06
dd1feda8-b8b4-40d7-8264-82bf1b497d84,140601,43.77,15.09,102,1975,1975-10/19
dd286bbb-13a6-440d-aeb3-1397b78b8048,534733,34.60366667,127.0711667,,2011,2011-08-24
dd2ae115-f9be-4716-ba6d-355465478d40,342036,-36.2687172586,174.7955008349,,2024,2024-12-24
dd2eaf7a-6e8a-4ba8-bff5-d1395ba815f1,457762,18.3632550181,-64.5271351825,,2023,2023-10-25
dd353905-933a-4460-9150-a8d523bda21c,342212,69.584,-64.807,1426,2010,2010-10-26
dd38fb47-596a-4407-bd52-9cac55b56c4c,325324,-65.1674626169,-64.1292561351,,2024,2024-11-17
dd40c528-51a6-42ce-a760-4d8c5304788a,342036,-34.3394281345,150.9265067475,,2023,2023-07-03
dd468ff6-c4c3-4ad8-a865-74feb2d180f9,1805270,43.6868933743,7.2422707489,,2014,2014-09-14
dd4d5088-486d-412c-a2e3-973404bab4cd,138803,-36.0910784,173.8638976,,2022,2022-12-21
dd545a62-7248-434f-a198-a1cc73f48fa1,342270,-12.42,130.82,,1990,1990-04-28
dd5f017c-5a1c-436d-8d6d-d8cdc8bdfc05,210788,-8.528589,115.514313,,2016,2016-12-28
dd67352e-134b-49bd-b864-665bebdcfe19,527142,-51.7650000333333,-56.5366666833333,741,2011,2011-05-26
dd6fdbe5-73b0-41af-bcd9-9167b7c593c4,140605,33.3199996948,-79.1200027466,9,1992,1992-07-22
dd79baa9-eb2d-41a9-9b1b-ec680beb18c9,342023,49.50233,-124.0639,,2019,2019-06-17
dd81999c-9ea3-4041-9a5b-edbf248016a0,140601,38.2,-0.23,84,1997,1997-05-21
dd8786da-a9eb-489c-ad38-d958707766bf,140605,41.7221559,2.9382711,,2023,2023-07-23
dd8dadb1-38eb-4fa2-ae7a-aaddc7156118,140605,43.228538,5.348683,,2024,2024-11-10
dd96b019-bcb6-4a98-b8b6-01f551be7bd8,342023,37.8423083333,-122.6529783333,,2024,2024-11-16
dd9a3907-7554-4c92-b8ba-1d21f9126653,140605,34.7729988098,-76.3600006104,12,1995,1995-10-04
dda7e9c0-ef16-450e-8b01-20e37e7f971f,341790,36.7816666667,-121.9683333333,594,1975,1975-02-11
ddab1ed3-638f-427b-af22-6a692c69ea6f,140605,42.3449195985,3.2020839861,,2025,2025-11-13
ddb52eba-a974-4925-ab3e-ef944f74d905,342015,-39.0017,148.403,,1984,1984-10-13
ddb8ff00-47c0-4219-a6fc-5e25429e03c6,342036,-36.8989256127,149.9272680043,,2025,2025-09-07
ddc2c38b-da4c-4235-ad88-4b1c800433ef,215276,38.5566866114,-28.609579002,,2024,2024-10-18
ddc5be74-5dd5-460f-82d3-b3247da3ef89,342023,36.9492878304,-122.0612875661,,2025,2025-11-08
ddc87528-4b78-42b3-a21b-3b83f9f9e13c,527127,-52.7783333333333,-58.7466666666667,152,2018,2018-04-09
ddcd66c0-0fb2-4bf2-9663-dc7e751007ec,341952,34.0451002987,-118.9328824658,,2015,2015-02-15
ddd2fd48-45f5-4878-bf65-30aa17040a44,341950,-38.3573574668,144.7724153159,,2023,2023-04-22
dddb52d1-4d57-4cf2-a53b-36108c0c720f,341988,-38.116,145.133,,1986,1986-02-04
dde0633c-5bd9-4c46-bc44-09937f242d5f,342015,-38.3572388889,144.7733722222,,2025,2025-01-08
dde785bd-20ab-49e3-b1a3-b8d282d8b336,140600,52.8657,-13.7473,100,2021,2021-09-12
ddf209f6-9f3e-4e4b-bea9-ccc66dc44cc4,342381,-41.2375,174.2105,16,1995,1995-09-05
ddf527c0-d3d2-46cd-ac76-f911cbc6d52a,341951,32.8170013428,117.275001526,,1911,1911-07-13
ddfc2266-a5fa-4cc7-b036-049fb02750e7,140600,54.0599,-4.19545,37.2,2016,2016-07-01
de03170d-6ca8-498b-8e9e-24b32f657e22,140605,41.5212758024,2.463966023,,2024,2024-05-17
de0a10ae-7c85-472f-bdd9-d0dabdfcc46f,535784,-34.1833000183,23.3833007812,,1995,1995-10-08
de0dbc4b-14e0-4e05-8771-c62b05f51eaf,140605,38.78,0.24,56,2003,2003-05-22
de15cc79-532a-4fda-be8f-8b33c8cd8f47,527142,-49.1839166666667,-59.9239166666667,345,2010,2010-10-31
de1961ef-cdf3-4238-beaa-d3cee061cf75,140605,38.40854,-9.198303,,2010,2010-08-07
de1d6bf9-a54a-4195-9335-28ac488ac52a,140600,53.8453,-13.3553,180.5,2015,2015-09-14
de25c9a5-dd9f-4284-a7a2-96ed0f1cf4ba,140605,42.1465705617,-8.8297771153,,2019,2019-06-18
de2c77b1-b616-4305-8e87-093f3784a37b,140605,27.9915,-83.817,41.5,2018,2018-06-26
de30d8d4-27da-4c94-a6dd-c60fd79fc9f3,342023,49.40002,-126.98553,,2023,2023-05-02
de3c5010-c3b7-4b55-8905-c34fb2a9a7ad,342010,-0.3018,-91.6524,,2019,2019-03-13
de42e753-6071-4ea7-a785-ce063a98ca18,140600,49.8085,-5.8215,43.5,2024,2024-03-06
de4a18a6-bb3d-44a1-b568-15ebdd593d76,342079,-35.585,160.9516667,3182,1982,1982-09-27
de4e4aeb-f167-48d1-91ac-e58e1620f62e,140596,41.937627,-68.981637,164.5,2001,2001-10-03
de57c8e7-3c8b-4cb4-804a-1715e70e67ce,140605,41.8109223013,8.7622824385,,2021,2021-09-12
de5ae685-a20b-4f2a-b22c-4a675771464f,535605,-34.739908,173.118154,,2016,2016-06-23
de68966a-c48d-4564-8a4e-bb4500338dec,342015,-38.3656122702,144.8231343919,,2023,2023-04-18
de6e2cd7-33eb-4067-8ece-3e6ef0529b5f,342381,-48.4107,174.8803,920,1996,1996-04-17
de727bc5-e5ac-48bd-84c7-8555bac6264e,138803,-33.9861217021,119.8132342814,,2017,2017-08-19
de760f17-9bfb-4508-9249-b95025d846ed,342023,47.3070565,-122.5172054,,2018,2018-01-30
de79ab51-5eb0-4e1e-9aa3-c65d5c6ba9b1,342015,-36.94833,150.04834,73,1996,1996-12-03
de7d8924-2662-49be-a11c-c2b2a2123651,140600,50.8817,-4.7153,24,2019,2019-09-26
de827a72-9ac1-4e5f-9413-d10ed6136cee,140600,49.7555,-5.1788,45,2006,2006-03-26
de869bb4-14a8-46d7-9976-af4617756892,527149,11.1289997101,-75.2348327637,,1998,1998-07-02
de8db5dc-7557-444f-aac2-6db5a7422e48,140600,58.848,-4.685,40,2021,2021-11-16
de92fc5f-efb3-4405-b17f-fd617afd754e,341952,33.0346267184,-117.2939404607,,2022,2022-02-28
de9d221e-6cf7-407b-a208-2a46e798b122,342036,-36.2162346792,150.1327539903,,2025,2025-11-21
dea1cf35-f741-4ce3-82a4-b48dc773fd2b,140605,43.5105736972,4.1140642121,,2022,2022-04-29
dea777e7-a0e9-4d9c-b19f-3494f15a41be,140600,42.11,3.37,118,2006,2006-05-28
deb1876f-ddbc-49d6-acb4-7f6844b00def,325329,-60.9,-46.5,226,2006,2006-3-24
deb73835-5222-4481-8220-5296161286e3,535784,-31.2700004578,16.3199996948,338,2002,2002-01-19
dec12e3d-b469-4bd6-945c-473d4272c836,140600,60.12,-1.123339,10,2009,2009-06-14
decd4953-20fe-4e4f-b1a0-0a0219eba4ad,342305,54.05674,-166.292204,101,2011,2011-02-19
ded4a723-8f8c-4eb2-baae-e1fdfb8ba801,342023,47.5990021629,-122.4967851731,,2023,2023-10-08
deda2693-4807-4383-b3da-25477898476a,140600,58.547,-5.603,67.5,2018,2018-03-06
dee0bc82-e29b-439e-9df8-c2c8b176f267,341951,26.75,-113.166667,,1975,1975-02-17
deeb5730-e11c-4bff-923d-838340d31501,140600,57.8338,-0.3036,47,2016,2016-08-26
def5ad21-c5e5-4d88-86f2-4d27a6007385,140605,43.3281331638,5.2183421446,,2019,2019-05-26
defddbec-3155-40db-b69e-58913cac0291,341937,-26.45,153.833,,1968,1968-08-05
df061a4b-9f60-4b9e-a335-999c65dcc4b1,239393,-63.0130004882812,-59.1150016784668,621,2000,2000-04-28
df0da875-067e-49f8-b311-f294bd228781,210788,-21.7860187444,114.165505777,,2023,2023-05-27
df1616bb-abf3-4b8b-8b8e-bf14eb7fd5df,1561957,-32.1347289353,115.7382798439,,2026,2026-02-22
df20f8ec-6c2e-4e47-b6a7-20107f757937,140600,39.9624,3.424,127.9,2006,2006-06-20
df2777f1-450e-4e89-9283-7dd6d739b208,534733,36.38584444,126.3783528,,2013,2013-08-21
df2fa2f4-9ec8-4e2a-8224-146cc184e17b,341954,25.2772197723,-84.1563873291,148,1981,1981-08-02
df380b22-4f26-4917-93cd-e875f1c0ec1c,210788,-22.1315552307,113.8759519827,,2019,2019-06-18
df40bc1c-9d96-462f-bdfe-107c65d32f5c,342305,60.8,-146.8,0,2006,2006-06-26
df484fb6-c90a-4b02-92db-7ae20075860d,140600,52.4627,-14.1337,157,2015,2015-09-11
df4c45c6-46db-4e13-9eec-51d662fdaa2b,140605,41.2099990844727,2.05999994277954,,1962,1962
df585725-49b3-4304-8cf4-f7ed0bd996b4,140596,40.0999984741,-68.6330032349,247,1974,1974-07-17
df5fa8c3-e4f1-4f7c-a8c4-4c80b7d83c0e,342305,48.61694,-123.50194,,1981,1981-01-06
df66929b-2847-41d7-8220-4c26b0b3907e,342305,48.85483,-125.5926666667,,2022,2022-09-01
df6c3d9b-42df-4e38-bba7-76dbc07f590e,140607,20.9500007629,-156.783004761,223,1968,1968-04-27
df70947b-bfaa-4cd1-acd4-5eebba5cda34,342023,49.4499918946,-123.2404257207,,2025,2025-07-20
df787ee2-e0e5-440a-9926-989fac5dfe86,140605,40.7900009155273,0.439999997615814,,1966,1966
df7c9cd2-8c54-4ba9-a6f7-48a716fd2e94,535841,-31.5456833333,159.0597833333,,2008,2008-06-03
df83f827-4129-4dcc-821f-836ae71724b5,153084,40,-40,4292.5,1980,1980-11-10
df8f83c7-4658-476d-af1e-0d059966fcea,140600,53.1107,-14.517,179,2008,2008-09-16
df9666e0-2d66-4574-95ee-26b0b2d75c00,535784,-30.5300006866,16.1700000763,275,1989,1989-08-14
df9b485f-dc4b-43ff-8ce8-a0261fe6c4e6,140600,56.983,-6.96,65,2018,2018-12-01
dfa56748-b6c2-409b-ae48-bcbeb7de981d,342023,34.0453464707,-118.9319079975,,2024,2024-07-12
dfad372a-acca-40d3-9e0b-930cb61ba764,140605,43.4177156376,-3.4107710794,,2024,2024-01-26
dfb33b6c-ee80-411d-ad3a-7e818c57d70d,140605,-34.2003229944,18.4566432269,,2024,2024-10-20
dfb4929a-2a31-4ad9-b155-09ea2a3320de,341985,27.616667,-83.966667,55,1965,1965-11-20
dfc0749c-6411-4f3b-adb2-d898135d3a8a,342333,9.9721712148,123.3627014463,,2014,2014-05-16
dfc4a835-c158-4b60-b028-b6735722b1bf,749548,26.782940358,-80.0439046034,,2018,2018-05-02
dfcc838a-b740-40b6-bafa-8bfef2669678,342381,-44.9157,172.0723,365.5,1994,1994-06-03
dfd044a5-f3ea-4814-bf49-283333ff923c,325332,-62.11166667,-60.36166667,202,2000,2000-5-3
dfd353f3-4f62-4bd3-bf67-5de699acbfa6,140600,49.7203,-4.0047,41,2021,2021-03-17
dfdd3ead-bd19-4f6e-bc4a-7e46493c2ba2,140596,42.561272,-66.43106,223.5,2001,2001-10-08
dfe6b333-589e-4b23-a704-0e8d894d71ab,140605,43.03389,6.14083,,2018,2018-07-21
dfe9730d-a716-40c2-abf5-b610ecd3c166,342305,49.224428404,-123.094935296,,2024,2024-06-05
dfef3155-1baf-4868-92c7-9a26843ada7c,210788,7.125575,134.279375,,2014,2014-02-22
dff95111-d6e5-4726-962b-ac3145014076,342036,-32.7133322158,152.1561377807,,2023,2023-11-26
dfff4d80-1176-4562-bc62-8494ed15585b,140600,52.1748,-14.052,176.5,2013,2013-09-07
e003a1f6-22f1-447a-ab26-20d8bd01896b,749548,26.7828947025,-80.0436595741,,2024,2024-05-24
e007d862-8f63-40f0-b637-cc5f10316784,342036,-33.3892015624,151.4858743085,,2024,2024-10-07
e00d5e25-c2b2-4d1c-9463-11e82a6ccf51,140600,37.12,-1.77,288,1998,1998-05-13
e0142742-fcac-4962-a834-43484e0ea680,157011,49.18383333,-67.359,313,2008,2008-08-22
e0183a8a-f575-4a24-a2f1-4c43ca43ca09,341952,32.7611776,-117.245933,,2025,2025-06-28
e01b5c2b-2dc8-464c-9c9b-67ac2d8ef810,140596,43.833333,-67.5,216,1998,1998-04-18
e023c84a-9900-4af5-a67a-4afcfebf68e6,342036,-34.7466346543,150.8351498291,,2025,2025-09-24
e028c4e6-5477-49d8-9681-e67a5f293d02,342305,41.1318090161,-124.1634436123,,2022,2022-01-28
e02ae827-2acf-4a3b-8adc-72ec4ecc3bb4,140600,49.5495,-2.5168,28.5,2013,2013-02-24
e02dcb08-8d65-47eb-94d9-e5b51a8c3dd0,140600,56.2078,6.495,20.5,2007,2007-08-24
e03216c6-591a-453b-bb96-f2c2903401d0,342212,74.109,-70.599,1435,2010,2010-10-23
e0349bbb-3119-4288-b0cf-459be532f53a,140600,49.1171,-6.5147,57,2010,2010-03-17
e0384711-00de-4c5f-ab15-c752d64547c3,342305,54.054831,-166.202077,88,2011,2011-09-17
e03bebda-9d94-4035-aa7d-be9cd5f06f94,342307,-52.85,-58.83,,2022,2022-03-04
e0407e5c-0171-4a62-98df-26d2e38599d4,325329,-60.86,-55.52,285.2,2002,2002-2-3
e0447b7a-faa4-4dd2-8e73-5a247b18e0f5,325319,-61.01,-55.97,284.7,2006,2006-12-27
e04bd732-ed68-4740-bf44-aebd24781d11,342381,-42.6347,179.8828,1591.5,2007,2007-07-25
e0502104-5750-45c6-80c1-335e0290ddc0,325329,-61.3400001525879,-55.4900016784668,151.3,2006,2006-12-19
e056bf9d-c5c0-4fc6-8c99-a89b7991da1a,420653,16.3763771016,-61.5290032549,,2022,2022-02-26
e05c5615-8e88-40c4-876f-ba35434a5120,325336,-61.025,-55.96833333,302,1996,1996-11-22
e0622cff-76f8-4c35-8692-432e17f2f1a3,1561957,-33.6307679405,115.3387245888,,2025,2025-01-05
e067198b-9005-43fa-a96c-fa8817438502,210788,21.4482755071,-158.2305908203,,2013,2013-04-07
e06bddfe-ddea-4a1a-bd55-09f290efc8f1,342334,-38.3357481626,144.7457698388,,2023,2023-01-01
e070e077-80a3-48c0-828d-1117a5dfe2b7,140605,39.9998283333,15.3676916667,,2023,2023-06-03
e0742510-54f2-4173-ac0a-6b990c1c834e,342023,36.605045,-121.8893883333,,2024,2024-01-29
e07c7c67-cbf1-46c0-b23a-f1ec7a24a923,140605,37.0628861111,-8.7868083333,,2020,2020-09-16
e083f016-2ba5-4ad5-99ad-00a7c4c1b1f6,239392,-53.53,-42.22,166.5,2006,2006-1-12
e0893529-6c14-4f95-9329-2b11c5bef8fd,140596,41.9602,-70.428037,43.5,2004,2004-10-26
e08cb318-b1a5-4517-819b-23a2338ada34,140607,38.57,0.49,276,2006,2006-05-21
e0951693-e4cd-4dd1-98c9-00da3fdba49a,140600,52.135,-11.6085,263.5,2015,2015-12-11
e09ba319-d345-4fb3-9b2e-a49c32b863e5,342305,54.05199,-166.236583,91,2010,2010-03-16
e0a1b7c1-9908-4689-b432-aaec56077902,140605,39.2771,3.1918,84.4,2007,2007-08-29
e0a7d426-8872-456b-83c1-2cdd41a7f782,534130,29,-114,29,1953,1953-04-21
e0ac55c4-4a59-460d-b116-8bee5868d422,140605,39.81,2.63,72.4,2008,2008-06-09
e0ae64d1-7e18-481f-9bb2-17846bd64bd2,341954,29.834833,-80.250667,90.5,1983,1983-04-27
e0b4f28b-60de-4d94-b76c-3a114602e70c,342036,-33.9913561673,151.2310016155,,2024,2024-01-06
e0b9ec34-d56b-4627-b031-235dc7a8caf7,342381,-41.0603,173.3025,36,1996,1996-07-03
e0c6534d-0f02-4172-a975-548c71f9c919,342305,54.070324,-166.192692,97,2011,2011-02-21
e0cdecb4-6a49-49f2-8211-3ba727472535,140601,34.2080001831,11.2370004654,58,2003,2003-05-20
e0d3dbde-dd3e-488e-a931-0a14c7bbb266,342036,-33.2789688682,151.5723029897,,2026,2026-01-05
e0d71233-7fe5-4fe1-991f-a4922f76c496,535623,-19.4717,118.92,38.5,1983,1983-08-31
e0daa054-a9c0-4156-a98f-e4d1f9888d0c,140605,25.133333,-82.776166,43.5,2015,2015-06-15
e0e48a08-7888-4117-9738-c1988b690474,342023,36.9493472222,-122.0608583333,,2024,2024-11-02
e0ea5cd0-5df3-4688-b84a-982b5ea11ba8,341948,-37.88533,144.93833,7,1990,1990-03-27
e0ee1a90-713b-4fd9-96f8-f3a63f0990b4,341948,-38.01167,145.04333,12,1990,1990-03-26
e0fa4a39-9b50-4a97-b50b-3eb6f5a7f02a,140605,43.2164217768,5.3454400602,,2026,2026-01-22
e0ff194a-2266-4fbc-b919-f4273bc2b12e,342036,-33.7427912,151.3201988,,2020,2020-09-02
e105c339-844c-49de-a608-c7e5cb0226b6,140600,52.9733,-5.3617,35.5,2012,2012-09-29
e10be65d-fc49-42d4-9bc5-381e16e6980c,342381,-41.1523333,173.2511667,23.5,1997,1997-03-21
e10f4032-ace4-4579-bbd4-3325f3b66b77,457762,18.0459150707,-63.126328262,,2025,2025-08-14
e11658ef-f752-46c3-a609-26f5a4669d47,342381,-37.9065,177.2907,38.5,1996,1996-02-07
e11dafc9-57f1-49a3-af28-3697ec9b5e7f,325331,-68.6066665649,76.0783309937,,1987,1987-03-05
e12444d4-9c58-44b1-a99d-9298cfa67049,138849,11.0650000572,-19.6533508301,550,1972,1972-03-10
e1284254-4851-4664-8c05-b34bdb98b7fd,534099,13.7597839788,120.9258469733,,2015,2015-05-15
e12d9a50-e290-4988-9856-90394cc5f25c,341952,33.5900366667,-117.8698116667,,2024,2024-04-25
e1332ed1-8038-4ffd-b46d-cfc44a685a25,325315,-78.3830032349,-173.100006104,474,1968,1968-01-26
e1364fd3-4a5f-4c9a-b91e-d722513093ae,534099,1.486567,125.256385,,2011,2011-09-07
e13b6983-51bb-45e2-abae-9233f0ec7adf,1805270,41.7217394898,2.9403417728,,2026,2026-04-15
e13ee8a5-e67e-4ec7-a573-67623e0054e5,534733,37.11979722,126.68115,,2012,2012-10-18
e142c514-343b-42dc-b30f-6ca56694a372,157011,49.33483333,-64.042,370,2021,2021-08-13
e14b2f5c-7c45-46f7-86e1-124d05b4d422,527142,-48.8795833333333,-60.6384166666667,,2023,2023-02-06
e1505f67-047e-46b3-839d-eeea06cb0167,342015,-43.058201566,147.3296181733,,2026,2026-07-08
e1597106-1bb2-4ed4-8da4-d532fc2df77c,342036,-33.9921164,151.2311911,,2019,2019-09-21
e15d2ae6-b4b4-4748-ada9-2d4cfd08bdaf,1561957,-32.1378681344,115.743876643,,2026,2026-03-07
e1606187-5a1b-4b6e-80ca-aaac7bc88366,140600,53.0905,-10.1925,102,2013,2013-11-29
e16c1747-ca98-4429-aae7-bc36db72cd88,341937,-21.9813,113.82,173.5,2005,2005-12-10
e170850a-6ab7-4463-a753-0b18dec6f517,341952,32.7666357913,-117.2448253736,,2023,2023-10-01
e17798f1-cf7f-4e6a-9e26-c29f50e17dd3,140605,28.1435016375,-16.4093204744,,2024,2024-11-03
e17bd788-92f3-4138-98b4-7a06741b61ac,140600,43.45,15.77,170,1971,1971-01-14
e1809e8c-81fb-4123-9b7d-4e19d201c4ad,157011,48.89066667,-64.01066667,241,2010,2010-08-23
e182bfca-d588-4885-95ab-ec641f4b92fe,140605,39.4253282997,-9.2322568997,,2025,2025-07-30
e1894f3a-5e5c-4c78-bb3e-621bf0fdca54,140605,43.1776608802,5.3724648944,,2024,2024-04-26
e197734d-5b6b-46ae-8579-162593aee059,1805272,21.271654129,-157.6962890625,,2009,2009-07-11
e19c89ec-f75a-482e-9752-045032bdaad8,1805275,-10.18,143.04,,2004,2004-02-01
e1a54723-3bcb-4662-9d14-73dd46f02403,138849,30.2833,-20.7333,200,1921,1921-10-22
e1aa6270-5a30-4659-93f6-8f2528867084,342334,-35.1881183407,138.4669868276,,2019,2019-03-27
e1b2fd45-c51a-471d-bca7-d037a7216928,341952,34.0317884583,-118.6807366805,,2024,2024-03-21
e1b8f05c-57af-4415-91b1-be3b4ee0a13b,210788,-28.1702934467,153.5481693718,,2026,2026-04-06
e1bf9a8c-d2ed-41be-92c4-c6dac99199db,140605,41.5299987792969,2.76999998092651,,1962,1962
e1c67974-c21f-416a-baac-f3f7e5a0fe90,342036,-36.8368387017,174.4269218357,,2018,2018-08-11
e1d04717-d403-43b4-a955-8501b57d3b44,140605,43.0481749635,5.8683364532,,2023,2023-07-29
e1d1bc8a-fe3c-4bb2-8bd2-2d2db22e62c0,210788,21.2887319659,-157.8642552029,,2022,2022-03-19
e1d8a0a9-b8a4-49e2-9c32-030c6a2a04b8,457762,15.237610843,-61.3691566367,,2015,2015-08-03
e1e2d3d6-5d73-40e3-ae30-6e00eb70d11e,140601,43.36,16.22,58.4,1965,1965-07-17
e1e96222-760e-466f-af1f-e84c72859a5f,140600,49.9578,-3.5702,38,2008,2008-03-23
e1f30c5b-329c-4571-a9ad-ba28539ab984,140605,40.921949,17.337955,,2015,2015-08-20
e1f8b2e1-c3bb-4160-a7b1-24a35340ee18,342036,-32.7131291772,152.1576607697,,2016,2016-01-23
e1fd2982-d008-4718-a5d9-575b2a5e6b2f,239392,-61.75,-58.03,276.1,2002,2002-2-13
e200866a-a01a-451a-bf56-a6d8386857db,140598,37.73,-0.13,521,2002,2002-05-23
e2047c8b-8b58-41f8-962b-e1f5659e2b60,157011,48.346,-69.07566667,130,2010,2010-08-22
e20bbc9e-70e6-4034-a39c-b02d746befef,210788,20.6322420534,-156.494895815,,2017,2017-06-16
e2115db6-5aea-4548-9e1f-38c01c1c738a,140605,38.688291,-9.36059,,2018,2018-04-20
e2162247-c1b3-46e9-bae9-c3cd73a3a85f,210788,27.665589,33.79755,,2016,2016-07-23
e21c8efd-6df4-4461-b722-989d35d5791e,140600,52.5355,-11.953,228,2012,2012-12-09
e223fe72-5a5e-42ca-a4ac-fea2d1e58382,140605,35.514711,23.989216,,2021,2021-08-01
e227e26b-d786-4245-b0ff-39d7ca0bab1e,342036,-36.7251168174,149.9888134508,,2021,2021-08-15
e2312a0d-5833-4847-ac8a-0e6a72354d92,140610,32,-137,,1954,1954-02-02
e235757d-354f-4979-8f80-f681ce0ba294,342023,37.495205,-122.4990216667,,2021,2021-05-01
e23a657a-c376-48b7-be2d-cbe6e169a8ac,140600,49.6617,-5.1125,42.5,2021,2021-03-18
e23e3e20-ca60-469e-9d7a-a3f2559eeb98,140605,28.9165718296,-13.6727282707,,2024,2024-10-02
e247a676-26d6-4b0c-8fdf-d341ab73a205,140605,43.3275504354,5.100576832,,2025,2025-04-11
e24e1577-63e0-49ec-a2ff-93eb8dc670f5,341952,33.7075870432,-118.2856197273,,2026,2026-01-02
e251642b-0287-45e7-931d-df466cddc680,140604,38.26,0.31,458,2002,2002-05-27
e256f85a-006f-478e-ade3-a51a55b6c6ab,210788,-22.29847,166.436436,,2020,2020-11-25
e25ccd68-f984-42d0-978d-0d737b92c71e,140600,52.009,-10.3505,56.6,2018,2018-11-22
e2636c9a-9ed5-457d-b463-acd48c5270fa,140605,42.72938396,16.03558559,,1971,1971
e26a08dc-43c5-479e-bdb3-58454fbc860b,140600,48.8313,-5.5627,57.5,2023,2023-04-07
e26ee377-d6de-4934-b3c7-00fe70ef4ea2,140601,39.5904,3.4528,47,2005,2005-09-26
e2761d9c-3bcc-417d-9646-1e8c1a9dd2e8,1530663,-38.5509389263,-58.5648722463,,2021,2021-05-02
e277ba8c-fa49-40a2-9851-e2b3a31e8a5f,1765489,-32.583,152.85833,,1975,1975-10-01
e2810100-3601-4926-b63f-7b7406f8acee,239392,-54.12,-38.84,203.5,1994,1994-1-24
e28ccac0-55a7-4102-aa18-ece892ea0732,140596,44.083333,-67.216667,199,1995,1995-10-12
e2941dc5-6907-429b-b696-9b3daa2ab768,342036,-34.0689151427,151.1305283085,,2020,2020-06-13
e29b37a0-79b9-43bc-b8a7-d6a592fd7e2d,140605,42.3300018310547,3.52999997138977,,1964,1964
e29e5d47-6004-4ffe-b4fe-75a0d8da45fb,342334,-37.9124856704,144.9813600193,,2012,2012-01-18
e2a78552-fcbe-47de-9db7-dbef6e7b3abb,140606,37.69,-0.32,256,2003,2003-05-23
e2ac83a7-69dd-4df3-8b95-5b10dce8da57,140600,52.93748,-4.614629,13.4,2010,2010-06-01
e2b34339-7b08-44cb-9f1b-d09e9a2d0b44,341952,32.7611776,-117.245933,,2024,2024-09-07
e2b9bad2-0739-4a9d-9064-954489b5c6b1,325329,-62,-59.25,137.5,2007,2007-1-1
e2c028cb-a34a-4b5b-add8-5bd2075c38c1,1561957,-32.1380491887,115.7440600564,,2025,2025-02-26
e2c5cac8-cb3c-47b7-a419-7dabf4a0a1d2,749548,26.7827939086,-80.0407692024,,2025,2025-05-25
e2c825eb-27e0-428e-835e-b60711530965,140605,42.3443103381,3.1906541003,,2024,2024-05-17
e2cccf90-8a6a-4159-9cb7-b645a6e45c86,342023,37.4937109722,-122.4989249722,,2025,2025-01-27
e2d40f37-ded2-42a5-8009-f97d59992325,140605,36.7,-2.54,132,2006,2006-05-12
e2db5483-fb53-463e-9bb9-7c873d1f476e,342036,-33.83996205,151.2536931,,1998,1998-03-11
e2dff3f0-9423-41e1-a715-995cc75d8bee,535784,-34.5900001526,22.0300006866,106,2004,2004-04-03
e2e7a8e1-7e38-48b6-a9df-713763f61600,140600,51.137,-6.481,92.5,2018,2018-12-05
e2ebabf8-1539-4f75-901b-7ddf73465ab0,138849,32.983001709,-39.8170013428,,1979,1979-04-27
e2f0c27e-3af1-46f9-b40f-80f6b3be08e9,210788,-25.9087584001,153.1975295972,,2023,2023-06-14
e2f43f28-b54e-431a-b217-8582dadc1635,140600,52.8845,-12.1907,139.5,2018,2018-09-25
e2fc7dbf-59fa-4909-8794-ce957d6d97a4,325329,-61.3400001525879,-55.4900016784668,151.3,2006,2006-12-19
e3016902-a6c3-4d8a-a49c-a0f7314ec40f,342023,37.5118915254,-122.5113308519,,2024,2024-12-28
e3068fa8-d982-49eb-8e21-4212b203f29b,1765489,-33.75833,151.82499,,1975,1975-12-17
e30c701a-bb0b-4677-90cc-0408444c7fa1,210788,-25.9166700895,153.1999599561,,2023,2023-03-30
e3106bf6-f5a1-44ee-8671-40ffd3dadb0b,140605,-34.45185,20.62605,,2021,2021-04-06
e3168b93-d489-455a-bf31-04772097735f,341952,32.7268351997,-117.2566599997,,2025,2025-07-12
e31c2514-c799-4cc3-96e0-1781cd522bcb,140605,43.0281937752,6.2413730869,,2026,2026-05-23
e3234275-2d34-4f02-800e-551c47eabfe1,341952,32.668671,-117.245828,,2016,2016-02-21
e3296c0e-5850-4a28-85ab-928682faea89,535623,11.9894399643,123.471107483,,1978,1978-06-04
e3310503-0127-46bd-ab1a-19cee5ec8956,140600,39.59,0.28,257,2003,2003-05-08
e338fe2d-f963-4efd-b85d-b748a934380b,140605,43.2612686309,5.2875995644,,2025,2025-09-18
e3448434-da5a-46e5-a333-b1c661927ab0,140598,51.0765,-14.1133,327.5,2009,2009-10-02
e34a0544-fc81-47ab-8879-5f5369d8923e,342023,32.8563902864,-117.261598326,,2023,2023-08-27
e34d5ae6-bc66-4c62-90a7-d242ffdc3352,157011,48.4321154,-61.3505174,,2022,2022-07-16
e35619ae-98f0-4bed-9bfb-83af01f96c7a,140605,41.9640571233,3.228879645,,2019,2019-10-04
e35c0191-ff92-4efa-96a9-5f3cbbcd570c,1805270,42.8396715405,9.4825809819,,2023,2023-04-21
e35f777b-3676-4931-a3cb-ab3c5c579e43,140600,52.0708,-14.462,173,2008,2008-09-14
e362978b-b68e-4399-9957-85f6d476b285,140600,49.1974,-4.1021,44.5,2011,2011-03-16
e365f325-33f3-4b4c-a676-bd60b48962d1,342381,-37.0128,176.211,204,1998,1998-01-25
e36e884a-c4f5-447f-9c89-b3819304609c,140601,39.2491,2.9076,73.4,2004,2004-10-25
e374a2e0-c97f-4c32-87fe-444822a876af,342023,36.9606583333,-121.9635466667,,2024,2024-12-14
e37c1fdd-18ab-4e62-98f0-c26e3de00bc0,140600,40.41,1.04,87,2004,2004-05-22
e3835480-bbdd-49f4-9a50-912bc29c12ef,140600,41.21,2.31,401,2004,2004-05-24
e38c5068-a0a5-4d61-bd08-5e25268d5970,535623,-21.6594,151.952,,2005,2005-11-26
e38fbca6-ff1e-4655-9535-aebf02fc137f,140600,55.2397,-5.2022,50,2009,2009-11-20
e392dbfe-cb5c-43b6-8be2-d942cb1a181e,342036,-32.7125018083,152.1515279331,,2019,2019-03-22
e394104a-4717-4091-91fc-8cca897b448a,140600,49.9073,-5.6523,39.5,2018,2018-03-18
e397a768-7513-44e1-a093-305b5acf26de,342332,-33.5825077565,151.3294254526,,2005,2005-04-02
e39c281f-08e8-48f9-b468-7b2d3a7043d7,535830,11.666667,100.566667,,1961,1961-01-10
e3a4ef15-a999-45cb-b126-0edc956675fe,342102,-44.1683333,179.8136667,716,2014,2014-01-15
e3aa6942-6b07-4b5d-8837-d5484fb3e078,342023,48.90813,-125.14042,,2023,2023-05-12
e3aed6d7-28a8-4733-b31c-a413c7baf5fe,140605,27.6392732502,-17.980795799,,2020,2020-07-19
e3b442a6-19f2-408c-9528-c0aad9afc015,210788,21.2885282583,-157.8640928002,,2022,2022-02-22
e3bcfe23-a2a8-4971-ac3c-4c081fe777ad,140600,49.2405,-6.1515,60,2024,2024-03-10
e3c63532-e2ca-4933-b23f-4f986297bdcd,342036,-36.7321650086,175.8828586282,,2018,2018-07-21
e3cbf5d9-30e5-4146-b376-eb8ef4784558,153122,47.6283018617,-60.43829725,,2006,2006-08-04
e3d25560-a14b-4e95-bd97-e01de00e3db3,210788,8.8523965811,119.9170069136,,2018,2018-06-21
e3d8953f-7f1e-484f-8ddc-bbe0d5918625,239393,-70.8369979858398,-10.5780000686646,274,2000,2000-04-10
e3de0a4f-c815-4408-ae24-fec37b38bd60,140607,39.9518,3.3966,128.6,2006,2006-03-20
e3e51399-d666-4309-a62b-d78c81b7436a,140596,41.979517,-68.274767,194.5,2005,2005-10-19
e3e94a7d-0958-40b3-9f8f-1836bd69c446,325336,-61.2,-54.69,289.2,2002,2002-1-31
e3ee1526-2f0c-4fb6-a575-d43dda997233,342305,54.046808,-166.228505,84,2010,2010-09-17
e3f746aa-9cbd-44f4-b437-94d331b1ee8b,140605,28.856769675,-13.8428986873,,2021,2021-09-28
e3faf6c9-17a4-4b9c-a302-5b521788aaf8,325336,-61.4,-55.2,490.6,2006,2006-3-12
e4011906-f448-4ca5-af33-a82cd3486907,342036,-34.0703338265,151.1406185579,,2021,2021-01-26
e4056cd8-6206-427d-8961-ae96caa941d9,140605,28.4026716667,-16.32705,,2023,2023-11-11
e409a61f-f7bc-4039-b684-11d4332ccdc0,210788,4.2094325,73.40763503,,2018,2018-05-31
e41219a0-07a8-4c87-8899-a67aa0657018,140600,39.43,-0.01,110,2006,2006-06-10
e41a0d7b-d487-46a9-9faf-393a9ad0b4a6,342082,44.9683333333,-132.245,3585,1972,1972-10-06
e41c9d0f-9402-4ce0-8e74-8a90abd7cb76,140600,39.2279,3.1406,93,2004,2004-10-16
e4272514-83a7-4cf5-b0dd-50fab9931cc1,140605,41.7992377497,8.7217221638,,2025,2025-06-28
e42c717a-7cb0-42dc-91df-401538e27f84,342023,36.6256065369,-121.916267395,,2021,2021-04-29
e4313f3a-8cca-46cb-b540-ee29e9b5cde6,140600,56.649744,-5.983216,,2022,2022-06-21
e43517d9-b53e-4c9a-9148-f187197bb7e5,140605,43.2284549144,5.3485212475,,2026,2026-04-24
e43d5033-09bb-4df6-948f-b07f92651e1e,342334,-38.3559162043,144.775570258,,2017,2017-02-07
e441438c-421f-4202-83f8-7b6ead656802,341954,7.65000009537,-57.1329994202,73,1969,1969-04-28
e4475bdb-f8b5-42f7-a60d-19521bb1b8bd,325331,-67.8716659546,74.3983306885,,1987,1987-03-01
e44e8bfb-36a2-44f6-99a9-a659df7aac1e,342381,-46.66285,168.2126333,33,2016,2016-02-11
e4537311-2b68-43b1-b9fc-87fd268ed99e,342036,-34.0690070154,151.1307865623,,2014,2014-04-18
e45895af-fad4-4db6-b345-75d908b93544,140598,36.29,-5.06,359,2007,2007-05-20
e45da556-8fdf-4881-9678-348898b13e2b,140600,48.9498,-9.9328,84.5,2021,2021-03-30
e4694ec3-8e64-46dd-b2b3-5f7e3c849659,342305,54.059063,-166.243661,130,2011,2011-03-01
e472f8c8-7bfd-46a2-887a-42c62dca7c80,341954,19.3247726818,-81.2746296362,,2016,2016-04-15
e47a4161-c950-444d-92b8-43c0979611c0,535784,-33.6166992188,17.4832992554,,2000,2000-05-12
e47f6ba0-b758-4412-8fa1-0ece54ae94a2,342036,-36.2101753265,150.1298419538,,2026,2026-02-15
e48b6af0-e6ac-45f8-8ab0-163289a0bafe,210788,13.332280159,144.774230957,12,2003,2003-09-25
e48ff281-5ae5-45be-ad99-0700293f71d4,239392,-55.06,-35.38,129.5,1991,1991-2-2
e495f998-ec73-44a3-b739-ba9972416434,157011,49.72783333,-60.98516667,272,2021,2021-08-22
e497c532-6348-4f5d-8268-90ac5cef0008,342381,-37.0165,176.2668,399.5,1996,1996-04-13
e49b0bfc-4db0-4de7-bd8b-8bc072ffada4,140605,42.7050931049,9.4538979605,,2025,2025-07-10
e4a153e1-13f9-444f-a1d6-11dbbcb099d4,342023,36.6060833333,-121.9598783333,,2023,2023-01-21
e4a80149-6ab4-4eb0-a712-b3475a9d29a6,210788,-22.29098,166.55994,,2023,2023-04-01
e4ab457a-07d4-4661-9086-1cfebd398463,341954,20.493865482,-87.2247065976,,2023,2023-08-14
e4af369d-cd45-4fe8-98b9-a5087477aa11,342036,-35.925902884,174.5408232449,,2024,2024-10-02
e4b58bc7-3906-41c8-9b90-7473ef44b1a1,342023,35.1696804934,-120.7408604343,,2025,2025-08-05
e4b8fad1-6757-40ed-b45d-c9babf472f41,140600,48.7913,-5.804,58.5,2015,2015-03-14
e4c23859-f2e2-401e-b1cd-3787cf1f6b2c,140600,49.8452,-4.5554,39.5,2009,2009-03-22
e4c6fbcc-d70e-4fae-b2e2-eca6aa2ff3aa,325319,-53.85,-38.05,198.5,2004,2004-1-10
e4cc9154-fb13-4225-8834-c3bf6f2963ac,1805272,-23.5,152.08,,1990,1990-09-04
e4d50db4-b5ac-44d0-8db6-6b6df7753a0c,341952,32.8411111,-117.2816667,,2025,2025-05-26
e4d8d9c4-adfb-426e-8a0c-901cede0c214,140605,43.3844638054,-8.392606552,,2024,2024-08-16
e4df858c-2f33-4065-8972-da1491295ab6,140600,50.5995,-9.468,123,2017,2017-11-20
e4e71579-3847-4eb4-a127-b7c0c1e1bf21,140598,39.8,3.85,386.2,2007,2007-06-25
e4edf6f2-bf8e-4989-b814-369674458642,341910,-25.1166992188,13.6332998276,,1989,1989-01-18
e4f3f2f7-c577-4bf3-af0a-871b2688ee1e,1561957,-32.0897209954,115.7521226196,,2025,2025-08-27
e4ff49f6-b10d-4d2d-a883-1be33bd9a295,342381,-49.9333,170.85,520,1979,1979-09-25
e509e1c0-4380-4921-abb6-2cde3adf3b2c,342036,-34.0690405472,151.1299341246,,2024,2024-07-01
e50f72db-7921-43ff-8085-d98811a7aa7d,342023,34.406459991,-119.8776179255,,2024,2024-11-16
e5155ad2-3f79-4a16-9f46-e142d19cae5c,140600,53.9623,-11.1813,112,2018,2018-09-22
e51a5133-075e-4399-a7b7-e2581997030a,342212,62.69,-59.489,1445,2014,2014-10-13
e51d8c5b-fd7a-4ccd-adca-6a1404de330a,342036,-33.8000352491,151.2965118899,,2026,2026-01-07
e521849f-d2a0-4b51-b3b9-814d20d1a5db,341985,26.2802791595,-82.7336120605,30.4,1981,1981-07-19
e5248485-2f24-486d-a897-9176b81a22b6,342036,-37.6313829618,176.1840257409,,2023,2023-02-07
e52cacac-af56-4ba9-b42a-af64c6d8b41c,420653,28.9199366045,-13.6731368899,,2023,2023-05-06
e5363668-a4c7-4338-913f-2ff096eecfbd,140605,27.87354677,-15.38142398,5,2016,2016-01
e53e91cb-7722-4733-ba52-2a390679fb91,140600,50.0455,-4.8288,38.5,2017,2017-03-10
e54444e1-be1e-47f5-b232-b24e4333d916,342334,-37.9943373719,145.0304639284,,2023,2023-07-26
e54aec59-38f6-42f4-8c65-37f91344fe93,342305,54.06196,-166.240358,128,2011,2011-03-01
e551b622-7c8c-449b-b469-85cc12b551d1,342381,-37.4433,177.6433,946,1985,1985-07-01
e5591d09-1ce7-4195-9cb4-f64961bc2e2f,140604,37.72,-0.24,389,1995,1995-04-30
e55e408c-e291-4d8c-9c82-6a0a32cf5e43,140600,36.64,-2.43,338,2007,2007-05-25
e562179b-2b9b-4b16-9333-cd081ca2327f,341950,-38.3570386447,144.7744931641,,2018,2018-04-12
e5685efc-7241-45b6-afbe-3433d31b51b4,140605,41.2099990844727,2.05999994277954,,1962,1962
e56a8737-e742-4822-bece-fb18d2fd3117,535605,-34.739519,173.117964,,2017,2017-01-02
e56e8f39-0658-4540-94de-6aadf313a536,410363,-33.9667,167.75,1705,1968,1968-03-19
e5754532-048f-4ab0-a5b5-d0373d692845,157011,48.52916667,-68.91183333,313,2016,2016-08-22
e57b0d2f-a763-4b47-8700-b01b88be7946,239392,-54.12,-38.84,203.5,1994,1994-1-24
e5807d49-e992-4ac0-8517-f405cfe7fb79,140600,48.7913,-5.804,58.5,2015,2015-03-14
e5882362-b231-45ab-8c87-216b045e378a,140601,39.23,2.97,60,2008,2008-06-18
e58fb89a-8733-4207-8d9c-036e90b7a942,140600,47.1063,-3.2047,39.5,2022,2022-11-12
e59503a2-22d0-45be-8cde-03d975beb9af,342305,38.10111111,128.7588889,,2012,2012-07-24
e59891fc-0f6f-479e-8b51-a7f4badf8931,342023,36.8077511972,-122.0450692962,,2025,2025-03-24
e5a0ddd8-b72e-42c0-a2c0-4212d831ec33,140600,56.9278,4.8053,33,2016,2016-08-21
e5a56db4-b072-41ec-a6b7-2bfe9410da1a,140601,36.54,-4.35,245,1997,1997-05-13
e5aa7489-77d9-43e4-9f43-42f033646375,140600,49.7693,-9.5539,76,2021,2021-11-17
e5af2271-b707-45a0-8295-c75abc6cb463,342403,1.4768418062,125.2497660745,,2022,2022-09-25
e5b62536-fc1e-4f3e-8448-b718df40b73e,342305,54.045629,-166.239598,80,2011,2011-03-01
e5c1354a-95b5-46cd-955d-5d713456603a,140600,52.2112,-13.6172,204.5,2010,2010-10-01
e5c83b8a-d14e-4a40-bd49-fdd63b0faddc,140605,43.1874185668,5.6512459159,,2026,2026-07-06
e5ccbb58-6383-4574-b6b4-388585ea1801,140605,-34.2007408644,18.4567646319,,2024,2024-05-29
e5d2a191-e493-4898-9f25-2ed05531519c,342305,54.066049,-166.204921,95,2011,2011-09-14
e5dd505e-0170-4234-b927-2675c2e9813d,140600,49.3853,-6.558,59.5,2007,2007-03-23
e5e1f5d5-4624-425c-ad27-9190b97f7a7b,210788,26.3740900908,127.1405058624,,2025,2025-12-28
e5e66e0c-2727-4e09-b44f-f0d15670d67d,140600,36.64,-2.45,328,2004,2004-05-11
e5eddbe4-dcd0-4268-b7d5-84550cbf8cbe,342212,73.548,-72.248,1098,2012,2012-10-10
e5f5e6e9-826b-4819-80d2-a7304a3b1ddd,140605,42.3005248454,3.2928834902,,2025,2025-07-31
e5fca433-7eaf-4b86-9c9d-a6f7fcf754e1,140600,57.1677,-0.6059,38.5,2004,2004-08-27
e6065fea-802a-44c3-97f9-48e1b3feb6f6,342023,36.9490138889,-122.0612416667,,2024,2024-11-17
e60e88a4-beea-4d79-8522-10ca00450cc8,341948,-38.2575,145.01,7,1990,1990-03-30
e610e388-6d80-4ed9-b7a0-93bdddc6973d,342305,48.61694,-123.50194,,1981,1981-01-01
e616d7b8-5ecc-45e5-ba23-7231ec686735,325319,-54.99,-36.01,152,1994,1994-1-18
e61dc552-b65a-46a5-bf3a-fca5c3ae8f35,342036,-34.0030731815,151.2266802214,,2025,2025-03-11
e626622f-2bac-4b10-a64f-3f99980d0f20,342226,-43.9,178.9,485,1998,1998-10-14
e62c6149-547d-44e1-9d5a-ced67f5865d1,342036,-35.62990526,174.5162212,,2019,2019-03-16
e63939e5-4d35-48c1-af5b-fd9cc137a11d,325319,-61.77,-58.59,283.3,2002,2002-2-13
e63c8460-922b-4f47-acc9-62056d6309a3,210788,28.4000339508,-178.283340454,12,2002,2002-09-22
e6453a65-dcf0-4346-a525-35d4d82baf17,342023,37.0227115174,-122.2151843805,,2018,2018-06-18
e64b6687-6d71-4a91-aac6-90dbe0c26d4e,535623,-19.615,116.442,75,1990,1990-10-12
e6562025-b94d-4f4b-ab25-b842d33740bb,535605,-35.9860611111,137.6155388889,,2026,2026-02-15
e658d120-e3a8-4fbe-ad7d-f1d4b047273b,534126,26.7827878192,-80.043184513,,2025,2025-04-27
e661051a-2cab-49b1-8129-a6379efe5ca6,342036,-32.682529991,152.1581721667,,2025,2025-12-25
e668961d-5af2-4e12-8a76-49c843c412b7,140600,51.2302,-5.2027,36,2013,2013-09-14
e670fa9b-70d7-417d-beab-80049e3221c7,535784,-31.3299999237,16.3299999237,327,1989,1989-01-11
e676ee68-5bf3-4234-8f3c-ef634c64429e,140600,53.03882053982647,-4.597805321402274,,2010,2010-06-01
e67da99a-e482-4554-a711-6c4479b02c2e,140605,42.3300018310547,3.52999997138977,,1966,1966
e680317d-ebc2-4102-a715-d61b3f948b07,342381,-40.89,173.26,38.5,2015,2015-03-31
e6849034-d835-4133-a343-976c4ea3dbdc,341985,26.4,-83.716667,73,1967,1967-03-09
e688b163-3349-4c6b-8473-b31ef16c336e,534443,35.4486326503,139.6946379188,,2022,2022-07-03
e68ecba3-f2a9-4dd3-84b3-9568dd6b8ede,239392,-71.29333333,-13.8,631.5,2000,2000-3-31
e697263d-8f0d-4125-9e23-9d16c82b3785,410340,31.8649997711,-63.8600006104,1125,1973,1973-03-14
e69a5192-002a-4017-a306-91c730ca127b,325319,-54.3400001525879,-38.6300010681152,221,2005,2005-01-16
e6a70619-1311-43cb-979a-91573baff193,140600,46.5903,-3.6091,62.5,2015,2015-10-29
e6aa9c85-1b38-44fa-9342-c8946cccfaf6,157011,48.67066667,-68.7055,343,2021,2021-08-16
e6ada6dc-fb21-4ac9-9fe9-c22685da5a10,534100,13.6999998093,120.817001343,,1980,1980-04-30
e6b5d346-ee87-44b1-8fd3-cf629de90418,140604,38.54,0.48,259,2002,2002-05-28
e6b9bced-81b6-4814-a0a9-a5056eb33e33,341952,34.0155125605,-119.4252636288,,2017,2017-12-28
e6c5b996-365a-4480-a4e4-9613c015ba2b,342036,-33.8912875531,151.2822691951,,2025,2025-03-28
e6cb6b97-2b2e-462e-af56-a31a704b995d,342036,-32.7163720754,152.1415408882,,2019,2019-10-02
e6d2aa1a-7103-49fc-8fb4-1e00738cbc0b,239392,-62.11,-59.48,101.2,2007,2007-1-1
e6da6c0c-e915-4374-b7e6-3b5a9979bfc9,141694,-34.1967,172.1167,0,1911,1911-07-25
e6dde660-5244-4d45-a9b8-061551ad4915,457762,-6.0017498013,-35.1072114808,,2018,2018-11-10
e6e38a96-2d31-47c3-8e27-e0a219122be1,342036,-37.2706759127,175.8988173686,,2021,2021-04-30
e6e9852d-fcbc-416f-89c4-3cabf34f4987,341952,32.8411111,-117.2816667,,2025,2025-08-22
e6f75eda-e09b-4750-899f-1c22595757a6,1805270,15.2751875419,-23.7583460154,,2015,2015-10-23
e6fcdc7f-982b-40c2-b9d6-0d63eb76fb78,157011,44.967777,-53.1336,84,1980,1980-06-09
e70574ba-f615-4308-94a3-74b390999468,140600,49.3836,-3.2481,40,2012,2012-03-28
e7086260-ecff-406f-8a1f-97dca4960430,140600,49.7405,-5.8473,43,2021,2021-03-21
e70c23fe-3b24-49e2-8fa5-fc10962361f9,140605,42.3946499155,3.1548175703,,2024,2024-11-11
e7104247-65c4-47f9-8b7c-b59a9661f042,342036,-33.9921359076,151.2324781237,,2020,2020-07-26
e7151896-f225-40ac-ad5c-a8c3d983a8ca,342036,-33.9922329866,151.2293041294,,2026,2026-04-26
e71ebf22-6a63-4cba-aac7-cc88fa8d6293,140600,53.4627,-3.3992,10.5,2024,2024-09-21
e722b2f2-fb71-4799-a3d1-a7610f21b648,140605,43.2287418082,5.3480326903,,2026,2026-07-17
e72afbed-6899-42fb-98a5-c5a1ab50ee0c,341781,0.3167,-90.5667,,1905,1905-03-05
e7315d6c-62eb-4d1d-aa6a-89d60205fa3d,138803,26.8240616667,-80.0382916667,,2026,2026-03-05
e737779b-03c9-4160-8192-e9d980a53719,140605,42.72938396,16.03558559,,1981,1981
e73a5387-bbac-4ffd-a2bf-0076fd29d76b,535605,-38.4757580141,145.0286418427,,2022,2022-01-29
e73d93ed-836c-42f0-91ff-4582a4f1bc64,342305,54.06723,-166.211748,97,2011,2011-09-28
e740fd76-5ed1-42ed-9e59-7589900cb96a,138803,25.1888067405,121.4131770168,,2022,2022-03-30
e743497e-7354-4e39-95a0-b70e3fa4af96,342036,-33.7999247551,151.2952487959,,2024,2024-10-22
e74b1d15-b1f6-4843-a13b-897f79bd80c9,527142,-49.12975,-60.3644166666667,263,2010,2010-10-30
e75064c4-0a33-440c-8e83-1097cce934be,140600,53.5085,-12.5368,157.5,2012,2012-09-18
e75818cf-d2d6-4cee-a40b-6033aaf1efb4,342023,47.3146019576,-122.530476496,,2025,2025-06-10
e75ca051-75a6-4d3a-8de4-b2f249de1d35,153093,40,-40,4837.5,1996,1996-09-12
e76714b3-ea70-403c-9b3a-40d6ab096bc8,140600,51.5945,-6.508,77,2010,2010-11-27
e76f86a6-f4c7-408f-b071-46122dff2c08,140604,37.5,-1.16,194,2003,2003-05-03
e775bf22-14a0-4042-a550-ff7b43255705,140600,47.0068,-3.3958,50.5,2021,2021-11-06
e77cee25-5088-4ca7-8f95-9e6eed561f18,342305,51.32948,-128.09914,,2005,2005-05-18
e7823943-90ca-4124-b99c-3ab0946b1db4,140607,41.17,2.02,76,2001,2001-06-06
e78c24e0-d3a2-416d-aa46-4dd135685ead,140600,38.92,0.93,584,2005,2005-05-22
e7915515-f06b-4205-8f7f-f50ff730cd3c,140600,55.6627,3.3374,22,2003,2003-09-02
e7965dd8-f9a9-42e2-9b8a-8e46f19233a7,140605,48.8843,-6.6057,66,2022,2022-12-02
e79cfbe8-7ea0-4a94-802e-7004809ec6fa,140605,43.3924804989,3.6825536606,,2024,2024-08-11
e7a25a09-607e-4b1d-a539-6e92ed0a026f,342036,-33.849548,151.276761,,2023,2023-10-18
e7aa9c93-8a94-46e5-9f0e-95ac79267064,341954,18.3438852997,-67.260182092,,2026,2026-01-26
e7b4b05f-f07e-4dae-a877-5cc77a1c039c,341954,20.5,-86.9169998169,1,1960,1960-04-21
e7bd3034-d3af-4584-8998-2d122db429bf,341985,26.4912329414,-82.1869380418,,2015,2015-08-03
e7c2e041-2591-492b-bc4c-c5768de4db7f,342212,67.569,-58.991,1242,2010,2010-11-05
e7c8470d-ef2b-4498-bb27-ab730e368907,342023,44.6770826611,-124.0739429309,,2026,2026-02-28
e7cca4a8-7222-4022-b36a-4e7a7ba4910f,140600,57.8301,-2.4345,44,2024,2024-08-22
e7d294c6-b0da-4f2c-b809-476e32e6d1de,457573,1.4525883,125.2250546,,2023,2023-01-09
e7daba60-f554-41c3-b26c-0cd66d7075e9,140605,42.3300018310547,1.1599999666214,,1950,1950
e7e00846-cb42-4947-b546-d851fb1fea38,457762,12.1667046157,-68.2875461876,,2025,2025-06-24
e7e6f3af-e9d6-417b-806a-d0a663d70aa3,140605,56.49929,-5.680172,15,2008,2008-06-07
e7ed545c-1eae-4123-bd32-95522b27e1df,1530663,-38.63,143.83,,2003,2003-01-13
e7f35e4e-7cc7-4ebd-8252-757a6acecff6,140605,39.8044,3.422,39.6,2003,2003-07-02
e7fb920a-1d54-4d0a-a3e6-d24b2e644153,210788,3.9600967,72.9071618,,2021,2021-05-20
e8039600-6347-4923-9b86-12ef1bd7cdf4,342036,-33.8399057914,151.2533076593,,2020,2020-08-21
e80a0243-7edf-4071-b1c8-7321cccc5e7d,140605,38.787574006,0.0973632149,,2024,2024-10-18
e80e0678-3a20-49af-9b13-98fd38a05e72,140607,39.07,2.7,252.9,2007,2007-06-27
e815f1b8-9c8b-485f-89c8-9d1881c79501,342305,45.4806156049,-123.970186749,,2023,2023-12-13
e821bb0e-d2d2-46c6-ac6f-0e40b287abac,210788,-9.1281393546,160.2138722227,,2024,2024-06-14
e8263a0b-1259-4dc5-aa5e-5a98f7b55658,535605,-39.0133,144.578,72.5,1981,1981-02-11
e82a3e10-3869-4471-9842-e3fc8d43191f,342023,36.6247833333,-121.916205,,2026,2026-02-27
e82e2eb8-8311-48d6-acfe-ad72384e9062,210788,-27.9559023,153.4519226,,2025,2025-01-18
e837f4ba-2d2f-4fc5-8114-003e1b67bf97,342036,-32.7136396346,152.1479628307,,2019,2019-02-08
e83aa820-e3c1-48ce-bce5-ffadc984f37a,410340,-29.5008001328,1.22124999762,1000,2009,2009-11-12
e83e4cf7-cf2e-4c80-9cd7-5a3e190bee3c,140605,42.3458511264,3.2110192135,,2025,2025-07-01
e8434c30-e729-4236-9ea7-8ae98b801844,140600,39.4642,2.2678,101,2001,2001-04-04
e8484572-e2e0-4193-be70-3a1fee1b7b36,535605,-38.64,148.32667,106,1993,1993-07-28
e852e860-20f1-4c50-8fcc-9ed3483d409e,1043781,49.40142,-123.84417,,2019,2019-06-15
e85ad505-b819-4f73-bc1b-2c6572cec411,341984,15.8732738562,-61.5843654511,,2024,2024-10-25
e85fe26f-2adc-4d88-a27a-22890baf7165,342036,-35.1241962754,150.7561711138,,2026,2026-02-07
e865cd9a-1e20-4e5c-90b1-a48f532e5de2,341952,33.513245,-117.75808,,2024,2024-02-25
e86b28f7-d175-45be-816c-a8e26b0c7759,140605,39.2969,2.7205,62.6,2007,2007-06-12
e86fcab7-b8c7-4e6c-9705-bb4f3fd5bfa8,140607,39.65,2.19,145.9,2009,2009-05-10
e874a53e-112b-4668-bc7f-7609c217c422,140600,56.598,-14.522,97.5,2015,2015-08-31
e87c28c8-a353-4b75-8923-fc38abe666ed,342305,54.060271,-166.205888,91,2011,2011-09-13
e881cb92-4bd1-4f3d-b7ef-5a7c89fed7db,342036,-32.7147043272,152.1512702107,,2026,2026-01-09
e88805cf-0fd4-4e2b-ac87-18fb4200b96f,140605,28.0771412836,-16.5393158946,,2024,2024-11-01
e892da9f-4885-4aec-b4b5-b5e56b1bfda3,210788,-2.2198870901,130.563632948,,2018,2018-11-11
e898045e-030c-452d-80a2-b42ee8833f44,1805270,28.0094998408,-16.6278793557,,2024,2024-05-31
e89e7d64-972d-4dab-8c58-34bddf07fce6,341952,32.9991722222,-117.278775,,2023,2023-07-02
e8a9fe51-37d3-4225-8238-9503ce9b4eb3,140605,48.7265,-3.9861,,1948,1946/1950
e8b04f21-f047-4d4e-84da-c0124cb598e8,342010,-0.7611083333,-90.3328033333,,2022,2022-05-17
e8baca42-9cc7-49c2-9091-2b105f44d68b,1805270,9.14999961853,124.782997131,5,1909,1909-08-02
e8c16bfb-50c3-42e4-b105-bcc6341faee1,140605,42.3300018310547,1.1599999666214,,1952,1952
e8c548c6-489c-4c30-8621-b319e17daadf,140600,52.603,-11.7545,173.5,2016,2016-11-29
e8cb7e55-c5f2-40ba-979f-28df98734221,325325,-62.02,-59.6,177.1,2007,2007-1-1
e8d1108d-e676-43ac-89eb-2755b6a0af87,140605,-8.721023236,13.03550394,143,1997,1997-08-09
e8d3e2f4-584c-4982-aea8-053cea462a98,342023,33.8347225629,-118.3954135133,,2026,2026-05-19
e8d9168c-7524-4707-8ece-676376083d06,342305,50.3844,-125.614816,55.5,2021,2021-08-22
e8df79f8-60e2-4182-b2d5-12d73deb3689,140605,28.1279668773,-16.5493595627,,2024,2024-11-01
e8e1a0d6-fefb-4fb8-832e-b8b2677d7a7a,325325,-61.38,-56.07,342.1,2006,2006-12-29
e8ea39c1-f1d0-430b-b779-2a5a1d963e1c,138803,12,-144.899993896,20,1969,1969-07-06
e8f03e22-2efd-4a88-bcfc-c14db4a05bc0,342044,11.5830001831,165.382995605,,1947,1947-07-21
e8f3adbb-8925-48af-9359-ae4827baecf6,140598,51.7215,-13.1783,496.5,2021,2021-09-20
e8f623a4-bd6d-49c6-9ae1-36957d4707fb,140606,4.33300018311,-9.4329996109,687,1964,1964-06-04
e8f99151-1981-4cf6-81c2-cc0bc86a46f7,342023,49.57253,-124.66417,,2021,2021-07-12
e903641f-3654-49c4-b922-02071382683d,342036,-33.0864023214,151.6405360745,,2018,2018-12-28
e90aaea5-e304-49a2-bc6d-8263c3dada7b,140605,30.2816,-80.406733,40.8,2016,2016-09-22
e90d2008-b7d5-4553-9462-548cbe91d214,140605,36.720067,-3.728449,,2018,2018-09-30
e9145509-536e-4026-ab7e-8d4d03540cc4,140605,-34.0681775,22.1910619,,2024,2024-09-20
e91cfda6-94ef-483b-ac64-159b494f0bf4,342023,47.3069783333,-122.5178833333,,2024,2024-12-14
e9278e08-1dbe-4b2a-8011-014c2ccdd0a8,534733,35.25,126.25,,2012,2012-04-23
e9295ab1-2007-433b-9a45-0de0ef704803,210788,29.4998250818,34.9158476729,,2021,2021-07-09
e92c9c4b-fbfb-46f5-a1a9-efe0d693f441,157011,49.28016667,-61.3025,120,2013,2013-08-29
e92fcfbd-0e4c-444f-a651-d264ff5905cc,140605,42.3300018310547,1.1599999666214,,1954,1954
e93f7a9b-c92b-4048-9f19-941d879effd7,342305,48.61861,-123.53444,,1981,1981-01-03
e94958f6-5854-49aa-a885-17190c467d42,342305,37.9015,128.8473611,,2020,2020-02-04
e9504856-e661-43b8-85a9-539ee78ca05c,342036,-34.0732926795,151.1506731191,,2020,2020-04-19
e9577bec-7928-48c0-81e5-ea6b9d3c4884,140605,39.57,-0.02,81,1996,1996-05-26
e95db2e7-bcaf-4a95-b755-eeecabb92723,140600,41.54,2.91,110,1999,1999-05-27
e96270b0-7b84-4fb2-b158-a2053e7d89a6,1530663,-38.4293997368,145.13675625,,2020,2020-04-24
e9681bf9-cea6-4b78-b7de-a438dc252827,341950,-38.3562343123,144.7721169676,,2022,2022-10-09
e97004d4-a4fa-4814-8d82-defa75d2476b,239392,-61.0999984741,-44.9633293152,292.5,1966,1966-02-11
e974f4ee-f29f-4e31-bcf3-65cc971c0baa,140605,34.7130012512,12.6969995499,98,2005,2005-05-22
e9781268-617f-43dd-bbbf-f044eff64dc3,325335,-61.0699996948242,-54.6100006103516,189.6,2002,2002-01-30
e97d3d82-1b83-4bb5-a7d6-c0ef679e524a,1043781,49.34065,-123.28313,,2014,2014-06-09
e9828ae1-a866-4e14-a973-7b20ee221bbe,342227,-48.17,-59.675,,2007,2007-06-02
e98d9cec-465b-4494-a104-c51c50778582,1530663,-43.738014864,-176.19938357,,2024,2024-02-13
e9932d2d-5575-483e-9907-46880d00bc02,140605,42.3457485497,3.2103902308,,2026,2026-07-07
e99828fc-2d4b-4fad-9cad-fa6092124e48,342381,-41.3667,169.6,932,1979,1979-08-26
e99c8f53-2fe5-42ec-8b78-0976f17a60dc,1765489,-33.64166,152.95,,1976,1976-12-20
e9a45ae6-b742-49cb-878e-992a927791ac,342036,-36.429446,150.083784,,2018,2018-11-08
e9a88deb-96f0-45ab-a53a-6a2a57e4fea0,140600,53.02925,-4.540223,23.4,2012,2012-06-26
e9ac9602-e516-4f95-b101-c59656ed7432,140606,39.3173,2.4853,173,2004,2004-04-20
e9b5033c-3e22-41c5-b587-58d5917e490b,1805272,21.4887336165,-158.1972613027,,2021,2021-09-16
e9b7f3e3-839b-4681-8c5d-ac7a2cf6ed75,140600,51.9007,-6.7498,34.5,2011,2011-10-01
e9baea42-6f2c-4d30-8cdc-de660d7dd46b,140600,54.0637,-3.8235,23,2018,2018-09-22
e9c2ffe7-6829-4316-a040-28a58353b4e2,157011,47.59883333,-60.1255,507,2012,2012-08-13
e9c9af2a-38f9-42a6-9fe9-4d427f7dae0e,140604,41.22,2.34,386,2000,2000-06-15
e9d13c02-dda9-4359-b7f0-8603bdf35cf2,457762,13.3813,-81.7129,9.5,2016,2016-09-16
e9d9ed45-11a3-470f-bca9-3b45e36f3c76,342036,-36.4234218237,150.0738051355,,2026,2026-06-23
e9e1a924-7ee9-4119-937c-3b6b3352cbc8,140600,53.805,-11.9135,322.5,2013,2013-11-26
e9ebe246-eb52-4d1f-a343-57c7191af2b4,1043781,49.20965,-126.98465,206.5,2022,2022-06-03
e9f17706-f399-448a-a899-d6c2a75c5a1e,140605,28.2049943424,-16.8344449997,,2023,2023-11-03
e9f597ac-d712-4f6d-b626-99295e547fa0,457573,-8.2897887016,115.606941498,,2018,2018-10-27
e9fb5c83-3339-438b-bc6e-4dd9a6651fe8,342036,-34.002797,151.227019,,2020,2020-12-29
ea016a21-2f65-4e71-8419-980bcb686122,140600,39.4483,2.2497,103,2005,2005-06-20
ea083efc-e1fe-4e42-81da-c5ae6ac6b9ae,140605,-34.0805702208,18.5546646117,,2022,2022-04-29
ea0b9d0d-250e-4ff5-ac5d-5ea32e6d7d3f,140600,55.8833,-0.45,0,1996,1996-09-10
ea0e73ea-7075-45ce-a2e7-a7d3d11df6bd,534587,47.96877,-129.04761,,2010,2010-09-19
ea14cc7e-9061-4dea-a219-12734ed5231a,342305,54.074725,-166.206475,102,2010,2010-03-18
ea1fdb6e-24cf-4957-8d9d-c45c491eefe5,140600,53.1188,-12.7932,180.5,2018,2018-10-01
ea235ddf-941b-461f-9d3d-09e78f52b9dd,535623,-19.73,117.907,55.5,1983,1983-02-20
ea2a43ab-0de2-4833-a4be-e563df1dff5e,341937,-33.716,151.816,,1976,1976-04-30
ea35a7aa-f6e3-4034-91a3-2236c2b5f9a7,342332,-32.717656653,152.1411911398,,2024,2024-12-22
ea3c914e-8ae0-4b6e-af7e-7c292cee7bb5,325319,-54.86,-35.31,307.5,2005,2005-1-24
ea447150-6bab-4f60-b537-2869539b76e4,140605,-34.0479706848,18.3543177245,,2023,2023-09-28
ea4ac638-7da3-48e5-b89f-1ddb1b723b34,140596,41.688333,-69.14,183,2004,2004-04-07
ea50f549-e58e-4487-87c0-807f3c6b2124,140600,46.928,-3.8611,60.5,2015,2015-10-30
ea598d01-eb61-49ce-b05a-1f7b0703d8c3,1561957,-32.0514858642,115.7256879835,,2021,2021-10-10
ea60cfdb-4df4-4855-a2a3-0fb107c53024,140600,56.009,-9.2155,237.5,2013,2013-09-27
ea6770fc-a138-4f84-94ed-4755a93937ef,140600,52.9863,-12.0685,116,2013,2013-09-22
ea690dcb-9f9c-43b9-9824-6e7b6e32d4d9,749548,26.783053225,-80.0440408199,,2025,2025-03-24
ea6fa7b9-848e-482f-9d91-a1ef25a8391c,153122,51.549,-30.968,3458.5,2004,2004-07-21
ea7c13b0-d77f-42e7-91e6-197885649747,140606,38.88,1.01,269,1995,1995-05-05
ea838607-6759-4c49-ac31-3f195a34870a,140596,41.633333,-69.316667,163.5,1995,1995-09-28
ea8905c9-eef2-4cf9-b69f-47d23df9d842,535605,-38.3576162,144.7729279,,2023,2023-03-11
ea8cd9ec-d845-4b19-8e13-353a08fe9f41,342381,-47.7533,169.2433,,1979,1979-11-01
ea90a799-c62f-4315-b31f-b9435afd25bf,140605,37.0014686667,-8.0215864167,,2008,2008-05-02
ea92250d-4dc7-4fb9-af94-867e1372b1e8,457762,9.3882,-76.1791,9.5,2016,2016-06-01
ea96b987-a6cc-49ff-a9b4-1553dfc05724,140604,38.64,1.65,398,2007,2007-06-08
eaa00e3f-7c99-46dd-9326-9a55e1f25e91,342381,-40.6687,176.6383,157.5,1994,1994-02-14
eaa5ade9-8808-4873-9bb9-d48f89ad5fcd,210788,-5.7716969092,123.8875275917,,2022,2022-09-23
eaad6709-ae48-4f70-a0bf-341dec8d837d,342222,40.3867607117,-125.421699524,2003.9,2000,2000-08-24
eab0e4db-9b7c-4d87-bac6-2bac9e3a067c,342036,-32.7143178214,152.1508579749,,2023,2023-11-20
eabb2401-aa60-49de-a7a5-74ad83011c11,140600,49.8022,-5.2582,43.5,2024,2024-03-06
eac02522-5721-4f8a-9a54-83c07ae27003,140600,53.865,-12.7053,190,2010,2010-09-18
eac88102-8223-41c2-9bd4-16ce6501ec98,527142,-52.8450000166667,-58.7700000166667,244,2010,2010-07-11
eacaaf67-aa21-4b39-8e24-f7e6fa67420b,1043781,49.16672,-123.30225,,2011,2011-06-12
ead44c5a-e5af-42da-9ceb-b74751f271b9,140596,42.146453,-67.746213,196,2005,2005-04-13
ead8e55a-d1b8-4c04-9737-ff7f3bfee435,342036,-36.84136022,174.4280148,,2019,2019-04-18
eaded0aa-5f9d-42f5-9883-bcf07ad993cc,342023,35.266925,-120.89428,,2025,2025-01-09
eae5b4d7-736a-484f-833a-8acb05f797b0,342002,36.3675,126.5159,,2025,2025-04-29
eaeae602-0d36-4d54-9135-4e45842121cd,342305,48.4027233333,-123.3502216667,,2022,2022-01-29
eaf0de30-eb51-4450-ba63-32ef76387658,342305,48.4041664398,-123.3482149101,,2023,2023-02-23
eaf4eb8a-cbe4-4fdf-9867-fcdfb99b3644,342023,32.8580947582,-117.2608536691,,2023,2023-07-23
eafc45af-e537-4da3-bb44-a434909373fb,457573,9.1872728438,123.270997,,2025,2025-09-28
eb02916c-ac87-4e41-9edb-83f25160716d,325329,-61.3400001525879,-55.4900016784668,151.3,2006,2006-12-19
eb0a8d1a-737f-4dfe-a4e4-3b9df91fd29a,325325,-63.2299995422363,-59.1100006103516,329.1,2007,2007-01-06
eb10757d-1809-4200-9441-b7b371f99430,140605,39.43,2.49,70.6,2008,2008-06-09
eb155190-c2c3-4f19-8e9e-83fcabc63ad3,140605,39.5675952941,26.7714219307,,2022,2022-08-25
eb174d61-f023-418e-acf2-8ee683d8a4d7,342333,-0.4678833333,130.7792666667,,2016,2016-01-29
eb1cce61-2f2e-4854-a38f-f243c763c0cb,157011,49.123,-58.78233333,77,2021,2021-07-31
eb20aae9-a0d3-4108-a8b2-d5d0c267ec72,140600,52.7635,-10.897,122.5,2012,2012-12-11
eb24e543-8dff-4a37-aa42-144292c26d3c,599403,-40.8518265298,174.9344586336,,2022,2022-12-11
eb29dfb4-704c-4fdf-bf66-1542eecb3570,1438202,-43.3713333,178.9438333,394.5,2015,2015-08-20
eb2f125c-a95c-40c0-a0c6-0230c15c3ac6,325324,-76.833333,179.95,663.5,2008,2008-02-16
eb39493d-4471-4b38-b1f2-f6085e757714,535784,-31.6499996185,16.3833007812,,1995,1995-01-16
eb412e61-9cb7-4812-93df-dafeaf67434a,140600,39.2295,3.1048,56.5,2005,2005-12-15
eb482e51-ae97-4237-abf4-0c6a45d9d6ad,342036,-33.8390219347,151.2781950098,,2024,2024-03-07
eb506339-f4ab-44d9-b860-f37b26de9ec1,342334,-32.1242597,115.7592984,,2022,2022-05-06
eb563cfe-52d7-4d4c-a5a6-fb267d53371f,140605,43.3903080797,3.6761390712,,2010,2010-08-03
eb5e8732-dd56-4e91-bc3b-2ffee77d0815,140605,39.9588,3.4197,130.4,2009,2009-07-13
eb688bc7-9731-48a9-8d42-50ee334ba613,342305,54.055579,-166.267301,96,2009,2009-01-11
eb6becdf-e571-4058-ba3e-eb51d10fc621,157011,47.86766667,-60.1475,488,2016,2016-08-13
eb78eab3-db1c-43bd-a7a9-f481d531d4d8,534443,25.0182,121.9992733333,,2024,2024-10-06
eb7d429f-7424-429f-a31a-896045e48494,140598,41.21,2.31,390,2006,2006-05-25
eb804bb4-f1a5-425a-863a-3423572b5be2,342381,-51.9917,169.495,240.5,1983,1983-10-18
eb847b1e-04cc-4956-b335-4750d1913578,325319,-53.67,-37.58,230.5,2005,2005-1-13
eb8a8355-0526-47bf-a8fe-78d04d189e63,210788,9.0797213,123.2714292,,2025,2025-12-13
eb8cf67f-655e-477b-87e1-cb004a60e395,535784,-29.8332996368,16,,1999,1999-01-29
eb944625-a57f-4b26-88ef-74e7321ce276,341942,8.89999961853,-79.5999984741,,1971,1971-11-05
eb979de6-50f3-4bbf-89f0-0c2d45bec8d5,140600,50.03228,-3.612855,71,2003,2003-01-01
eb9b6ad8-d466-410c-8fd3-63994b6757be,535605,-38.23796,149.5703,545,2000,2000-04-23
eb9e7174-50f4-48be-9b96-ef263a22ffd1,239393,-71.1880035400391,-12.2569999694824,309,2000,2000-04-02
eba3b63e-59af-4a4c-b712-93224a2e1054,341983,24.3177459587,-110.3369659928,,2025,2025-08-23
eba58ff9-7023-4f3f-b03a-7394b69b9f0f,140605,39.5411059757,19.9167238243,,2011,2011-08-14
ebabda87-2898-4814-8463-783b17c03c31,342305,36.61656667,130.0179167,,2024,2024-04-28
ebb1785c-b6ab-4532-89ef-661406e54431,342023,49.3740940004,-123.4286768499,,2026,2026-04-04
ebb53cf2-3d8f-494b-b780-73e1f4169b34,342334,-38.2264,145.026,0.5,2014,2014-08-21
ebbb2b0c-524e-4316-8654-4a603fb3512a,1043781,48.80095,-125.36815,,2008,2008-05-02
ebbda0aa-ad45-434d-ad42-43aae402e0be,140605,38.412432,-9.216982,,2013,2013-08-21
ebbeb500-a249-44a2-ac12-d8d50946c53b,140605,-29.3332996368,16.0333003998,,1991,1991-01-23
ebc070e5-c7ac-4dd2-9a31-909682417e22,342334,-38.1451026641,145.1128031375,,2022,2022-03-29
ebc658f1-2a79-4dea-84f2-45b63aee4abb,341910,-32.1500015259,16.3332996368,,1988,1988-02-11
ebd460b6-0ccb-4768-8598-9c4ea4f47305,527142,-52.8299999833333,-57.32166665,778,2011,2011-05-31
ebd7c9e4-51b5-4c74-8e8d-52ba060f7e8d,342010,-0.04037,-91.52193,,2020,2020-11-18
ebdd407a-57c6-4602-9e3e-158a27fc98a5,535605,-43.30951,145.8504,5,2006,2006-03-29
ebe508d3-aa96-4651-a1a2-3999f4b5b97a,140607,11.0717000961,-19.9708499908,52.5,1968,1968-02-14
ebe8e5f6-6c90-413c-9836-8eea7f24903c,527142,-52.8416666666667,-58.7333333333333,294,2015,2015-07-21
ebebadcc-56ba-4859-a4e4-25375d20761d,140605,42.2489624236,3.2430776661,,2025,2025-11-10
ebf3ac70-5770-4051-99dc-d8be66f4703a,342036,-37.9913087796,177.1331438476,,2026,2026-02-25
ebfd13a2-2b05-4392-9f97-19e4e301d1d1,342036,-36.8945274934,149.923254518,,2025,2025-05-14
ec04deca-c6d3-4add-99b3-885b8dbf42f3,140605,38.4383952834,-9.0607090741,,2023,2023-08-06
ec087882-6c5d-405a-b175-59dca2b3d0f6,1805270,28.4020920404,-16.3277608301,,2023,2023-08-24
ec0e1759-adbf-4154-b233-a8fa6841ca19,140606,42.9825,4.695,122.5,1987,1987-06-10
ec128377-9a28-4d00-be85-75eefaed52e6,341985,25.9593875548,-81.6292664104,,2026,2026-01-04
ec1edcea-e494-4e4c-8a56-7e138a9870d1,341954,30.685683,-80.827333,26.5,2016,2016-09-26
ec240a3a-7d4e-48b3-8336-4adc63d1300f,342305,57.0347027778,-135.3150166667,,2023,2023-02-14
ec29625b-c7b0-4754-a9d0-0428ce284c60,342305,57.0981236622,-135.4016433643,,2022,2022-10-08
ec2cd876-24e2-4686-9168-2fb1d40a78e4,1043781,49.39112,-127.0051,,2005,2005-05-11
ec3afe07-45d9-47ee-a7ee-519891025582,342036,-33.8500201236,151.276514018,,2021,2021-02-04
ec43ad17-5a01-477b-8280-7ed3f3d8c1df,210788,21.4586040135,-157.7029047042,,2024,2024-07-29
ec493c20-37e2-4e90-89cb-bccf27fa5913,140605,43.3284893242,5.2178685564,,2024,2024-04-14
ec50a844-3aa8-4b7f-b42d-72298baf766f,140600,50.1878,-3.3863,31,2020,2020-06-16
ec57ac7e-2ad6-44b3-adfd-3f5acbdb144a,140600,50.0572,-5.0138,28,2021,2021-03-22
ec5c4677-e4bc-4799-898f-748bf6535dda,534097,9.233333333,79.18333333,,2012,2012-01-01
ec615586-8a37-4cda-8d85-c45b9d62ad2f,140605,36.7582468061,5.53785,,2020,2020-12-17
ec67cef8-46b1-41b9-b07f-0717dcd9dbb2,1805270,42.3680250663,10.8773230432,,2021,2021-06-13
ec6def9c-88dd-4d35-b713-031aea5739c9,140600,56.85817,-5.892732,,1989,1989-04-30
ec750397-f1ac-43ff-8ac5-28608d9b0f00,140600,49.0795,-10.0175,129.5,2017,2017-12-04
ec792388-1774-4ec9-b532-46dcc0e651ff,341954,24.8705716667,-81.01583055,,2022,2022-12-28
ec7c0e8f-c9de-4faf-954e-ba2dfbdbe4d9,457762,19.6891940835,-80.073406826,,2016,2016-05-21
ec8119b8-f6d0-4772-88f7-70fe63ac01b4,140605,37.680252981,24.3280177049,,2024,2024-08-03
ec86d76a-f83a-4355-8d44-0918ce3c9efb,140598,40.2192,3.7485,411.1,2003,2003-10-27
ec8bd7f0-c8a4-4b60-93c1-f4d5eb59ea3f,210788,21.3058449043,-158.1428858946,,2026,2026-04-25
ec93a120-5e43-43e7-8ab5-367c47ee88ff,527127,-52.9791666666667,-59.8308333333333,,2006,2006-10-01
ec9dfa65-0116-4d4b-9a42-f04a12e8146e,140600,50.4029,-7.207,55.5,2021,2021-11-28
eca53a5c-6d95-4858-b6fc-6dd5678cc105,420654,32.75,-63.8499984741,600,1967,1967-10-28
ecaad01d-db74-44a6-8600-1f6f4e70a2ff,342227,-50.2233333333333,-55.67166665,732,2011,2011-05-21
ecb41cf6-cd8f-4c4f-b512-996b3aa8fe78,342305,54.056007,-166.26955,91,2010,2010-01-03
ecbb1b0b-8790-4b8f-a2cb-540e7ab33443,457762,12.5654504039,-70.0297971066,,2026,2026-01-14
ecbfdf47-17da-4d95-a90b-9f56911fd5a3,140605,45.5494577824,13.6475012451,,2025,2025-09-02
ecc7bb52-173e-423d-afc1-e515d92b85c6,342403,-8.2874514702,115.6053232806,,2012,2012-11-09
eccbea6b-7b48-4174-b112-40b78d2959b1,140600,38.44,0.46,332.5,2008,2008-05-22
ecd2dfd0-39da-4814-8720-a26f82ecdb28,341988,-38.32,144.72,2,1989,1989-10-21
ecdb6478-d11f-4f1d-86b0-9d0bf41f8121,342036,-43.0065903377,147.3271155573,,2026,2026-05-13
ece30d62-4a6d-4906-87c7-83a1667f3d19,342036,-33.3898646118,151.4862557205,,2024,2024-10-13
ece97267-7014-4eba-8e3a-647a9f2f47a3,325319,-53.63,-37.96,130.5,2006,2006-1-24
ecea7bce-bebc-4211-972c-4c70ffba9b41,140601,39.3967,3.3223,60,2005,2005-09-27
ecefdd74-21bd-40e6-baa1-298549b051cb,1043781,54.247266,-130.735666,149,2018,2018-11-16
ecf579c8-1f88-4b23-ab40-fc48490d3a4d,527142,-49.0969166666667,-59.8700833333333,381,2010,2010-10-31
ed0013fc-f229-48b8-83ea-f42dd64f1865,342036,-33.9256859,151.2593896,,2026,2026-03-09
ed03e492-7eca-4f56-8a13-14dc80ba6304,210788,15.1614553278,145.7620657401,,2024,2024-09-07
ed09b980-a871-4213-b7ec-f7298ff06915,140605,-33.7525583333,26.5391888889,,2017,2017-04-29
ed13dec6-0c93-4ec4-a9e9-5a52f77955e6,527149,51.588,-13.1392,604,2021,2021-09-24
ed188315-3470-40b9-b5f9-f7492cdcf861,342010,-0.8912405454,-89.6121973348,,2026,2026-02-10
ed21cf98-4f58-47d9-a574-8cca614cc4f2,140604,38.08,-0.2,237,1996,1996-05-10
ed28422f-4f3e-4b1e-920f-956e1b0f3b9f,342023,37.533258733,-122.4753539636,,2024,2024-12-12
ed2f8978-2b26-417d-9be2-3319ff23319c,410335,-44.59833,-177.3528,863,1998,1998-10-11
ed36f4b5-90f1-4bc0-8d91-6c38a2a46694,140600,52.5363,-13.281,207,2016,2016-10-04
ed3c7c06-e6d7-4a30-8d38-ade99f7de648,210788,11.2943743715,124.1885090292,,2026,2026-06-06
ed42aca5-1536-4a53-a6ea-068588aa8f51,342332,-33.839473943,151.2542276576,,2024,2024-06-15
ed49598a-a747-458c-930a-ebb3e9dc208c,140605,36.033000946,10.6999998093,72,2002,2002-10-17
ed4e415a-8b0f-45e9-bfa6-37c50a67bf33,140605,43.0486707121,5.8686506903,,2007,2007-07-04
ed561bf4-2e6f-4039-af88-9d730315f2c7,342036,-33.8397432452,151.2544002771,,2024,2024-07-31
ed5d4cb6-d3d6-499d-a204-ce0ee3342e3c,140600,53.301,-10.9425,130.5,2020,2020-11-28
ed64d693-192d-4202-97e3-70d2b6002dbf,342023,32.66938,-117.2454133333,,2025,2025-11-21
ed6a973e-5530-45ee-b879-37808be33356,140600,56.3887,-5.523526,,1981,1981-04-18
ed71db87-aada-4d1d-b0b9-c19ec3f17448,342036,-33.3631108707,151.5010851747,,2025,2025-12-24
ed757947-3bef-4c6f-8f38-7ad02ef3408c,325332,-62.18,-60.8,442.3,2002,2002-2-18
ed7f6179-8eeb-4c25-96b7-9072e9a7c870,342036,-35.5183517321,150.3967269883,,2023,2023-08-20
ed8860ec-23f8-4fda-a848-c91d550e7d88,140596,41.816667,-68.716667,167,1998,1998-04-02
ed8f7d42-6d4b-4324-a07e-7fa6028d717c,140605,28.918102711,-13.664446107,,2025,2025-12-16
ed988de3-795e-4e92-ac18-7a02ce48e817,457762,11.2684,-74.1922,9.5,2016,2016-02-25
eda224af-c2ab-440e-ac9e-c871fda84cf1,342385,-41.312672,174.800713,,2018,2018-09-17
eda644ae-f247-4ca8-987f-023f084b41cd,342032,-42.6114016667,-64.8373366667,,2020,2020-01-31
eda98ce9-954c-4cd6-8433-85e9336fe4eb,342023,47.5096906222,-123.0563736906,,2021,2021-07-03
edadcb79-cece-4e69-9010-d30586f459b1,1805272,24.9914437392,121.9785051503,,2023,2023-03-25
edb04165-c53c-4faa-bc97-dbae68667b11,210788,9.1751414986,123.2678170528,,2026,2026-01-23
edb80ab3-b431-45be-b160-339635f07c0b,210788,3.9617455781,72.9083633732,,2025,2025-12-04
edbedd98-cc4e-44de-987a-7b6d51fee633,342023,47.3602412598,-122.4964090129,,2025,2025-11-12
edc4d40a-b11d-454a-a31a-eda6477d629a,140600,56.1095,-8.6948,62.5,2011,2011-12-02
edc8a520-9d8d-4525-b99b-f98b03bf305c,140600,51.034465,-4.853889,,2003,2003
edcfa2f0-c157-4916-bab2-c331a703e5d2,457573,9.1903071691,123.2635284215,,2025,2025-11-02
eddcd51f-d52d-4052-9566-6edbe1aa8c7d,140605,41.5299987792969,2.76999998092651,,1968,1968
ede03b5f-4bf5-43ab-a28d-299b14e7a5d0,342270,-12.43667,130.83167,,1981,1981-11-11
ede4b835-b299-46a0-bd7e-936180158607,342010,-0.2996747259,-91.6544050033,,2024,2024-05-11
edeae9ec-142d-49d6-9ca0-46c15de070d0,325319,-54.63,-35.53,138,1994,1994-1-14
edf29a20-2608-4642-9178-ee55efa61702,342023,36.6407424,-121.9261568,,2010,2010-08-18
edf7ea2b-c3bb-4d24-9783-58bbcde56dfb,342023,48.859657337,-125.1748648658,,2024,2024-03-07
edfc5ec4-15e9-4be4-9e60-56adc274b0fc,140605,37.7188878927,-8.7912531942,,2025,2025-09-24
ee066a47-6921-4030-9ee3-8d59775a2484,210788,28.4000339508,-178.283340454,12,2002,2002-09-22
ee09075e-4e31-41b5-85eb-baaf1e0cd844,342305,54.051393,-166.251877,88,2010,2010-01-03
ee123ad3-e2b2-4888-9464-6fa8a31d813e,140605,38.5824016667,20.927295,,2020,2020-08-20
ee16690d-2345-4132-a8d5-69a3e2b5c296,140600,55.83,-7.244,35,2020,2020-02-28
ee1e4717-3abc-4b11-99c8-7868651214e7,342036,-33.3883700652,151.4854368201,,2025,2025-06-27
ee273d9e-7adf-49ba-a734-a216a095a81b,342381,-45.3707,171.4202,254,1996,1996-05-10
ee291950-bf99-40d7-9721-7a09099cedd1,140600,50.5363,-3.1771,16.5,2014,2014-02-20
ee32e06e-7b4d-4493-acb8-29e8341a0586,210788,4.479391,118.611545,,2022,2022-04-22
ee38ace7-2411-4149-ba2e-d1c1330ae0d2,210788,29.4427471226,34.9688207274,,2022,2022-12-09
ee3e10df-be33-43ac-b73b-80fed79a0249,140600,51.6285,-8.2545,70.5,2017,2017-12-08
ee4165ee-f287-4480-add9-a7840d5f59e1,239393,-61.9749984741211,-60.3120002746582,804,2000,2000-05-02
ee453da2-1094-4098-abbe-5bc9cd63eefc,140605,42.247401711,-8.8377896746,,2010,2010-03-28
ee4acbfe-c834-41c8-af35-4e522c53bb6d,140605,43.6554499791,7.1708502593,,2026,2026-06-12
ee5185fa-552a-492d-941a-757381014aa9,140596,42.033000946,-69.1500015259,183,1977,1977-05-02
ee575789-b651-4b7c-b6a3-fe3484c75700,1043781,49.35462,-126.9713,,2019,2019-05-10
ee5d882c-ae11-4808-91ea-1dd9382c2ee0,342305,35.03324444,128.7760278,,2012,2012-09-04
ee655312-4e9f-4e99-9d68-89cdc76ec084,140600,51.491,-14.2457,223,2013,2013-09-27
ee6c864b-98a4-4d7a-88ab-815de4070647,140605,42.3300018310547,1.1599999666214,,1941,1941
ee6e7487-fbb1-4ec0-91ce-520bd6d128c0,342305,53.4141033333,-131.9136083333,,2015,2015-09-30
ee72b926-5117-43b5-8013-111d769046e7,157011,48.85383333,-62.00283333,282,2015,2015-08-31
ee76c662-8fa4-4a41-b843-dd79aac3143d,140605,33.6629981995,-77.7470016479,15,1991,1991-10-15
ee81c79a-0c08-48e9-98a9-531de5b20ea0,140605,42.72938396,16.03558559,,1987,1987
ee8c41de-f1c0-4efc-93b2-7047074e2d2d,210788,26.2225447742,127.3580495663,,2025,2025-11-01
ee8fa05e-7d68-49f9-b9e1-c39c8709abb6,157019,48.4500007629,-10.4670000076,1662.5,1974,1974-12-09
ee98d1a2-d3fb-433b-9288-401dddcb2005,535623,-19.9833,117.852,41,1983,1983-10-26
ee9e6a6f-5ede-41e9-8aa2-a284ca23fe68,325325,-73.6999969482422,-22.507999420166,446,1996,1996-02-15
eea48b53-1b0a-4702-bbb5-82d0462e19d0,140605,42.3300018310547,1.1599999666214,,1963,1963
eea9ff4f-c60d-4c8c-af1f-ffc25bc26e3f,457762,16.1696114413,-61.777516712,,2023,2023-08-06
eeb5b306-6d29-48a1-a664-51f312aca65a,140605,43.002767662,6.1957911749,,2012,2012-06-13
eec06793-dedf-4b02-85bc-ce04729a26e9,140600,54.8018,-0.354,32.5,2015,2015-08-26
eec98349-9958-40d0-9827-6253fc828032,342091,69.8579,-64.9517,,2024,2024-10-04
eed13f3c-778a-4021-b906-1b15e3163b97,140605,24.75,-97,62.5,1951,1951-03-31
eed57f61-e4b5-4bf0-9e6d-cb3255571e91,342334,-38.3417789288,144.8738190514,,2023,2023-07-19
eedb2884-4036-49f4-ba89-8303707b5157,140605,41.6888400549,8.8866893238,,2025,2025-08-20
eee5d5d2-6d31-4779-aa7a-6a6fde309c77,420653,28.4017160133,-16.3276576995,,2024,2024-09-10
eee94f2a-e6b1-46ed-8742-f7f87dc0ae6b,342331,-41.8367,144.553,,1984,1984-10-20
eeec404a-abcc-4aff-b50f-5ca01399f0c1,140605,39.8615,4.0772,64,2003,2003-07-04
eef0280a-3bf6-46d8-8d51-38c5704ec225,140600,59.2238,-5.027,50,2012,2012-11-15
eef94764-b67d-4429-b15a-ae1c3b6d9648,140600,50.1893,-4.4933,28.5,2021,2021-03-23
ef0162e0-d171-4318-b85b-100576b5497e,342036,-36.7380728236,149.9830629489,,2025,2025-12-14
ef06c6b4-9f6d-4fb9-a1d4-f1f0efc11174,341950,-35.1488371064,138.4644577576,,2024,2024-11-01
ef0c9dd4-35f5-48d3-907b-97f2ec2845e4,342305,36.7863349915,-122.202209473,500.6,2000,2000-02-02
ef17974e-88fa-4574-a32b-2792775599f7,140605,34.7089013583,33.1412128472,,2025,2025-06-01
ef1d1658-cb8c-406c-86e7-223c0314a375,410387,-23.6830005646,-70.5670013428,305,1966,1966-08-17
ef1f5ed3-5824-467e-a172-3e92f25d0a54,140600,50.0102,-6.3675,41.5,2016,2016-03-15
ef28df74-f60b-4667-93a0-cff764b3ba3b,140600,48.9683,-3.6015,40.5,2020,2020-06-23
ef2cb286-0afd-4858-808a-358702c9b9e5,140605,42.3300018310547,3.52999997138977,,1969,1969
ef30c704-a2b5-4f7f-9f2e-495ce34e3827,210788,26.5114731184,127.851673176,,2024,2024-02-20
ef3c6ae9-dc8a-4894-927e-75630b961eef,140605,-34.4266764494,19.1897302028,,2025,2025-01-12
ef44c682-efa7-47d7-b6c2-7f9c1300f038,410363,-42.6131667,-176.1635,1999.5,1992,1992-03-02
ef46ec39-8042-4f28-8f5a-93883637f0f2,140605,41.5299987792969,2.76999998092651,,1963,1963
ef4ea349-407d-415b-8c08-eefa4e7140db,342332,-27.4,153.43,,1990,1990-09-09
ef5bbb30-41c5-4815-9239-66108e7b1b7a,140600,50.1267,-4.437,34.5,2023,2023-03-27
ef61acd0-3b1d-406e-ad6d-8b63c919e5fd,342036,-34.2916812862,150.9465858713,,2020,2020-04-23
ef6abcc1-f942-4d98-b1d6-ffaea3fc3dd0,140605,28.4012066515,-16.33179436,,2022,2022-12-18
ef6c9be7-787b-4dc6-9627-dcbfb650a29a,140600,54.31817,-4.700835,,1994,1994-06-14
ef72539e-21a5-47ad-bd0a-be45150136ea,140598,47.3402,-5.2747,72,2016,2016-11-04
ef788c84-5ff6-4fde-a9fb-c5eb9b8d25d1,342381,-45.551833,171.091833,80,2018,2018-05-30
ef7e005e-ce09-4537-89f1-29b88a81412f,140601,37.73,-0.51,,2007,2007-05-31
ef81a7ae-a82a-4c35-9022-d78fdb440ab5,342036,-37.4665484153,175.9838271886,,2019,2019-05-09
ef8a4ab8-165f-4d28-a1a1-f4f2d94fa3a1,140600,53.5095,-3.7228,20.5,2014,2014-09-15
ef942dd1-3298-46bf-af7c-f927bc2cb143,140605,39.4889936078,2.4682772123,,2023,2023-03-04
ef99bbc4-9512-4629-99b9-8fa432d13c7f,535605,-38.4755562641,145.0272972116,,2022,2022-11-13
efa4f0a7-8e9d-40a0-ba12-a0aca9780a7a,140601,39.82,3.69,77.2,2008,2008-06-11
efac661a-a86c-456d-b212-56785e17c0a2,140605,50.596942,-4.91211,,2026,2026-05-31
efb41eb3-37cd-4a44-bc55-a1fad2b947d5,342036,-33.8396596394,151.254095435,,2025,2025-03-26
efbc4709-9486-48e0-99a7-69e17f10b5c5,1530663,-35.8877294267,174.7179817781,,2021,2021-10-05
efc45bef-cfe9-4263-badc-288d49994cd9,342015,-37.74083,150.10751,139,1996,1996-12-08
efcaa04d-8b38-4390-9cdb-d1f1c3afa782,140600,60.242,3.1855,163,2005,2005-02-11
efd117db-ff0c-4414-8b64-56b911a76e1f,140600,53.184,-5.7417,16.5,2013,2013-09-27
efda26cf-5c4d-42f3-a1d7-6a755ffd668e,341985,27.5916067225,-82.7893838474,,2019,2019-10-20
efe2c89b-9f14-4a42-b2e6-267462473397,342226,-49.036667,167.549,721.5,2018,2018-12-16
efe98f71-edee-487f-8fb0-fb98902cfbc5,342334,-38.01167,145.04333,12,1990,1990-03-26
efef9ac3-6429-446f-89c9-eeebf834b662,140605,-34.1865623108,18.4303677455,,2020,2020-10-10
eff9333e-3d7a-4fc1-9171-815d5a9879dc,140600,52.7663,-6.1083,9.5,2011,2011-09-30
effd0cb0-460e-4a50-a55a-c6ee832a4d8d,140600,39.9357,4.4151,163,2006,2006-06-12
f00175e8-ce90-4230-a1f1-b41e14cca136,140605,-30.2980229389,30.751883425,,2024,2024-03-10
f007f006-9c38-4208-b98d-aaf2dc4dcc87,1043781,49.31843,-123.49249,,2024,2024-06-09
f00b41f3-d4c2-4292-9ed1-1efc748cb6c6,140605,40.6148098,8.2098131997,,2025,2025-06-08
f01114f1-95b0-4d3f-9126-5be31160b468,140600,53.3552,-14.3223,168.5,2017,2017-09-02
f0130788-1540-4f03-9294-8ed2e2169afa,140605,33.4150009155,-79.0979995728,9,1993,1993-11-04
f01e94c1-0659-47f8-a89c-3bc6b32de4a2,342271,21.2885282583,-157.8640928002,,2022,2022-03-15
f025644a-10eb-4b9f-bacb-b14ca2c97272,1805272,-27.4006758762,153.437380366,,1991,1991-04-06
f028cffb-5fdd-443f-be87-9f5a46f3f792,342400,35.783000946,-74.8330001831,251,1969,1969-07-26
f02c82cc-edef-4a92-a8dc-f80f7ee4e6e4,140600,56.333,-8.466,77.5,2016,2016-11-24
f030e31d-0132-4ca1-9f06-9aa13565a98a,325319,-60.82,-55.66,454.6,2002,2002-2-3
f037333e-9e1a-4219-ade4-c867b5fd882c,342023,37.898051,-122.7120469722,,2025,2025-12-02
f03be1e3-cbb4-4b9b-8448-adbf1201242b,342271,21.3532693606,-158.133913196,,2021,2021-12-31
f03fe0ab-2fa9-47d0-b791-332e2e5befe6,140596,42.976333,-69.778833,186.5,2002,2002-10-24
f0434a95-4f53-4d69-ac73-ed4ab6b424e6,342036,-35.556542,174.474351,,2018,2018-04-20
f04823ab-1630-4dfc-bfc5-61d8d781cac8,342305,48.62765,-125.24823,,2005,2005-05-02
f04d4fc6-95a1-4a85-90cc-13021033ff7d,342305,34.5995178223,-120.804901123,276.2,2000,2000-05-23
f052da34-a36b-4fed-9b5b-cf3797c31aec,341952,32.8046942667,-117.2620693031,,2025,2025-11-03
f06011fe-21e9-4fd6-a345-c7afda5eb65e,342011,-29.2667,-177.9167,0,1964,1964-11-18
f064b18e-72bc-4768-93de-b24b0fc0dd49,342023,35.1699962331,-120.7408711841,,2025,2025-07-29
f06801c7-e674-4c12-88ea-c31687290977,341952,32.666561,-117.244626,,2014,2014-12-07
f06c9dcc-5adb-4fb2-a354-e79dbca04a81,140652,34.3614692688,-119.926460266,336.4,2000,2000-05-27
f077b71c-7b4f-4825-adc8-800dfbd30ba1,140600,53.4907,-4.1992,22,2009,2009-09-17
f07e2d60-0281-460b-b525-08ea659b81cf,325326,-75.633,169.85,527.5,2008,2008-02-14
f084ce07-2144-4f99-b7d4-955d851dd704,341985,28.694033,-80.475933,18.3,2015,2015-08-27
f087f9b1-18e6-417e-9ce5-96b79d392da6,341952,32.8150216667,-117.27362,,2025,2025-05-18
f08d94b0-47b3-4f5c-adcc-ccaf0951b7d6,535623,-10.65,143.63,,2004,2004-01-10
f093dd2a-d9ed-4269-8d1c-7d249f19014f,535623,13.6912352259,120.8730031316,,2025,2025-12-10
f0970ca8-6674-4563-8746-f03a4afb6f64,210788,21.291731,-157.864635,,1915,1915
f09e54ad-982f-484c-b5a0-d409513d3fbc,535623,-10.22,142.43,,2004,2004-01-20
f0a3eb95-9b3b-40d3-9120-fb18f307e3a3,140600,47.1683,-4.7736,65.5,2018,2018-11-06
f0ad16bd-6821-4537-84c1-ea0f599bfe77,535784,-31.3899993896,16.2299995422,364,1995,1995-01-16
f0b38c5a-f675-4e17-8930-4a46209e7c76,342381,-40.9667,173.2145,36,1994,1994-04-04
f0be2abd-9084-4e04-980e-431814f9d220,342023,36.6999435425,-122.033500671,263.8,2000,2000-11-17
f0c58459-4ccd-47cd-bf54-c9c641968163,140605,42.2485016506,3.243659315,,2024,2024-05-10
f0ca2915-4010-4ca1-8564-f30683ae1b5d,342381,-41.0418,173.6138,40.5,1994,1994-03-20
f0cf6a7a-b1f6-4ccd-a7d7-93f8ecb4832c,342036,-34.8906761027,173.2973331987,,2026,2026-02-05
f0d76b23-b60c-4f17-b12d-fb3b60df8872,140600,49.1171,-6.5147,57,2010,2010-03-17
f0decc75-54e5-418e-bef8-ff7454753757,341983,19.3199105842,-110.8060490675,,2017,2017-12-14
f0e93fb7-fd33-4fb4-8da1-d887e61e561d,1775208,-44.13083,176.9177,670,2000,2000-01-12
f0f05004-5c26-4ac7-af78-a694e01b6d6f,140605,41.416245,9.23687,,2018,2018-03-18
f0f6514b-01e7-4a27-851a-a24aea94b599,342036,-33.9916894222,151.2303113359,,2018,2018-06-23
f0fb2357-0fc4-4720-891d-63416c744bfc,342334,-38.3356494194,144.7458613274,,2024,2024-01-05
f0ffd692-0576-41b1-b8b6-a614ada02864,342036,-35,117.87,,2007,2007-04-28
f105fb70-fbb6-46e3-91d9-390df1cd0e29,140600,49.651,-5.2787,47.5,2006,2006-03-29
f10d11e9-d36a-4b5c-8680-a164a8727ddf,457762,9.3882,-76.1791,9.5,2016,2016-06-01
f113f7f6-dca6-45e9-8e28-7146a480ac50,341952,32.7471665136,-117.2546718,,2026,2026-01-04
f118f654-2e31-4dac-bc55-be5153678728,342023,34.4112166667,-119.6860366667,,2025,2025-02-21
f1218fc0-fead-47ff-bf77-a2fa4c01f2c0,140605,35.936000824,10.9989995956,51,1998,1998-12-14
f1269bd8-5181-4ed1-830e-e7c6774e35a8,534099,13.7597310362,120.9258731151,,2016,2016-05-06
f12eb056-9c3c-4331-9f14-d0f2a38c295a,325319,-61.3,-55.2,201.1,2006,2006-3-12
f13645a6-f382-4537-80e9-8348eec0fa4a,140600,53.433,-5.9247,15,2018,2018-09-21
f13d0884-475d-43dd-b5fb-2c34bd70b2d3,140600,53.99895,-4.919579,,2000,2000-05-22
f141d497-99b7-4a38-923d-04d3460a093b,341954,19.897747119,-75.1689043523,,2023,2023-05-24
f147e951-2875-44a4-aeb3-bf061f615771,140605,-34.19101,18.44038,5,1925,1925-06-29
f14f1515-2fe4-4b42-81a4-3228f2966478,341952,32.8542930906,-117.2880813567,,2024,2024-07-05
f155b13e-dff3-4e17-9ab6-1978cf00b681,341953,-19.1605606079,179.756393433,35,1982,1982-04-24
f15e6963-0484-49fb-9a6c-4d2d83518067,140600,53.0093,-4.573889,22,2012,2012-06-25
f16545b5-2442-479f-a931-8117e7d83dde,210788,29.4968809219,34.9125891241,,2025,2025-07-19
f16c780a-463f-4099-9eb9-b78eb0ec8bda,410340,32.3670005798,-64.1669998169,1435,1971,1971-09-07
f176f638-bcce-4863-9e7b-6d58d83bc17f,140600,39.29,-0.02,118,1996,1996-05-26
f17d506c-b242-481c-8cc8-02f667c09a68,342036,-33.76773,151.301925,,2024,2024-02-15
f186b40d-6a95-4516-9924-cef3d70898eb,138849,5.1,-51.5833,17,1921,1921-11-17
f188fe01-d4ab-4b70-9991-1729318e2bf9,342333,1.4491888891,125.2226078668,,2016,2016-12-31
f18e6a89-d192-4f56-a16d-83b37cf3ed93,457762,19.3754323378,-81.419830285,,2023,2023-01-20
f1949a21-c587-46ff-a976-ab769749ccf2,342270,-16.5672333333,145.5121133333,,2023,2023-04-16
f19ad1c0-f8c0-48ab-a4f2-3a81864f45a7,140600,57.8433,-3.0918,43.5,2019,2019-08-23
